# Armoury mesh catalogue. GENERATED by tools/generate_armory_catalogue.py, do not hand-edit.
# source=LOTRLOME_Armory/Assets  tpacs=4364  metameshes=4456  physicsshapes=383
# Regenerate after any art drop. `--diff` classifies rename vs move vs delete.
mesh	kind	prefix	culture	sub	category	tier	variant	folder	tpac	referenced	source
am_glorfindel_body	metamesh	-	rivendell	-	body	-	-	Rivendell	Rivendell/Glorfindel/am_glorfindel_armor_geo.tpac	Y	parsed
am_glorfindel_boots	metamesh	-	rivendell	-	boots	-	-	Rivendell	Rivendell/Glorfindel/am_glorfindel_armor_geo.tpac	Y	parsed
am_glorfindel_gauntlets	metamesh	-	rivendell	-	bracer	-	-	Rivendell	Rivendell/Glorfindel/am_glorfindel_armor_geo.tpac	Y	parsed
am_glorfindel_pauldrons	metamesh	-	rivendell	-	pauldron	-	-	Rivendell	Rivendell/Glorfindel/am_glorfindel_armor_geo.tpac	Y	parsed
am_golden_flower_knight_body_a01	metamesh	-	rivendell	-	body	-	a01	Rivendell	Rivendell/Flower Knights/am_golden_knight_body_geo.tpac	Y	parsed
am_golden_flower_knight_body_a02	metamesh	-	rivendell	-	body	-	a02	Rivendell	Rivendell/Flower Knights/am_golden_knight_body_geo.tpac	Y	parsed
am_golden_flower_knight_body_grey_a01	metamesh	-	rivendell	-	body	-	a01	Rivendell	Rivendell/Flower Knights/am_golden_knight_body_geo.tpac	Y	parsed
am_golden_flower_knight_body_grey_a02	metamesh	-	rivendell	-	body	-	a02	Rivendell	Rivendell/Flower Knights/am_golden_knight_body_geo.tpac	Y	parsed
am_golden_flower_knight_boots	metamesh	-	rivendell	-	boots	-	-	Rivendell	Rivendell/Flower Knights/am_golden_knight_boots_geo.tpac	Y	parsed
am_golden_flower_knight_gauntlets	metamesh	-	rivendell	-	bracer	-	-	Rivendell	Rivendell/Flower Knights/am_golden_knight_gauntlets_geo.tpac	Y	parsed
am_golden_flower_knight_helmet_a01	metamesh	-	rivendell	-	helmet	-	a01	Rivendell	Rivendell/Flower Knights/am_golden_knight_helmets_geo.tpac	Y	parsed
am_golden_flower_knight_helmet_a01_masked	metamesh	-	rivendell	-	helmet	-	-	Rivendell	Rivendell/Flower Knights/am_golden_knight_helmets_geo.tpac	Y	parsed
am_golden_flower_knight_helmet_a01_mohawk	metamesh	-	rivendell	-	helmet	-	-	Rivendell	Rivendell/Flower Knights/am_golden_knight_helmets_geo.tpac	Y	parsed
am_golden_flower_knight_helmet_b01	metamesh	-	rivendell	-	helmet	-	b01	Rivendell	Rivendell/Flower Knights/am_golden_knight_helmets_geo.tpac	Y	parsed
am_golden_flower_knight_helmet_b01_masked	metamesh	-	rivendell	-	helmet	-	-	Rivendell	Rivendell/Flower Knights/am_golden_knight_helmets_geo.tpac	Y	parsed
am_golden_flower_knight_helmet_b02	metamesh	-	rivendell	-	helmet	-	b02	Rivendell	Rivendell/Flower Knights/am_golden_knight_helmets_geo.tpac	Y	parsed
am_golden_flower_knight_helmet_b02_masked	metamesh	-	rivendell	-	helmet	-	-	Rivendell	Rivendell/Flower Knights/am_golden_knight_helmets_geo.tpac	Y	parsed
am_golden_flower_knight_helmet_b03	metamesh	-	rivendell	-	helmet	-	b03	Rivendell	Rivendell/Flower Knights/am_golden_knight_helmets_geo.tpac	Y	parsed
am_golden_flower_knight_helmet_b03_masked	metamesh	-	rivendell	-	helmet	-	-	Rivendell	Rivendell/Flower Knights/am_golden_knight_helmets_geo.tpac	Y	parsed
am_golden_flower_knight_pauldrons_a01	metamesh	-	rivendell	-	pauldron	-	a01	Rivendell	Rivendell/Flower Knights/am_golden_knight_pauldrons_geo.tpac	Y	parsed
am_golden_flower_knight_pauldrons_a02	metamesh	-	rivendell	-	pauldron	-	a02	Rivendell	Rivendell/Flower Knights/am_golden_knight_pauldrons_geo.tpac	Y	parsed
am_golden_flower_knight_pauldrons_grey_a01	metamesh	-	rivendell	-	pauldron	-	a01	Rivendell	Rivendell/Flower Knights/am_golden_knight_pauldrons_geo.tpac	Y	parsed
am_golden_flower_knight_pauldrons_grey_a02	metamesh	-	rivendell	-	pauldron	-	a02	Rivendell	Rivendell/Flower Knights/am_golden_knight_pauldrons_geo.tpac	Y	parsed
anduril_blade	metamesh	-	gondor	-	weapon	-	-	gondor_weapons	gondor_weapons/swords/anduril_sword_geo.tpac	N	parsed
anduril_guard	metamesh	-	gondor	-	weapon	-	-	gondor_weapons	gondor_weapons/swords/anduril_sword_geo.tpac	N	parsed
anduril_handle	metamesh	-	gondor	-	weapon	-	-	gondor_weapons	gondor_weapons/swords/anduril_sword_geo.tpac	N	parsed
anduril_pommel	metamesh	-	gondor	-	weapon	-	-	gondor_weapons	gondor_weapons/swords/anduril_sword_geo.tpac	N	parsed
bo_cap_cts_rohan_shield	physicsshape	bo	rohan	rohan	shield	-	-	shield	shield/Rohan/cts_rohan_shield_1_2_geo.tpac	Y	parsed
bo_cap_dunland_caerdh_shield	physicsshape	bo	dunland	caerdh	shield	-	-	dunland_weapons	dunland_weapons/dunland_caerdh_shields_geo.tpac	Y	parsed
bo_cap_dunland_wulf_shield_a	physicsshape	bo	dunland	wulf	shield	-	a	dunland_weapons	dunland_weapons/dunland_wulf_shields_geo.tpac	Y	parsed
bo_cap_dunland_wulf_shield_c	physicsshape	bo	dunland	wulf	shield	-	c	dunland_weapons	dunland_weapons/dunland_wulf_shields_geo.tpac	Y	parsed
bo_cap_dunland_wulf_shield_e	physicsshape	bo	dunland	wulf	shield	-	e	dunland_weapons	dunland_weapons/dunland_wulf_shields_geo.tpac	Y	parsed
bo_cap_mordor_shield_mid_a	physicsshape	bo	mordor	-	shield	-	a	mordor_props	mordor_props/black_uruk_weapons/SM_Uruk_Weapons_B_geo.tpac	Y	parsed
bo_cap_mordor_shield_small_a	physicsshape	bo	mordor	-	shield	-	a	mordor_props	mordor_props/black_uruk_weapons/SM_Uruk_Weapons_B_geo.tpac	Y	parsed
bo_cap_mordor_shield_tower_a	physicsshape	bo	mordor	-	shield	-	a	mordor_props	mordor_props/black_uruk_weapons/SM_Uruk_Weapons_B_geo.tpac	Y	parsed
bo_cap_mordor_shield_tower_b	physicsshape	bo	mordor	-	shield	-	b	mordor_props	mordor_props/black_uruk_weapons/SM_Uruk_Weapons_B_geo.tpac	Y	parsed
bo_cap_rohan_horse_shield	physicsshape	bo	rohan	-	barding	-	-	shield	shield/Rohan/Rohan_horse_shield_geo.tpac	N	parsed
bo_cap_sm_dwarf_erebor_shield_leather	physicsshape	bo	dwarf	erebor	shield	-	-	erebor_weapons	erebor_weapons/erebor_weapons/SM_Dwarf_Erebor_Shields_geo.tpac	Y	parsed
bo_cap_sm_dwarf_erebor_shield_metal	physicsshape	bo	dwarf	erebor	shield	-	-	erebor_weapons	erebor_weapons/erebor_weapons/SM_Dwarf_Erebor_Shields_geo.tpac	Y	parsed
bo_cap_sm_dwarf_erebor_shield_metal_d	physicsshape	bo	dwarf	erebor	shield	-	d	erebor_weapons	erebor_weapons/erebor_weapons/SM_Dwarf_Erebor_Shields_geo.tpac	Y	parsed
bo_cap_sm_dwarf_erebor_shield_tower	physicsshape	bo	dwarf	erebor	shield	-	-	erebor_weapons	erebor_weapons/erebor_weapons/SM_Dwarf_Erebor_Shields_geo.tpac	Y	parsed
bo_cap_sm_gd_shield_a	physicsshape	bo	gondor	-	shield	-	a	gondor_weapons	gondor_weapons/shields/SM_GD_Shield_A_geo.tpac	Y	parsed
bo_cap_sm_iron_shield	physicsshape	bo	dwarf	-	shield	-	-	erebor_weapons	erebor_weapons/iron_hills_weapons/SM_Dwarf_Iron_Shields_geo.tpac	Y	parsed
bo_cap_sm_iron_shield_tower	physicsshape	bo	dwarf	-	shield	-	-	erebor_weapons	erebor_weapons/iron_hills_weapons/SM_Dwarf_Iron_Shields_geo.tpac	Y	parsed
bo_cap_sm_md_mor_shield_heavy_a	physicsshape	bo	mordor	mor	shield	heavy	a	mordor_props	mordor_props/morannon_weapons/SK_MD_Mor_Weapon_Shield_A_geo.tpac	N	parsed
bo_cap_sm_md_mor_shield_heavy_b	physicsshape	bo	mordor	mor	shield	heavy	b	mordor_props	mordor_props/morannon_weapons/SK_MD_Mor_Weapon_Shield_A_geo.tpac	N	parsed
bo_cap_sm_md_mor_shield_heavy_c	physicsshape	bo	mordor	mor	shield	heavy	c	mordor_props	mordor_props/morannon_weapons/SK_MD_Mor_Weapon_Shield_A_geo.tpac	N	parsed
bo_cap_sm_md_mor_shield_heavy_d	physicsshape	bo	mordor	mor	shield	heavy	d	mordor_props	mordor_props/morannon_weapons/SK_MD_Mor_Weapon_Shield_A_geo.tpac	N	parsed
bo_cap_sm_md_mor_shield_light_a	physicsshape	bo	mordor	mor	shield	light	a	mordor_props	mordor_props/morannon_weapons/SK_MD_Mor_Weapon_Shield_A_geo.tpac	N	parsed
bo_cap_sm_md_mor_shield_light_b	physicsshape	bo	mordor	mor	shield	light	b	mordor_props	mordor_props/morannon_weapons/SK_MD_Mor_Weapon_Shield_A_geo.tpac	N	parsed
bo_cap_sm_md_mor_shield_light_c	physicsshape	bo	mordor	mor	shield	light	c	mordor_props	mordor_props/morannon_weapons/SK_MD_Mor_Weapon_Shield_A_geo.tpac	N	parsed
bo_cap_sm_md_mor_shield_light_d	physicsshape	bo	mordor	mor	shield	light	d	mordor_props	mordor_props/morannon_weapons/SK_MD_Mor_Weapon_Shield_A_geo.tpac	N	parsed
bo_cap_sm_md_mor_shield_med_a	physicsshape	bo	mordor	mor	shield	med	a	mordor_props	mordor_props/morannon_weapons/SK_MD_Mor_Weapon_Shield_A_geo.tpac	N	parsed
bo_cap_sm_md_mor_shield_med_b	physicsshape	bo	mordor	mor	shield	med	b	mordor_props	mordor_props/morannon_weapons/SK_MD_Mor_Weapon_Shield_A_geo.tpac	N	parsed
bo_cap_sm_md_mor_shield_med_c	physicsshape	bo	mordor	mor	shield	med	c	mordor_props	mordor_props/morannon_weapons/SK_MD_Mor_Weapon_Shield_A_geo.tpac	N	parsed
bo_cap_sm_md_mor_shield_med_d	physicsshape	bo	mordor	mor	shield	med	d	mordor_props	mordor_props/morannon_weapons/SK_MD_Mor_Weapon_Shield_A_geo.tpac	N	parsed
bo_cap_sm_md_num_cav_shield_heavy_a	physicsshape	bo	mordor	num	shield	heavy	a	mordor_props	mordor_props/black_num_weapons/SK_MD_Num_Shields_A_geo.tpac	Y	parsed
bo_cap_sm_md_num_cav_shield_med_a	physicsshape	bo	mordor	num	shield	med	a	mordor_props	mordor_props/black_num_weapons/SK_MD_Num_Shields_A_geo.tpac	Y	parsed
bo_cap_sm_md_num_inf_shield_heavy_a	physicsshape	bo	mordor	num	shield	heavy	a	mordor_props	mordor_props/black_num_weapons/SK_MD_Num_Shields_A_geo.tpac	Y	parsed
bo_cap_sm_md_num_inf_shield_med_a	physicsshape	bo	mordor	num	shield	med	a	mordor_props	mordor_props/black_num_weapons/SK_MD_Num_Shields_A_geo.tpac	Y	parsed
bo_cap_sm_md_orc_shield_a	physicsshape	bo	mordor	orc	shield	-	a	mordor_props	mordor_props/orc_weapons/SK_MD_Orc_Weapon_Shield_A_geo.tpac	N	parsed
bo_cap_sm_md_orc_shield_b	physicsshape	bo	mordor	orc	shield	-	b	mordor_props	mordor_props/orc_weapons/SK_MD_Orc_Weapon_Shield_B_geo.tpac	N	parsed
bo_cap_sm_rh_loke_shield_a	physicsshape	bo	rhun	loke	shield	-	a	rhun_weapons	rhun_weapons/loke/SK_RH_Loke_Shields_A_geo.tpac	Y	parsed
bo_cap_sm_rh_loke_shield_c	physicsshape	bo	rhun	loke	shield	-	c	rhun_weapons	rhun_weapons/loke/SK_RH_Loke_Shields_A_geo.tpac	Y	parsed
bo_cap_sm_rh_loke_shield_cav_a	physicsshape	bo	rhun	loke	shield	-	a	rhun_weapons	rhun_weapons/loke/SK_RH_Loke_Shields_A_geo.tpac	Y	parsed
bo_cap_sm_rh_loke_shield_tower_a	physicsshape	bo	rhun	loke	shield	-	a	rhun_weapons	rhun_weapons/loke/SK_RH_Loke_Shields_A_geo.tpac	Y	parsed
bo_cap_wm_boromir_shield	physicsshape	bo	gondor	-	shield	-	-	gondor_weapons	gondor_weapons/shields/wm_boromir_shield_horn_geo.tpac	Y	parsed
bo_cap_wm_cave_troll_shield_a01	physicsshape	bo	creature	-	body	-	a01	weapons	weapons/Mordor/troll/wm_cave_troll_ws_1_geo.tpac	Y	parsed
bo_cap_wm_dale_shield_a01	physicsshape	bo	dale	-	shield	-	a01	shield	shield/dale/wm_dale_kingdom_ws_1_shields_geo.tpac	Y	parsed
bo_cap_wm_dale_shield_a04	physicsshape	bo	dale	-	shield	-	a04	shield	shield/dale/wm_dale_kingdom_ws_1_shields_geo.tpac	Y	parsed
bo_cap_wm_dale_shield_b01	physicsshape	bo	dale	-	shield	-	b01	shield	shield/dale/wm_dale_kingdom_ws_1_shields_geo.tpac	Y	parsed
bo_cap_wm_dale_shield_b02	physicsshape	bo	dale	-	shield	-	b02	shield	shield/dale/wm_dale_kingdom_ws_1_shields_geo.tpac	Y	parsed
bo_cap_wm_elven_shield_a	physicsshape	bo	elf	-	shield	-	a	shield	shield/High Elven/wm_elven_shield_a_geo.tpac	Y	parsed
bo_cap_wm_gf_knight_shield	physicsshape	bo	rivendell	knight	shield	-	-	weapons	weapons/Rivendell/Flower Knights/wm_flower_knights_ws_geo.tpac	Y	parsed
bo_cap_wm_gf_knight_shield_cloth	physicsshape	bo	rivendell	knight	shield	-	-	weapons	weapons/Rivendell/Flower Knights/wm_flower_knights_ws_geo.tpac	Y	parsed
bo_cap_wm_gondor_shield_b	physicsshape	bo	gondor	-	shield	-	b	shield	shield/Gondor/wm_gondor_shield_b_geo.tpac	Y	parsed
bo_cap_wm_gondor_shield_c	physicsshape	bo	gondor	-	shield	-	c	shield	shield/Gondor/wm_gondor_shield_c_geo.tpac	Y	parsed
bo_cap_wm_gundabad_shield_a01	physicsshape	bo	gundabad	-	shield	-	a01	gundabad_weapons	gundabad_weapons/wm_gundabad_ws_geo.tpac	Y	parsed
bo_cap_wm_gundabad_shield_a02	physicsshape	bo	gundabad	-	shield	-	a02	gundabad_weapons	gundabad_weapons/wm_gundabad_ws_geo.tpac	Y	parsed
bo_cap_wm_gundabad_shield_a03	physicsshape	bo	gundabad	-	shield	-	a03	gundabad_weapons	gundabad_weapons/wm_gundabad_ws_geo.tpac	Y	parsed
bo_cap_wm_harad_bow_a01	physicsshape	bo	harad	-	weapon	-	a01	weapons	weapons/Harad/wm_harad_ws_v1_geo.tpac	Y	parsed
bo_cap_wm_harad_bow_a02	physicsshape	bo	harad	-	weapon	-	a02	weapons	weapons/Harad/wm_harad_ws_v1_geo.tpac	Y	parsed
bo_cap_wm_isengard_shield_a01	physicsshape	bo	isengard	-	shield	-	a01	weapons	weapons/Isengard/wm_isengard_weapon_pack_geo.tpac	Y	parsed
bo_cap_wm_isengard_shield_a01_clean	physicsshape	bo	isengard	-	shield	-	-	weapons	weapons/Isengard/Shields No Hand/t_isengard_weapon_set4_nohand_geo.tpac	Y	parsed
bo_cap_wm_isengard_shield_a02	physicsshape	bo	isengard	-	shield	-	a02	weapons	weapons/Isengard/wm_isengard_weapon_pack_geo.tpac	Y	parsed
bo_cap_wm_ithilien_bow	physicsshape	bo	gondor	-	weapon	-	-	weapons	weapons/bow/Gondor/wm_ithilien_bow_geo.tpac	Y	parsed
bo_cap_wm_mirkwood_shield_a01	physicsshape	bo	mirkwood	-	shield	-	a01	weapons	weapons/Mirkwood/wm_mirkwood_weapon_set1_geo.tpac	Y	parsed
bo_cap_wm_pavise_shield_tolfalas	physicsshape	bo	gondor	-	shield	-	-	weapons	weapons/Thyrell/wm_sk_shields_lances_geo.tpac	Y	parsed
bo_cap_wm_pelargir_shield_a	physicsshape	bo	gondor	-	shield	-	a	weapons	weapons/Thyrell/wm_sk_shields_lances_geo.tpac	Y	parsed
bo_cap_wm_pelargir_shield_b	physicsshape	bo	gondor	-	shield	-	b	weapons	weapons/Thyrell/wm_sk_shields_lances_geo.tpac	Y	parsed
bo_cap_wm_rivendell_shield_a02	physicsshape	bo	rivendell	-	shield	-	a02	shield	shield/High Elven/Rivendell_2/wm_rivendell_ws_1_geo.tpac	Y	parsed
bo_cap_wm_rohan_shield_a01	physicsshape	bo	rohan	-	shield	-	a01	shield	shield/Rohan/Rohan_Solus/wm_rohan_shields_geo.tpac	Y	parsed
bo_cap_wm_rohan_shield_a02	physicsshape	bo	rohan	-	shield	-	a02	shield	shield/Rohan/Rohan_Solus/wm_rohan_shields_geo.tpac	Y	parsed
bo_cap_wm_rohan_shield_a03	physicsshape	bo	rohan	-	shield	-	a03	shield	shield/Rohan/Rohan_Solus/wm_rohan_shields_geo.tpac	Y	parsed
bo_cap_wm_rohan_shield_b01	physicsshape	bo	rohan	-	shield	-	b01	shield	shield/Rohan/Rohan_Solus/wm_rohan_shields_geo.tpac	Y	parsed
bo_cap_wm_theoden_shield	physicsshape	bo	rohan	-	shield	-	-	shield	shield/Rohan/Theoden/wm_theoden_shield_geo.tpac	Y	parsed
bo_cap_wm_tuors_shield	physicsshape	bo	elf	-	shield	-	-	weapons	weapons/Thyrell/wm_tuor_shield_geo.tpac	N	parsed
bo_capwm_isengard_shield_a02_clean	physicsshape	bo	isengard	-	shield	-	-	weapons	weapons/Isengard/Shields No Hand/t_isengard_weapon_set4_nohand_geo.tpac	Y	parsed
bo_cts_rohan_shield	physicsshape	bo	rohan	rohan	shield	-	-	shield	shield/Rohan/cts_rohan_shield_1_2_geo.tpac	Y	parsed
bo_dunland_caerdh_axe_blade_1h_a	physicsshape	bo	dunland	caerdh	weapon	-	a	dunland_weapons	dunland_weapons/dunland_caerdh_weapons_a_geo.tpac	Y	parsed
bo_dunland_caerdh_axe_blade_1h_b	physicsshape	bo	dunland	caerdh	weapon	-	b	dunland_weapons	dunland_weapons/dunland_caerdh_weapons_a_geo.tpac	Y	parsed
bo_dunland_caerdh_axe_blade_2h_a	physicsshape	bo	dunland	caerdh	weapon	-	a	dunland_weapons	dunland_weapons/dunland_caerdh_weapons_a_geo.tpac	Y	parsed
bo_dunland_caerdh_axe_blade_2h_b	physicsshape	bo	dunland	caerdh	weapon	-	b	dunland_weapons	dunland_weapons/dunland_caerdh_weapons_a_geo.tpac	Y	parsed
bo_dunland_caerdh_shield	physicsshape	bo	dunland	caerdh	shield	-	-	dunland_weapons	dunland_weapons/dunland_caerdh_shields_geo.tpac	Y	parsed
bo_dunland_caerdh_spear_head_a	physicsshape	bo	dunland	caerdh	weapon	-	a	dunland_weapons	dunland_weapons/dunland_caerdh_weapons_b_geo.tpac	Y	parsed
bo_dunland_caerdh_spear_head_b	physicsshape	bo	dunland	caerdh	weapon	-	b	dunland_weapons	dunland_weapons/dunland_caerdh_weapons_b_geo.tpac	Y	parsed
bo_dunland_caerdh_spear_head_c	physicsshape	bo	dunland	caerdh	weapon	-	c	dunland_weapons	dunland_weapons/dunland_caerdh_weapons_b_geo.tpac	Y	parsed
bo_dunland_caerdh_spear_head_d	physicsshape	bo	dunland	caerdh	weapon	-	d	dunland_weapons	dunland_weapons/dunland_caerdh_weapons_b_geo.tpac	Y	parsed
bo_dunland_caerdh_spear_head_e	physicsshape	bo	dunland	caerdh	weapon	-	e	dunland_weapons	dunland_weapons/dunland_caerdh_weapons_b_geo.tpac	Y	parsed
bo_dunland_caerdh_sword_blade_2h_a	physicsshape	bo	dunland	caerdh	weapon	-	a	dunland_weapons	dunland_weapons/dunland_caerdh_weapons_a_geo.tpac	Y	parsed
bo_dunland_prop_wulf_bag_a	physicsshape	bo	dunland	-	prop	-	a	dunland_weapons	dunland_weapons/dunland_wulf_props_a_geo.tpac	N	parsed
bo_dunland_prop_wulf_bag_b	physicsshape	bo	dunland	-	prop	-	b	dunland_weapons	dunland_weapons/dunland_wulf_props_a_geo.tpac	N	parsed
bo_dunland_prop_wulf_bag_c	physicsshape	bo	dunland	-	prop	-	c	dunland_weapons	dunland_weapons/dunland_wulf_props_a_geo.tpac	N	parsed
bo_dunland_prop_wulf_bottle_pouch_a	physicsshape	bo	dunland	-	prop	-	a	dunland_weapons	dunland_weapons/dunland_wulf_props_a_geo.tpac	N	parsed
bo_dunland_prop_wulf_horn_a	physicsshape	bo	dunland	-	prop	-	a	dunland_weapons	dunland_weapons/dunland_wulf_props_a_geo.tpac	N	parsed
bo_dunland_prop_wulf_horn_b	physicsshape	bo	dunland	-	prop	-	b	dunland_weapons	dunland_weapons/dunland_wulf_props_a_geo.tpac	N	parsed
bo_dunland_wulf_shield_a	physicsshape	bo	dunland	wulf	shield	-	a	dunland_weapons	dunland_weapons/dunland_wulf_shields_geo.tpac	Y	parsed
bo_dunland_wulf_shield_c	physicsshape	bo	dunland	wulf	shield	-	c	dunland_weapons	dunland_weapons/dunland_wulf_shields_geo.tpac	Y	parsed
bo_dunland_wulf_shield_e	physicsshape	bo	dunland	wulf	shield	-	e	dunland_weapons	dunland_weapons/dunland_wulf_shields_geo.tpac	Y	parsed
bo_mordor_shield_mid_a	physicsshape	bo	mordor	-	shield	-	a	mordor_props	mordor_props/black_uruk_weapons/SM_Uruk_Weapons_B_geo.tpac	Y	parsed
bo_mordor_shield_small_a	physicsshape	bo	mordor	-	shield	-	a	mordor_props	mordor_props/black_uruk_weapons/SM_Uruk_Weapons_B_geo.tpac	Y	parsed
bo_mordor_shield_tower_a	physicsshape	bo	mordor	-	shield	-	a	mordor_props	mordor_props/black_uruk_weapons/SM_Uruk_Weapons_B_geo.tpac	Y	parsed
bo_mordor_shield_tower_b	physicsshape	bo	mordor	-	shield	-	b	mordor_props	mordor_props/black_uruk_weapons/SM_Uruk_Weapons_B_geo.tpac	Y	parsed
bo_numenorean_sword_blade_a	physicsshape	bo	numenorean	-	weapon	-	a	arnor_weapons	arnor_weapons/numenorean_swords_a_geo.tpac	Y	parsed
bo_numenorean_sword_blade_b	physicsshape	bo	numenorean	-	weapon	-	b	arnor_weapons	arnor_weapons/numenorean_swords_a_geo.tpac	Y	parsed
bo_numenorean_sword_blade_c	physicsshape	bo	numenorean	-	weapon	-	c	arnor_weapons	arnor_weapons/numenorean_swords_a_geo.tpac	Y	parsed
bo_numenorean_sword_blade_d	physicsshape	bo	numenorean	-	weapon	-	d	arnor_weapons	arnor_weapons/numenorean_swords_a_geo.tpac	Y	parsed
bo_numenorean_sword_blade_e	physicsshape	bo	numenorean	-	weapon	-	e	arnor_weapons	arnor_weapons/numenorean_swords_a_geo.tpac	Y	parsed
bo_rohan_horse_shield	physicsshape	bo	rohan	-	barding	-	-	shield	shield/Rohan/Rohan_horse_shield_geo.tpac	N	parsed
bo_sm_ar_art_poleaxe_blade_a	physicsshape	bo	arnor	art	weapon	-	a	arnor_weapons	arnor_weapons/SM_AR_Art_Poleaxe_A_geo.tpac	N	parsed
bo_sm_ar_art_poleaxe_blade_b	physicsshape	bo	arnor	art	weapon	-	b	arnor_weapons	arnor_weapons/SM_AR_Art_Poleaxe_A_geo.tpac	N	parsed
bo_sm_dwarf_dain_axe_blade_a	physicsshape	bo	dwarf	dain	weapon	-	a	erebor_armor	erebor_armor/Dain/SM_Dwarf_Dain_Weapons_geo.tpac	Y	parsed
bo_sm_dwarf_dain_hammer_blade_b	physicsshape	bo	dwarf	dain	weapon	-	b	erebor_armor	erebor_armor/Dain/SM_Dwarf_Dain_Weapons_geo.tpac	Y	parsed
bo_sm_dwarf_erebor_axe_blade_1h_a	physicsshape	bo	dwarf	erebor	weapon	-	a	erebor_weapons	erebor_weapons/erebor_weapons/SM_Dwarf_Erebor_Weapons_geo.tpac	Y	parsed
bo_sm_dwarf_erebor_axe_blade_1h_b	physicsshape	bo	dwarf	erebor	weapon	-	b	erebor_weapons	erebor_weapons/erebor_weapons/SM_Dwarf_Erebor_Weapons_geo.tpac	Y	parsed
bo_sm_dwarf_erebor_axe_blade_2h_a	physicsshape	bo	dwarf	erebor	weapon	-	a	erebor_weapons	erebor_weapons/erebor_weapons/SM_Dwarf_Erebor_Weapons_geo.tpac	Y	parsed
bo_sm_dwarf_erebor_axe_blade_2h_b	physicsshape	bo	dwarf	erebor	weapon	-	b	erebor_weapons	erebor_weapons/erebor_weapons/SM_Dwarf_Erebor_Weapons_geo.tpac	Y	parsed
bo_sm_dwarf_erebor_axe_blade_2h_c	physicsshape	bo	dwarf	erebor	weapon	-	c	erebor_weapons	erebor_weapons/erebor_weapons/SM_Dwarf_Erebor_Weapons_geo.tpac	Y	parsed
bo_sm_dwarf_erebor_axe_blade_2h_d	physicsshape	bo	dwarf	erebor	weapon	-	d	erebor_weapons	erebor_weapons/erebor_weapons/SM_Dwarf_Erebor_Weapons_geo.tpac	Y	parsed
bo_sm_dwarf_erebor_bow_a	physicsshape	bo	dwarf	erebor	weapon	-	a	erebor_weapons	erebor_weapons/erebor_weapons/SM_Dwarf_Erebor_Bows_geo.tpac	Y	parsed
bo_sm_dwarf_erebor_bow_b	physicsshape	bo	dwarf	erebor	weapon	-	b	erebor_weapons	erebor_weapons/erebor_weapons/SM_Dwarf_Erebor_Bows_geo.tpac	Y	parsed
bo_sm_dwarf_erebor_hammer_blade_2h_a	physicsshape	bo	dwarf	erebor	weapon	-	a	erebor_weapons	erebor_weapons/erebor_weapons/SM_Dwarf_Erebor_Weapons_geo.tpac	Y	parsed
bo_sm_dwarf_erebor_shield_leather	physicsshape	bo	dwarf	erebor	shield	-	-	erebor_weapons	erebor_weapons/erebor_weapons/SM_Dwarf_Erebor_Shields_geo.tpac	Y	parsed
bo_sm_dwarf_erebor_shield_metal	physicsshape	bo	dwarf	erebor	shield	-	-	erebor_weapons	erebor_weapons/erebor_weapons/SM_Dwarf_Erebor_Shields_geo.tpac	Y	parsed
bo_sm_dwarf_erebor_shield_metal_d	physicsshape	bo	dwarf	erebor	shield	-	d	erebor_weapons	erebor_weapons/erebor_weapons/SM_Dwarf_Erebor_Shields_geo.tpac	Y	parsed
bo_sm_dwarf_erebor_shield_tower	physicsshape	bo	dwarf	erebor	shield	-	-	erebor_weapons	erebor_weapons/erebor_weapons/SM_Dwarf_Erebor_Shields_geo.tpac	Y	parsed
bo_sm_dwarf_erebor_spear_blade_a	physicsshape	bo	dwarf	erebor	weapon	-	a	erebor_weapons	erebor_weapons/erebor_weapons/SM_Dwarf_Erebor_Weapons_geo.tpac	Y	parsed
bo_sm_dwarf_erebor_spear_blade_b	physicsshape	bo	dwarf	erebor	weapon	-	b	erebor_weapons	erebor_weapons/erebor_weapons/SM_Dwarf_Erebor_Weapons_geo.tpac	Y	parsed
bo_sm_dwarf_iron_axe_blade_a	physicsshape	bo	dwarf	iron	weapon	-	a	erebor_weapons	erebor_weapons/iron_hills_weapons/SM_Dwarf_Iron_Weapons_geo.tpac	Y	parsed
bo_sm_dwarf_iron_axe_blade_b	physicsshape	bo	dwarf	iron	weapon	-	b	erebor_weapons	erebor_weapons/iron_hills_weapons/SM_Dwarf_Iron_Weapons_geo.tpac	Y	parsed
bo_sm_dwarf_iron_hammer_blade_a	physicsshape	bo	dwarf	iron	weapon	-	a	erebor_weapons	erebor_weapons/iron_hills_weapons/SM_Dwarf_Iron_Weapons_geo.tpac	Y	parsed
bo_sm_dwarf_iron_hammer_blade_b	physicsshape	bo	dwarf	iron	weapon	-	b	erebor_weapons	erebor_weapons/iron_hills_weapons/SM_Dwarf_Iron_Weapons_geo.tpac	Y	parsed
bo_sm_dwarf_iron_hammer_blade_c	physicsshape	bo	dwarf	iron	weapon	-	c	erebor_weapons	erebor_weapons/iron_hills_weapons/SM_Dwarf_Iron_Weapons_geo.tpac	Y	parsed
bo_sm_dwarf_iron_hammer_blade_d	physicsshape	bo	dwarf	iron	weapon	-	d	erebor_weapons	erebor_weapons/iron_hills_weapons/SM_Dwarf_Iron_Weapons_geo.tpac	Y	parsed
bo_sm_dwarf_iron_hammer_blade_e	physicsshape	bo	dwarf	iron	weapon	-	e	erebor_weapons	erebor_weapons/iron_hills_weapons/SM_Dwarf_Iron_Weapons_geo.tpac	Y	parsed
bo_sm_dwarf_iron_mattock_blade_a	physicsshape	bo	dwarf	iron	weapon	-	a	erebor_weapons	erebor_weapons/iron_hills_weapons/SM_Dwarf_Iron_Weapons_geo.tpac	Y	parsed
bo_sm_dwarf_iron_mattock_blade_b	physicsshape	bo	dwarf	iron	weapon	-	b	erebor_weapons	erebor_weapons/iron_hills_weapons/SM_Dwarf_Iron_Weapons_geo.tpac	Y	parsed
bo_sm_dwarf_iron_mattock_blade_c	physicsshape	bo	dwarf	iron	weapon	-	c	erebor_weapons	erebor_weapons/iron_hills_weapons/SM_Dwarf_Iron_Weapons_geo.tpac	Y	parsed
bo_sm_dwarf_iron_mattock_blade_d	physicsshape	bo	dwarf	iron	weapon	-	d	erebor_weapons	erebor_weapons/iron_hills_weapons/SM_Dwarf_Iron_Weapons_geo.tpac	Y	parsed
bo_sm_dwarf_iron_sword_blade_a	physicsshape	bo	dwarf	iron	weapon	-	a	erebor_weapons	erebor_weapons/iron_hills_weapons/SM_Dwarf_Iron_Weapons_geo.tpac	Y	parsed
bo_sm_dwarf_iron_sword_blade_b	physicsshape	bo	dwarf	iron	weapon	-	b	erebor_weapons	erebor_weapons/iron_hills_weapons/SM_Dwarf_Iron_Weapons_geo.tpac	Y	parsed
bo_sm_gd_shield_a	physicsshape	bo	gondor	-	shield	-	a	gondor_weapons	gondor_weapons/shields/SM_GD_Shield_A_geo.tpac	Y	parsed
bo_sm_iron_shield	physicsshape	bo	dwarf	-	shield	-	-	erebor_weapons	erebor_weapons/iron_hills_weapons/SM_Dwarf_Iron_Shields_geo.tpac	Y	parsed
bo_sm_iron_shield_tower	physicsshape	bo	dwarf	-	shield	-	-	erebor_weapons	erebor_weapons/iron_hills_weapons/SM_Dwarf_Iron_Shields_geo.tpac	Y	parsed
bo_sm_md_mor_bow_a	physicsshape	bo	mordor	mor	weapon	-	a	mordor_props	mordor_props/morannon_weapons/SK_MD_Mor_Weapon_Bow_A_geo.tpac	N	parsed
bo_sm_md_mor_halberd_blade_a	physicsshape	bo	mordor	mor	weapon	-	a	mordor_props	mordor_props/morannon_weapons/SK_MD_Mor_Weapon_A_geo.tpac	N	parsed
bo_sm_md_mor_halberd_blade_b	physicsshape	bo	mordor	mor	weapon	-	b	mordor_props	mordor_props/morannon_weapons/SK_MD_Mor_Weapon_A_geo.tpac	N	parsed
bo_sm_md_mor_halberd_blade_c	physicsshape	bo	mordor	mor	weapon	-	c	mordor_props	mordor_props/morannon_weapons/SK_MD_Mor_Weapon_A_geo.tpac	N	parsed
bo_sm_md_mor_shield_heavy_a	physicsshape	bo	mordor	mor	shield	heavy	a	mordor_props	mordor_props/morannon_weapons/SK_MD_Mor_Weapon_Shield_A_geo.tpac	N	parsed
bo_sm_md_mor_shield_heavy_b	physicsshape	bo	mordor	mor	shield	heavy	b	mordor_props	mordor_props/morannon_weapons/SK_MD_Mor_Weapon_Shield_A_geo.tpac	N	parsed
bo_sm_md_mor_shield_heavy_c	physicsshape	bo	mordor	mor	shield	heavy	c	mordor_props	mordor_props/morannon_weapons/SK_MD_Mor_Weapon_Shield_A_geo.tpac	N	parsed
bo_sm_md_mor_shield_heavy_d	physicsshape	bo	mordor	mor	shield	heavy	d	mordor_props	mordor_props/morannon_weapons/SK_MD_Mor_Weapon_Shield_A_geo.tpac	N	parsed
bo_sm_md_mor_shield_light_a	physicsshape	bo	mordor	mor	shield	light	a	mordor_props	mordor_props/morannon_weapons/SK_MD_Mor_Weapon_Shield_A_geo.tpac	N	parsed
bo_sm_md_mor_shield_light_b	physicsshape	bo	mordor	mor	shield	light	b	mordor_props	mordor_props/morannon_weapons/SK_MD_Mor_Weapon_Shield_A_geo.tpac	N	parsed
bo_sm_md_mor_shield_light_c	physicsshape	bo	mordor	mor	shield	light	c	mordor_props	mordor_props/morannon_weapons/SK_MD_Mor_Weapon_Shield_A_geo.tpac	N	parsed
bo_sm_md_mor_shield_light_d	physicsshape	bo	mordor	mor	shield	light	d	mordor_props	mordor_props/morannon_weapons/SK_MD_Mor_Weapon_Shield_A_geo.tpac	N	parsed
bo_sm_md_mor_shield_med_a	physicsshape	bo	mordor	mor	shield	med	a	mordor_props	mordor_props/morannon_weapons/SK_MD_Mor_Weapon_Shield_A_geo.tpac	N	parsed
bo_sm_md_mor_shield_med_b	physicsshape	bo	mordor	mor	shield	med	b	mordor_props	mordor_props/morannon_weapons/SK_MD_Mor_Weapon_Shield_A_geo.tpac	N	parsed
bo_sm_md_mor_shield_med_c	physicsshape	bo	mordor	mor	shield	med	c	mordor_props	mordor_props/morannon_weapons/SK_MD_Mor_Weapon_Shield_A_geo.tpac	N	parsed
bo_sm_md_mor_shield_med_d	physicsshape	bo	mordor	mor	shield	med	d	mordor_props	mordor_props/morannon_weapons/SK_MD_Mor_Weapon_Shield_A_geo.tpac	N	parsed
bo_sm_md_mor_spear_blade_a	physicsshape	bo	mordor	mor	weapon	-	a	mordor_props	mordor_props/morannon_weapons/SK_MD_Mor_Weapon_A_geo.tpac	N	parsed
bo_sm_md_mor_spear_blade_b	physicsshape	bo	mordor	mor	weapon	-	b	mordor_props	mordor_props/morannon_weapons/SK_MD_Mor_Weapon_A_geo.tpac	N	parsed
bo_sm_md_mor_sword_1h_blade_a	physicsshape	bo	mordor	mor	weapon	-	a	mordor_props	mordor_props/morannon_weapons/SK_MD_Mor_Weapon_A_geo.tpac	N	parsed
bo_sm_md_mor_sword_1h_blade_b	physicsshape	bo	mordor	mor	weapon	-	b	mordor_props	mordor_props/morannon_weapons/SK_MD_Mor_Weapon_A_geo.tpac	N	parsed
bo_sm_md_mor_sword_2h_blade_a	physicsshape	bo	mordor	mor	weapon	-	a	mordor_props	mordor_props/morannon_weapons/SK_MD_Mor_Weapon_A_geo.tpac	N	parsed
bo_sm_md_mor_sword_2h_blade_b	physicsshape	bo	mordor	mor	weapon	-	b	mordor_props	mordor_props/morannon_weapons/SK_MD_Mor_Weapon_A_geo.tpac	N	parsed
bo_sm_md_num_cav_shield_heavy_a	physicsshape	bo	mordor	num	shield	heavy	a	mordor_props	mordor_props/black_num_weapons/SK_MD_Num_Shields_A_geo.tpac	Y	parsed
bo_sm_md_num_cav_shield_med_a	physicsshape	bo	mordor	num	shield	med	a	mordor_props	mordor_props/black_num_weapons/SK_MD_Num_Shields_A_geo.tpac	Y	parsed
bo_sm_md_num_inf_shield_heavy_a	physicsshape	bo	mordor	num	shield	heavy	a	mordor_props	mordor_props/black_num_weapons/SK_MD_Num_Shields_A_geo.tpac	Y	parsed
bo_sm_md_num_inf_shield_med_a	physicsshape	bo	mordor	num	shield	med	a	mordor_props	mordor_props/black_num_weapons/SK_MD_Num_Shields_A_geo.tpac	Y	parsed
bo_sm_md_num_lance_blade_a	physicsshape	bo	mordor	num	weapon	-	a	mordor_props	mordor_props/black_num_weapons/SK_MD_Num_Spears_A_geo.tpac	Y	parsed
bo_sm_md_num_sword_1h_blade_a	physicsshape	bo	mordor	num	weapon	-	a	mordor_props	mordor_props/black_num_weapons/SM_MD_Num_Swords_A_geo.tpac	Y	parsed
bo_sm_md_num_sword_1h_blade_b	physicsshape	bo	mordor	num	weapon	-	b	mordor_props	mordor_props/black_num_weapons/SM_MD_Num_Swords_A_geo.tpac	Y	parsed
bo_sm_md_num_sword_1h_blade_c	physicsshape	bo	mordor	num	weapon	-	c	mordor_props	mordor_props/black_num_weapons/SM_MD_Num_Swords_A_geo.tpac	Y	parsed
bo_sm_md_num_sword_2h_blade_a	physicsshape	bo	mordor	num	weapon	-	a	mordor_props	mordor_props/black_num_weapons/SM_MD_Num_Swords_A_geo.tpac	Y	parsed
bo_sm_md_num_sword_2h_blade_b	physicsshape	bo	mordor	num	weapon	-	b	mordor_props	mordor_props/black_num_weapons/SM_MD_Num_Swords_A_geo.tpac	Y	parsed
bo_sm_md_num_sword_2h_blade_c	physicsshape	bo	mordor	num	weapon	-	c	mordor_props	mordor_props/black_num_weapons/SM_MD_Num_Swords_A_geo.tpac	Y	parsed
bo_sm_md_orc_shield_a	physicsshape	bo	mordor	orc	shield	-	a	mordor_props	mordor_props/orc_weapons/SK_MD_Orc_Weapon_Shield_A_geo.tpac	N	parsed
bo_sm_md_orc_shield_b	physicsshape	bo	mordor	orc	shield	-	b	mordor_props	mordor_props/orc_weapons/SK_MD_Orc_Weapon_Shield_B_geo.tpac	N	parsed
bo_sm_rh_loke_axe_blade_1h_a	physicsshape	bo	rhun	loke	weapon	-	a	rhun_weapons	rhun_weapons/loke/SK_RH_Loke_Weapons_A_geo.tpac	Y	parsed
bo_sm_rh_loke_axe_blade_1h_b	physicsshape	bo	rhun	loke	weapon	-	b	rhun_weapons	rhun_weapons/loke/SK_RH_Loke_Weapons_A_geo.tpac	Y	parsed
bo_sm_rh_loke_axe_blade_2h_a	physicsshape	bo	rhun	loke	weapon	-	a	rhun_weapons	rhun_weapons/loke/SK_RH_Loke_Weapons_A_geo.tpac	Y	parsed
bo_sm_rh_loke_axe_blade_2h_b	physicsshape	bo	rhun	loke	weapon	-	b	rhun_weapons	rhun_weapons/loke/SK_RH_Loke_Weapons_A_geo.tpac	Y	parsed
bo_sm_rh_loke_axe_blade_2h_c	physicsshape	bo	rhun	loke	weapon	-	c	rhun_weapons	rhun_weapons/loke/SK_RH_Loke_Weapons_A_geo.tpac	Y	parsed
bo_sm_rh_loke_axe_blade_2h_d	physicsshape	bo	rhun	loke	weapon	-	d	rhun_weapons	rhun_weapons/loke/SK_RH_Loke_Weapons_A_geo.tpac	Y	parsed
bo_sm_rh_loke_mace_blade_1h_a	physicsshape	bo	rhun	loke	weapon	-	a	rhun_weapons	rhun_weapons/loke/SK_RH_Loke_Weapons_A_geo.tpac	Y	parsed
bo_sm_rh_loke_mace_blade_1h_b	physicsshape	bo	rhun	loke	weapon	-	b	rhun_weapons	rhun_weapons/loke/SK_RH_Loke_Weapons_A_geo.tpac	Y	parsed
bo_sm_rh_loke_mace_blade_1h_c	physicsshape	bo	rhun	loke	weapon	-	c	rhun_weapons	rhun_weapons/loke/SK_RH_Loke_Weapons_A_geo.tpac	Y	parsed
bo_sm_rh_loke_mace_blade_2h_a	physicsshape	bo	rhun	loke	weapon	-	a	rhun_weapons	rhun_weapons/loke/SK_RH_Loke_Weapons_A_geo.tpac	Y	parsed
bo_sm_rh_loke_mace_blade_2h_b	physicsshape	bo	rhun	loke	weapon	-	b	rhun_weapons	rhun_weapons/loke/SK_RH_Loke_Weapons_A_geo.tpac	Y	parsed
bo_sm_rh_loke_mace_blade_2h_c	physicsshape	bo	rhun	loke	weapon	-	c	rhun_weapons	rhun_weapons/loke/SK_RH_Loke_Weapons_A_geo.tpac	Y	parsed
bo_sm_rh_loke_shield_a	physicsshape	bo	rhun	loke	shield	-	a	rhun_weapons	rhun_weapons/loke/SK_RH_Loke_Shields_A_geo.tpac	Y	parsed
bo_sm_rh_loke_shield_c	physicsshape	bo	rhun	loke	shield	-	c	rhun_weapons	rhun_weapons/loke/SK_RH_Loke_Shields_A_geo.tpac	Y	parsed
bo_sm_rh_loke_shield_cav_a	physicsshape	bo	rhun	loke	shield	-	a	rhun_weapons	rhun_weapons/loke/SK_RH_Loke_Shields_A_geo.tpac	Y	parsed
bo_sm_rh_loke_shield_tower_a	physicsshape	bo	rhun	loke	shield	-	a	rhun_weapons	rhun_weapons/loke/SK_RH_Loke_Shields_A_geo.tpac	Y	parsed
bo_sm_rh_loke_spear_blade_a	physicsshape	bo	rhun	loke	weapon	-	a	rhun_weapons	rhun_weapons/loke/SK_RH_Loke_Weapons_A_geo.tpac	Y	parsed
bo_sm_rh_loke_sword_blade_a	physicsshape	bo	rhun	loke	weapon	-	a	rhun_weapons	rhun_weapons/loke/SK_RH_Loke_Weapons_A_geo.tpac	Y	parsed
bo_sm_rh_loke_sword_blade_b	physicsshape	bo	rhun	loke	weapon	-	b	rhun_weapons	rhun_weapons/loke/SK_RH_Loke_Weapons_A_geo.tpac	Y	parsed
bo_sm_ro_rohan_spear_blade_a	physicsshape	bo	rohan	-	weapon	-	a	rohan_weapons	rohan_weapons/spears/SM_Ro_Rohan_Spear_A_geo.tpac	Y	parsed
bo_sm_ro_rohan_spear_blade_b	physicsshape	bo	rohan	-	weapon	-	b	rohan_weapons	rohan_weapons/spears/SM_Ro_Rohan_Spear_A_geo.tpac	Y	parsed
bo_uruk_halberd_blade_a1	physicsshape	bo	uruk	halberd	weapon	-	a1	mordor_props	mordor_props/black_uruk_weapons/SM_Uruk_Weapons_A_geo.tpac	Y	parsed
bo_uruk_halberd_blade_a2	physicsshape	bo	uruk	halberd	weapon	-	a2	mordor_props	mordor_props/black_uruk_weapons/SM_Uruk_Weapons_A_geo.tpac	Y	parsed
bo_uruk_halberd_blade_a3	physicsshape	bo	uruk	halberd	weapon	-	a3	mordor_props	mordor_props/black_uruk_weapons/SM_Uruk_Weapons_A_geo.tpac	Y	parsed
bo_uruk_sword_blade_a1	physicsshape	bo	uruk	-	weapon	-	a1	mordor_props	mordor_props/black_uruk_weapons/SM_Uruk_Weapons_A_geo.tpac	Y	parsed
bo_uruk_sword_blade_a2	physicsshape	bo	uruk	-	weapon	-	a2	mordor_props	mordor_props/black_uruk_weapons/SM_Uruk_Weapons_A_geo.tpac	Y	parsed
bo_uruk_sword_blade_a3	physicsshape	bo	uruk	-	weapon	-	a3	mordor_props	mordor_props/black_uruk_weapons/SM_Uruk_Weapons_A_geo.tpac	Y	parsed
bo_wm_anduril_sword_blade	physicsshape	bo	gondor	-	weapon	-	-	weapons	weapons/swords/Theoden_Aragorn/wm_theoden_anduril_strider_geo.tpac	Y	parsed
bo_wm_aranruth_sword_blade	physicsshape	bo	elf	-	weapon	-	-	weapons	weapons/Lothlorien/Anranruth_Galadriel_Legolas/wm_aranruth_legolas_galadriel_geo.tpac	Y	parsed
bo_wm_boromir_shield	physicsshape	bo	gondor	-	shield	-	-	gondor_weapons	gondor_weapons/shields/wm_boromir_shield_horn_geo.tpac	Y	parsed
bo_wm_boromir_sword_blade	physicsshape	bo	gondor	-	weapon	-	-	gondor_weapons	gondor_weapons/swords/wm_gondorian_1h_swords_geo.tpac	Y	parsed
bo_wm_cave_troll_1h_mace_a01_head	physicsshape	bo	creature	1h	body	-	-	weapons	weapons/Mordor/troll/wm_cave_troll_ws_1_geo.tpac	Y	parsed
bo_wm_cave_troll_1h_mace_a02_head	physicsshape	bo	creature	1h	body	-	-	weapons	weapons/Mordor/troll/wm_cave_troll_ws_1_geo.tpac	Y	parsed
bo_wm_cave_troll_1h_mace_a03_head	physicsshape	bo	creature	1h	body	-	-	weapons	weapons/Mordor/troll/wm_cave_troll_ws_1_geo.tpac	Y	parsed
bo_wm_cave_troll_2h_mace_head	physicsshape	bo	creature	2h	body	-	-	weapons	weapons/Mordor/troll/wm_cave_troll_ws_1_geo.tpac	Y	parsed
bo_wm_cave_troll_shield_a01	physicsshape	bo	creature	-	body	-	a01	weapons	weapons/Mordor/troll/wm_cave_troll_ws_1_geo.tpac	Y	parsed
bo_wm_cave_troll_spear_a01_blade	physicsshape	bo	creature	-	body	-	-	weapons	weapons/Mordor/troll/wm_cave_troll_ws_1_geo.tpac	Y	parsed
bo_wm_celegorm_sword_blade	physicsshape	bo	elf	-	weapon	-	-	weapons	weapons/Rivendell/Thyrell Elf/wm_elven_sword_weapon_set_a_geo.tpac	Y	parsed
bo_wm_dale_shield_a01	physicsshape	bo	dale	-	shield	-	a01	shield	shield/dale/wm_dale_kingdom_ws_1_shields_geo.tpac	Y	parsed
bo_wm_dale_shield_a04	physicsshape	bo	dale	-	shield	-	a04	shield	shield/dale/wm_dale_kingdom_ws_1_shields_geo.tpac	Y	parsed
bo_wm_dale_shield_b01	physicsshape	bo	dale	-	shield	-	b01	shield	shield/dale/wm_dale_kingdom_ws_1_shields_geo.tpac	Y	parsed
bo_wm_dale_shield_b02	physicsshape	bo	dale	-	shield	-	b02	shield	shield/dale/wm_dale_kingdom_ws_1_shields_geo.tpac	Y	parsed
bo_wm_dale_ws_1h_axe_a01_blade	physicsshape	bo	dale	ws	weapon	-	-	weapons	weapons/dale/wm_dale_kingdom_ws_1_geo.tpac	Y	parsed
bo_wm_dale_ws_1h_axe_a02_blade	physicsshape	bo	dale	ws	weapon	-	-	weapons	weapons/dale/wm_dale_kingdom_ws_1_geo.tpac	Y	parsed
bo_wm_dale_ws_1h_axe_a03_blade	physicsshape	bo	dale	ws	weapon	-	-	weapons	weapons/dale/wm_dale_kingdom_ws_1_geo.tpac	Y	parsed
bo_wm_dale_ws_2h_axe_a01_blade	physicsshape	bo	dale	ws	weapon	-	-	weapons	weapons/dale/wm_dale_kingdom_ws_1_geo.tpac	Y	parsed
bo_wm_dale_ws_longbow_a01	physicsshape	bo	dale	ws	weapon	-	a01	weapons	weapons/dale/wm_dale_kingdom_ws_1_geo.tpac	Y	parsed
bo_wm_dale_ws_polearm_head_a01	physicsshape	bo	dale	ws	weapon	-	a01	weapons	weapons/dale/wm_dale_kingdom_ws_1_geo.tpac	Y	parsed
bo_wm_dale_ws_polearm_head_a02	physicsshape	bo	dale	ws	weapon	-	a02	weapons	weapons/dale/wm_dale_kingdom_ws_1_geo.tpac	Y	parsed
bo_wm_dale_ws_polearm_head_a03	physicsshape	bo	dale	ws	weapon	-	a03	weapons	weapons/dale/wm_dale_kingdom_ws_1_geo.tpac	Y	parsed
bo_wm_dale_ws_polearm_head_a04	physicsshape	bo	dale	ws	weapon	-	a04	weapons	weapons/dale/wm_dale_kingdom_ws_1_geo.tpac	Y	parsed
bo_wm_dale_ws_polearm_head_a05	physicsshape	bo	dale	ws	weapon	-	a05	weapons	weapons/dale/wm_dale_kingdom_ws_1_geo.tpac	Y	parsed
bo_wm_dale_ws_polearm_head_a06	physicsshape	bo	dale	ws	weapon	-	a06	weapons	weapons/dale/wm_dale_kingdom_ws_1_geo.tpac	Y	parsed
bo_wm_dale_ws_recurve_bow_a01	physicsshape	bo	dale	ws	weapon	-	a01	weapons	weapons/dale/wm_dale_kingdom_ws_1_geo.tpac	Y	parsed
bo_wm_dale_ws_spear_a01_blade	physicsshape	bo	dale	ws	weapon	-	-	weapons	weapons/dale/wm_dale_kingdom_ws_1_geo.tpac	Y	parsed
bo_wm_dale_ws_spear_a02_blade	physicsshape	bo	dale	ws	weapon	-	-	weapons	weapons/dale/wm_dale_kingdom_ws_1_geo.tpac	Y	parsed
bo_wm_dale_ws_sword_a01_blade	physicsshape	bo	dale	ws	weapon	-	-	weapons	weapons/dale/wm_dale_kingdom_ws_1_geo.tpac	Y	parsed
bo_wm_dale_ws_sword_a02_blade	physicsshape	bo	dale	ws	weapon	-	-	weapons	weapons/dale/wm_dale_kingdom_ws_1_geo.tpac	Y	parsed
bo_wm_dale_ws_sword_a03_blade	physicsshape	bo	dale	ws	weapon	-	-	weapons	weapons/dale/wm_dale_kingdom_ws_1_geo.tpac	Y	parsed
bo_wm_dol_goldur_1h_mace_a01_blade	physicsshape	bo	dol_guldur	-	weapon	-	-	dol_guldur_weapons	dol_guldur_weapons/dol_goldur_ws_geo.tpac	Y	parsed
bo_wm_dol_goldur_1h_mace_a02_blade	physicsshape	bo	dol_guldur	-	weapon	-	-	dol_guldur_weapons	dol_guldur_weapons/dol_goldur_ws_geo.tpac	Y	parsed
bo_wm_dol_goldur_1h_mace_a03_blade	physicsshape	bo	dol_guldur	-	weapon	-	-	dol_guldur_weapons	dol_guldur_weapons/dol_goldur_ws_geo.tpac	Y	parsed
bo_wm_dol_goldur_1h_sword_a01_blade	physicsshape	bo	dol_guldur	-	weapon	-	-	dol_guldur_weapons	dol_guldur_weapons/dol_goldur_ws_geo.tpac	Y	parsed
bo_wm_dol_goldur_1h_sword_a02_blade	physicsshape	bo	dol_guldur	-	weapon	-	-	dol_guldur_weapons	dol_guldur_weapons/dol_goldur_ws_geo.tpac	Y	parsed
bo_wm_dol_goldur_1h_sword_a03_blade	physicsshape	bo	dol_guldur	-	weapon	-	-	dol_guldur_weapons	dol_guldur_weapons/dol_goldur_ws_geo.tpac	Y	parsed
bo_wm_dol_goldur_2h_axe_a01_blade	physicsshape	bo	dol_guldur	-	weapon	-	-	dol_guldur_weapons	dol_guldur_weapons/dol_goldur_ws_geo.tpac	Y	parsed
bo_wm_dol_goldur_2h_axe_a02_blade	physicsshape	bo	dol_guldur	-	weapon	-	-	dol_guldur_weapons	dol_guldur_weapons/dol_goldur_ws_geo.tpac	Y	parsed
bo_wm_dol_goldur_2h_axe_a03_blade	physicsshape	bo	dol_guldur	-	weapon	-	-	dol_guldur_weapons	dol_guldur_weapons/dol_goldur_ws_geo.tpac	Y	parsed
bo_wm_dol_goldur_2h_axe_a04_blade	physicsshape	bo	dol_guldur	-	weapon	-	-	dol_guldur_weapons	dol_guldur_weapons/dol_goldur_ws_geo.tpac	Y	parsed
bo_wm_dol_goldur_2h_mace_a01_blade	physicsshape	bo	dol_guldur	-	weapon	-	-	dol_guldur_weapons	dol_guldur_weapons/dol_goldur_ws_geo.tpac	Y	parsed
bo_wm_dol_goldur_2h_mace_a02_blade	physicsshape	bo	dol_guldur	-	weapon	-	-	dol_guldur_weapons	dol_guldur_weapons/dol_goldur_ws_geo.tpac	N	parsed
bo_wm_dol_goldur_2h_mace_a03_blade	physicsshape	bo	dol_guldur	-	weapon	-	-	dol_guldur_weapons	dol_guldur_weapons/dol_goldur_ws_geo.tpac	Y	parsed
bo_wm_dol_goldur_2h_mace_a04_blade	physicsshape	bo	dol_guldur	-	weapon	-	-	dol_guldur_weapons	dol_guldur_weapons/dol_goldur_ws_geo.tpac	Y	parsed
bo_wm_dol_goldur_halberd_a01_blade	physicsshape	bo	dol_guldur	-	weapon	-	-	dol_guldur_weapons	dol_guldur_weapons/dol_goldur_ws_geo.tpac	Y	parsed
bo_wm_dol_goldur_halberd_a02_blade	physicsshape	bo	dol_guldur	-	weapon	-	-	dol_guldur_weapons	dol_guldur_weapons/dol_goldur_ws_geo.tpac	Y	parsed
bo_wm_dol_goldur_halberd_a03_blade	physicsshape	bo	dol_guldur	-	weapon	-	-	dol_guldur_weapons	dol_guldur_weapons/dol_goldur_ws_geo.tpac	Y	parsed
bo_wm_dol_goldur_halberd_a04_blade	physicsshape	bo	dol_guldur	-	weapon	-	-	dol_guldur_weapons	dol_guldur_weapons/dol_goldur_ws_geo.tpac	Y	parsed
bo_wm_elven_bow_v1	physicsshape	bo	elf	-	weapon	-	v1	weapons	weapons/bow/High Elven/wm_elven_bows_geo.tpac	Y	parsed
bo_wm_elven_bow_v2	physicsshape	bo	elf	-	weapon	-	v2	weapons	weapons/bow/High Elven/wm_elven_bows_geo.tpac	Y	parsed
bo_wm_elven_bow_v3	physicsshape	bo	elf	-	weapon	-	v3	weapons	weapons/bow/High Elven/wm_elven_bows_geo.tpac	Y	parsed
bo_wm_elven_bow_v4	physicsshape	bo	elf	-	weapon	-	v4	weapons	weapons/bow/High Elven/wm_elven_bows_geo.tpac	Y	parsed
bo_wm_elven_shield_a	physicsshape	bo	elf	-	shield	-	a	shield	shield/High Elven/wm_elven_shield_a_geo.tpac	Y	parsed
bo_wm_elven_spear_blade	physicsshape	bo	elf	-	weapon	-	-	elven_weapons	elven_weapons/wm_elven_spear_galad_sword_geo.tpac	Y	parsed
bo_wm_elven_sword_a_blade	physicsshape	bo	elf	-	weapon	-	-	elven_weapons	elven_weapons/wm_elven_spear_galad_sword_geo.tpac	Y	parsed
bo_wm_eomer_blade	physicsshape	bo	rohan	-	weapon	-	-	rohan_weapons	rohan_weapons/wm_glam_eow_eom_geo.tpac	Y	parsed
bo_wm_eowyn_blade	physicsshape	bo	rohan	-	weapon	-	-	rohan_weapons	rohan_weapons/wm_glam_eow_eom_geo.tpac	Y	parsed
bo_wm_faramir_sword_blade	physicsshape	bo	gondor	-	weapon	-	-	gondor_weapons	gondor_weapons/swords/wm_gondorian_1h_swords_geo.tpac	Y	parsed
bo_wm_finarin_sword_blade	physicsshape	bo	elf	-	weapon	-	-	weapons	weapons/Rivendell/Thyrell Elf/wm_elven_sword_weapon_set_a_geo.tpac	Y	parsed
bo_wm_fingon_sword_blade	physicsshape	bo	elf	-	weapon	-	-	weapons	weapons/Rivendell/Thyrell Elf/wm_elven_sword_weapon_set_a_geo.tpac	Y	parsed
bo_wm_finwe_sword_blade	physicsshape	bo	elf	-	weapon	-	-	weapons	weapons/Rivendell/Thyrell Elf/wm_elven_sword_weapon_set_a_geo.tpac	Y	parsed
bo_wm_galadriel_sword_blade	physicsshape	bo	elf	-	weapon	-	-	weapons	weapons/Lothlorien/Anranruth_Galadriel_Legolas/wm_aranruth_legolas_galadriel_geo.tpac	Y	parsed
bo_wm_gf_knight_broadsword_blade	physicsshape	bo	rivendell	knight	weapon	-	-	weapons	weapons/Rivendell/Flower Knights/wm_flower_knights_ws_geo.tpac	Y	parsed
bo_wm_gf_knight_longsword_blade	physicsshape	bo	rivendell	knight	weapon	-	-	weapons	weapons/Rivendell/Flower Knights/wm_flower_knights_ws_geo.tpac	Y	parsed
bo_wm_gf_knight_shield	physicsshape	bo	rivendell	knight	shield	-	-	weapons	weapons/Rivendell/Flower Knights/wm_flower_knights_ws_geo.tpac	Y	parsed
bo_wm_gf_knight_shield_cloth	physicsshape	bo	rivendell	knight	shield	-	-	weapons	weapons/Rivendell/Flower Knights/wm_flower_knights_ws_geo.tpac	Y	parsed
bo_wm_gf_knight_spear_blade	physicsshape	bo	rivendell	knight	weapon	-	-	weapons	weapons/Rivendell/Flower Knights/wm_flower_knights_ws_geo.tpac	Y	parsed
bo_wm_glamdring_blade	physicsshape	bo	rohan	-	weapon	-	-	rohan_weapons	rohan_weapons/wm_glam_eow_eom_geo.tpac	Y	parsed
bo_wm_gondor_shield_b	physicsshape	bo	gondor	-	shield	-	b	shield	shield/Gondor/wm_gondor_shield_b_geo.tpac	Y	parsed
bo_wm_gondor_shield_c	physicsshape	bo	gondor	-	shield	-	c	shield	shield/Gondor/wm_gondor_shield_c_geo.tpac	Y	parsed
bo_wm_gondor_spear_a_blade	physicsshape	bo	gondor	-	weapon	-	-	weapons	weapons/spears/Gondor/wm_gondor_spears_geo.tpac	N	parsed
bo_wm_gondor_spear_b_blade	physicsshape	bo	gondor	-	weapon	-	-	weapons	weapons/spears/Gondor/wm_gondor_spears_geo.tpac	N	parsed
bo_wm_gondor_spear_blade	physicsshape	bo	gondor	-	weapon	-	-	weapons	weapons/spears/wm_gondor_spear_a_geo.tpac	Y	parsed
bo_wm_gondor_sword_a01	physicsshape	bo	gondor	-	weapon	-	a01	gondor_weapons	gondor_weapons/swords/wm_gondorian_1h_swords_geo.tpac	Y	parsed
bo_wm_gondor_sword_a02	physicsshape	bo	gondor	-	weapon	-	a02	gondor_weapons	gondor_weapons/swords/wm_gondorian_1h_swords_geo.tpac	Y	parsed
bo_wm_gondor_sword_a03	physicsshape	bo	gondor	-	weapon	-	a03	gondor_weapons	gondor_weapons/swords/wm_gondorian_1h_swords_geo.tpac	Y	parsed
bo_wm_gondor_sword_a07	physicsshape	bo	gondor	-	weapon	-	a07	gondor_weapons	gondor_weapons/swords/wm_gondorian_1h_swords_geo.tpac	Y	parsed
bo_wm_gundabad_axe_a01_blade	physicsshape	bo	gundabad	-	weapon	-	-	gundabad_weapons	gundabad_weapons/wm_gundabad_ws_geo.tpac	Y	parsed
bo_wm_gundabad_axe_a02_blade	physicsshape	bo	gundabad	-	weapon	-	-	gundabad_weapons	gundabad_weapons/wm_gundabad_ws_geo.tpac	Y	parsed
bo_wm_gundabad_axe_a03_blade	physicsshape	bo	gundabad	-	weapon	-	-	gundabad_weapons	gundabad_weapons/wm_gundabad_ws_geo.tpac	Y	parsed
bo_wm_gundabad_mace_a01_blade	physicsshape	bo	gundabad	-	weapon	-	-	gundabad_weapons	gundabad_weapons/wm_gundabad_ws_geo.tpac	Y	parsed
bo_wm_gundabad_mace_a02_blade	physicsshape	bo	gundabad	-	weapon	-	-	gundabad_weapons	gundabad_weapons/wm_gundabad_ws_geo.tpac	Y	parsed
bo_wm_gundabad_mace_b01_blade	physicsshape	bo	gundabad	-	weapon	-	-	gundabad_weapons	gundabad_weapons/wm_gundabad_ws_geo.tpac	Y	parsed
bo_wm_gundabad_mace_b02_blade	physicsshape	bo	gundabad	-	weapon	-	-	gundabad_weapons	gundabad_weapons/wm_gundabad_ws_geo.tpac	Y	parsed
bo_wm_gundabad_shield_a01	physicsshape	bo	gundabad	-	shield	-	a01	gundabad_weapons	gundabad_weapons/wm_gundabad_ws_geo.tpac	Y	parsed
bo_wm_gundabad_shield_a02	physicsshape	bo	gundabad	-	shield	-	a02	gundabad_weapons	gundabad_weapons/wm_gundabad_ws_geo.tpac	Y	parsed
bo_wm_gundabad_shield_a03	physicsshape	bo	gundabad	-	shield	-	a03	gundabad_weapons	gundabad_weapons/wm_gundabad_ws_geo.tpac	Y	parsed
bo_wm_gundabad_spear_a01_blade	physicsshape	bo	gundabad	-	weapon	-	-	gundabad_weapons	gundabad_weapons/wm_gundabad_ws_geo.tpac	Y	parsed
bo_wm_gundabad_spear_a02_blade	physicsshape	bo	gundabad	-	weapon	-	-	gundabad_weapons	gundabad_weapons/wm_gundabad_ws_geo.tpac	Y	parsed
bo_wm_gundabad_spear_a03_blade	physicsshape	bo	gundabad	-	weapon	-	-	gundabad_weapons	gundabad_weapons/wm_gundabad_ws_geo.tpac	Y	parsed
bo_wm_gundabad_sword_a01_blade	physicsshape	bo	gundabad	-	weapon	-	-	gundabad_weapons	gundabad_weapons/wm_gundabad_ws_geo.tpac	Y	parsed
bo_wm_gundabad_sword_a02_blade	physicsshape	bo	gundabad	-	weapon	-	-	gundabad_weapons	gundabad_weapons/wm_gundabad_ws_geo.tpac	Y	parsed
bo_wm_gundabad_sword_a03_blade	physicsshape	bo	gundabad	-	weapon	-	-	gundabad_weapons	gundabad_weapons/wm_gundabad_ws_geo.tpac	Y	parsed
bo_wm_gundabad_sword_a04_blade	physicsshape	bo	gundabad	-	weapon	-	-	gundabad_weapons	gundabad_weapons/wm_gundabad_ws_geo.tpac	Y	parsed
bo_wm_harad_glaive_a01_blade	physicsshape	bo	harad	glaive	weapon	-	-	weapons	weapons/Harad/wm_harad_ws_v1_geo.tpac	Y	parsed
bo_wm_harad_spear_a01_head	physicsshape	bo	harad	-	weapon	-	-	weapons	weapons/Harad/wm_harad_ws_v1_geo.tpac	Y	parsed
bo_wm_harad_spear_a02_head	physicsshape	bo	harad	-	weapon	-	-	weapons	weapons/Harad/wm_harad_ws_v1_geo.tpac	Y	parsed
bo_wm_harad_spear_b01_head	physicsshape	bo	harad	-	weapon	-	-	weapons	weapons/Harad/wm_harad_ws_v1_geo.tpac	Y	parsed
bo_wm_harad_spear_b02_head	physicsshape	bo	harad	-	weapon	-	-	weapons	weapons/Harad/wm_harad_ws_v1_geo.tpac	Y	parsed
bo_wm_harad_sword_a01_blade	physicsshape	bo	harad	-	weapon	-	-	weapons	weapons/Harad/wm_harad_ws_v1_geo.tpac	Y	parsed
bo_wm_harad_sword_a02_blade	physicsshape	bo	harad	-	weapon	-	-	weapons	weapons/Harad/wm_harad_ws_v1_geo.tpac	Y	parsed
bo_wm_horn_gondor_base	physicsshape	bo	gondor	-	prop	-	-	gondor_weapons	gondor_weapons/shields/wm_boromir_shield_horn_geo.tpac	N	parsed
bo_wm_ingwe_sword_blade	physicsshape	bo	elf	-	weapon	-	-	weapons	weapons/Rivendell/Thyrell Elf/wm_elven_sword_weapon_set_a_geo.tpac	Y	parsed
bo_wm_isengard_1h_pike_a01_blade	physicsshape	bo	isengard	1h	weapon	-	-	weapons	weapons/Isengard/wm_isengard_weapon_pack_geo.tpac	Y	parsed
bo_wm_isengard_1h_pike_b01_blade	physicsshape	bo	isengard	1h	weapon	-	-	weapons	weapons/Isengard/wm_isengard_weapon_pack_geo.tpac	Y	parsed
bo_wm_isengard_1h_spear_a01_blade	physicsshape	bo	isengard	1h	weapon	-	-	weapons	weapons/Isengard/wm_isengard_weapon_pack_geo.tpac	Y	parsed
bo_wm_isengard_1h_spear_b01_blade	physicsshape	bo	isengard	1h	weapon	-	-	weapons	weapons/Isengard/wm_isengard_weapon_pack_geo.tpac	Y	parsed
bo_wm_isengard_1h_sword_a01_blade	physicsshape	bo	isengard	1h	weapon	-	-	weapons	weapons/Isengard/wm_isengard_weapon_pack_geo.tpac	Y	parsed
bo_wm_isengard_1h_sword_a02_blade	physicsshape	bo	isengard	1h	weapon	-	-	weapons	weapons/Isengard/wm_isengard_weapon_pack_geo.tpac	Y	parsed
bo_wm_isengard_2h_axe_a01_blade	physicsshape	bo	isengard	2h	weapon	-	-	weapons	weapons/Isengard/wm_isengard_weapon_pack_geo.tpac	Y	parsed
bo_wm_isengard_2h_axe_b01_blade	physicsshape	bo	isengard	2h	weapon	-	-	weapons	weapons/Isengard/wm_isengard_weapon_pack_geo.tpac	Y	parsed
bo_wm_isengard_2h_axe_c01_blade	physicsshape	bo	isengard	2h	weapon	-	-	weapons	weapons/Isengard/wm_isengard_weapon_pack_geo.tpac	Y	parsed
bo_wm_isengard_berserker_sword_a01_blade	physicsshape	bo	isengard	berserker	weapon	-	-	weapons	weapons/Isengard/wm_isengard_weapon_pack_geo.tpac	Y	parsed
bo_wm_isengard_bow_a01	physicsshape	bo	isengard	-	weapon	-	a01	weapons	weapons/Isengard/wm_isengard_weapon_pack_geo.tpac	Y	parsed
bo_wm_isengard_bow_a02	physicsshape	bo	isengard	-	weapon	-	a02	weapons	weapons/Isengard/wm_isengard_weapon_pack_geo.tpac	Y	parsed
bo_wm_isengard_crossbow_a01	physicsshape	bo	isengard	-	weapon	-	a01	weapons	weapons/Isengard/wm_isengard_weapon_pack_geo.tpac	Y	parsed
bo_wm_isengard_shield_a01	physicsshape	bo	isengard	-	shield	-	a01	weapons	weapons/Isengard/wm_isengard_weapon_pack_geo.tpac	Y	parsed
bo_wm_isengard_shield_a01_clean	physicsshape	bo	isengard	-	shield	-	-	weapons	weapons/Isengard/Shields No Hand/t_isengard_weapon_set4_nohand_geo.tpac	Y	parsed
bo_wm_isengard_shield_a02	physicsshape	bo	isengard	-	shield	-	a02	weapons	weapons/Isengard/wm_isengard_weapon_pack_geo.tpac	Y	parsed
bo_wm_isengard_shield_a02_clean	physicsshape	bo	isengard	-	shield	-	-	weapons	weapons/Isengard/Shields No Hand/t_isengard_weapon_set4_nohand_geo.tpac	Y	parsed
bo_wm_lamedon_1h_sword_a_blade	physicsshape	bo	gondor	-	weapon	-	-	gondor_weapons	gondor_weapons/swords/wm_lamedon_swords_geo.tpac	Y	parsed
bo_wm_lamedon_2h_sword_a_blade	physicsshape	bo	gondor	-	weapon	-	-	gondor_weapons	gondor_weapons/swords/wm_lamedon_swords_geo.tpac	Y	parsed
bo_wm_legolas_sword_blade	physicsshape	bo	mirkwood	-	weapon	-	-	weapons	weapons/Lothlorien/Anranruth_Galadriel_Legolas/wm_aranruth_legolas_galadriel_geo.tpac	Y	parsed
bo_wm_lossarnach_1h_axe__blade	physicsshape	bo	gondor	1h	weapon	-	-	weapons	weapons/Axes/Gondor/wm_lossarnach_axes_geo.tpac	Y	parsed
bo_wm_lossarnach_1h_axe_silver_blade	physicsshape	bo	gondor	1h	weapon	-	-	weapons	weapons/Thyrell/wm_lossarnach_axes_geo.tpac	Y	parsed
bo_wm_lossarnach_2h_axe_blade	physicsshape	bo	gondor	2h	weapon	-	-	weapons	weapons/Axes/Gondor/wm_lossarnach_axes_geo.tpac	Y	parsed
bo_wm_lossarnach_2h_axe_silver_blade	physicsshape	bo	gondor	2h	weapon	-	-	weapons	weapons/Thyrell/wm_lossarnach_axes_geo.tpac	Y	parsed
bo_wm_mirkwood_bow_a01	physicsshape	bo	mirkwood	-	weapon	-	a01	weapons	weapons/Mirkwood/wm_mirkwood_weapon_set1_geo.tpac	Y	parsed
bo_wm_mirkwood_glaive_a01_blade	physicsshape	bo	mirkwood	glaive	weapon	-	-	weapons	weapons/Mirkwood/wm_mirkwood_weapon_set1_geo.tpac	Y	parsed
bo_wm_mirkwood_shield_a01	physicsshape	bo	mirkwood	-	shield	-	a01	weapons	weapons/Mirkwood/wm_mirkwood_weapon_set1_geo.tpac	Y	parsed
bo_wm_mirkwood_spear_a01_blade	physicsshape	bo	mirkwood	-	weapon	-	-	weapons	weapons/Mirkwood/wm_mirkwood_weapon_set1_geo.tpac	Y	parsed
bo_wm_mirkwood_spear_a02_blade	physicsshape	bo	mirkwood	-	weapon	-	-	weapons	weapons/Mirkwood/wm_mirkwood_weapon_set1_geo.tpac	Y	parsed
bo_wm_mirkwood_sword_a01_blade	physicsshape	bo	mirkwood	-	weapon	-	-	weapons	weapons/Mirkwood/wm_mirkwood_weapon_set1_geo.tpac	Y	parsed
bo_wm_mordor_set1_axe_a01_blade	physicsshape	bo	mordor	set1	weapon	-	-	mordor_props	mordor_props/orc_weapons/wm_mordor_set1_geo.tpac	Y	parsed
bo_wm_mordor_set1_axe_a02_blade	physicsshape	bo	mordor	set1	weapon	-	-	mordor_props	mordor_props/orc_weapons/wm_mordor_set1_geo.tpac	Y	parsed
bo_wm_mordor_set1_mace_a01_blade	physicsshape	bo	mordor	set1	weapon	-	-	mordor_props	mordor_props/orc_weapons/wm_mordor_set1_geo.tpac	Y	parsed
bo_wm_mordor_set1_mace_a02_blade	physicsshape	bo	mordor	set1	weapon	-	-	mordor_props	mordor_props/orc_weapons/wm_mordor_set1_geo.tpac	Y	parsed
bo_wm_mordor_set1_polearm_a01_blade	physicsshape	bo	mordor	set1	weapon	-	-	mordor_props	mordor_props/orc_weapons/wm_mordor_set1_geo.tpac	Y	parsed
bo_wm_mordor_set1_polearm_a02_blade	physicsshape	bo	mordor	set1	weapon	-	-	mordor_props	mordor_props/orc_weapons/wm_mordor_set1_geo.tpac	Y	parsed
bo_wm_mordor_set1_polearm_a03_blade	physicsshape	bo	mordor	set1	weapon	-	-	mordor_props	mordor_props/orc_weapons/wm_mordor_set1_geo.tpac	Y	parsed
bo_wm_mordor_set1_polearm_a04_blade	physicsshape	bo	mordor	set1	weapon	-	-	mordor_props	mordor_props/orc_weapons/wm_mordor_set1_geo.tpac	Y	parsed
bo_wm_mordor_set1_sword_a01_blade	physicsshape	bo	mordor	set1	weapon	-	-	mordor_props	mordor_props/orc_weapons/wm_mordor_set1_geo.tpac	Y	parsed
bo_wm_mordor_set1_sword_a02_blade	physicsshape	bo	mordor	set1	weapon	-	-	mordor_props	mordor_props/orc_weapons/wm_mordor_set1_geo.tpac	Y	parsed
bo_wm_nazgul_sword_blade	physicsshape	bo	nazgul	-	weapon	-	-	weapons	weapons/swords/Mordor/Nazgul/wm_nazgul_sword_geo.tpac	Y	parsed
bo_wm_pavise_shield_tolfalas	physicsshape	bo	gondor	-	shield	-	-	weapons	weapons/Thyrell/wm_sk_shields_lances_geo.tpac	Y	parsed
bo_wm_pelagir_spear_blade	physicsshape	bo	gondor	-	weapon	-	-	gondor_weapons	gondor_weapons/swords/wm_pelagir_set_geo.tpac	Y	parsed
bo_wm_pelagir_sword_a01_blade	physicsshape	bo	gondor	-	weapon	-	-	gondor_weapons	gondor_weapons/swords/wm_pelagir_set_geo.tpac	Y	parsed
bo_wm_pelagir_sword_a02_blade	physicsshape	bo	gondor	-	weapon	-	-	gondor_weapons	gondor_weapons/swords/wm_pelagir_set_geo.tpac	Y	parsed
bo_wm_pelargir_shield_a	physicsshape	bo	gondor	-	shield	-	a	weapons	weapons/Thyrell/wm_sk_shields_lances_geo.tpac	Y	parsed
bo_wm_pelargir_shield_b	physicsshape	bo	gondor	-	shield	-	b	weapons	weapons/Thyrell/wm_sk_shields_lances_geo.tpac	Y	parsed
bo_wm_rivendell_shield_a02	physicsshape	bo	rivendell	-	shield	-	a02	shield	shield/High Elven/Rivendell_2/wm_rivendell_ws_1_geo.tpac	Y	parsed
bo_wm_rivendell_spear_a01_blade	physicsshape	bo	rivendell	-	weapon	-	-	shield	shield/High Elven/Rivendell_2/wm_rivendell_ws_1_geo.tpac	Y	parsed
bo_wm_rivendell_sword_a01_blade	physicsshape	bo	rivendell	-	weapon	-	-	shield	shield/High Elven/Rivendell_2/wm_rivendell_ws_1_geo.tpac	Y	parsed
bo_wm_rivendell_sword_a02_blade	physicsshape	bo	rivendell	-	weapon	-	-	shield	shield/High Elven/Rivendell_2/wm_rivendell_ws_1_geo.tpac	Y	parsed
bo_wm_rohan_shield_a01	physicsshape	bo	rohan	-	shield	-	a01	shield	shield/Rohan/Rohan_Solus/wm_rohan_shields_geo.tpac	Y	parsed
bo_wm_rohan_shield_a02	physicsshape	bo	rohan	-	shield	-	a02	shield	shield/Rohan/Rohan_Solus/wm_rohan_shields_geo.tpac	Y	parsed
bo_wm_rohan_shield_a03	physicsshape	bo	rohan	-	shield	-	a03	shield	shield/Rohan/Rohan_Solus/wm_rohan_shields_geo.tpac	Y	parsed
bo_wm_rohan_shield_b01	physicsshape	bo	rohan	-	shield	-	b01	shield	shield/Rohan/Rohan_Solus/wm_rohan_shields_geo.tpac	Y	parsed
bo_wm_rohan_ws_axe_1h_a01_blade	physicsshape	bo	rohan	ws	weapon	-	-	rohan_weapons	rohan_weapons/wm_rohan_ws_1_geo.tpac	Y	parsed
bo_wm_rohan_ws_axe_2h_a01_blade	physicsshape	bo	rohan	ws	weapon	-	-	rohan_weapons	rohan_weapons/wm_rohan_ws_1_geo.tpac	Y	parsed
bo_wm_rohan_ws_axe_2h_b01_blade	physicsshape	bo	rohan	ws	weapon	-	-	rohan_weapons	rohan_weapons/wm_rohan_ws_1_geo.tpac	Y	parsed
bo_wm_rohan_ws_bow	physicsshape	bo	rohan	ws	weapon	-	-	rohan_weapons	rohan_weapons/wm_rohan_ws_1_geo.tpac	Y	parsed
bo_wm_rohan_ws_spear_a01_blade	physicsshape	bo	rohan	ws	weapon	-	-	rohan_weapons	rohan_weapons/wm_rohan_ws_1_geo.tpac	Y	parsed
bo_wm_rohan_ws_spear_a02_blade	physicsshape	bo	rohan	ws	weapon	-	-	rohan_weapons	rohan_weapons/wm_rohan_ws_1_geo.tpac	Y	parsed
bo_wm_rohan_ws_spear_a03_blade	physicsshape	bo	rohan	ws	weapon	-	-	rohan_weapons	rohan_weapons/wm_rohan_ws_1_geo.tpac	Y	parsed
bo_wm_rohan_ws_sword_a01_blade	physicsshape	bo	rohan	ws	weapon	-	-	rohan_weapons	rohan_weapons/wm_rohan_ws_1_geo.tpac	Y	parsed
bo_wm_rohan_ws_sword_a02_blade	physicsshape	bo	rohan	ws	weapon	-	-	rohan_weapons	rohan_weapons/wm_rohan_ws_1_geo.tpac	Y	parsed
bo_wm_rohan_ws_sword_a03_blade	physicsshape	bo	rohan	ws	weapon	-	-	rohan_weapons	rohan_weapons/wm_rohan_ws_1_geo.tpac	Y	parsed
bo_wm_sauron_mace_blade	physicsshape	bo	mordor	-	weapon	-	-	weapons	weapons/Mordor/Sauron/wm_sauron_mace_geo.tpac	Y	parsed
bo_wm_strider_sword_blade	physicsshape	bo	arnor	-	weapon	-	-	weapons	weapons/swords/Theoden_Aragorn/wm_theoden_anduril_strider_geo.tpac	Y	parsed
bo_wm_swan_knight_lance_blade	physicsshape	bo	gondor	knight	weapon	-	-	weapons	weapons/Thyrell/wm_sk_shields_lances_geo.tpac	Y	parsed
bo_wm_swan_knight_spear_blade	physicsshape	bo	gondor	knight	weapon	-	-	weapons	weapons/spears/Gondor/wm_swan_knight_spear_geo.tpac	Y	parsed
bo_wm_swan_knight_sword_a_blade	physicsshape	bo	gondor	knight	weapon	-	-	gondor_weapons	gondor_weapons/swords/wm_swan_sword_geo.tpac	Y	parsed
bo_wm_swan_knight_sword_b_blade	physicsshape	bo	gondor	knight	weapon	-	-	gondor_weapons	gondor_weapons/swords/wm_swan_sword_geo.tpac	Y	parsed
bo_wm_theoden_shield	physicsshape	bo	rohan	-	shield	-	-	shield	shield/Rohan/Theoden/wm_theoden_shield_geo.tpac	Y	parsed
bo_wm_theoden_sword_blade	physicsshape	bo	rohan	-	weapon	-	-	weapons	weapons/swords/Theoden_Aragorn/wm_theoden_anduril_strider_geo.tpac	Y	parsed
bo_wm_thranduil_sword_blade	physicsshape	bo	mirkwood	-	weapon	-	-	weapons	weapons/Thyrell/wm_tuor_thranduil_geo.tpac	Y	parsed
bo_wm_tuors_axe_blade	physicsshape	bo	elf	-	weapon	-	-	weapons	weapons/Thyrell/wm_tuor_thranduil_geo.tpac	Y	parsed
bo_wm_tuors_shield	physicsshape	bo	elf	-	shield	-	-	weapons	weapons/Thyrell/wm_tuor_shield_geo.tpac	N	parsed
bo_wm_turin_sword_blade	physicsshape	bo	elf	-	weapon	-	-	weapons	weapons/Rivendell/Thyrell Elf/wm_elven_sword_weapon_set_a_geo.tpac	Y	parsed
bo_wm_voronwe_sword_blade	physicsshape	bo	elf	-	weapon	-	-	weapons	weapons/Rivendell/Thyrell Elf/wm_elven_sword_weapon_set_a_geo.tpac	Y	parsed
bo_wm_witch_king_sword_blade	physicsshape	bo	nazgul	king	weapon	-	-	weapons	weapons/swords/Mordor/Witch King/wm_witch_king_sword_geo.tpac	Y	parsed
boromir_bracers	metamesh	-	gondor	-	bracer	-	-	gondor_assets	gondor_assets/boromir/boromir_rigged_geo.tpac	N	parsed
boromir_cloak	metamesh	-	gondor	-	cape	-	-	gondor_assets	gondor_assets/boromir/boromir_rigged_geo.tpac	Y	parsed
boromir_jerkin	metamesh	-	gondor	-	chest	-	-	gondor_assets	gondor_assets/boromir/boromir_rigged_geo.tpac	Y	parsed
boromir_jerkin_slim	metamesh	-	gondor	-	chest	-	-	gondor_assets	gondor_assets/boromir/boromir_rigged_geo.tpac	SLIM	parsed
chariot_horse_armour_rhun	metamesh	-	creature	-	barding	-	-	creature	creature/chariot/mesh/chariot_correct_geo.tpac	Y	parsed
chariot_horse_brown	metamesh	-	creature	-	barding	-	-	creature	creature/chariot/mesh/chariot_correct_geo.tpac	Y	parsed
chariot_horse_brown_mane	metamesh	-	creature	-	barding	-	-	creature	creature/chariot/mesh/chariot_correct_geo.tpac	Y	parsed
chariot_horse_harness_imperial_b	metamesh	-	creature	-	barding	-	b	creature	creature/chariot/mesh/chariot_correct_geo.tpac	Y	parsed
clo_am_glorfindel_body	metamesh	clo	rivendell	-	body	-	-	Rivendell	Rivendell/Glorfindel/am_glorfindel_armor_geo.tpac	N	parsed
clo_am_golden_flower_knight_body_a01	metamesh	clo	rivendell	-	body	-	a01	Rivendell	Rivendell/Flower Knights/am_golden_knight_body_geo.tpac	N	parsed
clo_boromir_cloak	metamesh	clo	gondor	-	cape	-	-	gondor_assets	gondor_assets/boromir/boromir_rigged_geo.tpac	N	parsed
clo_boromir_jerkin	metamesh	clo	gondor	-	chest	-	-	gondor_assets	gondor_assets/boromir/boromir_rigged_geo.tpac	N	parsed
clo_cts_roha_cape1	metamesh	clo	rohan	-	cape	-	-	rohan_assets	rohan_assets/Rohan_Scorillo_2/cts_rohan_cape1_geo.tpac	N	parsed
clo_cts_rohan_armor1	metamesh	clo	rohan	rohan	chest	-	-	rohan_assets	rohan_assets/Rohan_Scorillo_2/cts_rohan_armor1_geo.tpac	N	parsed
clo_cts_rohan_armor2	metamesh	clo	rohan	rohan	chest	-	-	rohan_assets	rohan_assets/Rohan_Scorillo_2/cts_rohan_armor2_geo.tpac	N	parsed
clo_cts_rohan_armor3	metamesh	clo	rohan	rohan	chest	-	-	rohan_assets	rohan_assets/Rohan_Scorillo_2/cts_rohan_armor3_geo.tpac	N	parsed
clo_cts_rohan_armor_captain	metamesh	clo	rohan	rohan	chest	captain	-	rohan_assets	rohan_assets/Rohan_Scorilo_Lords/Captain 1/cts_rohan_captain_geo.tpac	N	parsed
clo_cts_rohan_armor_captain1	metamesh	clo	rohan	rohan	chest	-	-	rohan_assets	rohan_assets/Rohan_Scorilo_Lords/Captain 2/cts_rohan_captain1_geo.tpac	N	parsed
clo_cts_rohan_royal_guard_armor	metamesh	clo	rohan	rohan	weapon	-	-	rohan_assets	rohan_assets/royal_armor/cts_rohan_royal_guard_armor_geo.tpac	N	parsed
clo_cts_rohan_royal_guard_shoulder_armor	metamesh	clo	rohan	rohan	weapon	-	-	rohan_assets	rohan_assets/royal_armor/cts_rohan_royal_guard_armor_geo.tpac	N	parsed
clo_dunland_caerdh_cape_long_a	metamesh	clo	dunland	caerdh	cape	-	a	dunland_armors_caerdh	dunland_armors_caerdh/dunland_caerdh_pauldrons_a_geo.tpac	N	parsed
clo_dunland_caerdh_cape_short_a	metamesh	clo	dunland	caerdh	cape	-	a	dunland_armors_caerdh	dunland_armors_caerdh/dunland_caerdh_pauldrons_a_geo.tpac	N	parsed
clo_dunland_caerdh_chainmail_elite_b	metamesh	clo	dunland	caerdh	chest	elite	b	dunland_armors_caerdh	dunland_armors_caerdh/dunland_caerdh_chest_chainmails_a_geo.tpac	N	parsed
clo_dunland_caerdh_chainmail_elite_d	metamesh	clo	dunland	caerdh	chest	elite	d	dunland_armors_caerdh	dunland_armors_caerdh/dunland_caerdh_chest_chainmails_a_geo.tpac	N	parsed
clo_dunland_caerdh_chainmail_heavy_a	metamesh	clo	dunland	caerdh	chest	heavy	a	dunland_armors_caerdh	dunland_armors_caerdh/dunland_caerdh_chest_chainmails_a_geo.tpac	N	parsed
clo_dunland_caerdh_chainmail_heavy_b	metamesh	clo	dunland	caerdh	chest	heavy	b	dunland_armors_caerdh	dunland_armors_caerdh/dunland_caerdh_chest_chainmails_a_geo.tpac	N	parsed
clo_dunland_caerdh_chainmail_heavy_c	metamesh	clo	dunland	caerdh	chest	heavy	c	dunland_armors_caerdh	dunland_armors_caerdh/dunland_caerdh_chest_chainmails_a_geo.tpac	N	parsed
clo_dunland_caerdh_chainmail_heavy_d	metamesh	clo	dunland	caerdh	chest	heavy	d	dunland_armors_caerdh	dunland_armors_caerdh/dunland_caerdh_chest_chainmails_a_geo.tpac	N	parsed
clo_dunland_caerdh_chainmail_heavy_e	metamesh	clo	dunland	caerdh	chest	heavy	e	dunland_armors_caerdh	dunland_armors_caerdh/dunland_caerdh_chest_chainmails_a_geo.tpac	N	parsed
clo_dunland_caerdh_chainmail_heavy_f	metamesh	clo	dunland	caerdh	chest	heavy	f	dunland_armors_caerdh	dunland_armors_caerdh/dunland_caerdh_chest_chainmails_a_geo.tpac	N	parsed
clo_dunland_caerdh_chainmail_light	metamesh	clo	dunland	caerdh	chest	light	-	dunland_armors_caerdh	dunland_armors_caerdh/dunland_caerdh_chest_chainmails_a_geo.tpac	N	parsed
clo_dunland_caerdh_chainmail_lord_a	metamesh	clo	dunland	caerdh	chest	lord	a	dunland_armors_caerdh	dunland_armors_caerdh/dunland_caerdh_chest_chainmails_a_geo.tpac	N	parsed
clo_dunland_caerdh_chainmail_lord_c	metamesh	clo	dunland	caerdh	chest	lord	c	dunland_armors_caerdh	dunland_armors_caerdh/dunland_caerdh_chest_chainmails_a_geo.tpac	N	parsed
clo_dunland_caerdh_helmet_heavy	metamesh	clo	dunland	caerdh	helmet	heavy	-	dunland_armors_caerdh	dunland_armors_caerdh/dunland_caerdh_helmets_a_geo.tpac	N	parsed
clo_dunland_caerdh_helmet_lord	metamesh	clo	dunland	caerdh	helmet	lord	-	dunland_armors_caerdh	dunland_armors_caerdh/dunland_caerdh_helmets_a_geo.tpac	N	parsed
clo_dunland_caerdh_pauldron_elite_a	metamesh	clo	dunland	caerdh	pauldron	elite	a	dunland_armors_caerdh	dunland_armors_caerdh/dunland_caerdh_pauldrons_a_geo.tpac	N	parsed
clo_dunland_caerdh_pauldron_elite_cape_a	metamesh	clo	dunland	caerdh	pauldron	elite	a	dunland_armors_caerdh	dunland_armors_caerdh/dunland_caerdh_pauldrons_a_geo.tpac	N	parsed
clo_dunland_caerdh_pauldron_elite_cape_b	metamesh	clo	dunland	caerdh	pauldron	elite	b	dunland_armors_caerdh	dunland_armors_caerdh/dunland_caerdh_pauldrons_a_geo.tpac	N	parsed
clo_dunland_caerdh_pauldron_heavy_fur_c	metamesh	clo	dunland	caerdh	pauldron	heavy	c	dunland_armors_caerdh	dunland_armors_caerdh/dunland_caerdh_pauldrons_b_geo.tpac	N	parsed
clo_dunland_wulf_cape_short_a	metamesh	clo	dunland	wulf	cape	-	a	dunland_armors_wulf	dunland_armors_wulf/dunland_wulf_cape_short_a_geo.tpac	N	parsed
clo_dunland_wulf_cape_short_b	metamesh	clo	dunland	wulf	cape	-	b	dunland_armors_wulf	dunland_armors_wulf/dunland_wulf_cape_short_b_geo.tpac	N	parsed
clo_dunland_wulf_helmet_c	metamesh	clo	dunland	wulf	helmet	-	c	dunland_armors_wulf	dunland_armors_wulf/dunland_wulf_helmet_lord_c_game_geo.tpac	N	parsed
clo_dunland_wulf_helmet_d	metamesh	clo	dunland	wulf	helmet	-	d	dunland_armors_wulf	dunland_armors_wulf/dunland_wulf_helmet_lord_d_game_geo.tpac	N	parsed
clo_dunland_wulf_helmet_e	metamesh	clo	dunland	wulf	helmet	-	e	dunland_armors_wulf	dunland_armors_wulf/dunland_wulf_helmet_lord_e_game_geo.tpac	N	parsed
clo_dunland_wulf_scalemail_elite	metamesh	clo	dunland	wulf	chest	elite	-	dunland_armors_wulf	dunland_armors_wulf/SK_DL_Wulf_Chest_A_geo.tpac	N	parsed
clo_dunland_wulf_scalemail_heavy	metamesh	clo	dunland	wulf	chest	heavy	-	dunland_armors_wulf	dunland_armors_wulf/SK_DL_Wulf_Chest_A_geo.tpac	N	parsed
clo_dunland_wulf_scalemail_light	metamesh	clo	dunland	wulf	chest	light	-	dunland_armors_wulf	dunland_armors_wulf/SK_DL_Wulf_Chest_A_geo.tpac	N	parsed
clo_dwarf_iron_pauldron_cape	metamesh	clo	dwarf	iron	pauldron	-	-	iron_hills_armors	iron_hills_armors/SM_Dwarf_Iron_Pauldrons_A_geo.tpac	N	parsed
clo_erkenbrand_shoulder	metamesh	clo	rohan	-	pauldron	-	-	rohan_assets	rohan_assets/erkenbrand/erkenbrand_geo.tpac	N	parsed
clo_erkenbrand_torso	metamesh	clo	rohan	-	chest	-	-	rohan_assets	rohan_assets/erkenbrand/erkenbrand_geo.tpac	N	parsed
clo_faramir_armor	metamesh	clo	gondor	-	chest	-	-	gondor_assets	gondor_assets/ithilien_rangers/ithilien_rangers_geo.tpac	N	parsed
clo_gondor_noble_coat	metamesh	clo	gondor	-	chest	noble	-	gondor_assets	gondor_assets/boromir/boromir_rigged_geo.tpac	N	parsed
clo_harad03_torso	metamesh	clo	harad	-	chest	-	-	harad	harad/Harad3/harad3_geo.tpac	N	parsed
clo_harad04_body	metamesh	clo	harad	-	body	-	-	harad	harad/harad4/harad04_geo.tpac	N	parsed
clo_harad05_v1_torso	metamesh	clo	harad	-	chest	-	-	harad	harad/harad5/harad5_geo.tpac	N	parsed
clo_harad06_v1_torso	metamesh	clo	harad	-	chest	-	-	harad	harad/harad6/harad06_geo.tpac	N	parsed
clo_harad07_torso	metamesh	clo	harad	-	chest	-	-	harad	harad/harad7/harad07_geo.tpac	N	parsed
clo_harad08_torso	metamesh	clo	harad	-	chest	-	-	harad	harad/harad8/harad08_geo.tpac	N	parsed
clo_haradrim02_head	metamesh	clo	harad	-	body	-	-	harad	harad/Harad2/harad2_geo.tpac	N	parsed
clo_haradrim02_toso	metamesh	clo	harad	-	chest	-	-	harad	harad/Harad2/harad2_geo.tpac	N	parsed
clo_haradrim_torso	metamesh	clo	harad	-	chest	-	-	harad	harad/harad_armor_01/hrad_geo.tpac	N	parsed
clo_ithilien_cloak	metamesh	clo	gondor	-	cape	-	-	gondor_assets	gondor_assets/ithilien_rangers/ithilien_rangers_geo.tpac	N	parsed
clo_ithilien_jerkin_long	metamesh	clo	gondor	-	chest	-	-	gondor_assets	gondor_assets/ithilien_rangers/ithilien_rangers_geo.tpac	N	parsed
clo_ithilien_jerkin_short	metamesh	clo	gondor	-	chest	-	-	gondor_assets	gondor_assets/ithilien_rangers/ithilien_rangers_geo.tpac	N	parsed
clo_khamul_body_mesh	metamesh	clo	dol_guldur	-	body	-	-	Mordor	Mordor/Khamul/Khamul_geo.tpac	N	parsed
clo_legolas_body	metamesh	clo	mirkwood	-	body	-	-	mirkwood_assets	mirkwood_assets/Legolas/Legolas_geo.tpac	N	parsed
clo_legolas_shoulder	metamesh	clo	mirkwood	-	pauldron	-	-	mirkwood_assets	mirkwood_assets/Legolas/Legolas_geo.tpac	N	parsed
clo_mirkwood_body	metamesh	clo	mirkwood	-	body	-	-	mirkwood_assets	mirkwood_assets/Mirkwood Palace Guard/mirkwood_palace_guard_geo.tpac	N	parsed
clo_mirkwood_helmet	metamesh	clo	mirkwood	-	helmet	-	-	mirkwood_assets	mirkwood_assets/Mirkwood Palace Guard/mirkwood_palace_guard_geo.tpac	N	parsed
clo_mirkwood_shoulder	metamesh	clo	mirkwood	-	pauldron	-	-	mirkwood_assets	mirkwood_assets/Mirkwood Palace Guard/mirkwood_palace_guard_geo.tpac	N	parsed
clo_mkwd_cape_simmesh	metamesh	clo	mirkwood	-	cape	-	-	mirkwood_assets	mirkwood_assets/Mirkwood_Armors/mirkwood_clo_geo.tpac	N	parsed
clo_mkwd_inf3_skirt	metamesh	clo	mirkwood	inf3	chest	-	-	mirkwood_assets	mirkwood_assets/Mirkwood_Armors/mirkwood_clo_geo.tpac	N	parsed
clo_nazgul_armor	metamesh	clo	nazgul	-	chest	-	-	Mordor	Mordor/Nazgul/Nazgul_geo.tpac	N	parsed
clo_nazgul_helmet	metamesh	clo	nazgul	-	helmet	-	-	Mordor	Mordor/Nazgul/Nazgul_geo.tpac	N	parsed
clo_nazgul_pauldrons	metamesh	clo	nazgul	-	pauldron	-	-	Mordor	Mordor/Nazgul/Nazgul_geo.tpac	N	parsed
clo_nazgul_v1_armor	metamesh	clo	nazgul	v1	chest	-	-	Mordor	Mordor/Nazgul/mattia nazgul 2025_geo.tpac	N	parsed
clo_nazgul_v1_pauldrons	metamesh	clo	nazgul	v1	pauldron	-	-	Mordor	Mordor/Nazgul/mattia nazgul 2025_geo.tpac	N	parsed
clo_rivendell_helmet_archer_tier2	metamesh	clo	rivendell	-	helmet	tier2	-	Rivendell	Rivendell/rivendell_helmets_geo.tpac	N	parsed
clo_rivendell_helmet_cavalry_tier2	metamesh	clo	rivendell	-	helmet	tier2	-	Rivendell	Rivendell/rivendell_helmets_geo.tpac	N	parsed
clo_rivendell_helmet_elite	metamesh	clo	rivendell	-	helmet	elite	-	Rivendell	Rivendell/rivendell_helmets_geo.tpac	N	parsed
clo_rivendell_pauldron_cape	metamesh	clo	rivendell	-	pauldron	-	-	Rivendell	Rivendell/rivendell_pauldrons_geo.tpac	N	parsed
clo_rivendell_pauldron_elite_robe	metamesh	clo	rivendell	-	pauldron	elite	-	Rivendell	Rivendell/rivendell_pauldrons_geo.tpac	N	parsed
clo_rivendell_torso_heavy_all_tiers	metamesh	clo	rivendell	-	chest	heavy	-	Rivendell	Rivendell/rivendell_torso_geo.tpac	N	parsed
clo_rivendell_torso_infantry_tier1	metamesh	clo	rivendell	-	chest	tier1	-	Rivendell	Rivendell/rivendell_torso_geo.tpac	N	parsed
clo_rivendell_torso_infantry_tier2	metamesh	clo	rivendell	-	chest	tier2	-	Rivendell	Rivendell/rivendell_torso_geo.tpac	N	parsed
clo_rivendell_torso_infantry_tier3_4	metamesh	clo	rivendell	-	chest	tier3	4	Rivendell	Rivendell/rivendell_torso_geo.tpac	N	parsed
clo_rivendell_torso_light_armored_tier1_2	metamesh	clo	rivendell	-	chest	light	2	Rivendell	Rivendell/rivendell_torso_geo.tpac	N	parsed
clo_rivendell_torso_light_armored_tier3	metamesh	clo	rivendell	-	chest	light	-	Rivendell	Rivendell/rivendell_torso_geo.tpac	N	parsed
clo_rivendell_torso_light_light_tier1	metamesh	clo	rivendell	-	chest	light	-	Rivendell	Rivendell/rivendell_torso_geo.tpac	N	parsed
clo_rivendell_torso_light_light_tier2_3	metamesh	clo	rivendell	-	chest	light	3	Rivendell	Rivendell/rivendell_torso_geo.tpac	N	parsed
clo_rivendell_torso_light_light_tier4	metamesh	clo	rivendell	-	chest	light	-	Rivendell	Rivendell/rivendell_torso_geo.tpac	N	parsed
clo_rivendell_torso_lord1	metamesh	clo	rivendell	-	chest	-	-	Rivendell	Rivendell/rivendell_torso_geo.tpac	N	parsed
clo_rivendell_torso_lord2	metamesh	clo	rivendell	-	chest	-	-	Rivendell	Rivendell/rivendell_torso_geo.tpac	N	parsed
clo_rivendell_torso_lord3	metamesh	clo	rivendell	-	chest	-	-	Rivendell	Rivendell/rivendell_torso_geo.tpac	N	parsed
clo_rivendell_torso_scalemail_tier1_2	metamesh	clo	rivendell	-	chest	tier1	2	Rivendell	Rivendell/rivendell_torso_geo.tpac	N	parsed
clo_rivendell_torso_scalemail_tier3	metamesh	clo	rivendell	-	chest	tier3	-	Rivendell	Rivendell/rivendell_torso_geo.tpac	N	parsed
clo_rohan_militia_armour_a	metamesh	clo	rohan	-	chest	militia	a	rohan_assets	rohan_assets/militia_armor/rohan_militia_armor_geo.tpac	N	parsed
clo_rohan_militia_armour_b	metamesh	clo	rohan	-	chest	militia	b	rohan_assets	rohan_assets/militia_armor/rohan_militia_armor_geo.tpac	N	parsed
clo_rohan_militia_armour_c	metamesh	clo	rohan	-	chest	militia	c	rohan_assets	rohan_assets/militia_armor/rohan_militia_armor_geo.tpac	N	parsed
clo_rohan_militia_armour_d	metamesh	clo	rohan	-	chest	militia	d	rohan_assets	rohan_assets/militia_armor/rohan_militia_armor_geo.tpac	N	parsed
clo_rohan_militia_armour_e	metamesh	clo	rohan	-	chest	militia	e	rohan_assets	rohan_assets/militia_armor/rohan_militia_armor_geo.tpac	N	parsed
clo_rohan_militia_armourr_f	metamesh	clo	rohan	-	chest	militia	f	rohan_assets	rohan_assets/militia_armor/rohan_militia_armor_geo.tpac	N	parsed
clo_rohan_militia_armourr_g	metamesh	clo	rohan	-	chest	militia	g	rohan_assets	rohan_assets/militia_armor/rohan_militia_armor_geo.tpac	N	parsed
clo_rohan_militia_tunic_a	metamesh	clo	rohan	-	chest	militia	a	rohan_assets	rohan_assets/militia_armor/rohan_militia_tunic_geo.tpac	N	parsed
clo_rohan_militia_tunic_b	metamesh	clo	rohan	-	chest	militia	b	rohan_assets	rohan_assets/militia_armor/rohan_militia_tunic_geo.tpac	N	parsed
clo_rohan_militia_tunic_c	metamesh	clo	rohan	-	chest	militia	c	rohan_assets	rohan_assets/militia_armor/rohan_militia_tunic_geo.tpac	N	parsed
clo_sauron_pauldrons	metamesh	clo	mordor	-	pauldron	-	-	Mordor	Mordor/Sauron/Sauron_geo.tpac	N	parsed
clo_sauron_torso	metamesh	clo	mordor	-	chest	-	-	Mordor	Mordor/Sauron/Sauron_geo.tpac	N	parsed
clo_sk_ar_art_cape_a	metamesh	sk	arnor	art	cape	-	a	arnor_armors	arnor_armors/arthedain/SK_AR_Art_Capes_A_geo.tpac	N	parsed
clo_sk_ar_art_cape_b	metamesh	sk	arnor	art	cape	-	b	arnor_armors	arnor_armors/arthedain/SK_AR_Art_Capes_A_geo.tpac	N	parsed
clo_sk_ar_art_chainmail_full_a	metamesh	sk	arnor	art	chest	full	a	arnor_armors	arnor_armors/arthedain/SK_AR_Art_Chests_Noble_A_geo.tpac	N	parsed
clo_sk_ar_art_chainmail_full_b	metamesh	sk	arnor	art	chest	full	b	arnor_armors	arnor_armors/arthedain/SK_AR_Art_Chests_Noble_A_geo.tpac	N	parsed
clo_sk_ar_art_chainmail_half_a	metamesh	sk	arnor	art	chest	half	a	arnor_armors	arnor_armors/arthedain/SK_AR_Art_Chests_Inf_A_geo.tpac	N	parsed
clo_sk_ar_art_chainmail_half_b	metamesh	sk	arnor	art	chest	half	b	arnor_armors	arnor_armors/arthedain/SK_AR_Art_Chests_Inf_A_geo.tpac	N	parsed
clo_sk_ar_art_chest_inf_heavy_a	metamesh	sk	arnor	art	chest	heavy	a	arnor_armors	arnor_armors/arthedain/SK_AR_Art_Chests_Inf_A_geo.tpac	N	parsed
clo_sk_ar_art_chest_inf_heavy_b	metamesh	sk	arnor	art	chest	heavy	b	arnor_armors	arnor_armors/arthedain/SK_AR_Art_Chests_Inf_A_geo.tpac	N	parsed
clo_sk_ar_art_chest_inf_heavy_b2	metamesh	sk	arnor	art	chest	heavy	b2	arnor_armors	arnor_armors/arthedain/arnor_cloth_sim_01_geo.tpac	N	parsed
clo_sk_ar_art_chest_inf_heavy_b3	metamesh	sk	arnor	art	chest	heavy	b3	arnor_armors	arnor_armors/arthedain/arnor_cloth_sim_01_geo.tpac	N	parsed
clo_sk_ar_art_chest_inf_med_a	metamesh	sk	arnor	art	chest	med	a	arnor_armors	arnor_armors/arthedain/SK_AR_Art_Chests_Inf_A_geo.tpac	N	parsed
clo_sk_ar_art_chest_inf_med_b	metamesh	sk	arnor	art	chest	med	b	arnor_armors	arnor_armors/arthedain/SK_AR_Art_Chests_Inf_A_geo.tpac	N	parsed
clo_sk_ar_art_chest_noble_heavy_a	metamesh	sk	arnor	art	chest	noble	a	arnor_armors	arnor_armors/arthedain/SK_AR_Art_Chests_Noble_A_geo.tpac	N	parsed
clo_sk_ar_art_chest_noble_heavy_b	metamesh	sk	arnor	art	chest	noble	b	arnor_armors	arnor_armors/arthedain/SK_AR_Art_Chests_Noble_A_geo.tpac	N	parsed
clo_sk_ar_art_chest_noble_med_a	metamesh	sk	arnor	art	chest	noble	a	arnor_armors	arnor_armors/arthedain/SK_AR_Art_Chests_Noble_A_geo.tpac	N	parsed
clo_sk_ar_art_chest_noble_med_b	metamesh	sk	arnor	art	chest	noble	b	arnor_armors	arnor_armors/arthedain/SK_AR_Art_Chests_Noble_A_geo.tpac	N	parsed
clo_sk_ar_art_pauld_cape_inf_elite_b	metamesh	sk	arnor	art	pauldron	elite	b	arnor_armors	arnor_armors/arthedain/SK_AR_Art_Capes_A_geo.tpac	N	parsed
clo_sk_dale_chest_archer_a01	metamesh	sk	dale	-	chest	-	a01	dale_kingdom	dale_kingdom/sr_dale_kingdom_chests_geo.tpac	N	parsed
clo_sk_dale_chest_archer_a02	metamesh	sk	dale	-	chest	-	a02	dale_kingdom	dale_kingdom/sr_dale_kingdom_chests_geo.tpac	N	parsed
clo_sk_dale_chest_archer_a03	metamesh	sk	dale	-	chest	-	a03	dale_kingdom	dale_kingdom/sr_dale_kingdom_chests_geo.tpac	N	parsed
clo_sk_dale_chest_archer_a04	metamesh	sk	dale	-	chest	-	a04	dale_kingdom	dale_kingdom/sr_dale_kingdom_chests_geo.tpac	N	parsed
clo_sk_dale_chest_chivalry_a01	metamesh	sk	dale	-	chest	-	a01	dale_kingdom	dale_kingdom/sr_dale_kingdom_chests_geo.tpac	N	parsed
clo_sk_dale_chest_chivalry_a02	metamesh	sk	dale	-	chest	-	a02	dale_kingdom	dale_kingdom/sr_dale_kingdom_chests_geo.tpac	N	parsed
clo_sk_dale_chest_infrantry_a01	metamesh	sk	dale	-	chest	-	a01	dale_kingdom	dale_kingdom/sr_dale_kingdom_chests_geo.tpac	N	parsed
clo_sk_dale_chest_infrantry_a02	metamesh	sk	dale	-	chest	-	a02	dale_kingdom	dale_kingdom/sr_dale_kingdom_chests_geo.tpac	N	parsed
clo_sk_dale_lake_town_chest_mariner_a01	metamesh	sk	dale	lake	chest	-	a01	dale_kingdom	dale_kingdom/sr_dale_kingdom_chests_geo.tpac	N	parsed
clo_sk_dg_khml_chest_a	metamesh	sk	dol_guldur	khml	chest	-	a	rhun_armors	rhun_armors/khamul/SK_DG_Khml_Chests_Lamellar_A_geo.tpac	N	parsed
clo_sk_dg_khml_chest_lord_a	metamesh	sk	dol_guldur	khml	chest	lord	a	rhun_armors	rhun_armors/khamul/SK_DG_Khml_Chests_Lamellar_A_geo.tpac	N	parsed
clo_sk_dg_khml_chest_lord_b	metamesh	sk	dol_guldur	khml	chest	lord	b	rhun_armors	rhun_armors/khamul/SK_DG_Khml_Chests_Lamellar_A_geo.tpac	N	parsed
clo_sk_dg_khml_chest_med_c	metamesh	sk	dol_guldur	khml	chest	med	c	rhun_armors	rhun_armors/khamul/SK_DG_Khml_Chests_Spiky_A_geo.tpac	N	parsed
clo_sk_dg_khml_scalemail	metamesh	sk	dol_guldur	khml	chest	-	-	rhun_armors	rhun_armors/khamul/SK_DG_Khml_Chests_Scalemail_A_geo.tpac	N	parsed
clo_sk_dg_khml_scalemail_elite	metamesh	sk	dol_guldur	khml	chest	elite	-	rhun_armors	rhun_armors/khamul/SK_DG_Khml_Chests_Scalemail_A_geo.tpac	N	parsed
clo_sk_dg_khml_scalemail_lord	metamesh	sk	dol_guldur	khml	chest	lord	-	rhun_armors	rhun_armors/khamul/SK_DG_Khml_Chests_Scalemail_A_geo.tpac	N	parsed
clo_sk_dg_uruk_chest_elite_a_skirt	metamesh	sk	dol_guldur	uruk	chest	elite	-	Dol Guldur	Dol Guldur/SK_DG_Uruk_Chests_A_geo.tpac	N	parsed
clo_sk_dg_uruk_chest_elite_b_skirt	metamesh	sk	dol_guldur	uruk	chest	elite	-	Dol Guldur	Dol Guldur/SK_DG_Uruk_Chests_A_geo.tpac	N	parsed
clo_sk_dg_uruk_chest_elite_c_skirt	metamesh	sk	dol_guldur	uruk	chest	elite	-	Dol Guldur	Dol Guldur/SK_DG_Uruk_Chests_A_geo.tpac	N	parsed
clo_sk_dg_uruk_chest_elite_d_skirt	metamesh	sk	dol_guldur	uruk	chest	elite	-	Dol Guldur	Dol Guldur/SK_DG_Uruk_Chests_A_geo.tpac	N	parsed
clo_sk_dg_uruk_chest_elite_e_skirt	metamesh	sk	dol_guldur	uruk	chest	elite	-	Dol Guldur	Dol Guldur/SK_DG_Uruk_Chests_A_geo.tpac	N	parsed
clo_sk_dg_uruk_chest_elite_f_skirt	metamesh	sk	dol_guldur	uruk	chest	elite	-	Dol Guldur	Dol Guldur/SK_DG_Uruk_Chests_A_geo.tpac	N	parsed
clo_sk_dg_uruk_chest_heavy_a_skirt	metamesh	sk	dol_guldur	uruk	chest	heavy	-	Dol Guldur	Dol Guldur/SK_DG_Uruk_Chests_A_geo.tpac	N	parsed
clo_sk_dg_uruk_chest_heavy_b_skirt	metamesh	sk	dol_guldur	uruk	chest	heavy	-	Dol Guldur	Dol Guldur/SK_DG_Uruk_Chests_A_geo.tpac	N	parsed
clo_sk_dg_uruk_chest_heavy_c_skirt	metamesh	sk	dol_guldur	uruk	chest	heavy	-	Dol Guldur	Dol Guldur/SK_DG_Uruk_Chests_A_geo.tpac	N	parsed
clo_sk_dg_uruk_chest_heavy_d_skirt	metamesh	sk	dol_guldur	uruk	chest	heavy	-	Dol Guldur	Dol Guldur/SK_DG_Uruk_Chests_A_geo.tpac	N	parsed
clo_sk_dg_uruk_chest_heavy_e_skirt	metamesh	sk	dol_guldur	uruk	chest	heavy	-	Dol Guldur	Dol Guldur/SK_DG_Uruk_Chests_A_geo.tpac	N	parsed
clo_sk_dg_uruk_chest_heavy_f_skirt	metamesh	sk	dol_guldur	uruk	chest	heavy	-	Dol Guldur	Dol Guldur/SK_DG_Uruk_Chests_A_geo.tpac	N	parsed
clo_sk_dg_uruk_chest_med_a_skirt	metamesh	sk	dol_guldur	uruk	chest	med	-	Dol Guldur	Dol Guldur/SK_DG_Uruk_Chests_A_geo.tpac	N	parsed
clo_sk_dg_uruk_chest_med_b_skirt	metamesh	sk	dol_guldur	uruk	chest	med	-	Dol Guldur	Dol Guldur/SK_DG_Uruk_Chests_A_geo.tpac	N	parsed
clo_sk_dg_uruk_chest_med_c_skirt	metamesh	sk	dol_guldur	uruk	chest	med	-	Dol Guldur	Dol Guldur/SK_DG_Uruk_Chests_A_geo.tpac	N	parsed
clo_sk_dg_uruk_chest_med_d_skirt	metamesh	sk	dol_guldur	uruk	chest	med	-	Dol Guldur	Dol Guldur/SK_DG_Uruk_Chests_A_geo.tpac	N	parsed
clo_sk_dg_uruk_chest_med_e_skirt	metamesh	sk	dol_guldur	uruk	chest	med	-	Dol Guldur	Dol Guldur/SK_DG_Uruk_Chests_A_geo.tpac	N	parsed
clo_sk_dg_uruk_chest_med_f_skirt	metamesh	sk	dol_guldur	uruk	chest	med	-	Dol Guldur	Dol Guldur/SK_DG_Uruk_Chests_A_geo.tpac	N	parsed
clo_sk_dwarf_dain_chest_a	metamesh	sk	dwarf	dain	chest	-	a	erebor_armor	erebor_armor/Dain/SK_Dwarf_Dain_Chest_A_geo.tpac	N	parsed
clo_sk_dwarf_dain_chest_c	metamesh	sk	dwarf	dain	chest	-	c	erebor_armor	erebor_armor/Dain/SK_Dwarf_Dain_Chest_A_geo.tpac	N	parsed
clo_sk_dwarf_dain_helmet_elite_a	metamesh	sk	dwarf	dain	helmet	elite	a	erebor_armor	erebor_armor/Dain/SK_Dwarf_Dain_Helmets_A_geo.tpac	N	parsed
clo_sk_dwarf_dain_pauldron_heavy_b	metamesh	sk	dwarf	dain	pauldron	heavy	b	erebor_armor	erebor_armor/Dain/SK_Dwarf_Dain_Pauldrons_A_geo.tpac	N	parsed
clo_sk_dwarf_dain_pauldron_heavy_d	metamesh	sk	dwarf	dain	pauldron	heavy	d	erebor_armor	erebor_armor/Dain/SK_Dwarf_Dain_Pauldrons_A_geo.tpac	N	parsed
clo_sk_dwarf_dain_pauldron_heavy_e	metamesh	sk	dwarf	dain	pauldron	heavy	e	erebor_armor	erebor_armor/Dain/SK_Dwarf_Dain_Pauldrons_A_geo.tpac	N	parsed
clo_sk_dwarf_dain_pauldron_heavy_f	metamesh	sk	dwarf	dain	pauldron	heavy	f	erebor_armor	erebor_armor/Dain/SK_Dwarf_Dain_Pauldrons_A_geo.tpac	N	parsed
clo_sk_dwarf_dress_normal_a	metamesh	sk	dwarf	-	chest	normal	a	erebor_civilian	erebor_civilian/SK_Dwarf_Dress_A_geo.tpac	N	parsed
clo_sk_dwarf_dress_normal_b	metamesh	sk	dwarf	-	chest	normal	b	erebor_civilian	erebor_civilian/SK_Dwarf_Dress_A_geo.tpac	N	parsed
clo_sk_dwarf_dress_normal_c	metamesh	sk	dwarf	-	chest	normal	c	erebor_civilian	erebor_civilian/SK_Dwarf_Dress_A_geo.tpac	N	parsed
clo_sk_dwarf_dress_normal_d	metamesh	sk	dwarf	-	chest	normal	d	erebor_civilian	erebor_civilian/SK_Dwarf_Dress_A_geo.tpac	N	parsed
clo_sk_dwarf_dress_normal_e	metamesh	sk	dwarf	-	chest	normal	e	erebor_civilian	erebor_civilian/SK_Dwarf_Dress_A_geo.tpac	N	parsed
clo_sk_dwarf_dress_normal_f	metamesh	sk	dwarf	-	chest	normal	f	erebor_civilian	erebor_civilian/SK_Dwarf_Dress_A_geo.tpac	N	parsed
clo_sk_dwarf_dress_normal_g	metamesh	sk	dwarf	-	chest	normal	g	erebor_civilian	erebor_civilian/SK_Dwarf_Dress_A_geo.tpac	N	parsed
clo_sk_dwarf_dress_normal_h	metamesh	sk	dwarf	-	chest	normal	h	erebor_civilian	erebor_civilian/SK_Dwarf_Dress_A_geo.tpac	N	parsed
clo_sk_dwarf_dress_normal_j	metamesh	sk	dwarf	-	chest	normal	j	erebor_civilian	erebor_civilian/SK_Dwarf_Dress_A_geo.tpac	N	parsed
clo_sk_dwarf_iron_chest_a	metamesh	sk	dwarf	iron	chest	-	a	iron_hills_armors	iron_hills_armors/SM_Dwarf_Iron_Chest_A_geo.tpac	N	parsed
clo_sk_gb_orc_chest_light_a	metamesh	sk	gundabad	orc	chest	light	a	gundabad_armors	gundabad_armors/snow_orc/SK_GB_Orc_Arc_Chest_A_geo.tpac	N	parsed
clo_sk_gb_orc_chest_light_b	metamesh	sk	gundabad	orc	chest	light	b	gundabad_armors	gundabad_armors/snow_orc/SK_GB_Orc_Arc_Chest_A_geo.tpac	N	parsed
clo_sk_gb_orc_inf_chest_heavy_a	metamesh	sk	gundabad	orc	chest	heavy	a	gundabad_armors	gundabad_armors/snow_orc/SK_GB_Orc_Inf_Chest_A_geo.tpac	N	parsed
clo_sk_gb_orc_inf_chest_heavy_b	metamesh	sk	gundabad	orc	chest	heavy	b	gundabad_armors	gundabad_armors/snow_orc/SK_GB_Orc_Inf_Chest_A_geo.tpac	N	parsed
clo_sk_gb_orc_inf_chest_light_a	metamesh	sk	gundabad	orc	chest	light	a	gundabad_armors	gundabad_armors/snow_orc/SK_GB_Orc_Inf_Chest_A_geo.tpac	N	parsed
clo_sk_gb_orc_inf_chest_light_b	metamesh	sk	gundabad	orc	chest	light	b	gundabad_armors	gundabad_armors/snow_orc/SK_GB_Orc_Inf_Chest_A_geo.tpac	N	parsed
clo_sk_gb_orc_inf_chest_med_a	metamesh	sk	gundabad	orc	chest	med	a	gundabad_armors	gundabad_armors/snow_orc/SK_GB_Orc_Inf_Chest_A_geo.tpac	N	parsed
clo_sk_gb_orc_inf_chest_med_b	metamesh	sk	gundabad	orc	chest	med	b	gundabad_armors	gundabad_armors/snow_orc/SK_GB_Orc_Inf_Chest_A_geo.tpac	N	parsed
clo_sk_gb_orc_inf_pauld_cape_a	metamesh	sk	gundabad	orc	pauldron	-	a	gundabad_armors	gundabad_armors/snow_orc/SK_GB_Orc_Pauld_Cape_A_geo.tpac	N	parsed
clo_sk_gb_uruk_cape	metamesh	sk	gundabad	uruk	cape	-	-	gundabad_armors	gundabad_armors/pale_uruk/SK_GB_Uruk_Pauldrons_A_geo.tpac	N	parsed
clo_sk_gb_uruk_cape_pauldron_light_a	metamesh	sk	gundabad	uruk	cape	light	a	gundabad_armors	gundabad_armors/pale_uruk/SK_GB_Uruk_Pauldrons_A_geo.tpac	N	parsed
clo_sk_gb_uruk_cape_pauldron_light_b	metamesh	sk	gundabad	uruk	cape	light	b	gundabad_armors	gundabad_armors/pale_uruk/SK_GB_Uruk_Pauldrons_A_geo.tpac	N	parsed
clo_sk_gb_uruk_chest_heavy_a	metamesh	sk	gundabad	uruk	chest	heavy	a	gundabad_armors	gundabad_armors/pale_uruk/SK_GB_Uruk_Chests_A_geo.tpac	N	parsed
clo_sk_gb_uruk_chest_heavy_b	metamesh	sk	gundabad	uruk	chest	heavy	b	gundabad_armors	gundabad_armors/pale_uruk/SK_GB_Uruk_Chests_A_geo.tpac	N	parsed
clo_sk_gb_uruk_chest_heavy_c	metamesh	sk	gundabad	uruk	chest	heavy	c	gundabad_armors	gundabad_armors/pale_uruk/SK_GB_Uruk_Chests_A_geo.tpac	N	parsed
clo_sk_gb_uruk_chest_heavy_d	metamesh	sk	gundabad	uruk	chest	heavy	d	gundabad_armors	gundabad_armors/pale_uruk/SK_GB_Uruk_Chests_A_geo.tpac	N	parsed
clo_sk_gb_uruk_chest_heavy_e	metamesh	sk	gundabad	uruk	chest	heavy	e	gundabad_armors	gundabad_armors/pale_uruk/SK_GB_Uruk_Chests_A_geo.tpac	N	parsed
clo_sk_gb_uruk_chest_heavy_f	metamesh	sk	gundabad	uruk	chest	heavy	f	gundabad_armors	gundabad_armors/pale_uruk/SK_GB_Uruk_Chests_A_geo.tpac	N	parsed
clo_sk_gb_uruk_chest_light_a	metamesh	sk	gundabad	uruk	chest	light	a	gundabad_armors	gundabad_armors/pale_uruk/SK_GB_Uruk_Chests_A_geo.tpac	N	parsed
clo_sk_gb_uruk_chest_light_b	metamesh	sk	gundabad	uruk	chest	light	b	gundabad_armors	gundabad_armors/pale_uruk/SK_GB_Uruk_Chests_A_geo.tpac	N	parsed
clo_sk_gb_uruk_chest_light_c	metamesh	sk	gundabad	uruk	chest	light	c	gundabad_armors	gundabad_armors/pale_uruk/SK_GB_Uruk_Chests_A_geo.tpac	N	parsed
clo_sk_gb_uruk_chest_light_d	metamesh	sk	gundabad	uruk	chest	light	d	gundabad_armors	gundabad_armors/pale_uruk/SK_GB_Uruk_Chests_A_geo.tpac	N	parsed
clo_sk_gb_uruk_chest_lord_a	metamesh	sk	gundabad	uruk	chest	lord	a	gundabad_armors	gundabad_armors/pale_uruk/SK_GB_Uruk_Chests_A_geo.tpac	N	parsed
clo_sk_gb_uruk_chest_lord_b	metamesh	sk	gundabad	uruk	chest	lord	b	gundabad_armors	gundabad_armors/pale_uruk/SK_GB_Uruk_Chests_A_geo.tpac	N	parsed
clo_sk_gb_uruk_chest_lord_c	metamesh	sk	gundabad	uruk	chest	lord	c	gundabad_armors	gundabad_armors/pale_uruk/SK_GB_Uruk_Chests_A_geo.tpac	N	parsed
clo_sk_gb_uruk_chest_lord_d	metamesh	sk	gundabad	uruk	chest	lord	d	gundabad_armors	gundabad_armors/pale_uruk/SK_GB_Uruk_Chests_A_geo.tpac	N	parsed
clo_sk_gb_uruk_chest_lord_e	metamesh	sk	gundabad	uruk	chest	lord	e	gundabad_armors	gundabad_armors/pale_uruk/SK_GB_Uruk_Chests_A_geo.tpac	N	parsed
clo_sk_gb_uruk_chest_lord_f	metamesh	sk	gundabad	uruk	chest	lord	f	gundabad_armors	gundabad_armors/pale_uruk/SK_GB_Uruk_Chests_A_geo.tpac	N	parsed
clo_sk_gb_uruk_chest_med_a	metamesh	sk	gundabad	uruk	chest	med	a	gundabad_armors	gundabad_armors/pale_uruk/SK_GB_Uruk_Chests_A_geo.tpac	N	parsed
clo_sk_gb_uruk_chest_med_b	metamesh	sk	gundabad	uruk	chest	med	b	gundabad_armors	gundabad_armors/pale_uruk/SK_GB_Uruk_Chests_A_geo.tpac	N	parsed
clo_sk_gb_uruk_chest_med_c	metamesh	sk	gundabad	uruk	chest	med	c	gundabad_armors	gundabad_armors/pale_uruk/SK_GB_Uruk_Chests_A_geo.tpac	N	parsed
clo_sk_gb_uruk_chest_med_d	metamesh	sk	gundabad	uruk	chest	med	d	gundabad_armors	gundabad_armors/pale_uruk/SK_GB_Uruk_Chests_A_geo.tpac	N	parsed
clo_sk_gb_uruk_chest_med_e	metamesh	sk	gundabad	uruk	chest	med	e	gundabad_armors	gundabad_armors/pale_uruk/SK_GB_Uruk_Chests_A_geo.tpac	N	parsed
clo_sk_gb_uruk_chest_med_f	metamesh	sk	gundabad	uruk	chest	med	f	gundabad_armors	gundabad_armors/pale_uruk/SK_GB_Uruk_Chests_A_geo.tpac	N	parsed
clo_sk_gd_ano_cape_a	metamesh	sk	gondor	ano	cape	-	a	gondor_assets	gondor_assets/anorien/SK_GD_Ano_Pauldrons_Noble_A_geo.tpac	N	parsed
clo_sk_gd_ano_cape_noble_a	metamesh	sk	gondor	ano	cape	noble	a	gondor_assets	gondor_assets/anorien/SK_GD_Ano_Pauldrons_Noble_A_geo.tpac	N	parsed
clo_sk_gd_ano_chainmail_full_a	metamesh	sk	gondor	ano	chest	full	a	gondor_assets	gondor_assets/anorien/SK_GD_Ith_Chest_Noble_A_geo.tpac	N	parsed
clo_sk_gd_ano_chainmail_full_b	metamesh	sk	gondor	ano	chest	full	b	gondor_assets	gondor_assets/anorien/SK_GD_Ith_Chest_Noble_A_geo.tpac	N	parsed
clo_sk_gd_helmet_a	metamesh	sk	gondor	-	helmet	-	a	gondor_assets	gondor_assets/lossarnach/SK_GD_Los_Helmets_Nob_A_geo.tpac	N	parsed
clo_sk_gd_ith_chest_noble_heavy_a	metamesh	sk	gondor	ith	chest	noble	a	gondor_assets	gondor_assets/anorien/SK_GD_Ith_Chest_Noble_A_geo.tpac	N	parsed
clo_sk_gd_ith_chest_noble_heavy_b	metamesh	sk	gondor	ith	chest	noble	b	gondor_assets	gondor_assets/anorien/SK_GD_Ith_Chest_Noble_A_geo.tpac	N	parsed
clo_sk_gd_ith_chest_noble_med_a	metamesh	sk	gondor	ith	chest	noble	a	gondor_assets	gondor_assets/anorien/SK_GD_Ith_Chest_Noble_A_geo.tpac	N	parsed
clo_sk_gd_ith_chest_noble_med_b	metamesh	sk	gondor	ith	chest	noble	b	gondor_assets	gondor_assets/anorien/SK_GD_Ith_Chest_Noble_A_geo.tpac	N	parsed
clo_sk_gd_leb_chainmail_a	metamesh	sk	gondor	leb	chest	-	a	gondor_assets	gondor_assets/lebennin/SK_GD_Leb_Chest_Inf_A_geo.tpac	N	parsed
clo_sk_gd_osg_pauld_cape_inf_elite_a	metamesh	sk	gondor	osg	pauldron	elite	a	gondor_assets	gondor_assets/anorien/SK_GD_Ano_Pauldrons_Inf_A_geo.tpac	N	parsed
clo_sk_gd_pin_noble_cav_helmet_elite_a	metamesh	sk	gondor	pin	helmet	noble	a	gondor_assets	gondor_assets/pinnath_gelin/SK_GD_Pin_Helmets_Noble_A_geo.tpac	N	parsed
clo_sk_gd_vale_cape_a	metamesh	sk	gondor	vale	cape	-	a	gondor_assets	gondor_assets/pinnath_gelin/SK_GD_Vale_Pauldron_A_geo.tpac	N	parsed
clo_sk_gd_vale_cape_b	metamesh	sk	gondor	vale	cape	-	b	gondor_assets	gondor_assets/pinnath_gelin/SK_GD_Vale_Pauldron_A_geo.tpac	N	parsed
clo_sk_gd_vale_cape_c	metamesh	sk	gondor	vale	cape	-	c	gondor_assets	gondor_assets/pinnath_gelin/SK_GD_Vale_Pauldron_A_geo.tpac	N	parsed
clo_sk_gd_vale_pauld_cape_heavy_a	metamesh	sk	gondor	vale	pauldron	heavy	a	gondor_assets	gondor_assets/pinnath_gelin/SK_GD_Vale_Pauldron_A_geo.tpac	N	parsed
clo_sk_gd_vale_pauld_cape_heavy_b	metamesh	sk	gondor	vale	pauldron	heavy	b	gondor_assets	gondor_assets/pinnath_gelin/SK_GD_Vale_Pauldron_A_geo.tpac	N	parsed
clo_sk_gd_vale_pauld_cape_med_a	metamesh	sk	gondor	vale	pauldron	med	a	gondor_assets	gondor_assets/pinnath_gelin/SK_GD_Vale_Pauldron_A_geo.tpac	N	parsed
clo_sk_md_mor_chest_a	metamesh	sk	mordor	mor	chest	-	a	Mordor	Mordor/morannon_armors/SK_MD_Mor_Arc_Chest_A_geo.tpac	N	parsed
clo_sk_md_mor_chest_heavy_a	metamesh	sk	mordor	mor	chest	heavy	a	Mordor	Mordor/morannon_armors/SK_MD_Mor_Arc_Chest_A_geo.tpac	N	parsed
clo_sk_md_mor_chest_heavy_b	metamesh	sk	mordor	mor	chest	heavy	b	Mordor	Mordor/morannon_armors/SK_MD_Mor_Arc_Chest_A_geo.tpac	N	parsed
clo_sk_md_mor_chest_med_a	metamesh	sk	mordor	mor	chest	med	a	Mordor	Mordor/morannon_armors/SK_MD_Mor_Arc_Chest_A_geo.tpac	N	parsed
clo_sk_md_mor_chest_med_b	metamesh	sk	mordor	mor	chest	med	b	Mordor	Mordor/morannon_armors/SK_MD_Mor_Arc_Chest_A_geo.tpac	N	parsed
clo_sk_northern_armor_medium_a	metamesh	sk	northern	-	chest	medium	a	northern	northern/SK_Northern_Chests_A_geo.tpac	N	parsed
clo_sk_northern_pauldron_cape_c	metamesh	sk	northern	-	pauldron	-	c	northern	northern/SK_Northern_Pauldrons_A_geo.tpac	Y	parsed
clo_sk_northern_pauldron_cape_d	metamesh	sk	northern	-	pauldron	-	d	northern	northern/SK_Northern_Pauldrons_A_geo.tpac	N	parsed
clo_sk_rh_drag_chest_a	metamesh	sk	rhun	drag	chest	-	a	rhun_armors	rhun_armors/dragon/SK_RH_Drag_Chests_Lamellar_A_geo.tpac	N	parsed
clo_sk_rh_drag_chest_lord_a	metamesh	sk	rhun	drag	chest	lord	a	rhun_armors	rhun_armors/dragon/SK_RH_Drag_Chests_Lamellar_A_geo.tpac	N	parsed
clo_sk_rh_drag_chest_lord_b	metamesh	sk	rhun	drag	chest	lord	b	rhun_armors	rhun_armors/dragon/SK_RH_Drag_Chests_Lamellar_A_geo.tpac	N	parsed
clo_sk_rh_drag_chest_med_c	metamesh	sk	rhun	drag	chest	med	c	rhun_armors	rhun_armors/dragon/SK_RH_Drag_Chests_Spiky_A_geo.tpac	N	parsed
clo_sk_rh_drag_scalemail	metamesh	sk	rhun	drag	chest	-	-	rhun_armors	rhun_armors/dragon/SK_RH_Drag_Chests_Scalemail_A_geo.tpac	N	parsed
clo_sk_rh_drag_scalemail_elite	metamesh	sk	rhun	drag	chest	elite	-	rhun_armors	rhun_armors/dragon/SK_RH_Drag_Chests_Scalemail_A_geo.tpac	N	parsed
clo_sk_rh_drag_scalemail_lord	metamesh	sk	rhun	drag	chest	lord	-	rhun_armors	rhun_armors/dragon/SK_RH_Drag_Chests_Scalemail_A_geo.tpac	N	parsed
clo_sk_rh_loke_chest_a	metamesh	sk	rhun	loke	chest	-	a	rhun_armors	rhun_armors/loke/SK_RH_Loke_Chests_Lamellar_A_geo.tpac	N	parsed
clo_sk_rh_loke_chest_lord_a	metamesh	sk	rhun	loke	chest	lord	a	rhun_armors	rhun_armors/loke/SK_RH_Loke_Chests_Lamellar_A_geo.tpac	N	parsed
clo_sk_rh_loke_chest_lord_b	metamesh	sk	rhun	loke	chest	lord	b	rhun_armors	rhun_armors/loke/SK_RH_Loke_Chests_Lamellar_A_geo.tpac	N	parsed
clo_sk_rh_loke_chest_med_c	metamesh	sk	rhun	loke	chest	med	c	rhun_armors	rhun_armors/loke/SK_RH_Loke_Chests_Spiky_A_geo.tpac	N	parsed
clo_sk_rh_loke_scalemail	metamesh	sk	rhun	loke	chest	-	-	rhun_armors	rhun_armors/loke/SK_RH_Loke_Chests_Scalemail_A_geo.tpac	N	parsed
clo_sk_rh_loke_scalemail_elite	metamesh	sk	rhun	loke	chest	elite	-	rhun_armors	rhun_armors/loke/SK_RH_Loke_Chests_Scalemail_A_geo.tpac	N	parsed
clo_sk_rh_loke_scalemail_lord	metamesh	sk	rhun	loke	chest	lord	-	rhun_armors	rhun_armors/loke/SK_RH_Loke_Chests_Scalemail_A_geo.tpac	N	parsed
clo_sk_rh_loke_tunic_a	metamesh	sk	rhun	loke	chest	-	a	rhun_armors	rhun_armors/loke/SK_RH_Loke_Chests_A_geo.tpac	N	parsed
clo_sm_md_num_arc_chest_heavy_a	metamesh	sm	mordor	num	chest	heavy	a	Mordor	Mordor/black_num_armors/SK_MD_Num_Arc_Chests_A_geo.tpac	N	parsed
clo_sm_md_num_arc_chest_heavy_b	metamesh	sm	mordor	num	chest	heavy	b	Mordor	Mordor/black_num_armors/SK_MD_Num_Arc_Chests_A_geo.tpac	N	parsed
clo_sm_md_num_arc_chest_med_a	metamesh	sm	mordor	num	chest	med	a	Mordor	Mordor/black_num_armors/SK_MD_Num_Arc_Chests_A_geo.tpac	N	parsed
clo_sm_md_num_arc_chest_med_b	metamesh	sm	mordor	num	chest	med	b	Mordor	Mordor/black_num_armors/SK_MD_Num_Arc_Chests_A_geo.tpac	N	parsed
clo_sm_md_num_cav_pauld_cape_a	metamesh	sm	mordor	num	pauldron	-	a	Mordor	Mordor/black_num_armors/SK_MD_Num_Cav_Pauldrons_A_geo.tpac	N	parsed
clo_sm_md_num_chest_light_a	metamesh	sm	mordor	num	chest	light	a	Mordor	Mordor/black_num_armors/SK_MD_Num_Inf_Chests_A_geo.tpac	N	parsed
clo_sm_md_num_inf_pauld_cape_a	metamesh	sm	mordor	num	pauldron	-	a	Mordor	Mordor/black_num_armors/SK_MD_Num_Inf_Pauldrons_A_geo.tpac	N	parsed
clo_theoden_torso	metamesh	clo	rohan	-	chest	-	-	rohan_assets	rohan_assets/theoden/Theoden_geo.tpac	N	parsed
clo_theodred_armour	metamesh	clo	rohan	-	chest	-	-	rohan_assets	rohan_assets/theodred/Prince_Theodred_geo.tpac	N	parsed
clo_thranduil_body	metamesh	clo	mirkwood	-	body	-	-	mirkwood_assets	mirkwood_assets/Thranduil/thranduil_geo.tpac	N	parsed
clo_thranduil_shoulder	metamesh	clo	mirkwood	-	pauldron	-	-	mirkwood_assets	mirkwood_assets/Thranduil/thranduil_geo.tpac	N	parsed
clo_uruk_mordor_helmet_c	metamesh	clo	uruk	mordor	helmet	-	c	Mordor	Mordor/mordor_armors/mordor_elite_helmets_geo.tpac	N	parsed
clo_urukscout_body	metamesh	clo	isengard	-	body	-	-	Isengard	Isengard/Uruk_Scout/Uruk Scout_geo.tpac	N	parsed
clo_urukscout_helmet	metamesh	clo	isengard	-	helmet	-	-	Isengard	Isengard/Uruk_Scout/Uruk Scout_geo.tpac	N	parsed
clo_whiterun_armor	metamesh	clo	rohan	-	chest	-	-	rohan_assets	rohan_assets/royal_armor/whiterun_geo.tpac	N	parsed
clo_whiterun_cloak	metamesh	clo	rohan	-	cape	-	-	rohan_assets	rohan_assets/royal_armor/whiterun_geo.tpac	N	parsed
clo_whiterun_helm	metamesh	clo	rohan	-	helmet	-	-	rohan_assets	rohan_assets/royal_armor/whiterun_geo.tpac	N	parsed
clo_witch_king	metamesh	clo	nazgul	-	chest	-	-	Mordor	Mordor/Witch_King/Witch_King_geo.tpac	N	override
clo_witch_king_pauldrons	metamesh	clo	nazgul	king	pauldron	-	-	Mordor	Mordor/Witch_King/Witch_King_geo.tpac	N	parsed
clo_wm_pelagir_spear_cloth	metamesh	wm	gondor	-	weapon	-	-	gondor_weapons	gondor_weapons/swords/wm_pelagir_set_geo.tpac	N	parsed
cts_cts_rohan_royal_guard_helmet_tail	metamesh	-	rohan	cts	weapon	-	-	rohan_assets	rohan_assets/royal_armor/cts_rohan_royal_guard_armor_geo.tpac	Y	parsed
cts_roha_cape1	metamesh	-	rohan	-	cape	-	-	rohan_assets	rohan_assets/Rohan_Scorillo_2/cts_rohan_cape1_geo.tpac	Y	parsed
cts_rohan_armguard1	metamesh	-	rohan	rohan	bracer	-	-	rohan_assets	rohan_assets/Rohan_Scorillo_2/cts_rohan_armguard1_geo.tpac	Y	parsed
cts_rohan_armguard2	metamesh	-	rohan	rohan	bracer	-	-	rohan_assets	rohan_assets/Rohan_Scorillo_2/cts_rohan_armguard2_geo.tpac	Y	parsed
cts_rohan_armguard3	metamesh	-	rohan	rohan	bracer	-	-	rohan_assets	rohan_assets/Rohan_Scorillo_2/cts_rohan_armguard3_geo.tpac	Y	parsed
cts_rohan_armguard4	metamesh	-	rohan	rohan	bracer	-	-	rohan_assets	rohan_assets/Rohan_Scorillo_2/cts_rohan_armguard4_geo.tpac	Y	parsed
cts_rohan_armor1	metamesh	-	rohan	rohan	chest	-	-	rohan_assets	rohan_assets/Rohan_Scorillo_2/cts_rohan_armor1_geo.tpac	Y	parsed
cts_rohan_armor11	metamesh	-	rohan	rohan	chest	-	-	rohan_assets	rohan_assets/Rohan_Scorillo_2/cts_rohan_armor1_geo.tpac	Y	parsed
cts_rohan_armor111	metamesh	-	rohan	rohan	chest	-	-	rohan_assets	rohan_assets/Rohan_Scorillo_2/cts_rohan_armor1_geo.tpac	Y	parsed
cts_rohan_armor1111	metamesh	-	rohan	rohan	chest	-	-	rohan_assets	rohan_assets/Rohan_Scorillo_2/cts_rohan_armor1_geo.tpac	Y	parsed
cts_rohan_armor2	metamesh	-	rohan	rohan	chest	-	-	rohan_assets	rohan_assets/Rohan_Scorillo_2/cts_rohan_armor2_geo.tpac	Y	parsed
cts_rohan_armor22	metamesh	-	rohan	rohan	chest	-	-	rohan_assets	rohan_assets/Rohan_Scorillo_2/cts_rohan_armor2_geo.tpac	Y	parsed
cts_rohan_armor222	metamesh	-	rohan	rohan	chest	-	-	rohan_assets	rohan_assets/Rohan_Scorillo_2/cts_rohan_armor2_geo.tpac	Y	parsed
cts_rohan_armor2222	metamesh	-	rohan	rohan	chest	-	-	rohan_assets	rohan_assets/Rohan_Scorillo_2/cts_rohan_armor2_geo.tpac	Y	parsed
cts_rohan_armor3	metamesh	-	rohan	rohan	chest	-	-	rohan_assets	rohan_assets/Rohan_Scorillo_2/cts_rohan_armor3_geo.tpac	Y	parsed
cts_rohan_armor33	metamesh	-	rohan	rohan	chest	-	-	rohan_assets	rohan_assets/Rohan_Scorillo_2/cts_rohan_armor3_geo.tpac	N	parsed
cts_rohan_armor333	metamesh	-	rohan	rohan	chest	-	-	rohan_assets	rohan_assets/Rohan_Scorillo_2/cts_rohan_armor3_geo.tpac	Y	parsed
cts_rohan_armor3333	metamesh	-	rohan	rohan	chest	-	-	rohan_assets	rohan_assets/Rohan_Scorillo_2/cts_rohan_armor3_geo.tpac	Y	parsed
cts_rohan_armor4	metamesh	-	rohan	rohan	chest	-	-	rohan_assets	rohan_assets/Rohan_Scorillo_2/cts_rohan_armor4_geo.tpac	Y	parsed
cts_rohan_armor44	metamesh	-	rohan	rohan	chest	-	-	rohan_assets	rohan_assets/Rohan_Scorillo_2/cts_rohan_armor4_geo.tpac	Y	parsed
cts_rohan_armor444	metamesh	-	rohan	rohan	chest	-	-	rohan_assets	rohan_assets/Rohan_Scorillo_2/cts_rohan_armor4_geo.tpac	Y	parsed
cts_rohan_armor4444	metamesh	-	rohan	rohan	chest	-	-	rohan_assets	rohan_assets/Rohan_Scorillo_2/cts_rohan_armor4_geo.tpac	Y	parsed
cts_rohan_armor_captain	metamesh	-	rohan	rohan	chest	captain	-	rohan_assets	rohan_assets/Rohan_Scorilo_Lords/Captain 1/cts_rohan_captain_geo.tpac	Y	parsed
cts_rohan_armor_captain1	metamesh	-	rohan	rohan	chest	-	-	rohan_assets	rohan_assets/Rohan_Scorilo_Lords/Captain 2/cts_rohan_captain1_geo.tpac	Y	parsed
cts_rohan_boots1	metamesh	-	rohan	rohan	boots	-	-	rohan_assets	rohan_assets/Rohan_Scorillo_2/cts_rohan_boots1_geo.tpac	Y	parsed
cts_rohan_boots3	metamesh	-	rohan	rohan	boots	-	-	rohan_assets	rohan_assets/Rohan_Scorillo_2/cts_rohan_boots3_geo.tpac	Y	parsed
cts_rohan_boots4	metamesh	-	rohan	rohan	boots	-	-	rohan_assets	rohan_assets/Rohan_Scorillo_2/cts_rohan_boots4_geo.tpac	Y	parsed
cts_rohan_cape2	metamesh	-	rohan	rohan	cape	-	-	rohan_assets	rohan_assets/Rohan_Scorillo_2/cts_rohan_cape2_geo.tpac	Y	parsed
cts_rohan_cape3	metamesh	-	rohan	rohan	cape	-	-	rohan_assets	rohan_assets/Rohan_Scorillo_2/cts_rohan_cape3_geo.tpac	Y	parsed
cts_rohan_cape4	metamesh	-	rohan	rohan	cape	-	-	rohan_assets	rohan_assets/Rohan_Scorillo_2/cts_rohan_cape4_geo.tpac	Y	parsed
cts_rohan_captain_boots	metamesh	-	rohan	rohan	boots	captain	-	rohan_assets	rohan_assets/Rohan_Scorilo_Lords/Captain 1/cts_rohan_captain_geo.tpac	Y	parsed
cts_rohan_captain_boots1	metamesh	-	rohan	rohan	boots	captain	-	rohan_assets	rohan_assets/Rohan_Scorilo_Lords/Captain 2/cts_rohan_captain1_geo.tpac	Y	parsed
cts_rohan_captain_bracer	metamesh	-	rohan	rohan	bracer	captain	-	rohan_assets	rohan_assets/Rohan_Scorilo_Lords/Captain 1/cts_rohan_captain_geo.tpac	Y	parsed
cts_rohan_captain_bracers1	metamesh	-	rohan	rohan	bracer	captain	-	rohan_assets	rohan_assets/Rohan_Scorilo_Lords/Captain 2/cts_rohan_captain1_geo.tpac	Y	parsed
cts_rohan_captain_shoulder	metamesh	-	rohan	rohan	pauldron	captain	-	rohan_assets	rohan_assets/Rohan_Scorilo_Lords/Captain 1/cts_rohan_captain_geo.tpac	Y	parsed
cts_rohan_helmet1	metamesh	-	rohan	rohan	helmet	-	-	rohan_assets	rohan_assets/Rohan_Scorillo_2/cts_rohan_helmet1_geo.tpac	Y	parsed
cts_rohan_helmet1a	metamesh	-	rohan	rohan	helmet	-	-	rohan_assets	rohan_assets/Rohan_Scorillo_2/cts_rohan_helmet1_geo.tpac	Y	parsed
cts_rohan_helmet1b	metamesh	-	rohan	rohan	helmet	-	-	rohan_assets	rohan_assets/Rohan_Scorillo_2/cts_rohan_helmet1_geo.tpac	Y	parsed
cts_rohan_helmet1c	metamesh	-	rohan	rohan	helmet	-	-	rohan_assets	rohan_assets/Rohan_Scorillo_2/cts_rohan_helmet1_geo.tpac	Y	parsed
cts_rohan_helmet2	metamesh	-	rohan	rohan	helmet	-	-	rohan_assets	rohan_assets/Rohan_Scorillo_2/cts_rohan_helmet2_geo.tpac	Y	parsed
cts_rohan_helmet2a	metamesh	-	rohan	rohan	helmet	-	-	rohan_assets	rohan_assets/Rohan_Scorillo_2/cts_rohan_helmet2_geo.tpac	Y	parsed
cts_rohan_helmet3	metamesh	-	rohan	rohan	helmet	-	-	rohan_assets	rohan_assets/Rohan_Scorillo_2/cts_rohan_helmet3_geo.tpac	Y	parsed
cts_rohan_helmet3a	metamesh	-	rohan	rohan	helmet	-	-	rohan_assets	rohan_assets/Rohan_Scorillo_2/cts_rohan_helmet3_geo.tpac	Y	parsed
cts_rohan_helmet4	metamesh	-	rohan	rohan	helmet	-	-	rohan_assets	rohan_assets/Rohan_Scorillo_2/cts_rohan_helmet4_geo.tpac	Y	parsed
cts_rohan_helmet4a	metamesh	-	rohan	rohan	helmet	-	-	rohan_assets	rohan_assets/Rohan_Scorillo_2/cts_rohan_helmet4_geo.tpac	Y	parsed
cts_rohan_helmet4b	metamesh	-	rohan	rohan	helmet	-	-	rohan_assets	rohan_assets/Rohan_Scorillo_2/cts_rohan_helmet4_geo.tpac	Y	parsed
cts_rohan_helmet4c	metamesh	-	rohan	rohan	helmet	-	-	rohan_assets	rohan_assets/Rohan_Scorillo_2/cts_rohan_helmet4_geo.tpac	Y	parsed
cts_rohan_helmet4d	metamesh	-	rohan	rohan	helmet	-	-	rohan_assets	rohan_assets/Rohan_Scorillo_2/cts_rohan_helmet4_geo.tpac	Y	parsed
cts_rohan_helmet_captain	metamesh	-	rohan	rohan	helmet	captain	-	rohan_assets	rohan_assets/Rohan_Scorilo_Lords/Captain 1/cts_rohan_captain_geo.tpac	Y	parsed
cts_rohan_helmet_captain1	metamesh	-	rohan	rohan	helmet	-	-	rohan_assets	rohan_assets/Rohan_Scorilo_Lords/Captain 2/cts_rohan_captain1_geo.tpac	Y	parsed
cts_rohan_royal_guard_armor	metamesh	-	rohan	rohan	weapon	-	-	rohan_assets	rohan_assets/royal_armor/cts_rohan_royal_guard_armor_geo.tpac	Y	parsed
cts_rohan_royal_guard_boots	metamesh	-	rohan	rohan	weapon	-	-	rohan_assets	rohan_assets/royal_armor/cts_rohan_royal_guard_armor_geo.tpac	Y	parsed
cts_rohan_royal_guard_gloves	metamesh	-	rohan	rohan	weapon	-	-	rohan_assets	rohan_assets/royal_armor/cts_rohan_royal_guard_armor_geo.tpac	Y	parsed
cts_rohan_royal_guard_shoulder_armor	metamesh	-	rohan	rohan	weapon	-	-	rohan_assets	rohan_assets/royal_armor/cts_rohan_royal_guard_armor_geo.tpac	Y	parsed
cts_rohan_royal_guard_shoulder_armor1	metamesh	-	rohan	rohan	weapon	-	-	rohan_assets	rohan_assets/royal_armor/cts_rohan_royal_guard_armor_geo.tpac	N	parsed
cts_rohan_shield	metamesh	-	rohan	rohan	shield	-	-	shield	shield/Rohan/cts_rohan_shield_1_2_geo.tpac	Y	parsed
cts_rohan_shield1	metamesh	-	rohan	rohan	shield	-	-	shield	shield/Rohan/cts_rohan_shield_1_2_geo.tpac	Y	parsed
cts_rohan_shield2	metamesh	-	rohan	rohan	shield	-	-	shield	shield/Rohan/cts_rohan_shield_1_2_geo.tpac	Y	parsed
cts_rohan_shield3	metamesh	-	rohan	rohan	shield	-	-	shield	shield/Rohan/cts_rohan_shield_3_geo.tpac	N	parsed
cts_rohan_shoulder_captain1	metamesh	-	rohan	rohan	pauldron	-	-	rohan_assets	rohan_assets/Rohan_Scorilo_Lords/Captain 2/cts_rohan_captain1_geo.tpac	Y	parsed
dg_uruk_skirt_b2_low	metamesh	-	dol_guldur	uruk	chest	-	-	Dol Guldur	Dol Guldur/SK_DG_Uruk_Chests_A_geo.tpac	N	parsed
dunland_caerdh_axe_blade_1h_a	metamesh	-	dunland	caerdh	weapon	-	a	dunland_weapons	dunland_weapons/dunland_caerdh_weapons_a_geo.tpac	Y	parsed
dunland_caerdh_axe_blade_1h_b	metamesh	-	dunland	caerdh	weapon	-	b	dunland_weapons	dunland_weapons/dunland_caerdh_weapons_a_geo.tpac	Y	parsed
dunland_caerdh_axe_blade_2h_a	metamesh	-	dunland	caerdh	weapon	-	a	dunland_weapons	dunland_weapons/dunland_caerdh_weapons_a_geo.tpac	Y	parsed
dunland_caerdh_axe_blade_2h_b	metamesh	-	dunland	caerdh	weapon	-	b	dunland_weapons	dunland_weapons/dunland_caerdh_weapons_a_geo.tpac	Y	parsed
dunland_caerdh_axe_handle_1h_a	metamesh	-	dunland	caerdh	weapon	-	a	dunland_weapons	dunland_weapons/dunland_caerdh_weapons_a_geo.tpac	Y	parsed
dunland_caerdh_axe_handle_1h_b	metamesh	-	dunland	caerdh	weapon	-	b	dunland_weapons	dunland_weapons/dunland_caerdh_weapons_a_geo.tpac	Y	parsed
dunland_caerdh_axe_handle_2h_a	metamesh	-	dunland	caerdh	weapon	-	a	dunland_weapons	dunland_weapons/dunland_caerdh_weapons_a_geo.tpac	Y	parsed
dunland_caerdh_axe_handle_2h_b	metamesh	-	dunland	caerdh	weapon	-	b	dunland_weapons	dunland_weapons/dunland_caerdh_weapons_a_geo.tpac	Y	parsed
dunland_caerdh_axe_pommel_1h_a	metamesh	-	dunland	caerdh	weapon	-	a	dunland_weapons	dunland_weapons/dunland_caerdh_weapons_a_geo.tpac	Y	parsed
dunland_caerdh_axe_pommel_1h_b	metamesh	-	dunland	caerdh	weapon	-	b	dunland_weapons	dunland_weapons/dunland_caerdh_weapons_a_geo.tpac	Y	parsed
dunland_caerdh_axe_pommel_2h_a	metamesh	-	dunland	caerdh	weapon	-	a	dunland_weapons	dunland_weapons/dunland_caerdh_weapons_a_geo.tpac	Y	parsed
dunland_caerdh_axe_pommel_2h_b	metamesh	-	dunland	caerdh	weapon	-	b	dunland_weapons	dunland_weapons/dunland_caerdh_weapons_a_geo.tpac	Y	parsed
dunland_caerdh_boots_heavy_a	metamesh	-	dunland	caerdh	boots	heavy	a	dunland_armors_caerdh	dunland_armors_caerdh/dunland_caerdh_boots_a_geo.tpac	Y	parsed
dunland_caerdh_boots_heavy_b	metamesh	-	dunland	caerdh	boots	heavy	b	dunland_armors_caerdh	dunland_armors_caerdh/dunland_caerdh_boots_a_geo.tpac	Y	parsed
dunland_caerdh_boots_heavy_c	metamesh	-	dunland	caerdh	boots	heavy	c	dunland_armors_caerdh	dunland_armors_caerdh/dunland_caerdh_boots_a_geo.tpac	Y	parsed
dunland_caerdh_boots_heavy_d	metamesh	-	dunland	caerdh	boots	heavy	d	dunland_armors_caerdh	dunland_armors_caerdh/dunland_caerdh_boots_a_geo.tpac	Y	parsed
dunland_caerdh_boots_light_a	metamesh	-	dunland	caerdh	boots	light	a	dunland_armors_caerdh	dunland_armors_caerdh/dunland_caerdh_boots_a_geo.tpac	Y	parsed
dunland_caerdh_boots_light_b	metamesh	-	dunland	caerdh	boots	light	b	dunland_armors_caerdh	dunland_armors_caerdh/dunland_caerdh_boots_a_geo.tpac	Y	parsed
dunland_caerdh_boots_medium_a	metamesh	-	dunland	caerdh	boots	medium	a	dunland_armors_caerdh	dunland_armors_caerdh/dunland_caerdh_boots_a_geo.tpac	Y	parsed
dunland_caerdh_boots_medium_b	metamesh	-	dunland	caerdh	boots	medium	b	dunland_armors_caerdh	dunland_armors_caerdh/dunland_caerdh_boots_a_geo.tpac	Y	parsed
dunland_caerdh_boots_medium_c	metamesh	-	dunland	caerdh	boots	medium	c	dunland_armors_caerdh	dunland_armors_caerdh/dunland_caerdh_boots_a_geo.tpac	Y	parsed
dunland_caerdh_boots_medium_d	metamesh	-	dunland	caerdh	boots	medium	d	dunland_armors_caerdh	dunland_armors_caerdh/dunland_caerdh_boots_a_geo.tpac	Y	parsed
dunland_caerdh_bracer_heavy_a	metamesh	-	dunland	caerdh	bracer	heavy	a	dunland_armors_caerdh	dunland_armors_caerdh/dunland_caerdh_bracers_a_geo.tpac	Y	parsed
dunland_caerdh_bracer_heavy_b	metamesh	-	dunland	caerdh	bracer	heavy	b	dunland_armors_caerdh	dunland_armors_caerdh/dunland_caerdh_bracers_a_geo.tpac	Y	parsed
dunland_caerdh_bracer_heavy_c	metamesh	-	dunland	caerdh	bracer	heavy	c	dunland_armors_caerdh	dunland_armors_caerdh/dunland_caerdh_bracers_a_geo.tpac	Y	parsed
dunland_caerdh_bracer_heavy_d	metamesh	-	dunland	caerdh	bracer	heavy	d	dunland_armors_caerdh	dunland_armors_caerdh/dunland_caerdh_bracers_a_geo.tpac	Y	parsed
dunland_caerdh_bracer_light_a	metamesh	-	dunland	caerdh	bracer	light	a	dunland_armors_caerdh	dunland_armors_caerdh/dunland_caerdh_bracers_a_geo.tpac	Y	parsed
dunland_caerdh_bracer_light_b	metamesh	-	dunland	caerdh	bracer	light	b	dunland_armors_caerdh	dunland_armors_caerdh/dunland_caerdh_bracers_a_geo.tpac	Y	parsed
dunland_caerdh_bracer_medium_a	metamesh	-	dunland	caerdh	bracer	medium	a	dunland_armors_caerdh	dunland_armors_caerdh/dunland_caerdh_bracers_a_geo.tpac	Y	parsed
dunland_caerdh_bracer_medium_b	metamesh	-	dunland	caerdh	bracer	medium	b	dunland_armors_caerdh	dunland_armors_caerdh/dunland_caerdh_bracers_a_geo.tpac	Y	parsed
dunland_caerdh_bracer_medium_c	metamesh	-	dunland	caerdh	bracer	medium	c	dunland_armors_caerdh	dunland_armors_caerdh/dunland_caerdh_bracers_a_geo.tpac	Y	parsed
dunland_caerdh_bracer_medium_d	metamesh	-	dunland	caerdh	bracer	medium	d	dunland_armors_caerdh	dunland_armors_caerdh/dunland_caerdh_bracers_a_geo.tpac	Y	parsed
dunland_caerdh_cape_long_a	metamesh	-	dunland	caerdh	cape	-	a	dunland_armors_caerdh	dunland_armors_caerdh/dunland_caerdh_pauldrons_a_geo.tpac	Y	parsed
dunland_caerdh_cape_long_b	metamesh	-	dunland	caerdh	cape	-	b	dunland_armors_caerdh	dunland_armors_caerdh/dunland_caerdh_pauldrons_a_geo.tpac	Y	parsed
dunland_caerdh_cape_short_a	metamesh	-	dunland	caerdh	cape	-	a	dunland_armors_caerdh	dunland_armors_caerdh/dunland_caerdh_pauldrons_a_geo.tpac	N	parsed
dunland_caerdh_chainmail_elite_a	metamesh	-	dunland	caerdh	chest	elite	a	dunland_armors_caerdh	dunland_armors_caerdh/dunland_caerdh_chest_chainmails_a_geo.tpac	Y	parsed
dunland_caerdh_chainmail_elite_b	metamesh	-	dunland	caerdh	chest	elite	b	dunland_armors_caerdh	dunland_armors_caerdh/dunland_caerdh_chest_chainmails_a_geo.tpac	Y	parsed
dunland_caerdh_chainmail_elite_c	metamesh	-	dunland	caerdh	chest	elite	c	dunland_armors_caerdh	dunland_armors_caerdh/dunland_caerdh_chest_chainmails_a_geo.tpac	Y	parsed
dunland_caerdh_chainmail_elite_d	metamesh	-	dunland	caerdh	chest	elite	d	dunland_armors_caerdh	dunland_armors_caerdh/dunland_caerdh_chest_chainmails_a_geo.tpac	Y	parsed
dunland_caerdh_chainmail_elite_e	metamesh	-	dunland	caerdh	chest	elite	e	dunland_armors_caerdh	dunland_armors_caerdh/dunland_caerdh_chest_chainmails_a_geo.tpac	Y	parsed
dunland_caerdh_chainmail_elite_f	metamesh	-	dunland	caerdh	chest	elite	f	dunland_armors_caerdh	dunland_armors_caerdh/dunland_caerdh_chest_chainmails_a_geo.tpac	Y	parsed
dunland_caerdh_chainmail_heavy_a	metamesh	-	dunland	caerdh	chest	heavy	a	dunland_armors_caerdh	dunland_armors_caerdh/dunland_caerdh_chest_chainmails_a_geo.tpac	Y	parsed
dunland_caerdh_chainmail_heavy_b	metamesh	-	dunland	caerdh	chest	heavy	b	dunland_armors_caerdh	dunland_armors_caerdh/dunland_caerdh_chest_chainmails_a_geo.tpac	Y	parsed
dunland_caerdh_chainmail_heavy_c	metamesh	-	dunland	caerdh	chest	heavy	c	dunland_armors_caerdh	dunland_armors_caerdh/dunland_caerdh_chest_chainmails_a_geo.tpac	Y	parsed
dunland_caerdh_chainmail_heavy_d	metamesh	-	dunland	caerdh	chest	heavy	d	dunland_armors_caerdh	dunland_armors_caerdh/dunland_caerdh_chest_chainmails_a_geo.tpac	Y	parsed
dunland_caerdh_chainmail_heavy_e	metamesh	-	dunland	caerdh	chest	heavy	e	dunland_armors_caerdh	dunland_armors_caerdh/dunland_caerdh_chest_chainmails_a_geo.tpac	Y	parsed
dunland_caerdh_chainmail_heavy_f	metamesh	-	dunland	caerdh	chest	heavy	f	dunland_armors_caerdh	dunland_armors_caerdh/dunland_caerdh_chest_chainmails_a_geo.tpac	Y	parsed
dunland_caerdh_chainmail_light_a	metamesh	-	dunland	caerdh	chest	light	a	dunland_armors_caerdh	dunland_armors_caerdh/dunland_caerdh_chest_chainmails_a_geo.tpac	Y	parsed
dunland_caerdh_chainmail_light_b	metamesh	-	dunland	caerdh	chest	light	b	dunland_armors_caerdh	dunland_armors_caerdh/dunland_caerdh_chest_chainmails_a_geo.tpac	Y	parsed
dunland_caerdh_chainmail_lord_a	metamesh	-	dunland	caerdh	chest	lord	a	dunland_armors_caerdh	dunland_armors_caerdh/dunland_caerdh_chest_chainmails_a_geo.tpac	Y	parsed
dunland_caerdh_chainmail_lord_b	metamesh	-	dunland	caerdh	chest	lord	b	dunland_armors_caerdh	dunland_armors_caerdh/dunland_caerdh_chest_chainmails_a_geo.tpac	Y	parsed
dunland_caerdh_chainmail_lord_c	metamesh	-	dunland	caerdh	chest	lord	c	dunland_armors_caerdh	dunland_armors_caerdh/dunland_caerdh_chest_chainmails_a_geo.tpac	Y	parsed
dunland_caerdh_chainmail_lord_d	metamesh	-	dunland	caerdh	chest	lord	d	dunland_armors_caerdh	dunland_armors_caerdh/dunland_caerdh_chest_chainmails_a_geo.tpac	Y	parsed
dunland_caerdh_helmet_elite_a	metamesh	-	dunland	caerdh	helmet	elite	a	dunland_armors_caerdh	dunland_armors_caerdh/dunland_caerdh_helmets_a_geo.tpac	Y	parsed
dunland_caerdh_helmet_elite_b	metamesh	-	dunland	caerdh	helmet	elite	b	dunland_armors_caerdh	dunland_armors_caerdh/dunland_caerdh_helmets_a_geo.tpac	Y	parsed
dunland_caerdh_helmet_elite_c	metamesh	-	dunland	caerdh	helmet	elite	c	dunland_armors_caerdh	dunland_armors_caerdh/dunland_caerdh_helmets_a_geo.tpac	Y	parsed
dunland_caerdh_helmet_elite_d	metamesh	-	dunland	caerdh	helmet	elite	d	dunland_armors_caerdh	dunland_armors_caerdh/dunland_caerdh_helmets_a_geo.tpac	Y	parsed
dunland_caerdh_helmet_elite_e	metamesh	-	dunland	caerdh	helmet	elite	e	dunland_armors_caerdh	dunland_armors_caerdh/dunland_caerdh_helmets_a_geo.tpac	Y	parsed
dunland_caerdh_helmet_elite_f	metamesh	-	dunland	caerdh	helmet	elite	f	dunland_armors_caerdh	dunland_armors_caerdh/dunland_caerdh_helmets_a_geo.tpac	Y	parsed
dunland_caerdh_helmet_heavy_a	metamesh	-	dunland	caerdh	helmet	heavy	a	dunland_armors_caerdh	dunland_armors_caerdh/dunland_caerdh_helmets_a_geo.tpac	Y	parsed
dunland_caerdh_helmet_heavy_b	metamesh	-	dunland	caerdh	helmet	heavy	b	dunland_armors_caerdh	dunland_armors_caerdh/dunland_caerdh_helmets_a_geo.tpac	Y	parsed
dunland_caerdh_helmet_heavy_c	metamesh	-	dunland	caerdh	helmet	heavy	c	dunland_armors_caerdh	dunland_armors_caerdh/dunland_caerdh_helmets_a_geo.tpac	Y	parsed
dunland_caerdh_helmet_heavy_d	metamesh	-	dunland	caerdh	helmet	heavy	d	dunland_armors_caerdh	dunland_armors_caerdh/dunland_caerdh_helmets_a_geo.tpac	Y	parsed
dunland_caerdh_helmet_heavy_e	metamesh	-	dunland	caerdh	helmet	heavy	e	dunland_armors_caerdh	dunland_armors_caerdh/dunland_caerdh_helmets_a_geo.tpac	Y	parsed
dunland_caerdh_helmet_heavy_f	metamesh	-	dunland	caerdh	helmet	heavy	f	dunland_armors_caerdh	dunland_armors_caerdh/dunland_caerdh_helmets_a_geo.tpac	Y	parsed
dunland_caerdh_helmet_lord_a	metamesh	-	dunland	caerdh	helmet	lord	a	dunland_armors_caerdh	dunland_armors_caerdh/dunland_caerdh_helmets_a_geo.tpac	Y	parsed
dunland_caerdh_helmet_lord_b	metamesh	-	dunland	caerdh	helmet	lord	b	dunland_armors_caerdh	dunland_armors_caerdh/dunland_caerdh_helmets_a_geo.tpac	Y	parsed
dunland_caerdh_helmet_lord_c	metamesh	-	dunland	caerdh	helmet	lord	c	dunland_armors_caerdh	dunland_armors_caerdh/dunland_caerdh_helmets_a_geo.tpac	Y	parsed
dunland_caerdh_helmet_lord_d	metamesh	-	dunland	caerdh	helmet	lord	d	dunland_armors_caerdh	dunland_armors_caerdh/dunland_caerdh_helmets_a_geo.tpac	Y	parsed
dunland_caerdh_helmet_lord_e	metamesh	-	dunland	caerdh	helmet	lord	e	dunland_armors_caerdh	dunland_armors_caerdh/dunland_caerdh_helmets_a_geo.tpac	Y	parsed
dunland_caerdh_helmet_lord_f	metamesh	-	dunland	caerdh	helmet	lord	f	dunland_armors_caerdh	dunland_armors_caerdh/dunland_caerdh_helmets_a_geo.tpac	Y	parsed
dunland_caerdh_helmet_lord_g	metamesh	-	dunland	caerdh	helmet	lord	g	dunland_armors_caerdh	dunland_armors_caerdh/dunland_caerdh_helmets_a_geo.tpac	Y	parsed
dunland_caerdh_helmet_lord_h	metamesh	-	dunland	caerdh	helmet	lord	h	dunland_armors_caerdh	dunland_armors_caerdh/dunland_caerdh_helmets_a_geo.tpac	Y	parsed
dunland_caerdh_pauldron_elite_a	metamesh	-	dunland	caerdh	pauldron	elite	a	dunland_armors_caerdh	dunland_armors_caerdh/dunland_caerdh_pauldrons_a_geo.tpac	Y	parsed
dunland_caerdh_pauldron_elite_cape_a	metamesh	-	dunland	caerdh	pauldron	elite	a	dunland_armors_caerdh	dunland_armors_caerdh/dunland_caerdh_pauldrons_a_geo.tpac	Y	parsed
dunland_caerdh_pauldron_elite_cape_b	metamesh	-	dunland	caerdh	pauldron	elite	b	dunland_armors_caerdh	dunland_armors_caerdh/dunland_caerdh_pauldrons_a_geo.tpac	Y	parsed
dunland_caerdh_pauldron_heavy_a	metamesh	-	dunland	caerdh	pauldron	heavy	a	dunland_armors_caerdh	dunland_armors_caerdh/dunland_caerdh_pauldrons_a_geo.tpac	N	parsed
dunland_caerdh_pauldron_heavy_cape_a	metamesh	-	dunland	caerdh	pauldron	heavy	a	dunland_armors_caerdh	dunland_armors_caerdh/dunland_caerdh_pauldrons_a_geo.tpac	Y	parsed
dunland_caerdh_pauldron_heavy_cape_b	metamesh	-	dunland	caerdh	pauldron	heavy	b	dunland_armors_caerdh	dunland_armors_caerdh/dunland_caerdh_pauldrons_a_geo.tpac	Y	parsed
dunland_caerdh_pauldron_heavy_fur_a	metamesh	-	dunland	caerdh	pauldron	heavy	a	dunland_armors_caerdh	dunland_armors_caerdh/dunland_caerdh_pauldrons_b_geo.tpac	Y	parsed
dunland_caerdh_pauldron_heavy_fur_b	metamesh	-	dunland	caerdh	pauldron	heavy	b	dunland_armors_caerdh	dunland_armors_caerdh/dunland_caerdh_pauldrons_b_geo.tpac	Y	parsed
dunland_caerdh_pauldron_heavy_fur_c	metamesh	-	dunland	caerdh	pauldron	heavy	c	dunland_armors_caerdh	dunland_armors_caerdh/dunland_caerdh_pauldrons_b_geo.tpac	Y	parsed
dunland_caerdh_pauldron_heavy_fur_d	metamesh	-	dunland	caerdh	pauldron	heavy	d	dunland_armors_caerdh	dunland_armors_caerdh/dunland_caerdh_pauldrons_b_geo.tpac	Y	parsed
dunland_caerdh_pauldron_light_a	metamesh	-	dunland	caerdh	pauldron	light	a	dunland_armors_caerdh	dunland_armors_caerdh/dunland_caerdh_pauldrons_a_geo.tpac	Y	parsed
dunland_caerdh_pauldron_light_b	metamesh	-	dunland	caerdh	pauldron	light	b	dunland_armors_caerdh	dunland_armors_caerdh/dunland_caerdh_pauldrons_a_geo.tpac	Y	parsed
dunland_caerdh_pauldron_light_cape_a	metamesh	-	dunland	caerdh	pauldron	light	a	dunland_armors_caerdh	dunland_armors_caerdh/dunland_caerdh_pauldrons_a_geo.tpac	Y	parsed
dunland_caerdh_shield_elite_a	metamesh	-	dunland	caerdh	shield	elite	a	dunland_weapons	dunland_weapons/dunland_caerdh_shields_geo.tpac	Y	parsed
dunland_caerdh_shield_elite_b	metamesh	-	dunland	caerdh	shield	elite	b	dunland_weapons	dunland_weapons/dunland_caerdh_shields_geo.tpac	Y	parsed
dunland_caerdh_shield_elite_c	metamesh	-	dunland	caerdh	shield	elite	c	dunland_weapons	dunland_weapons/dunland_caerdh_shields_geo.tpac	Y	parsed
dunland_caerdh_shield_elite_d	metamesh	-	dunland	caerdh	shield	elite	d	dunland_weapons	dunland_weapons/dunland_caerdh_shields_geo.tpac	Y	parsed
dunland_caerdh_shield_heavy_a	metamesh	-	dunland	caerdh	shield	heavy	a	dunland_weapons	dunland_weapons/dunland_caerdh_shields_geo.tpac	N	parsed
dunland_caerdh_shield_heavy_b	metamesh	-	dunland	caerdh	shield	heavy	b	dunland_weapons	dunland_weapons/dunland_caerdh_shields_geo.tpac	N	parsed
dunland_caerdh_shield_heavy_c	metamesh	-	dunland	caerdh	shield	heavy	c	dunland_weapons	dunland_weapons/dunland_caerdh_shields_geo.tpac	N	parsed
dunland_caerdh_shield_heavy_d	metamesh	-	dunland	caerdh	shield	heavy	d	dunland_weapons	dunland_weapons/dunland_caerdh_shields_geo.tpac	N	parsed
dunland_caerdh_shield_light_a	metamesh	-	dunland	caerdh	shield	light	a	dunland_weapons	dunland_weapons/dunland_caerdh_shields_geo.tpac	Y	parsed
dunland_caerdh_shield_light_b	metamesh	-	dunland	caerdh	shield	light	b	dunland_weapons	dunland_weapons/dunland_caerdh_shields_geo.tpac	Y	parsed
dunland_caerdh_shield_light_c	metamesh	-	dunland	caerdh	shield	light	c	dunland_weapons	dunland_weapons/dunland_caerdh_shields_geo.tpac	Y	parsed
dunland_caerdh_shield_light_d	metamesh	-	dunland	caerdh	shield	light	d	dunland_weapons	dunland_weapons/dunland_caerdh_shields_geo.tpac	Y	parsed
dunland_caerdh_shield_lord_a	metamesh	-	dunland	caerdh	shield	lord	a	dunland_weapons	dunland_weapons/dunland_caerdh_shields_geo.tpac	Y	parsed
dunland_caerdh_shield_lord_b	metamesh	-	dunland	caerdh	shield	lord	b	dunland_weapons	dunland_weapons/dunland_caerdh_shields_geo.tpac	Y	parsed
dunland_caerdh_shield_lord_c	metamesh	-	dunland	caerdh	shield	lord	c	dunland_weapons	dunland_weapons/dunland_caerdh_shields_geo.tpac	Y	parsed
dunland_caerdh_shield_lord_d	metamesh	-	dunland	caerdh	shield	lord	d	dunland_weapons	dunland_weapons/dunland_caerdh_shields_geo.tpac	Y	parsed
dunland_caerdh_short_spear_handle_b	metamesh	-	dunland	caerdh	weapon	-	b	dunland_weapons	dunland_weapons/dunland_caerdh_weapons_b_geo.tpac	Y	parsed
dunland_caerdh_short_spear_handle_c	metamesh	-	dunland	caerdh	weapon	-	c	dunland_weapons	dunland_weapons/dunland_caerdh_weapons_b_geo.tpac	Y	parsed
dunland_caerdh_short_spear_handle_d	metamesh	-	dunland	caerdh	weapon	-	d	dunland_weapons	dunland_weapons/dunland_caerdh_weapons_b_geo.tpac	Y	parsed
dunland_caerdh_spear_handle_a	metamesh	-	dunland	caerdh	weapon	-	a	dunland_weapons	dunland_weapons/dunland_caerdh_weapons_b_geo.tpac	Y	parsed
dunland_caerdh_spear_handle_b	metamesh	-	dunland	caerdh	weapon	-	b	dunland_weapons	dunland_weapons/dunland_caerdh_weapons_b_geo.tpac	Y	parsed
dunland_caerdh_spear_handle_c	metamesh	-	dunland	caerdh	weapon	-	c	dunland_weapons	dunland_weapons/dunland_caerdh_weapons_b_geo.tpac	Y	parsed
dunland_caerdh_spear_handle_d	metamesh	-	dunland	caerdh	weapon	-	d	dunland_weapons	dunland_weapons/dunland_caerdh_weapons_b_geo.tpac	Y	parsed
dunland_caerdh_spear_handle_e	metamesh	-	dunland	caerdh	weapon	-	e	dunland_weapons	dunland_weapons/dunland_caerdh_weapons_b_geo.tpac	Y	parsed
dunland_caerdh_spear_handle_f	metamesh	-	dunland	caerdh	weapon	-	f	dunland_weapons	dunland_weapons/dunland_caerdh_weapons_b_geo.tpac	Y	parsed
dunland_caerdh_spear_handle_g	metamesh	-	dunland	caerdh	weapon	-	g	dunland_weapons	dunland_weapons/dunland_caerdh_weapons_b_geo.tpac	Y	parsed
dunland_caerdh_spear_handle_h	metamesh	-	dunland	caerdh	weapon	-	h	dunland_weapons	dunland_weapons/dunland_caerdh_weapons_b_geo.tpac	Y	parsed
dunland_caerdh_spear_handle_i	metamesh	-	dunland	caerdh	weapon	-	i	dunland_weapons	dunland_weapons/dunland_caerdh_weapons_b_geo.tpac	Y	parsed
dunland_caerdh_spear_head_a	metamesh	-	dunland	caerdh	weapon	-	a	dunland_weapons	dunland_weapons/dunland_caerdh_weapons_b_geo.tpac	Y	parsed
dunland_caerdh_spear_head_b	metamesh	-	dunland	caerdh	weapon	-	b	dunland_weapons	dunland_weapons/dunland_caerdh_weapons_b_geo.tpac	Y	parsed
dunland_caerdh_spear_head_c	metamesh	-	dunland	caerdh	weapon	-	c	dunland_weapons	dunland_weapons/dunland_caerdh_weapons_b_geo.tpac	Y	parsed
dunland_caerdh_spear_head_d	metamesh	-	dunland	caerdh	weapon	-	d	dunland_weapons	dunland_weapons/dunland_caerdh_weapons_b_geo.tpac	Y	parsed
dunland_caerdh_spear_head_e	metamesh	-	dunland	caerdh	weapon	-	e	dunland_weapons	dunland_weapons/dunland_caerdh_weapons_b_geo.tpac	Y	parsed
dunland_caerdh_sword_blade_2h_a	metamesh	-	dunland	caerdh	weapon	-	a	dunland_weapons	dunland_weapons/dunland_caerdh_weapons_a_geo.tpac	Y	parsed
dunland_caerdh_sword_guard_2h_a	metamesh	-	dunland	caerdh	weapon	-	a	dunland_weapons	dunland_weapons/dunland_caerdh_weapons_a_geo.tpac	Y	parsed
dunland_caerdh_sword_handle_2h_a	metamesh	-	dunland	caerdh	weapon	-	a	dunland_weapons	dunland_weapons/dunland_caerdh_weapons_a_geo.tpac	Y	parsed
dunland_caerdh_sword_pommel_2h_a	metamesh	-	dunland	caerdh	weapon	-	a	dunland_weapons	dunland_weapons/dunland_caerdh_weapons_a_geo.tpac	Y	parsed
dunland_prop_wulf_bag_a	metamesh	-	dunland	-	prop	-	a	dunland_weapons	dunland_weapons/dunland_wulf_props_a_geo.tpac	N	parsed
dunland_prop_wulf_bag_b	metamesh	-	dunland	-	prop	-	b	dunland_weapons	dunland_weapons/dunland_wulf_props_a_geo.tpac	N	parsed
dunland_prop_wulf_bag_c	metamesh	-	dunland	-	prop	-	c	dunland_weapons	dunland_weapons/dunland_wulf_props_a_geo.tpac	N	parsed
dunland_prop_wulf_belt_a	metamesh	-	dunland	-	prop	-	a	dunland_weapons	dunland_weapons/dunland_wulf_props_a_geo.tpac	N	parsed
dunland_prop_wulf_bottle_pouch_a	metamesh	-	dunland	-	prop	-	a	dunland_weapons	dunland_weapons/dunland_wulf_props_a_geo.tpac	N	parsed
dunland_prop_wulf_horn_a	metamesh	-	dunland	-	prop	-	a	dunland_weapons	dunland_weapons/dunland_wulf_props_a_geo.tpac	N	parsed
dunland_prop_wulf_horn_b	metamesh	-	dunland	-	prop	-	b	dunland_weapons	dunland_weapons/dunland_wulf_props_a_geo.tpac	N	parsed
dunland_wulf_boots_heavy_a	metamesh	-	dunland	wulf	boots	heavy	a	dunland_armors_wulf	dunland_armors_wulf/dunland_wulf_boots_heavy_a_geo.tpac	Y	parsed
dunland_wulf_boots_heavy_b	metamesh	-	dunland	wulf	boots	heavy	b	dunland_armors_wulf	dunland_armors_wulf/dunland_wulf_boots_heavy_b_geo.tpac	Y	parsed
dunland_wulf_boots_heavy_c	metamesh	-	dunland	wulf	boots	heavy	c	dunland_armors_wulf	dunland_armors_wulf/dunland_wulf_boots_heavy_c_geo.tpac	Y	parsed
dunland_wulf_boots_heavy_d	metamesh	-	dunland	wulf	boots	heavy	d	dunland_armors_wulf	dunland_armors_wulf/dunland_wulf_boots_heavy_d_geo.tpac	Y	parsed
dunland_wulf_boots_heavy_e	metamesh	-	dunland	wulf	boots	heavy	e	dunland_armors_wulf	dunland_armors_wulf/dunland_wulf_boots_heavy_e_geo.tpac	Y	parsed
dunland_wulf_boots_heavy_f	metamesh	-	dunland	wulf	boots	heavy	f	dunland_armors_wulf	dunland_armors_wulf/dunland_wulf_boots_heavy_f_geo.tpac	Y	parsed
dunland_wulf_boots_light_a	metamesh	-	dunland	wulf	boots	light	a	dunland_armors_wulf	dunland_armors_wulf/dunland_wulf_boots_light_a_geo.tpac	Y	parsed
dunland_wulf_boots_light_b	metamesh	-	dunland	wulf	boots	light	b	dunland_armors_wulf	dunland_armors_wulf/dunland_wulf_boots_light_b_geo.tpac	Y	parsed
dunland_wulf_boots_light_c	metamesh	-	dunland	wulf	boots	light	c	dunland_armors_wulf	dunland_armors_wulf/dunland_wulf_boots_light_c_geo.tpac	Y	parsed
dunland_wulf_boots_medium_a	metamesh	-	dunland	wulf	boots	medium	a	dunland_armors_wulf	dunland_armors_wulf/dunland_wulf_boots_medium_a_geo.tpac	Y	parsed
dunland_wulf_boots_medium_b	metamesh	-	dunland	wulf	boots	medium	b	dunland_armors_wulf	dunland_armors_wulf/dunland_wulf_boots_medium_b_geo.tpac	Y	parsed
dunland_wulf_boots_medium_c	metamesh	-	dunland	wulf	boots	medium	c	dunland_armors_wulf	dunland_armors_wulf/dunland_wulf_boots_medium_c_geo.tpac	Y	parsed
dunland_wulf_boots_medium_d	metamesh	-	dunland	wulf	boots	medium	d	dunland_armors_wulf	dunland_armors_wulf/dunland_wulf_boots_medium_d_geo.tpac	Y	parsed
dunland_wulf_boots_medium_e	metamesh	-	dunland	wulf	boots	medium	e	dunland_armors_wulf	dunland_armors_wulf/dunland_wulf_boots_medium_e_geo.tpac	Y	parsed
dunland_wulf_boots_medium_f	metamesh	-	dunland	wulf	boots	medium	f	dunland_armors_wulf	dunland_armors_wulf/dunland_wulf_boots_medium_f_geo.tpac	Y	parsed
dunland_wulf_bracer_heavy_a	metamesh	-	dunland	wulf	bracer	heavy	a	dunland_armors_wulf	dunland_armors_wulf/dunland_wulf_bracer_heavy_a_game_geo.tpac	Y	parsed
dunland_wulf_bracer_heavy_b	metamesh	-	dunland	wulf	bracer	heavy	b	dunland_armors_wulf	dunland_armors_wulf/dunland_wulf_bracer_heavy_b_game_geo.tpac	Y	parsed
dunland_wulf_bracer_heavy_c	metamesh	-	dunland	wulf	bracer	heavy	c	dunland_armors_wulf	dunland_armors_wulf/dunland_wulf_bracer_heavy_c_game_geo.tpac	Y	parsed
dunland_wulf_bracer_heavy_d	metamesh	-	dunland	wulf	bracer	heavy	d	dunland_armors_wulf	dunland_armors_wulf/dunland_wulf_bracer_heavy_d_game_geo.tpac	Y	parsed
dunland_wulf_bracer_heavy_e	metamesh	-	dunland	wulf	bracer	heavy	e	dunland_armors_wulf	dunland_armors_wulf/dunland_wulf_bracer_heavy_e_game_geo.tpac	Y	parsed
dunland_wulf_bracer_heavy_f	metamesh	-	dunland	wulf	bracer	heavy	f	dunland_armors_wulf	dunland_armors_wulf/dunland_wulf_bracer_heavy_f_game_geo.tpac	Y	parsed
dunland_wulf_bracer_light_a	metamesh	-	dunland	wulf	bracer	light	a	dunland_armors_wulf	dunland_armors_wulf/dunland_wulf_bracer_light_a_game_geo.tpac	Y	parsed
dunland_wulf_bracer_light_b	metamesh	-	dunland	wulf	bracer	light	b	dunland_armors_wulf	dunland_armors_wulf/dunland_wulf_bracer_light_b_game_geo.tpac	Y	parsed
dunland_wulf_bracer_light_c	metamesh	-	dunland	wulf	bracer	light	c	dunland_armors_wulf	dunland_armors_wulf/dunland_wulf_bracer_light_c_game_geo.tpac	Y	parsed
dunland_wulf_bracer_medium_a	metamesh	-	dunland	wulf	bracer	medium	a	dunland_armors_wulf	dunland_armors_wulf/dunland_wulf_bracer_medium_a_game_geo.tpac	Y	parsed
dunland_wulf_bracer_medium_b	metamesh	-	dunland	wulf	bracer	medium	b	dunland_armors_wulf	dunland_armors_wulf/dunland_wulf_bracer_medium_b_game_geo.tpac	Y	parsed
dunland_wulf_bracer_medium_c	metamesh	-	dunland	wulf	bracer	medium	c	dunland_armors_wulf	dunland_armors_wulf/dunland_wulf_bracer_medium_c_game_geo.tpac	Y	parsed
dunland_wulf_bracer_medium_d	metamesh	-	dunland	wulf	bracer	medium	d	dunland_armors_wulf	dunland_armors_wulf/dunland_wulf_bracer_medium_d_game_geo.tpac	Y	parsed
dunland_wulf_bracer_medium_e	metamesh	-	dunland	wulf	bracer	medium	e	dunland_armors_wulf	dunland_armors_wulf/dunland_wulf_bracer_medium_e_game_geo.tpac	Y	parsed
dunland_wulf_bracer_medium_f	metamesh	-	dunland	wulf	bracer	medium	f	dunland_armors_wulf	dunland_armors_wulf/dunland_wulf_bracer_medium_f_game_geo.tpac	Y	parsed
dunland_wulf_cape_long_a	metamesh	-	dunland	wulf	cape	-	a	dunland_armors_wulf	dunland_armors_wulf/dunland_wulf_cape_long_a_geo.tpac	Y	parsed
dunland_wulf_cape_long_b	metamesh	-	dunland	wulf	cape	-	b	dunland_armors_wulf	dunland_armors_wulf/dunland_wulf_cape_long_b_geo.tpac	Y	parsed
dunland_wulf_cape_short_a	metamesh	-	dunland	wulf	cape	-	a	dunland_armors_wulf	dunland_armors_wulf/dunland_wulf_cape_short_a_geo.tpac	Y	parsed
dunland_wulf_cape_short_b	metamesh	-	dunland	wulf	cape	-	b	dunland_armors_wulf	dunland_armors_wulf/dunland_wulf_cape_short_b_geo.tpac	Y	parsed
dunland_wulf_helmet_elite_a	metamesh	-	dunland	wulf	helmet	elite	a	dunland_armors_wulf	dunland_armors_wulf/dunland_wulf_helmet_elite_a_geo.tpac	Y	parsed
dunland_wulf_helmet_elite_b	metamesh	-	dunland	wulf	helmet	elite	b	dunland_armors_wulf	dunland_armors_wulf/dunland_wulf_helmet_elite_b_geo.tpac	Y	parsed
dunland_wulf_helmet_elite_c	metamesh	-	dunland	wulf	helmet	elite	c	dunland_armors_wulf	dunland_armors_wulf/dunland_wulf_helmet_elite_c_game_geo.tpac	Y	parsed
dunland_wulf_helmet_elite_d	metamesh	-	dunland	wulf	helmet	elite	d	dunland_armors_wulf	dunland_armors_wulf/dunland_wulf_helmet_elite_d_game_geo.tpac	Y	parsed
dunland_wulf_helmet_elite_e	metamesh	-	dunland	wulf	helmet	elite	e	dunland_armors_wulf	dunland_armors_wulf/dunland_wulf_helmet_elite_e_geo.tpac	Y	parsed
dunland_wulf_helmet_elite_f	metamesh	-	dunland	wulf	helmet	elite	f	dunland_armors_wulf	dunland_armors_wulf/dunland_wulf_helmet_elite_f_game_geo.tpac	Y	parsed
dunland_wulf_helmet_heavy_a	metamesh	-	dunland	wulf	helmet	heavy	a	dunland_armors_wulf	dunland_armors_wulf/dunland_wulf_helmet_heavy_a_game_geo.tpac	Y	parsed
dunland_wulf_helmet_heavy_b	metamesh	-	dunland	wulf	helmet	heavy	b	dunland_armors_wulf	dunland_armors_wulf/dunland_wulf_helmet_heavy_b_geo.tpac	Y	parsed
dunland_wulf_helmet_heavy_c	metamesh	-	dunland	wulf	helmet	heavy	c	dunland_armors_wulf	dunland_armors_wulf/dunland_wulf_helmet_heavy_c_game_geo.tpac	Y	parsed
dunland_wulf_helmet_heavy_d	metamesh	-	dunland	wulf	helmet	heavy	d	dunland_armors_wulf	dunland_armors_wulf/dunland_wulf_helmet_heavy_d_game_geo.tpac	Y	parsed
dunland_wulf_helmet_heavy_e	metamesh	-	dunland	wulf	helmet	heavy	e	dunland_armors_wulf	dunland_armors_wulf/dunland_wulf_helmet_heavy_e_game_geo.tpac	Y	parsed
dunland_wulf_helmet_heavy_f	metamesh	-	dunland	wulf	helmet	heavy	f	dunland_armors_wulf	dunland_armors_wulf/dunland_wulf_helmet_heavy_f_game_geo.tpac	Y	parsed
dunland_wulf_helmet_lord_a	metamesh	-	dunland	wulf	helmet	lord	a	dunland_armors_wulf	dunland_armors_wulf/dunland_wulf_helmet_lord_a_geo.tpac	Y	parsed
dunland_wulf_helmet_lord_b	metamesh	-	dunland	wulf	helmet	lord	b	dunland_armors_wulf	dunland_armors_wulf/dunland_wulf_helmet_lord_b_geo.tpac	Y	parsed
dunland_wulf_helmet_lord_c	metamesh	-	dunland	wulf	helmet	lord	c	dunland_armors_wulf	dunland_armors_wulf/dunland_wulf_helmet_lord_c_game_geo.tpac	Y	parsed
dunland_wulf_helmet_lord_d	metamesh	-	dunland	wulf	helmet	lord	d	dunland_armors_wulf	dunland_armors_wulf/dunland_wulf_helmet_lord_d_game_geo.tpac	Y	parsed
dunland_wulf_helmet_lord_e	metamesh	-	dunland	wulf	helmet	lord	e	dunland_armors_wulf	dunland_armors_wulf/dunland_wulf_helmet_lord_e_game_geo.tpac	Y	parsed
dunland_wulf_helmet_lord_f	metamesh	-	dunland	wulf	helmet	lord	f	dunland_armors_wulf	dunland_armors_wulf/dunland_wulf_helmet_lord_f_game_geo.tpac	Y	parsed
dunland_wulf_helmet_medium_a	metamesh	-	dunland	wulf	helmet	medium	a	dunland_armors_wulf	dunland_armors_wulf/dunland_wulf_helmet_medium_a_game_geo.tpac	Y	parsed
dunland_wulf_helmet_medium_b	metamesh	-	dunland	wulf	helmet	medium	b	dunland_armors_wulf	dunland_armors_wulf/dunland_wulf_helmet_medium_b_game_geo.tpac	Y	parsed
dunland_wulf_pauldron_cape_a	metamesh	-	dunland	wulf	pauldron	-	a	dunland_armors_wulf	dunland_armors_wulf/dunland_wulf_pauldron_cape_a_geo.tpac	Y	parsed
dunland_wulf_pauldron_cape_b	metamesh	-	dunland	wulf	pauldron	-	b	dunland_armors_wulf	dunland_armors_wulf/dunland_wulf_pauldron_cape_b_geo.tpac	Y	parsed
dunland_wulf_pauldron_cape_c	metamesh	-	dunland	wulf	pauldron	-	c	dunland_armors_wulf	dunland_armors_wulf/dunland_wulf_pauldron_cape_c_geo.tpac	Y	parsed
dunland_wulf_pauldron_cape_d	metamesh	-	dunland	wulf	pauldron	-	d	dunland_armors_wulf	dunland_armors_wulf/dunland_wulf_pauldron_cape_d_geo.tpac	Y	parsed
dunland_wulf_pauldron_cape_short_a	metamesh	-	dunland	wulf	pauldron	-	a	dunland_armors_wulf	dunland_armors_wulf/dunland_wulf_pauldron_cape_short_a_geo.tpac	Y	parsed
dunland_wulf_pauldron_cape_short_b	metamesh	-	dunland	wulf	pauldron	-	b	dunland_armors_wulf	dunland_armors_wulf/dunland_wulf_pauldron_cape_short_b_geo.tpac	Y	parsed
dunland_wulf_pauldron_cape_short_c	metamesh	-	dunland	wulf	pauldron	-	c	dunland_armors_wulf	dunland_armors_wulf/dunland_wulf_pauldron_cape_short_c_geo.tpac	Y	parsed
dunland_wulf_pauldron_cape_short_d	metamesh	-	dunland	wulf	pauldron	-	d	dunland_armors_wulf	dunland_armors_wulf/dunland_wulf_pauldron_cape_short_d_geo.tpac	Y	parsed
dunland_wulf_scalemail_elite_a	metamesh	-	dunland	wulf	chest	elite	a	dunland_armors_wulf	dunland_armors_wulf/SK_DL_Wulf_Chest_A_geo.tpac	Y	parsed
dunland_wulf_scalemail_elite_b	metamesh	-	dunland	wulf	chest	elite	b	dunland_armors_wulf	dunland_armors_wulf/SK_DL_Wulf_Chest_A_geo.tpac	Y	parsed
dunland_wulf_scalemail_elite_c	metamesh	-	dunland	wulf	chest	elite	c	dunland_armors_wulf	dunland_armors_wulf/SK_DL_Wulf_Chest_A_geo.tpac	Y	parsed
dunland_wulf_scalemail_elite_d	metamesh	-	dunland	wulf	chest	elite	d	dunland_armors_wulf	dunland_armors_wulf/SK_DL_Wulf_Chest_A_geo.tpac	Y	parsed
dunland_wulf_scalemail_elite_e	metamesh	-	dunland	wulf	chest	elite	e	dunland_armors_wulf	dunland_armors_wulf/SK_DL_Wulf_Chest_A_geo.tpac	Y	parsed
dunland_wulf_scalemail_elite_f	metamesh	-	dunland	wulf	chest	elite	f	dunland_armors_wulf	dunland_armors_wulf/SK_DL_Wulf_Chest_A_geo.tpac	Y	parsed
dunland_wulf_scalemail_heavy_a	metamesh	-	dunland	wulf	chest	heavy	a	dunland_armors_wulf	dunland_armors_wulf/SK_DL_Wulf_Chest_A_geo.tpac	Y	parsed
dunland_wulf_scalemail_heavy_b	metamesh	-	dunland	wulf	chest	heavy	b	dunland_armors_wulf	dunland_armors_wulf/SK_DL_Wulf_Chest_A_geo.tpac	Y	parsed
dunland_wulf_scalemail_heavy_c	metamesh	-	dunland	wulf	chest	heavy	c	dunland_armors_wulf	dunland_armors_wulf/SK_DL_Wulf_Chest_A_geo.tpac	Y	parsed
dunland_wulf_scalemail_heavy_d	metamesh	-	dunland	wulf	chest	heavy	d	dunland_armors_wulf	dunland_armors_wulf/SK_DL_Wulf_Chest_A_geo.tpac	Y	parsed
dunland_wulf_scalemail_heavy_e	metamesh	-	dunland	wulf	chest	heavy	e	dunland_armors_wulf	dunland_armors_wulf/SK_DL_Wulf_Chest_A_geo.tpac	Y	parsed
dunland_wulf_scalemail_heavy_f	metamesh	-	dunland	wulf	chest	heavy	f	dunland_armors_wulf	dunland_armors_wulf/SK_DL_Wulf_Chest_A_geo.tpac	Y	parsed
dunland_wulf_scalemail_light_a	metamesh	-	dunland	wulf	chest	light	a	dunland_armors_wulf	dunland_armors_wulf/SK_DL_Wulf_Chest_A_geo.tpac	Y	parsed
dunland_wulf_scalemail_light_b	metamesh	-	dunland	wulf	chest	light	b	dunland_armors_wulf	dunland_armors_wulf/SK_DL_Wulf_Chest_A_geo.tpac	Y	parsed
dunland_wulf_scalemail_lord_a	metamesh	-	dunland	wulf	chest	lord	a	dunland_armors_wulf	dunland_armors_wulf/SK_DL_Wulf_Chest_A_geo.tpac	Y	parsed
dunland_wulf_scalemail_lord_b	metamesh	-	dunland	wulf	chest	lord	b	dunland_armors_wulf	dunland_armors_wulf/SK_DL_Wulf_Chest_A_geo.tpac	Y	parsed
dunland_wulf_scalemail_lord_c	metamesh	-	dunland	wulf	chest	lord	c	dunland_armors_wulf	dunland_armors_wulf/SK_DL_Wulf_Chest_A_geo.tpac	Y	parsed
dunland_wulf_scalemail_lord_d	metamesh	-	dunland	wulf	chest	lord	d	dunland_armors_wulf	dunland_armors_wulf/SK_DL_Wulf_Chest_A_geo.tpac	Y	parsed
dunland_wulf_shield_heavy_a	metamesh	-	dunland	wulf	shield	heavy	a	dunland_weapons	dunland_weapons/dunland_wulf_shields_geo.tpac	Y	parsed
dunland_wulf_shield_heavy_b	metamesh	-	dunland	wulf	shield	heavy	b	dunland_weapons	dunland_weapons/dunland_wulf_shields_geo.tpac	Y	parsed
dunland_wulf_shield_heavy_c	metamesh	-	dunland	wulf	shield	heavy	c	dunland_weapons	dunland_weapons/dunland_wulf_shields_geo.tpac	Y	parsed
dunland_wulf_shield_heavy_d	metamesh	-	dunland	wulf	shield	heavy	d	dunland_weapons	dunland_weapons/dunland_wulf_shields_geo.tpac	Y	parsed
dunland_wulf_shield_heavy_e	metamesh	-	dunland	wulf	shield	heavy	e	dunland_weapons	dunland_weapons/dunland_wulf_shields_geo.tpac	Y	parsed
dunland_wulf_shield_heavy_f	metamesh	-	dunland	wulf	shield	heavy	f	dunland_weapons	dunland_weapons/dunland_wulf_shields_geo.tpac	Y	parsed
dunland_wulf_shield_light_a	metamesh	-	dunland	wulf	shield	light	a	dunland_weapons	dunland_weapons/dunland_wulf_shields_geo.tpac	Y	parsed
dunland_wulf_shield_light_b	metamesh	-	dunland	wulf	shield	light	b	dunland_weapons	dunland_weapons/dunland_wulf_shields_geo.tpac	Y	parsed
dunland_wulf_shield_light_c	metamesh	-	dunland	wulf	shield	light	c	dunland_weapons	dunland_weapons/dunland_wulf_shields_geo.tpac	Y	parsed
dunland_wulf_shield_light_d	metamesh	-	dunland	wulf	shield	light	d	dunland_weapons	dunland_weapons/dunland_wulf_shields_geo.tpac	Y	parsed
dunland_wulf_shield_light_e	metamesh	-	dunland	wulf	shield	light	e	dunland_weapons	dunland_weapons/dunland_wulf_shields_geo.tpac	Y	parsed
dunland_wulf_shield_light_f	metamesh	-	dunland	wulf	shield	light	f	dunland_weapons	dunland_weapons/dunland_wulf_shields_geo.tpac	Y	parsed
dunland_wulf_shield_medium_a	metamesh	-	dunland	wulf	shield	medium	a	dunland_weapons	dunland_weapons/dunland_wulf_shields_geo.tpac	Y	parsed
dunland_wulf_shield_medium_b	metamesh	-	dunland	wulf	shield	medium	b	dunland_weapons	dunland_weapons/dunland_wulf_shields_geo.tpac	Y	parsed
dunland_wulf_shield_medium_c	metamesh	-	dunland	wulf	shield	medium	c	dunland_weapons	dunland_weapons/dunland_wulf_shields_geo.tpac	Y	parsed
dunland_wulf_shield_medium_d	metamesh	-	dunland	wulf	shield	medium	d	dunland_weapons	dunland_weapons/dunland_wulf_shields_geo.tpac	Y	parsed
dunland_wulf_shield_medium_e	metamesh	-	dunland	wulf	shield	medium	e	dunland_weapons	dunland_weapons/dunland_wulf_shields_geo.tpac	Y	parsed
dunland_wulf_shield_medium_f	metamesh	-	dunland	wulf	shield	medium	f	dunland_weapons	dunland_weapons/dunland_wulf_shields_geo.tpac	Y	parsed
dwarf_hair_a	metamesh	-	dwarf	-	hair	-	a	Race Test	Race Test/Hair/Dwarf_Hairs_geo.tpac	N	parsed
dwarf_hair_b	metamesh	-	dwarf	-	hair	-	b	Race Test	Race Test/Hair/Dwarf_Hairs_geo.tpac	N	parsed
dwarf_hair_c	metamesh	-	dwarf	-	hair	-	c	Race Test	Race Test/Hair/Dwarf_Hairs_geo.tpac	N	parsed
dwarf_hair_d	metamesh	-	dwarf	-	hair	-	d	Race Test	Race Test/Hair/Dwarf_Hairs_geo.tpac	N	parsed
dwarf_hair_e	metamesh	-	dwarf	-	hair	-	e	Race Test	Race Test/Hair/Dwarf_Hairs_geo.tpac	N	parsed
dwarf_hair_f	metamesh	-	dwarf	-	hair	-	f	Race Test	Race Test/Hair/Dwarf_Hairs_SecondBatch_geo.tpac	N	parsed
dwarf_hair_g	metamesh	-	dwarf	-	hair	-	g	Race Test	Race Test/Hair/Dwarf_Hairs_SecondBatch_geo.tpac	N	parsed
dwarf_hair_h	metamesh	-	dwarf	-	hair	-	h	Race Test	Race Test/Hair/Dwarf_Hairs_SecondBatch_geo.tpac	N	parsed
dwarf_hair_i	metamesh	-	dwarf	-	hair	-	i	Race Test	Race Test/Hair/Dwarf_Hairs_SecondBatch_geo.tpac	N	parsed
dwarf_hair_j	metamesh	-	dwarf	-	hair	-	j	Race Test	Race Test/Hair/Dwarf_Hairs_SecondBatch_geo.tpac	N	parsed
elephant_mesh	metamesh	-	creature	-	body	-	-	creature	creature/elephant/mesh/adod_elephant_geo.tpac	Y	parsed
elephant_mesh_unused	metamesh	-	creature	mesh	body	-	-	creature	creature/elephant/mesh/SK_Elephant_Armor_t1_geo.tpac	N	parsed
erkenbrand_boots	metamesh	-	rohan	-	boots	-	-	rohan_assets	rohan_assets/erkenbrand/erkenbrand_geo.tpac	Y	parsed
erkenbrand_glove	metamesh	-	rohan	-	bracer	-	-	rohan_assets	rohan_assets/erkenbrand/erkenbrand_geo.tpac	Y	parsed
erkenbrand_helmet	metamesh	-	rohan	-	helmet	-	-	rohan_assets	rohan_assets/erkenbrand/erkenbrand_geo.tpac	Y	parsed
erkenbrand_shoulder	metamesh	-	rohan	-	pauldron	-	-	rohan_assets	rohan_assets/erkenbrand/erkenbrand_geo.tpac	Y	parsed
erkenbrand_torso	metamesh	-	rohan	-	chest	-	-	rohan_assets	rohan_assets/erkenbrand/erkenbrand_geo.tpac	Y	parsed
faramir_armor	metamesh	-	gondor	-	chest	-	-	gondor_assets	gondor_assets/ithilien_rangers/ithilien_rangers_geo.tpac	Y	parsed
faramir_armor_slim	metamesh	-	gondor	-	chest	-	-	gondor_assets	gondor_assets/ithilien_rangers/ithilien_rangers_geo.tpac	SLIM	parsed
faramir_bracers	metamesh	-	gondor	-	bracer	-	-	gondor_assets	gondor_assets/ithilien_rangers/ithilien_rangers_geo.tpac	Y	parsed
gondor_horse_plate_armor	metamesh	-	gondor	-	barding	-	-	gondor_barding	gondor_barding/gondor_horse_plate_armor_geo.tpac	N	parsed
gondor_king_crown	metamesh	-	gondor	king	helmet	-	-	gondor_assets	gondor_assets/old_assets/gondor_crown_a_geo.tpac	Y	parsed
gondor_noble_coat_a	metamesh	-	gondor	-	chest	noble	a	gondor_assets	gondor_assets/boromir/boromir_rigged_geo.tpac	Y	parsed
gondor_noble_coat_a_slim	metamesh	-	gondor	-	chest	noble	-	gondor_assets	gondor_assets/boromir/boromir_rigged_geo.tpac	SLIM	parsed
gondor_noble_coat_b	metamesh	-	gondor	-	chest	noble	b	gondor_assets	gondor_assets/boromir/boromir_rigged_geo.tpac	Y	parsed
gondor_noble_coat_b_slim	metamesh	-	gondor	-	chest	noble	-	gondor_assets	gondor_assets/boromir/boromir_rigged_geo.tpac	SLIM	parsed
gondor_noble_jerkin_a	metamesh	-	gondor	-	chest	noble	a	gondor_assets	gondor_assets/boromir/boromir_rigged_geo.tpac	Y	parsed
gondor_noble_jerkin_a_slim	metamesh	-	gondor	-	chest	noble	-	gondor_assets	gondor_assets/boromir/boromir_rigged_geo.tpac	SLIM	parsed
gondor_noble_jerkin_b	metamesh	-	gondor	-	chest	noble	b	gondor_assets	gondor_assets/boromir/boromir_rigged_geo.tpac	Y	parsed
gondor_noble_jerkin_b_slim	metamesh	-	gondor	-	chest	noble	-	gondor_assets	gondor_assets/boromir/boromir_rigged_geo.tpac	SLIM	parsed
gondor_steelbow_a	metamesh	-	gondor	-	weapon	-	a	arnor_weapons	arnor_weapons/numenorean_steelbow_a_geo.tpac	Y	parsed
harad03_boots	metamesh	-	harad	-	boots	-	-	harad	harad/Harad3/harad3_geo.tpac	Y	parsed
harad03_cape	metamesh	-	harad	-	cape	-	-	harad	harad/Harad3/harad3_geo.tpac	Y	parsed
harad03_glove	metamesh	-	harad	-	bracer	-	-	harad	harad/Harad3/harad3_geo.tpac	Y	parsed
harad03_helmet	metamesh	-	harad	-	helmet	-	-	harad	harad/Harad3/harad3_geo.tpac	Y	parsed
harad03_torso	metamesh	-	harad	-	chest	-	-	harad	harad/Harad3/harad3_geo.tpac	Y	parsed
harad04_body	metamesh	-	harad	-	body	-	-	harad	harad/harad4/harad04_geo.tpac	Y	parsed
harad04_boots	metamesh	-	harad	-	boots	-	-	harad	harad/harad4/harad04_geo.tpac	Y	parsed
harad04_cape	metamesh	-	harad	-	cape	-	-	harad	harad/harad4/harad04_geo.tpac	Y	parsed
harad04_glove	metamesh	-	harad	-	bracer	-	-	harad	harad/harad4/harad04_geo.tpac	Y	parsed
harad04_helmet	metamesh	-	harad	-	helmet	-	-	harad	harad/harad4/harad04_geo.tpac	Y	parsed
harad05_v1_boots	metamesh	-	harad	-	boots	-	-	harad	harad/harad5/harad5_geo.tpac	Y	parsed
harad05_v1_cape	metamesh	-	harad	-	cape	-	-	harad	harad/harad5/harad5_geo.tpac	Y	parsed
harad05_v1_gloves	metamesh	-	harad	-	bracer	-	-	harad	harad/harad5/harad5_geo.tpac	Y	parsed
harad05_v1_helmet	metamesh	-	harad	-	helmet	-	-	harad	harad/harad5/harad5_geo.tpac	Y	parsed
harad05_v1_torso	metamesh	-	harad	-	chest	-	-	harad	harad/harad5/harad5_geo.tpac	Y	parsed
harad05_v2_boots	metamesh	-	harad	-	boots	-	-	harad	harad/harad5/harad5v2_geo.tpac	Y	parsed
harad05_v2_cape	metamesh	-	harad	-	cape	-	-	harad	harad/harad5/harad5v2_geo.tpac	Y	parsed
harad05_v2_torso	metamesh	-	harad	-	chest	-	-	harad	harad/harad5/harad5v2_geo.tpac	Y	parsed
harad05_v3_boots	metamesh	-	harad	-	boots	-	-	harad	harad/harad5/harad5v3_geo.tpac	Y	parsed
harad05_v3_cape	metamesh	-	harad	-	cape	-	-	harad	harad/harad5/harad5v3_geo.tpac	Y	parsed
harad05_v3_torso	metamesh	-	harad	-	chest	-	-	harad	harad/harad5/harad5v3_geo.tpac	Y	parsed
harad05_v4_boots	metamesh	-	harad	-	boots	-	-	harad	harad/harad5/harad5v4_geo.tpac	Y	parsed
harad05_v4_cape	metamesh	-	harad	-	cape	-	-	harad	harad/harad5/harad5v4_geo.tpac	Y	parsed
harad05_v4_torso	metamesh	-	harad	-	chest	-	-	harad	harad/harad5/harad5v4_geo.tpac	Y	parsed
harad06_v1_boots	metamesh	-	harad	-	boots	-	-	harad	harad/harad6/harad06_geo.tpac	Y	parsed
harad06_v1_cape	metamesh	-	harad	-	cape	-	-	harad	harad/harad6/harad06_geo.tpac	Y	parsed
harad06_v1_glove	metamesh	-	harad	-	bracer	-	-	harad	harad/harad6/harad06_geo.tpac	Y	parsed
harad06_v1_helmet	metamesh	-	harad	-	helmet	-	-	harad	harad/harad6/harad06_geo.tpac	Y	parsed
harad06_v1_torso	metamesh	-	harad	-	chest	-	-	harad	harad/harad6/harad06_geo.tpac	Y	parsed
harad07_boots	metamesh	-	harad	-	boots	-	-	harad	harad/harad7/harad07_geo.tpac	Y	parsed
harad07_cape	metamesh	-	harad	-	cape	-	-	harad	harad/harad7/harad07_geo.tpac	Y	parsed
harad07_glove	metamesh	-	harad	-	bracer	-	-	harad	harad/harad7/harad07_geo.tpac	Y	parsed
harad07_helmet	metamesh	-	harad	-	helmet	-	-	harad	harad/harad7/harad07_geo.tpac	Y	parsed
harad07_torso	metamesh	-	harad	-	chest	-	-	harad	harad/harad7/harad07_geo.tpac	Y	parsed
harad08_boots	metamesh	-	harad	-	boots	-	-	harad	harad/harad8/harad08_geo.tpac	Y	parsed
harad08_gloves	metamesh	-	harad	-	bracer	-	-	harad	harad/harad8/harad08_geo.tpac	Y	parsed
harad08_helmet	metamesh	-	harad	-	helmet	-	-	harad	harad/harad8/harad08_geo.tpac	Y	parsed
harad08_torso	metamesh	-	harad	-	chest	-	-	harad	harad/harad8/harad08_geo.tpac	Y	parsed
haradrim02_boots	metamesh	-	harad	-	boots	-	-	harad	harad/Harad2/harad2_geo.tpac	Y	parsed
haradrim02_gloves	metamesh	-	harad	-	bracer	-	-	harad	harad/Harad2/harad2_geo.tpac	Y	parsed
haradrim02_head	metamesh	-	harad	-	body	-	-	harad	harad/Harad2/harad2_geo.tpac	Y	parsed
haradrim02_pauldrons	metamesh	-	harad	-	pauldron	-	-	harad	harad/Harad2/harad2_geo.tpac	Y	parsed
haradrim02_toso	metamesh	-	harad	-	chest	-	-	harad	harad/Harad2/harad2_geo.tpac	Y	parsed
haradrim02a_boots	metamesh	-	harad	-	boots	-	-	harad	harad/Harad2/harad2a_geo.tpac	N	parsed
haradrim02a_gloves	metamesh	-	harad	-	bracer	-	-	harad	harad/Harad2/harad2a_geo.tpac	Y	parsed
haradrim02a_head	metamesh	-	harad	-	body	-	-	harad	harad/Harad2/harad2a_geo.tpac	Y	parsed
haradrim02a_pauldrons	metamesh	-	harad	-	pauldron	-	-	harad	harad/Harad2/harad2a_geo.tpac	N	parsed
haradrim02a_toso	metamesh	-	harad	-	chest	-	-	harad	harad/Harad2/harad2a_geo.tpac	Y	parsed
haradrim02b_boots	metamesh	-	harad	-	boots	-	-	harad	harad/Harad2/harad2b_geo.tpac	N	parsed
haradrim02b_gloves	metamesh	-	harad	-	bracer	-	-	harad	harad/Harad2/harad2b_geo.tpac	Y	parsed
haradrim02b_head	metamesh	-	harad	-	body	-	-	harad	harad/Harad2/harad2b_geo.tpac	Y	parsed
haradrim02b_pauldrons	metamesh	-	harad	-	pauldron	-	-	harad	harad/Harad2/harad2b_geo.tpac	N	parsed
haradrim02b_toso	metamesh	-	harad	-	chest	-	-	harad	harad/Harad2/harad2b_geo.tpac	Y	parsed
haradrim02c_boots	metamesh	-	harad	-	boots	-	-	harad	harad/Harad2/harad2c_geo.tpac	N	parsed
haradrim02c_gloves	metamesh	-	harad	-	bracer	-	-	harad	harad/Harad2/harad2c_geo.tpac	Y	parsed
haradrim02c_head	metamesh	-	harad	-	body	-	-	harad	harad/Harad2/harad2c_geo.tpac	Y	parsed
haradrim02c_pauldrons	metamesh	-	harad	-	pauldron	-	-	harad	harad/Harad2/harad2c_geo.tpac	N	parsed
haradrim02c_toso	metamesh	-	harad	-	chest	-	-	harad	harad/Harad2/harad2c_geo.tpac	Y	parsed
haradrim_boots	metamesh	-	harad	-	boots	-	-	harad	harad/harad_armor_01/hrad_geo.tpac	Y	parsed
haradrim_gloves	metamesh	-	harad	-	bracer	-	-	harad	harad/harad_armor_01/hrad_geo.tpac	Y	parsed
haradrim_head	metamesh	-	harad	-	body	-	-	harad	harad/harad_armor_01/hrad_geo.tpac	Y	parsed
haradrim_torso	metamesh	-	harad	-	chest	-	-	harad	harad/harad_armor_01/hrad_geo.tpac	Y	parsed
ithilien_boots	metamesh	-	gondor	-	boots	-	-	gondor_assets	gondor_assets/ithilien_rangers/ithilien_rangers_geo.tpac	Y	parsed
ithilien_boots_heavy	metamesh	-	gondor	-	boots	heavy	-	gondor_assets	gondor_assets/ithilien_rangers/ithilien_rangers_geo.tpac	Y	parsed
ithilien_bracers	metamesh	-	gondor	-	bracer	-	-	gondor_assets	gondor_assets/ithilien_rangers/ithilien_rangers_geo.tpac	Y	parsed
ithilien_cloak	metamesh	-	gondor	-	cape	-	-	gondor_assets	gondor_assets/ithilien_rangers/ithilien_rangers_geo.tpac	Y	parsed
ithilien_cloak_var	metamesh	-	gondor	-	cape	-	-	gondor_assets	gondor_assets/ithilien_rangers/ithilien_rangers_geo.tpac	Y	parsed
ithilien_hood	metamesh	-	gondor	-	helmet	-	-	gondor_assets	gondor_assets/ithilien_rangers/ithilien_rangers_geo.tpac	Y	parsed
ithilien_hood_masked	metamesh	-	gondor	-	helmet	-	-	gondor_assets	gondor_assets/ithilien_rangers/ithilien_rangers_geo.tpac	Y	parsed
ithilien_hood_masked_var	metamesh	-	gondor	-	helmet	-	-	gondor_assets	gondor_assets/ithilien_rangers/ithilien_rangers_geo.tpac	Y	parsed
ithilien_hood_var	metamesh	-	gondor	-	helmet	-	-	gondor_assets	gondor_assets/ithilien_rangers/ithilien_rangers_geo.tpac	Y	parsed
ithilien_jerkin_long	metamesh	-	gondor	-	chest	-	-	gondor_assets	gondor_assets/ithilien_rangers/ithilien_rangers_geo.tpac	Y	parsed
ithilien_jerkin_long_slim	metamesh	-	gondor	-	chest	-	-	gondor_assets	gondor_assets/ithilien_rangers/ithilien_rangers_geo.tpac	SLIM	parsed
ithilien_jerkin_long_var	metamesh	-	gondor	-	chest	-	-	gondor_assets	gondor_assets/ithilien_rangers/ithilien_rangers_geo.tpac	Y	parsed
ithilien_jerkin_long_var_slim	metamesh	-	gondor	-	chest	-	-	gondor_assets	gondor_assets/ithilien_rangers/ithilien_rangers_geo.tpac	SLIM	parsed
ithilien_jerkin_short	metamesh	-	gondor	-	chest	-	-	gondor_assets	gondor_assets/ithilien_rangers/ithilien_rangers_geo.tpac	Y	parsed
ithilien_jerkin_short_slim	metamesh	-	gondor	-	chest	-	-	gondor_assets	gondor_assets/ithilien_rangers/ithilien_rangers_geo.tpac	SLIM	parsed
ithilien_jerkin_short_var	metamesh	-	gondor	-	chest	-	-	gondor_assets	gondor_assets/ithilien_rangers/ithilien_rangers_geo.tpac	Y	parsed
ithilien_jerkin_short_var_slim	metamesh	-	gondor	-	chest	-	-	gondor_assets	gondor_assets/ithilien_rangers/ithilien_rangers_geo.tpac	SLIM	parsed
jor_lord_brcr_fgc3	metamesh	-	rohan	-	bracer	lord	-	rohan_assets	rohan_assets/rohan_noble/jor_lord_brcr_fgc3_geo.tpac	Y	parsed
khamul_body_mesh	metamesh	-	dol_guldur	-	body	-	-	Mordor	Mordor/Khamul/Khamul_geo.tpac	Y	parsed
khamul_boots_mesh	metamesh	-	dol_guldur	-	boots	-	-	Mordor	Mordor/Khamul/Khamul_geo.tpac	Y	parsed
khamul_gloves_mesh	metamesh	-	dol_guldur	-	bracer	-	-	Mordor	Mordor/Khamul/Khamul_geo.tpac	Y	parsed
khamul_helmet_mesh	metamesh	-	dol_guldur	-	helmet	-	-	Mordor	Mordor/Khamul/Khamul_geo.tpac	Y	parsed
legolas gloves	metamesh	-	mirkwood	-	bracer	-	-	mirkwood_assets	mirkwood_assets/Legolas/Legolas_geo.tpac	Y	parsed
legolas_body	metamesh	-	mirkwood	-	body	-	-	mirkwood_assets	mirkwood_assets/Legolas/Legolas_geo.tpac	Y	parsed
legolas_boots	metamesh	-	mirkwood	-	boots	-	-	mirkwood_assets	mirkwood_assets/Legolas/Legolas_geo.tpac	Y	parsed
legolas_shoulder	metamesh	-	mirkwood	-	pauldron	-	-	mirkwood_assets	mirkwood_assets/Legolas/Legolas_geo.tpac	Y	parsed
lord_sauron_horse_armour	metamesh	-	mordor	-	barding	lord	-	horse_armor	horse_armor/Mordor/lord_sauron_horse_armour_geo.tpac	Y	parsed
lotr_troll_body	metamesh	-	creature	-	body	-	-	Race Test	Race Test/Mordor/Trolls/Cave Troll/LOME_troll_geo.tpac	Y	parsed
lotr_troll_feet	metamesh	-	creature	-	body	-	-	Race Test	Race Test/Mordor/Trolls/Cave Troll/LOME_troll_geo.tpac	Y	parsed
lotr_troll_hands	metamesh	-	creature	-	body	-	-	Race Test	Race Test/Mordor/Trolls/Cave Troll/LOME_troll_geo.tpac	Y	parsed
lotr_troll_head	metamesh	-	creature	-	body	-	-	Race Test	Race Test/Mordor/Trolls/Cave Troll/LOME_troll_geo.tpac	Y	parsed
lrd_horse_armour_1	metamesh	-	gondor	-	barding	-	1	horse_armor	horse_armor/Gondor/LRD_horse_armour_1_geo.tpac	Y	parsed
lrd_horse_armour_10	metamesh	-	rohan	-	barding	-	10	horse_armor	horse_armor/Rohan/LRD_horse_armour_10_geo.tpac	Y	parsed
lrd_horse_armour_11	metamesh	-	rohan	-	barding	-	11	horse_armor	horse_armor/Rohan/LRD_horse_armour_11_geo.tpac	Y	parsed
lrd_horse_armour_1_b	metamesh	-	gondor	-	barding	-	b	horse_armor	horse_armor/Gondor/LRD_horse_armour_1_b_geo.tpac	Y	parsed
lrd_horse_armour_2	metamesh	-	gondor	-	barding	-	2	horse_armor	horse_armor/Gondor/LRD_horse_armour_2_geo.tpac	Y	parsed
lrd_horse_armour_2_da	metamesh	-	gondor	-	barding	-	da	horse_armor	horse_armor/Gondor/LRD_horse_armour_2_geo.tpac	Y	parsed
lrd_horse_armour_2_pg	metamesh	-	gondor	-	barding	-	pg	horse_armor	horse_armor/Gondor/LRD_horse_armour_2_geo.tpac	Y	parsed
lrd_horse_armour_3	metamesh	-	gondor	-	barding	-	3	horse_armor	horse_armor/Gondor/LRD_horse_armour_3_geo.tpac	Y	parsed
lrd_horse_armour_3_da	metamesh	-	gondor	-	barding	-	da	horse_armor	horse_armor/Gondor/LRD_horse_armour_3_geo.tpac	Y	parsed
lrd_horse_armour_3_pg	metamesh	-	gondor	-	barding	-	pg	horse_armor	horse_armor/Gondor/LRD_horse_armour_3_geo.tpac	Y	parsed
lrd_horse_armour_4	metamesh	-	rhun	-	barding	-	4	horse_armor	horse_armor/Rhun/LRD_horse_armour_4_geo.tpac	Y	parsed
lrd_horse_armour_5	metamesh	-	rhun	-	barding	-	5	horse_armor	horse_armor/Rhun/LRD_horse_armour_5_geo.tpac	Y	parsed
lrd_horse_armour_5_b	metamesh	-	rhun	-	barding	-	b	horse_armor	horse_armor/Rhun/LRD_horse_armour_5_b_geo.tpac	Y	parsed
lrd_horse_armour_5_c	metamesh	-	rhun	-	barding	-	c	horse_armor	horse_armor/Rhun/LRD_horse_armour_5_c_geo.tpac	Y	parsed
lrd_horse_armour_6	metamesh	-	rohan	-	barding	-	6	horse_armor	horse_armor/Rohan/LRD_horse_armour_6_geo.tpac	Y	parsed
lrd_horse_armour_7	metamesh	-	rohan	-	barding	-	7	horse_armor	horse_armor/Rohan/LRD_horse_armour_7_geo.tpac	Y	parsed
lrd_horse_armour_8	metamesh	-	rohan	-	barding	-	8	horse_armor	horse_armor/Rohan/LRD_horse_armour_8_geo.tpac	Y	parsed
lrd_horse_armour_9	metamesh	-	rohan	-	barding	-	9	horse_armor	horse_armor/Rohan/LRD_horse_armour_9_geo.tpac	Y	parsed
mirkwood_body	metamesh	-	mirkwood	-	body	-	-	mirkwood_assets	mirkwood_assets/Mirkwood Palace Guard/mirkwood_palace_guard_geo.tpac	Y	parsed
mirkwood_body_slim	metamesh	-	mirkwood	-	body	-	-	mirkwood_assets	mirkwood_assets/Mirkwood Palace Guard/mirkwood_palace_guard_geo.tpac	SLIM	parsed
mirkwood_boots	metamesh	-	mirkwood	-	boots	-	-	mirkwood_assets	mirkwood_assets/Mirkwood Palace Guard/mirkwood_palace_guard_geo.tpac	Y	parsed
mirkwood_gloves	metamesh	-	mirkwood	-	bracer	-	-	mirkwood_assets	mirkwood_assets/Mirkwood Palace Guard/mirkwood_palace_guard_geo.tpac	Y	parsed
mirkwood_helmet	metamesh	-	mirkwood	-	helmet	-	-	mirkwood_assets	mirkwood_assets/Mirkwood Palace Guard/mirkwood_palace_guard_geo.tpac	Y	parsed
mirkwood_shoulder	metamesh	-	mirkwood	-	pauldron	-	-	mirkwood_assets	mirkwood_assets/Mirkwood Palace Guard/mirkwood_palace_guard_geo.tpac	Y	parsed
mkwd_inf1_t1_helmet_bronze_hc	metamesh	-	mirkwood	inf1	helmet	t1	hc	mirkwood_assets	mirkwood_assets/Mirkwood_Armors/mkwd_helmets_bronze_geo.tpac	N	parsed
mkwd_inf1_t1_helmet_gold_hc	metamesh	-	mirkwood	inf1	helmet	t1	hc	mirkwood_assets	mirkwood_assets/Mirkwood_Armors/mkwd_helmets_geo.tpac	Y	parsed
mkwd_inf1_t1_helmet_silver_hc	metamesh	-	mirkwood	inf1	helmet	t1	hc	mirkwood_assets	mirkwood_assets/Mirkwood_Armors/mkwd_helmets_geo.tpac	Y	parsed
mkwd_inf1_t2_helmet_bronze_hc	metamesh	-	mirkwood	inf1	helmet	t2	hc	mirkwood_assets	mirkwood_assets/Mirkwood_Armors/mkwd_helmets_bronze_geo.tpac	N	parsed
mkwd_inf1_t2_helmet_gold_hc	metamesh	-	mirkwood	inf1	helmet	t2	hc	mirkwood_assets	mirkwood_assets/Mirkwood_Armors/mkwd_helmets_geo.tpac	Y	parsed
mkwd_inf1_t2_helmet_silver_hc	metamesh	-	mirkwood	inf1	helmet	t2	hc	mirkwood_assets	mirkwood_assets/Mirkwood_Armors/mkwd_helmets_geo.tpac	Y	parsed
mkwd_inf1_t3_helmet_bronze_hc	metamesh	-	mirkwood	inf1	helmet	t3	hc	mirkwood_assets	mirkwood_assets/Mirkwood_Armors/mkwd_helmets_bronze_geo.tpac	N	parsed
mkwd_inf1_t3_helmet_gold_hc	metamesh	-	mirkwood	inf1	helmet	t3	hc	mirkwood_assets	mirkwood_assets/Mirkwood_Armors/mkwd_helmets_geo.tpac	Y	parsed
mkwd_inf1_t3_helmet_silver_hc	metamesh	-	mirkwood	inf1	helmet	t3	hc	mirkwood_assets	mirkwood_assets/Mirkwood_Armors/mkwd_helmets_geo.tpac	Y	parsed
mkwd_inf1_t4_helmet_bronze_hc	metamesh	-	mirkwood	inf1	helmet	t4	hc	mirkwood_assets	mirkwood_assets/Mirkwood_Armors/mkwd_helmets_bronze_geo.tpac	N	parsed
mkwd_inf1_t4_helmet_gold_hc	metamesh	-	mirkwood	inf1	helmet	t4	hc	mirkwood_assets	mirkwood_assets/Mirkwood_Armors/mkwd_helmets_geo.tpac	Y	parsed
mkwd_inf1_t4_helmet_silver_hc	metamesh	-	mirkwood	inf1	helmet	t4	hc	mirkwood_assets	mirkwood_assets/Mirkwood_Armors/mkwd_helmets_geo.tpac	Y	parsed
mkwd_inf2_t1_helmet_silver_hc	metamesh	-	mirkwood	inf2	helmet	t1	hc	mirkwood_assets	mirkwood_assets/Mirkwood_Armors/mkwd_helmets_geo.tpac	Y	parsed
mkwd_inf2_t2_helmet_silver_hc	metamesh	-	mirkwood	inf2	helmet	t2	hc	mirkwood_assets	mirkwood_assets/Mirkwood_Armors/mkwd_helmets_geo.tpac	Y	parsed
mkwd_inf2_t3_helmet_silver_hc	metamesh	-	mirkwood	inf2	helmet	t3	hc	mirkwood_assets	mirkwood_assets/Mirkwood_Armors/mkwd_helmets_geo.tpac	Y	parsed
mkwd_inf2_t4_helmet_silver_hc	metamesh	-	mirkwood	inf2	helmet	t4	hc	mirkwood_assets	mirkwood_assets/Mirkwood_Armors/mkwd_helmets_geo.tpac	Y	parsed
mkwd_inf3_chest	metamesh	-	mirkwood	inf3	chest	-	-	mirkwood_assets	mirkwood_assets/Mirkwood_Armors/mirkwood_inf3_armor_gold_geo.tpac	Y	parsed
mkwd_inf3_chest_bronze	metamesh	-	mirkwood	inf3	chest	-	-	mirkwood_assets	mirkwood_assets/Mirkwood_Armors/mirkwood_inf3_armor_bronze_geo.tpac	Y	parsed
mkwd_inf3_chest_bronze_slim	metamesh	-	mirkwood	inf3	chest	-	-	mirkwood_assets	mirkwood_assets/Mirkwood_Armors/mirkwood_inf3_armor_bronze_geo.tpac	SLIM	parsed
mkwd_inf3_chest_silver	metamesh	-	mirkwood	inf3	chest	-	-	mirkwood_assets	mirkwood_assets/Mirkwood_Armors/mirkwood_inf3_armor_silver_geo.tpac	Y	parsed
mkwd_inf3_chest_silver_slim	metamesh	-	mirkwood	inf3	chest	-	-	mirkwood_assets	mirkwood_assets/Mirkwood_Armors/mirkwood_inf3_armor_silver_geo.tpac	SLIM	parsed
mkwd_inf3_chest_slim	metamesh	-	mirkwood	inf3	chest	-	-	mirkwood_assets	mirkwood_assets/Mirkwood_Armors/mirkwood_inf3_armor_gold_geo.tpac	SLIM	parsed
mkwd_inf3_greave	metamesh	-	mirkwood	inf3	greaves	-	-	mirkwood_assets	mirkwood_assets/Mirkwood_Armors/mirkwood_inf3_armor_gold_geo.tpac	Y	parsed
mkwd_inf3_greave_bronze	metamesh	-	mirkwood	inf3	greaves	-	-	mirkwood_assets	mirkwood_assets/Mirkwood_Armors/mirkwood_inf3_armor_bronze_geo.tpac	Y	parsed
mkwd_inf3_greave_silver	metamesh	-	mirkwood	inf3	greaves	-	-	mirkwood_assets	mirkwood_assets/Mirkwood_Armors/mirkwood_inf3_armor_silver_geo.tpac	Y	parsed
mkwd_inf3_pauldron	metamesh	-	mirkwood	inf3	pauldron	-	-	mirkwood_assets	mirkwood_assets/Mirkwood_Armors/mirkwood_inf3_armor_gold_geo.tpac	Y	parsed
mkwd_inf3_pauldron_bronze	metamesh	-	mirkwood	inf3	pauldron	-	-	mirkwood_assets	mirkwood_assets/Mirkwood_Armors/mirkwood_inf3_armor_bronze_geo.tpac	Y	parsed
mkwd_inf3_pauldron_silver	metamesh	-	mirkwood	inf3	pauldron	-	-	mirkwood_assets	mirkwood_assets/Mirkwood_Armors/mirkwood_inf3_armor_silver_geo.tpac	Y	parsed
mkwd_inf3_t1_helmet_bronze_hc	metamesh	-	mirkwood	inf3	helmet	t1	hc	mirkwood_assets	mirkwood_assets/Mirkwood_Armors/mkwd_helmets_bronze_geo.tpac	N	parsed
mkwd_inf3_t1_helmet_gold_hc	metamesh	-	mirkwood	inf3	helmet	t1	hc	mirkwood_assets	mirkwood_assets/Mirkwood_Armors/mkwd_helmets_geo.tpac	Y	parsed
mkwd_inf3_t2_helmet_bronze_hc	metamesh	-	mirkwood	inf3	helmet	t2	hc	mirkwood_assets	mirkwood_assets/Mirkwood_Armors/mkwd_helmets_bronze_geo.tpac	N	parsed
mkwd_inf3_t2_helmet_gold_hc	metamesh	-	mirkwood	inf3	helmet	t2	hc	mirkwood_assets	mirkwood_assets/Mirkwood_Armors/mkwd_helmets_geo.tpac	Y	parsed
mkwd_inf3_t3_helmet_bronze_hc	metamesh	-	mirkwood	inf3	helmet	t3	hc	mirkwood_assets	mirkwood_assets/Mirkwood_Armors/mkwd_helmets_bronze_geo.tpac	N	parsed
mkwd_inf3_t3_helmet_gold_hc	metamesh	-	mirkwood	inf3	helmet	t3	hc	mirkwood_assets	mirkwood_assets/Mirkwood_Armors/mkwd_helmets_geo.tpac	Y	parsed
mkwd_inf3_t4_helmet_bronze_hc	metamesh	-	mirkwood	inf3	helmet	t4	hc	mirkwood_assets	mirkwood_assets/Mirkwood_Armors/mkwd_helmets_bronze_geo.tpac	N	parsed
mkwd_inf3_t4_helmet_gold_hc	metamesh	-	mirkwood	inf3	helmet	t4	hc	mirkwood_assets	mirkwood_assets/Mirkwood_Armors/mkwd_helmets_geo.tpac	Y	parsed
mkwd_inf3_vambrace	metamesh	-	mirkwood	inf3	bracer	-	-	mirkwood_assets	mirkwood_assets/Mirkwood_Armors/mirkwood_inf3_armor_gold_geo.tpac	Y	parsed
mkwd_inf3_vambrace_bronze	metamesh	-	mirkwood	inf3	bracer	-	-	mirkwood_assets	mirkwood_assets/Mirkwood_Armors/mirkwood_inf3_armor_bronze_geo.tpac	Y	parsed
mkwd_inf3_vambrace_silver	metamesh	-	mirkwood	inf3	bracer	-	-	mirkwood_assets	mirkwood_assets/Mirkwood_Armors/mirkwood_inf3_armor_silver_geo.tpac	Y	parsed
mkwd_palace_t1_helmet_green_hc	metamesh	-	mirkwood	palace	helmet	t1	hc	mirkwood_assets	mirkwood_assets/Mirkwood_Armors/mkwd_helmets_geo.tpac	Y	parsed
mkwd_palace_t2_helmet_green_hc	metamesh	-	mirkwood	palace	helmet	t2	hc	mirkwood_assets	mirkwood_assets/Mirkwood_Armors/mkwd_helmets_geo.tpac	Y	parsed
mkwd_palace_t3_helmet_green_hc	metamesh	-	mirkwood	palace	helmet	t3	hc	mirkwood_assets	mirkwood_assets/Mirkwood_Armors/mkwd_helmets_geo.tpac	Y	parsed
mordor_hill_troll	metamesh	-	mordor	hill	body	-	-	Race Test	Race Test/Mordor/Trolls/Hill Troll/hill_troll_body_game_geo.tpac	Y	parsed
mordor_hill_troll_feet	metamesh	-	mordor	hill	body	-	-	Race Test	Race Test/Mordor/Trolls/Hill Troll/hill_troll_hands_game_geo.tpac	Y	parsed
mordor_hill_troll_hands	metamesh	-	mordor	hill	body	-	-	Race Test	Race Test/Mordor/Trolls/Hill Troll/hill_troll_hands_game_geo.tpac	Y	parsed
mordor_hill_troll_head	metamesh	-	mordor	hill	body	-	-	Race Test	Race Test/Mordor/Trolls/Hill Troll/hill_troll_head_game_geo.tpac	Y	parsed
nazghul_body_male	metamesh	-	nazgul	-	body	-	-	Race Test	Race Test/Mordor/Nazgul/nazghul_geo.tpac	Y	parsed
nazghul_feet_male_a	metamesh	-	nazgul	-	boots	-	a	Race Test	Race Test/Mordor/Nazgul/nazghul_geo.tpac	Y	parsed
nazghul_hands_male	metamesh	-	nazgul	-	body	-	-	Race Test	Race Test/Mordor/Nazgul/nazghul_geo.tpac	Y	parsed
nazghul_head_male	metamesh	-	nazgul	-	body	-	-	Race Test	Race Test/Mordor/Nazgul/nazghul_geo.tpac	Y	parsed
nazgul_armor	metamesh	-	nazgul	-	chest	-	-	Mordor	Mordor/Nazgul/Nazgul_geo.tpac	Y	parsed
nazgul_boots	metamesh	-	nazgul	-	boots	-	-	Mordor	Mordor/Nazgul/Nazgul_geo.tpac	Y	parsed
nazgul_gloves	metamesh	-	nazgul	-	bracer	-	-	Mordor	Mordor/Nazgul/Nazgul_geo.tpac	Y	parsed
nazgul_helmet	metamesh	-	nazgul	-	helmet	-	-	Mordor	Mordor/Nazgul/Nazgul_geo.tpac	Y	parsed
nazgul_pauldrons	metamesh	-	nazgul	-	pauldron	-	-	Mordor	Mordor/Nazgul/Nazgul_geo.tpac	Y	parsed
nazgul_v1_armor	metamesh	-	nazgul	v1	chest	-	-	Mordor	Mordor/Nazgul/mattia nazgul 2025_geo.tpac	Y	parsed
nazgul_v1_boots	metamesh	-	nazgul	v1	boots	-	-	Mordor	Mordor/Nazgul/mattia nazgul 2025_geo.tpac	N	parsed
nazgul_v1_gloves	metamesh	-	nazgul	v1	bracer	-	-	Mordor	Mordor/Nazgul/mattia nazgul 2025_geo.tpac	Y	parsed
nazgul_v1_helmet	metamesh	-	nazgul	v1	helmet	-	-	Mordor	Mordor/Nazgul/mattia nazgul 2025_geo.tpac	Y	parsed
nazgul_v1_pauldrons	metamesh	-	nazgul	v1	pauldron	-	-	Mordor	Mordor/Nazgul/mattia nazgul 2025_geo.tpac	Y	parsed
numenorean_sword_blade_a	metamesh	-	numenorean	-	weapon	-	a	arnor_weapons	arnor_weapons/numenorean_swords_a_geo.tpac	Y	parsed
numenorean_sword_blade_b	metamesh	-	numenorean	-	weapon	-	b	arnor_weapons	arnor_weapons/numenorean_swords_a_geo.tpac	Y	parsed
numenorean_sword_blade_c	metamesh	-	numenorean	-	weapon	-	c	arnor_weapons	arnor_weapons/numenorean_swords_a_geo.tpac	Y	parsed
numenorean_sword_blade_d	metamesh	-	numenorean	-	weapon	-	d	arnor_weapons	arnor_weapons/numenorean_swords_a_geo.tpac	Y	parsed
numenorean_sword_blade_e	metamesh	-	numenorean	-	weapon	-	e	arnor_weapons	arnor_weapons/numenorean_swords_a_geo.tpac	Y	parsed
numenorean_sword_guard_a	metamesh	-	numenorean	-	weapon	-	a	arnor_weapons	arnor_weapons/numenorean_swords_a_geo.tpac	Y	parsed
numenorean_sword_guard_b	metamesh	-	numenorean	-	weapon	-	b	arnor_weapons	arnor_weapons/numenorean_swords_a_geo.tpac	Y	parsed
numenorean_sword_guard_c	metamesh	-	numenorean	-	weapon	-	c	arnor_weapons	arnor_weapons/numenorean_swords_a_geo.tpac	Y	parsed
numenorean_sword_guard_d	metamesh	-	numenorean	-	weapon	-	d	arnor_weapons	arnor_weapons/numenorean_swords_a_geo.tpac	Y	parsed
numenorean_sword_guard_e	metamesh	-	numenorean	-	weapon	-	e	arnor_weapons	arnor_weapons/numenorean_swords_a_geo.tpac	Y	parsed
numenorean_sword_handle_a	metamesh	-	numenorean	-	weapon	-	a	arnor_weapons	arnor_weapons/numenorean_swords_a_geo.tpac	Y	parsed
numenorean_sword_handle_b	metamesh	-	numenorean	-	weapon	-	b	arnor_weapons	arnor_weapons/numenorean_swords_a_geo.tpac	Y	parsed
numenorean_sword_handle_c	metamesh	-	numenorean	-	weapon	-	c	arnor_weapons	arnor_weapons/numenorean_swords_a_geo.tpac	Y	parsed
numenorean_sword_handle_d	metamesh	-	numenorean	-	weapon	-	d	arnor_weapons	arnor_weapons/numenorean_swords_a_geo.tpac	Y	parsed
numenorean_sword_pommel_a	metamesh	-	numenorean	-	weapon	-	a	arnor_weapons	arnor_weapons/numenorean_swords_a_geo.tpac	Y	parsed
numenorean_sword_pommel_b	metamesh	-	numenorean	-	weapon	-	b	arnor_weapons	arnor_weapons/numenorean_swords_a_geo.tpac	Y	parsed
numenorean_sword_pommel_c	metamesh	-	numenorean	-	weapon	-	c	arnor_weapons	arnor_weapons/numenorean_swords_a_geo.tpac	Y	parsed
numenorean_sword_pommel_d	metamesh	-	numenorean	-	weapon	-	d	arnor_weapons	arnor_weapons/numenorean_swords_a_geo.tpac	Y	parsed
numenorean_sword_scabbard_a	metamesh	-	numenorean	-	weapon	-	a	arnor_weapons	arnor_weapons/numenorean_swords_a_geo.tpac	N	parsed
orc_a_body	metamesh	-	orc	a	body	-	-	Race Test	Race Test/Mordor/Orc/orc_male_a_basemesh_a_geo.tpac	Y	parsed
orc_a_feet	metamesh	-	orc	a	boots	-	-	Race Test	Race Test/Mordor/Orc/orc_male_a_basemesh_a_geo.tpac	Y	parsed
orc_a_hands	metamesh	-	orc	a	body	-	-	Race Test	Race Test/Mordor/Orc/orc_male_a_basemesh_a_geo.tpac	Y	parsed
orc_a_head	metamesh	-	orc	a	body	-	-	Race Test	Race Test/Mordor/Orc/orc_male_a_basemesh_a_geo.tpac	Y	parsed
orc_rider_saddle	metamesh	-	orc	rider	barding	-	-	creature	creature/warg/mesh/Warg_Rig_V5_geo.tpac	Y	parsed
rivendell_body_clo	metamesh	-	rivendell	-	body	-	-	Rivendell	Rivendell/rivendell_armor/Rivendell_armor_geo.tpac	N	parsed
rivendell_body_gold_a	metamesh	-	rivendell	-	body	-	a	Rivendell	Rivendell/rivendell_armor/Rivendell_armor_geo.tpac	Y	parsed
rivendell_body_gold_b	metamesh	-	rivendell	-	body	-	b	Rivendell	Rivendell/rivendell_armor/Rivendell_armor_geo.tpac	Y	parsed
rivendell_body_gold_c	metamesh	-	rivendell	-	body	-	c	Rivendell	Rivendell/rivendell_armor/Rivendell_armor_geo.tpac	Y	parsed
rivendell_body_gold_d	metamesh	-	rivendell	-	body	-	d	Rivendell	Rivendell/rivendell_armor/Rivendell_armor_geo.tpac	Y	parsed
rivendell_body_silver_a	metamesh	-	rivendell	-	body	-	a	Rivendell	Rivendell/rivendell_armor/Rivendell_armor_geo.tpac	Y	parsed
rivendell_body_silver_b	metamesh	-	rivendell	-	body	-	b	Rivendell	Rivendell/rivendell_armor/Rivendell_armor_geo.tpac	Y	parsed
rivendell_body_silver_c	metamesh	-	rivendell	-	body	-	c	Rivendell	Rivendell/rivendell_armor/Rivendell_armor_geo.tpac	Y	parsed
rivendell_body_silver_d	metamesh	-	rivendell	-	body	-	d	Rivendell	Rivendell/rivendell_armor/Rivendell_armor_geo.tpac	Y	parsed
rivendell_boots	metamesh	-	rivendell	-	boots	-	-	Rivendell	Rivendell/rivendell_armor/Rivendell_armor_geo.tpac	Y	parsed
rivendell_boots_graves3	metamesh	-	rivendell	-	boots	-	-	Rivendell	Rivendell/rivendell_boots_geo.tpac	Y	parsed
rivendell_boots_graves3_silver	metamesh	-	rivendell	-	boots	-	-	Rivendell	Rivendell/Silver_Rivendell_Modular/rivendell_boots_silver_geo.tpac	Y	parsed
rivendell_boots_graves3_silvergold	metamesh	-	rivendell	-	boots	-	-	Rivendell	Rivendell/Silver_Gold_Rivendell_Modular/rivendell_boots_silvergold_geo.tpac	Y	parsed
rivendell_boots_greaves1	metamesh	-	rivendell	-	boots	-	-	Rivendell	Rivendell/rivendell_boots_geo.tpac	Y	parsed
rivendell_boots_greaves1_silver	metamesh	-	rivendell	-	boots	-	-	Rivendell	Rivendell/Silver_Rivendell_Modular/rivendell_boots_silver_geo.tpac	Y	parsed
rivendell_boots_greaves1_silvergold	metamesh	-	rivendell	-	boots	-	-	Rivendell	Rivendell/Silver_Gold_Rivendell_Modular/rivendell_boots_silvergold_geo.tpac	Y	parsed
rivendell_boots_greaves2	metamesh	-	rivendell	-	boots	-	-	Rivendell	Rivendell/rivendell_boots_geo.tpac	Y	parsed
rivendell_boots_greaves2_silver	metamesh	-	rivendell	-	boots	-	-	Rivendell	Rivendell/Silver_Rivendell_Modular/rivendell_boots_silver_geo.tpac	Y	parsed
rivendell_boots_greaves2_silvergold	metamesh	-	rivendell	-	boots	-	-	Rivendell	Rivendell/Silver_Gold_Rivendell_Modular/rivendell_boots_silvergold_geo.tpac	Y	parsed
rivendell_boots_greaves4	metamesh	-	rivendell	-	boots	-	-	Rivendell	Rivendell/rivendell_boots_geo.tpac	Y	parsed
rivendell_boots_greaves4_silver	metamesh	-	rivendell	-	boots	-	-	Rivendell	Rivendell/Silver_Rivendell_Modular/rivendell_boots_silver_geo.tpac	Y	parsed
rivendell_boots_greaves4_silvergold	metamesh	-	rivendell	-	boots	-	-	Rivendell	Rivendell/Silver_Gold_Rivendell_Modular/rivendell_boots_silvergold_geo.tpac	Y	parsed
rivendell_boots_leather1	metamesh	-	rivendell	-	boots	-	-	Rivendell	Rivendell/rivendell_boots_geo.tpac	Y	parsed
rivendell_boots_leather2	metamesh	-	rivendell	-	boots	-	-	Rivendell	Rivendell/rivendell_boots_geo.tpac	Y	parsed
rivendell_cape_a	metamesh	-	rivendell	-	cape	-	a	Rivendell	Rivendell/rivendell_armor/Rivendell_armor_geo.tpac	Y	parsed
rivendell_cape_b	metamesh	-	rivendell	-	cape	-	b	Rivendell	Rivendell/rivendell_armor/Rivendell_armor_geo.tpac	Y	parsed
rivendell_cape_clo	metamesh	-	rivendell	-	cape	-	-	Rivendell	Rivendell/rivendell_armor/Rivendell_armor_geo.tpac	N	parsed
rivendell_gloves_gold	metamesh	-	rivendell	-	bracer	-	-	Rivendell	Rivendell/rivendell_armor/Rivendell_armor_geo.tpac	Y	parsed
rivendell_gloves_silver	metamesh	-	rivendell	-	bracer	-	-	Rivendell	Rivendell/rivendell_armor/Rivendell_armor_geo.tpac	Y	parsed
rivendell_helmet_archer_tier1	metamesh	-	rivendell	-	helmet	tier1	-	Rivendell	Rivendell/rivendell_helmets_geo.tpac	Y	parsed
rivendell_helmet_archer_tier1_silver	metamesh	-	rivendell	-	helmet	tier1	-	Rivendell	Rivendell/Silver_Rivendell_Modular/rivendell_helmets_silver_geo.tpac	Y	parsed
rivendell_helmet_archer_tier1_silvergold	metamesh	-	rivendell	-	helmet	tier1	-	Rivendell	Rivendell/Silver_Gold_Rivendell_Modular/rivendell_helmets_silvergold_geo.tpac	Y	parsed
rivendell_helmet_archer_tier2	metamesh	-	rivendell	-	helmet	tier2	-	Rivendell	Rivendell/rivendell_helmets_geo.tpac	Y	parsed
rivendell_helmet_archer_tier2_silver	metamesh	-	rivendell	-	helmet	tier2	-	Rivendell	Rivendell/Silver_Rivendell_Modular/rivendell_helmets_silver_geo.tpac	Y	parsed
rivendell_helmet_archer_tier2_silvergold	metamesh	-	rivendell	-	helmet	tier2	-	Rivendell	Rivendell/Silver_Gold_Rivendell_Modular/rivendell_helmets_silvergold_geo.tpac	Y	parsed
rivendell_helmet_archer_tier3	metamesh	-	rivendell	-	helmet	tier3	-	Rivendell	Rivendell/rivendell_helmets_geo.tpac	Y	parsed
rivendell_helmet_archer_tier3_silver	metamesh	-	rivendell	-	helmet	tier3	-	Rivendell	Rivendell/Silver_Rivendell_Modular/rivendell_helmets_silver_geo.tpac	Y	parsed
rivendell_helmet_archer_tier3_silvergold	metamesh	-	rivendell	-	helmet	tier3	-	Rivendell	Rivendell/Silver_Gold_Rivendell_Modular/rivendell_helmets_silvergold_geo.tpac	Y	parsed
rivendell_helmet_cavalry_tier1	metamesh	-	rivendell	-	helmet	tier1	-	Rivendell	Rivendell/rivendell_helmets_geo.tpac	Y	parsed
rivendell_helmet_cavalry_tier1_silver	metamesh	-	rivendell	-	helmet	tier1	-	Rivendell	Rivendell/Silver_Rivendell_Modular/rivendell_helmets_silver_geo.tpac	Y	parsed
rivendell_helmet_cavalry_tier1_silvergold	metamesh	-	rivendell	-	helmet	tier1	-	Rivendell	Rivendell/Silver_Gold_Rivendell_Modular/rivendell_helmets_silvergold_geo.tpac	Y	parsed
rivendell_helmet_cavalry_tier2	metamesh	-	rivendell	-	helmet	tier2	-	Rivendell	Rivendell/rivendell_helmets_geo.tpac	Y	parsed
rivendell_helmet_cavalry_tier2_silver	metamesh	-	rivendell	-	helmet	tier2	-	Rivendell	Rivendell/Silver_Rivendell_Modular/rivendell_helmets_silver_geo.tpac	Y	parsed
rivendell_helmet_cavalry_tier2_silvergold	metamesh	-	rivendell	-	helmet	tier2	-	Rivendell	Rivendell/Silver_Gold_Rivendell_Modular/rivendell_helmets_silvergold_geo.tpac	Y	parsed
rivendell_helmet_cavalry_tier3	metamesh	-	rivendell	-	helmet	tier3	-	Rivendell	Rivendell/rivendell_helmets_geo.tpac	Y	parsed
rivendell_helmet_cavalry_tier3_silver	metamesh	-	rivendell	-	helmet	tier3	-	Rivendell	Rivendell/Silver_Rivendell_Modular/rivendell_helmets_silver_geo.tpac	Y	parsed
rivendell_helmet_cavalry_tier3_silvergold	metamesh	-	rivendell	-	helmet	tier3	-	Rivendell	Rivendell/Silver_Gold_Rivendell_Modular/rivendell_helmets_silvergold_geo.tpac	Y	parsed
rivendell_helmet_elite	metamesh	-	rivendell	-	helmet	elite	-	Rivendell	Rivendell/rivendell_helmets_geo.tpac	Y	parsed
rivendell_helmet_elite_silver	metamesh	-	rivendell	-	helmet	elite	-	Rivendell	Rivendell/Silver_Rivendell_Modular/rivendell_helmets_silver_geo.tpac	Y	parsed
rivendell_helmet_elite_silvergold	metamesh	-	rivendell	-	helmet	elite	-	Rivendell	Rivendell/Silver_Gold_Rivendell_Modular/rivendell_helmets_silvergold_geo.tpac	Y	parsed
rivendell_helmet_gold	metamesh	-	rivendell	-	helmet	-	-	Rivendell	Rivendell/rivendell_armor/Rivendell_armor_geo.tpac	Y	parsed
rivendell_helmet_infantry_tier1	metamesh	-	rivendell	-	helmet	tier1	-	Rivendell	Rivendell/rivendell_helmets_geo.tpac	Y	parsed
rivendell_helmet_infantry_tier1_hood	metamesh	-	rivendell	-	helmet	tier1	-	Rivendell	Rivendell/rivendell_helmets_geo.tpac	Y	parsed
rivendell_helmet_infantry_tier1_hood_silver	metamesh	-	rivendell	-	helmet	tier1	-	Rivendell	Rivendell/Silver_Rivendell_Modular/rivendell_helmets_silver_geo.tpac	Y	parsed
rivendell_helmet_infantry_tier1_hood_silvergold	metamesh	-	rivendell	-	helmet	tier1	-	Rivendell	Rivendell/Silver_Gold_Rivendell_Modular/rivendell_helmets_silvergold_geo.tpac	Y	parsed
rivendell_helmet_infantry_tier1_silver	metamesh	-	rivendell	-	helmet	tier1	-	Rivendell	Rivendell/Silver_Rivendell_Modular/rivendell_helmets_silver_geo.tpac	Y	parsed
rivendell_helmet_infantry_tier1_silvergold	metamesh	-	rivendell	-	helmet	tier1	-	Rivendell	Rivendell/Silver_Gold_Rivendell_Modular/rivendell_helmets_silvergold_geo.tpac	Y	parsed
rivendell_helmet_infantry_tier2	metamesh	-	rivendell	-	helmet	tier2	-	Rivendell	Rivendell/rivendell_helmets_geo.tpac	Y	parsed
rivendell_helmet_infantry_tier2_silver	metamesh	-	rivendell	-	helmet	tier2	-	Rivendell	Rivendell/Silver_Rivendell_Modular/rivendell_helmets_silver_geo.tpac	Y	parsed
rivendell_helmet_infantry_tier2_silvergold	metamesh	-	rivendell	-	helmet	tier2	-	Rivendell	Rivendell/Silver_Gold_Rivendell_Modular/rivendell_helmets_silvergold_geo.tpac	Y	parsed
rivendell_helmet_infantry_tier3	metamesh	-	rivendell	-	helmet	tier3	-	Rivendell	Rivendell/rivendell_helmets_geo.tpac	Y	parsed
rivendell_helmet_infantry_tier3_silver	metamesh	-	rivendell	-	helmet	tier3	-	Rivendell	Rivendell/Silver_Rivendell_Modular/rivendell_helmets_silver_geo.tpac	Y	parsed
rivendell_helmet_infantry_tier3_silvergold	metamesh	-	rivendell	-	helmet	tier3	-	Rivendell	Rivendell/Silver_Gold_Rivendell_Modular/rivendell_helmets_silvergold_geo.tpac	Y	parsed
rivendell_helmet_lord_circlet	metamesh	-	rivendell	-	helmet	lord	-	Rivendell	Rivendell/rivendell_helmets_geo.tpac	Y	parsed
rivendell_helmet_lord_circlet_silver	metamesh	-	rivendell	-	helmet	lord	-	Rivendell	Rivendell/Silver_Rivendell_Modular/rivendell_helmets_silver_geo.tpac	Y	parsed
rivendell_helmet_lord_circletmask	metamesh	-	rivendell	-	helmet	lord	-	Rivendell	Rivendell/rivendell_helmets_geo.tpac	Y	parsed
rivendell_helmet_lord_circletmask_silver	metamesh	-	rivendell	-	helmet	lord	-	Rivendell	Rivendell/Silver_Rivendell_Modular/rivendell_helmets_silver_geo.tpac	Y	parsed
rivendell_helmet_lord_circletmask_silvergold	metamesh	-	rivendell	-	helmet	lord	-	Rivendell	Rivendell/Silver_Gold_Rivendell_Modular/rivendell_helmets_silvergold_geo.tpac	Y	parsed
rivendell_helmet_mask_hood	metamesh	-	rivendell	-	helmet	-	-	Rivendell	Rivendell/rivendell_helmets_geo.tpac	Y	parsed
rivendell_helmet_silver	metamesh	-	rivendell	-	helmet	-	-	Rivendell	Rivendell/rivendell_armor/Rivendell_armor_geo.tpac	Y	parsed
rivendell_pauldron_cape	metamesh	-	rivendell	-	pauldron	-	-	Rivendell	Rivendell/rivendell_pauldrons_geo.tpac	Y	parsed
rivendell_pauldron_elite_robe	metamesh	-	rivendell	-	pauldron	elite	-	Rivendell	Rivendell/rivendell_pauldrons_geo.tpac	Y	parsed
rivendell_pauldron_elite_robe_silver	metamesh	-	rivendell	-	pauldron	elite	-	Rivendell	Rivendell/Silver_Rivendell_Modular/rivendell_pauldrons_silver_geo.tpac	Y	parsed
rivendell_pauldron_elite_robe_silvergold	metamesh	-	rivendell	-	pauldron	elite	-	Rivendell	Rivendell/Silver_Gold_Rivendell_Modular/rivendell_pauldrons_silvergold_geo.tpac	Y	parsed
rivendell_pauldron_leather_cape	metamesh	-	rivendell	-	pauldron	-	-	Rivendell	Rivendell/rivendell_pauldrons_geo.tpac	Y	parsed
rivendell_pauldron_leather_robe	metamesh	-	rivendell	-	pauldron	-	-	Rivendell	Rivendell/rivendell_pauldrons_geo.tpac	Y	parsed
rivendell_pauldron_tier1_cape	metamesh	-	rivendell	-	pauldron	tier1	-	Rivendell	Rivendell/rivendell_pauldrons_geo.tpac	Y	parsed
rivendell_pauldron_tier1_cape_silver	metamesh	-	rivendell	-	pauldron	tier1	-	Rivendell	Rivendell/Silver_Rivendell_Modular/rivendell_pauldrons_silver_geo.tpac	Y	parsed
rivendell_pauldron_tier1_cape_silvergold	metamesh	-	rivendell	-	pauldron	tier1	-	Rivendell	Rivendell/Silver_Gold_Rivendell_Modular/rivendell_pauldrons_silvergold_geo.tpac	Y	parsed
rivendell_pauldron_tier1_robe	metamesh	-	rivendell	-	pauldron	tier1	-	Rivendell	Rivendell/rivendell_pauldrons_geo.tpac	Y	parsed
rivendell_pauldron_tier1_robe_silver	metamesh	-	rivendell	-	pauldron	tier1	-	Rivendell	Rivendell/Silver_Rivendell_Modular/rivendell_pauldrons_silver_geo.tpac	Y	parsed
rivendell_pauldron_tier1_robe_silvergold	metamesh	-	rivendell	-	pauldron	tier1	-	Rivendell	Rivendell/Silver_Gold_Rivendell_Modular/rivendell_pauldrons_silvergold_geo.tpac	Y	parsed
rivendell_pauldron_tier2_cape	metamesh	-	rivendell	-	pauldron	tier2	-	Rivendell	Rivendell/rivendell_pauldrons_geo.tpac	Y	parsed
rivendell_pauldron_tier2_cape_silver	metamesh	-	rivendell	-	pauldron	tier2	-	Rivendell	Rivendell/Silver_Rivendell_Modular/rivendell_pauldrons_silver_geo.tpac	Y	parsed
rivendell_pauldron_tier2_cape_silvergold	metamesh	-	rivendell	-	pauldron	tier2	-	Rivendell	Rivendell/Silver_Gold_Rivendell_Modular/rivendell_pauldrons_silvergold_geo.tpac	Y	parsed
rivendell_pauldron_tier2_robe	metamesh	-	rivendell	-	pauldron	tier2	-	Rivendell	Rivendell/rivendell_pauldrons_geo.tpac	Y	parsed
rivendell_pauldron_tier2_robe_silver	metamesh	-	rivendell	-	pauldron	tier2	-	Rivendell	Rivendell/Silver_Rivendell_Modular/rivendell_pauldrons_silver_geo.tpac	Y	parsed
rivendell_pauldron_tier2_robe_silvergold	metamesh	-	rivendell	-	pauldron	tier2	-	Rivendell	Rivendell/Silver_Gold_Rivendell_Modular/rivendell_pauldrons_silvergold_geo.tpac	Y	parsed
rivendell_torso_heavy_tier1	metamesh	-	rivendell	-	chest	heavy	-	Rivendell	Rivendell/rivendell_torso_geo.tpac	Y	parsed
rivendell_torso_heavy_tier1_silver	metamesh	-	rivendell	-	chest	heavy	-	Rivendell	Rivendell/Silver_Rivendell_Modular/rivendell_torso_silver_geo.tpac	Y	parsed
rivendell_torso_heavy_tier1_silvergold	metamesh	-	rivendell	-	chest	heavy	-	Rivendell	Rivendell/Silver_Gold_Rivendell_Modular/rivendell_torso_silvergold_geo.tpac	Y	parsed
rivendell_torso_heavy_tier2	metamesh	-	rivendell	-	chest	heavy	-	Rivendell	Rivendell/rivendell_torso_geo.tpac	Y	parsed
rivendell_torso_heavy_tier2_silver	metamesh	-	rivendell	-	chest	heavy	-	Rivendell	Rivendell/Silver_Rivendell_Modular/rivendell_torso_silver_geo.tpac	Y	parsed
rivendell_torso_heavy_tier2_silvergold	metamesh	-	rivendell	-	chest	heavy	-	Rivendell	Rivendell/Silver_Gold_Rivendell_Modular/rivendell_torso_silvergold_geo.tpac	Y	parsed
rivendell_torso_heavy_tier3	metamesh	-	rivendell	-	chest	heavy	-	Rivendell	Rivendell/rivendell_torso_geo.tpac	Y	parsed
rivendell_torso_heavy_tier3_silver	metamesh	-	rivendell	-	chest	heavy	-	Rivendell	Rivendell/Silver_Rivendell_Modular/rivendell_torso_silver_geo.tpac	Y	parsed
rivendell_torso_heavy_tier3_silverb	metamesh	-	rivendell	-	chest	heavy	-	Rivendell	Rivendell/Silver_Rivendell_Modular/rivendell_torso_silver2_geo.tpac	Y	parsed
rivendell_torso_heavy_tier3_silvergold	metamesh	-	rivendell	-	chest	heavy	-	Rivendell	Rivendell/Silver_Gold_Rivendell_Modular/rivendell_torso_silvergold_geo.tpac	Y	parsed
rivendell_torso_heavy_tier3_silvergoldb	metamesh	-	rivendell	-	chest	heavy	-	Rivendell	Rivendell/Silver_Gold_Rivendell_Modular/rivendell_torso_silvergold2_geo.tpac	Y	parsed
rivendell_torso_infantry_tier1	metamesh	-	rivendell	-	chest	tier1	-	Rivendell	Rivendell/rivendell_torso_geo.tpac	Y	parsed
rivendell_torso_infantry_tier1_silver	metamesh	-	rivendell	-	chest	tier1	-	Rivendell	Rivendell/Silver_Rivendell_Modular/rivendell_torso_silver_geo.tpac	Y	parsed
rivendell_torso_infantry_tier1_silvergold	metamesh	-	rivendell	-	chest	tier1	-	Rivendell	Rivendell/Silver_Gold_Rivendell_Modular/rivendell_torso_silvergold_geo.tpac	Y	parsed
rivendell_torso_infantry_tier2	metamesh	-	rivendell	-	chest	tier2	-	Rivendell	Rivendell/rivendell_torso_geo.tpac	Y	parsed
rivendell_torso_infantry_tier2_silver	metamesh	-	rivendell	-	chest	tier2	-	Rivendell	Rivendell/Silver_Rivendell_Modular/rivendell_torso_silver_geo.tpac	Y	parsed
rivendell_torso_infantry_tier2_silvergold	metamesh	-	rivendell	-	chest	tier2	-	Rivendell	Rivendell/Silver_Gold_Rivendell_Modular/rivendell_torso_silvergold_geo.tpac	Y	parsed
rivendell_torso_infantry_tier3	metamesh	-	rivendell	-	chest	tier3	-	Rivendell	Rivendell/rivendell_torso_geo.tpac	Y	parsed
rivendell_torso_infantry_tier3_silver	metamesh	-	rivendell	-	chest	tier3	-	Rivendell	Rivendell/Silver_Rivendell_Modular/rivendell_torso_silver_geo.tpac	Y	parsed
rivendell_torso_infantry_tier3_silvergold	metamesh	-	rivendell	-	chest	tier3	-	Rivendell	Rivendell/Silver_Gold_Rivendell_Modular/rivendell_torso_silvergold_geo.tpac	Y	parsed
rivendell_torso_infantry_tier4	metamesh	-	rivendell	-	chest	tier4	-	Rivendell	Rivendell/rivendell_torso_geo.tpac	Y	parsed
rivendell_torso_infantry_tier4_silver	metamesh	-	rivendell	-	chest	tier4	-	Rivendell	Rivendell/Silver_Rivendell_Modular/rivendell_torso_silver_geo.tpac	Y	parsed
rivendell_torso_infantry_tier4_silverb	metamesh	-	rivendell	-	chest	tier4	-	Rivendell	Rivendell/Silver_Rivendell_Modular/rivendell_torso_silver2_geo.tpac	Y	parsed
rivendell_torso_infantry_tier4_silvergold	metamesh	-	rivendell	-	chest	tier4	-	Rivendell	Rivendell/Silver_Gold_Rivendell_Modular/rivendell_torso_silvergold_geo.tpac	Y	parsed
rivendell_torso_infantry_tier4_silvergoldb	metamesh	-	rivendell	-	chest	tier4	-	Rivendell	Rivendell/Silver_Gold_Rivendell_Modular/rivendell_torso_silvergold2_geo.tpac	Y	parsed
rivendell_torso_light_armored_tier1	metamesh	-	rivendell	-	chest	light	-	Rivendell	Rivendell/rivendell_torso_geo.tpac	Y	parsed
rivendell_torso_light_armored_tier1_silver	metamesh	-	rivendell	-	chest	light	-	Rivendell	Rivendell/Silver_Rivendell_Modular/rivendell_torso_silver_geo.tpac	Y	parsed
rivendell_torso_light_armored_tier1_silvergold	metamesh	-	rivendell	-	chest	light	-	Rivendell	Rivendell/Silver_Gold_Rivendell_Modular/rivendell_torso_silvergold_geo.tpac	Y	parsed
rivendell_torso_light_armored_tier2	metamesh	-	rivendell	-	chest	light	-	Rivendell	Rivendell/rivendell_torso_geo.tpac	Y	parsed
rivendell_torso_light_armored_tier2_silver	metamesh	-	rivendell	-	chest	light	-	Rivendell	Rivendell/Silver_Rivendell_Modular/rivendell_torso_silver_geo.tpac	Y	parsed
rivendell_torso_light_armored_tier2_silvergold	metamesh	-	rivendell	-	chest	light	-	Rivendell	Rivendell/Silver_Gold_Rivendell_Modular/rivendell_torso_silvergold_geo.tpac	Y	parsed
rivendell_torso_light_armored_tier3	metamesh	-	rivendell	-	chest	light	-	Rivendell	Rivendell/rivendell_torso_geo.tpac	Y	parsed
rivendell_torso_light_armored_tier3_silver	metamesh	-	rivendell	-	chest	light	-	Rivendell	Rivendell/Silver_Rivendell_Modular/rivendell_torso_silver_geo.tpac	Y	parsed
rivendell_torso_light_armored_tier3_silvergold	metamesh	-	rivendell	-	chest	light	-	Rivendell	Rivendell/Silver_Gold_Rivendell_Modular/rivendell_torso_silvergold_geo.tpac	Y	parsed
rivendell_torso_light_light_tier1	metamesh	-	rivendell	-	chest	light	-	Rivendell	Rivendell/rivendell_torso_geo.tpac	Y	parsed
rivendell_torso_light_light_tier2	metamesh	-	rivendell	-	chest	light	-	Rivendell	Rivendell/rivendell_torso_geo.tpac	Y	parsed
rivendell_torso_light_light_tier3	metamesh	-	rivendell	-	chest	light	-	Rivendell	Rivendell/rivendell_torso_geo.tpac	Y	parsed
rivendell_torso_light_light_tier4	metamesh	-	rivendell	-	chest	light	-	Rivendell	Rivendell/rivendell_torso_geo.tpac	Y	parsed
rivendell_torso_lord1	metamesh	-	rivendell	-	chest	-	-	Rivendell	Rivendell/rivendell_torso_geo.tpac	Y	parsed
rivendell_torso_lord1_silver	metamesh	-	rivendell	-	chest	-	-	Rivendell	Rivendell/Silver_Rivendell_Modular/rivendell_torso_silver_geo.tpac	Y	parsed
rivendell_torso_lord1_silvergold	metamesh	-	rivendell	-	chest	-	-	Rivendell	Rivendell/Silver_Gold_Rivendell_Modular/rivendell_torso_silvergold_geo.tpac	Y	parsed
rivendell_torso_lord1_slim	metamesh	-	rivendell	-	chest	-	-	Rivendell	Rivendell/rivendell_slims_geo.tpac	SLIM	parsed
rivendell_torso_lord2	metamesh	-	rivendell	-	chest	-	-	Rivendell	Rivendell/rivendell_torso_geo.tpac	Y	parsed
rivendell_torso_lord2_silver	metamesh	-	rivendell	-	chest	-	-	Rivendell	Rivendell/Silver_Rivendell_Modular/rivendell_torso_silver_geo.tpac	Y	parsed
rivendell_torso_lord2_silvergold	metamesh	-	rivendell	-	chest	-	-	Rivendell	Rivendell/Silver_Gold_Rivendell_Modular/rivendell_torso_silvergold_geo.tpac	Y	parsed
rivendell_torso_lord3	metamesh	-	rivendell	-	chest	-	-	Rivendell	Rivendell/rivendell_torso_geo.tpac	Y	parsed
rivendell_torso_lord3_silver	metamesh	-	rivendell	-	chest	-	-	Rivendell	Rivendell/Silver_Rivendell_Modular/rivendell_torso_silver_geo.tpac	Y	parsed
rivendell_torso_lord3_silvergold	metamesh	-	rivendell	-	chest	-	-	Rivendell	Rivendell/Silver_Gold_Rivendell_Modular/rivendell_torso_silvergold_geo.tpac	Y	parsed
rivendell_torso_scalemail_tier1	metamesh	-	rivendell	-	chest	tier1	-	Rivendell	Rivendell/rivendell_torso_geo.tpac	Y	parsed
rivendell_torso_scalemail_tier1_silver	metamesh	-	rivendell	-	chest	tier1	-	Rivendell	Rivendell/Silver_Rivendell_Modular/rivendell_torso_silver_geo.tpac	Y	parsed
rivendell_torso_scalemail_tier1_silvergold	metamesh	-	rivendell	-	chest	tier1	-	Rivendell	Rivendell/Silver_Gold_Rivendell_Modular/rivendell_torso_silvergold_geo.tpac	Y	parsed
rivendell_torso_scalemail_tier2	metamesh	-	rivendell	-	chest	tier2	-	Rivendell	Rivendell/rivendell_torso_geo.tpac	Y	parsed
rivendell_torso_scalemail_tier2_silver	metamesh	-	rivendell	-	chest	tier2	-	Rivendell	Rivendell/Silver_Rivendell_Modular/rivendell_torso_silver_geo.tpac	Y	parsed
rivendell_torso_scalemail_tier2_silverb	metamesh	-	rivendell	-	chest	tier2	-	Rivendell	Rivendell/Silver_Rivendell_Modular/rivendell_torso_silver2_geo.tpac	Y	parsed
rivendell_torso_scalemail_tier2_silvergold	metamesh	-	rivendell	-	chest	tier2	-	Rivendell	Rivendell/Silver_Gold_Rivendell_Modular/rivendell_torso_silvergold_geo.tpac	Y	parsed
rivendell_torso_scalemail_tier2_silvergoldb	metamesh	-	rivendell	-	chest	tier2	-	Rivendell	Rivendell/Silver_Gold_Rivendell_Modular/rivendell_torso_silvergold2_geo.tpac	Y	parsed
rivendell_torso_scalemail_tier3	metamesh	-	rivendell	-	chest	tier3	-	Rivendell	Rivendell/rivendell_torso_geo.tpac	Y	parsed
rivendell_torso_scalemail_tier3_silver	metamesh	-	rivendell	-	chest	tier3	-	Rivendell	Rivendell/Silver_Rivendell_Modular/rivendell_torso_silver_geo.tpac	Y	parsed
rivendell_torso_scalemail_tier3_silverb	metamesh	-	rivendell	-	chest	tier3	-	Rivendell	Rivendell/Silver_Rivendell_Modular/rivendell_torso_silver2_geo.tpac	Y	parsed
rivendell_torso_scalemail_tier3_silvergold	metamesh	-	rivendell	-	chest	tier3	-	Rivendell	Rivendell/Silver_Gold_Rivendell_Modular/rivendell_torso_silvergold_geo.tpac	Y	parsed
rivendell_torso_scalemail_tier3_silvergoldb	metamesh	-	rivendell	-	chest	tier3	-	Rivendell	Rivendell/Silver_Gold_Rivendell_Modular/rivendell_torso_silvergold2_geo.tpac	Y	parsed
rivendell_vambraces_1	metamesh	-	rivendell	-	bracer	-	1	Rivendell	Rivendell/rivendell_vambraces_geo.tpac	Y	parsed
rivendell_vambraces_1_silver	metamesh	-	rivendell	-	bracer	-	-	Rivendell	Rivendell/Silver_Rivendell_Modular/rivendell_vambraces_silver_geo.tpac	Y	parsed
rivendell_vambraces_1_silvergold	metamesh	-	rivendell	-	bracer	-	-	Rivendell	Rivendell/Silver_Gold_Rivendell_Modular/rivendell_vambraces_silvergold_geo.tpac	Y	parsed
rivendell_vambraces_2	metamesh	-	rivendell	-	bracer	-	2	Rivendell	Rivendell/rivendell_vambraces_geo.tpac	Y	parsed
rivendell_vambraces_2_silver	metamesh	-	rivendell	-	bracer	-	-	Rivendell	Rivendell/Silver_Rivendell_Modular/rivendell_vambraces_silver_geo.tpac	Y	parsed
rivendell_vambraces_2_silvergold	metamesh	-	rivendell	-	bracer	-	-	Rivendell	Rivendell/Silver_Gold_Rivendell_Modular/rivendell_vambraces_silvergold_geo.tpac	Y	parsed
rivendell_vambraces_3	metamesh	-	rivendell	-	bracer	-	3	Rivendell	Rivendell/rivendell_vambraces_geo.tpac	Y	parsed
rivendell_vambraces_3_silver	metamesh	-	rivendell	-	bracer	-	-	Rivendell	Rivendell/Silver_Rivendell_Modular/rivendell_vambraces_silver_geo.tpac	Y	parsed
rivendell_vambraces_3_silvergold	metamesh	-	rivendell	-	bracer	-	-	Rivendell	Rivendell/Silver_Gold_Rivendell_Modular/rivendell_vambraces_silvergold_geo.tpac	Y	parsed
rivendell_vambraces_gloves1	metamesh	-	rivendell	-	bracer	-	-	Rivendell	Rivendell/rivendell_vambraces_geo.tpac	Y	parsed
rivendell_vambraces_leather1	metamesh	-	rivendell	-	bracer	-	-	Rivendell	Rivendell/rivendell_vambraces_geo.tpac	N	parsed
roh_nbl_arm_1	metamesh	-	rohan	-	bracer	nbl	1	rohan_assets	rohan_assets/rohan_noble/roh_nbl_arm_1_geo.tpac	Y	parsed
roh_nbl_arm_b	metamesh	-	rohan	-	bracer	nbl	b	rohan_assets	rohan_assets/rohan_noble/roh_nbl_arm_b_geo.tpac	Y	parsed
roh_nbl_arm_g	metamesh	-	rohan	-	bracer	nbl	g	rohan_assets	rohan_assets/rohan_noble/roh_nbl_arm_g_geo.tpac	Y	parsed
roh_nbl_arm_r	metamesh	-	rohan	-	bracer	nbl	r	rohan_assets	rohan_assets/rohan_noble/roh_nbl_arm_r_geo.tpac	Y	parsed
roh_nbl_arm_y	metamesh	-	rohan	-	bracer	nbl	y	rohan_assets	rohan_assets/rohan_noble/roh_nbl_arm_y_geo.tpac	Y	parsed
roh_nbl_bts	metamesh	-	rohan	-	boots	nbl	-	rohan_assets	rohan_assets/rohan_noble/roh_nbl_bts_geo.tpac	Y	parsed
roh_nbl_clk_clo	metamesh	-	rohan	-	cape	nbl	-	rohan_assets	rohan_assets/rohan_noble/roh_nbl_clk_clo_geo.tpac	N	parsed
roh_nbl_clo	metamesh	-	rohan	-	chest	nbl	-	rohan_assets	rohan_assets/rohan_noble/roh_nbl_clo_geo.tpac	N	parsed
roh_nbl_glv	metamesh	-	rohan	-	bracer	nbl	-	rohan_assets	rohan_assets/rohan_noble/roh_nbl_glv_geo.tpac	Y	parsed
roh_nbl_gorg_tst_6	metamesh	-	rohan	-	chest	nbl	6	rohan_assets	rohan_assets/rohan_noble/roh_nbl_gorg_tst_6_geo.tpac	Y	parsed
roh_nbl_hlm_cf	metamesh	-	rohan	-	helmet	nbl	cf	rohan_assets	rohan_assets/rohan_noble/roh_nbl_hlm_cf_geo.tpac	Y	parsed
roh_nbl_hlm_clo	metamesh	-	rohan	-	helmet	nbl	-	rohan_assets	rohan_assets/rohan_noble/roh_nbl_hlm_clo_geo.tpac	N	parsed
roh_nbl_shldr_c	metamesh	-	rohan	-	pauldron	nbl	c	rohan_assets	rohan_assets/rohan_noble/roh_nbl_shldr_c_geo.tpac	Y	parsed
roh_nbl_shldr_cgs_2	metamesh	-	rohan	-	pauldron	nbl	2	rohan_assets	rohan_assets/rohan_noble/roh_nbl_shldr_cgs_2_geo.tpac	Y	parsed
roh_nbl_shldr_cs	metamesh	-	rohan	-	pauldron	nbl	cs	rohan_assets	rohan_assets/rohan_noble/roh_nbl_shldr_cs_geo.tpac	Y	parsed
roh_nbl_shldr_g_2	metamesh	-	rohan	-	pauldron	nbl	2	rohan_assets	rohan_assets/rohan_noble/roh_nbl_shldr_g_2_geo.tpac	Y	parsed
roh_nbl_shldr_gs	metamesh	-	rohan	-	pauldron	nbl	gs	rohan_assets	rohan_assets/rohan_noble/roh_nbl_shldr_gs_geo.tpac	Y	parsed
roh_nbl_shldr_gs_2	metamesh	-	rohan	-	pauldron	nbl	2	rohan_assets	rohan_assets/rohan_noble/roh_nbl_shldr_gs_2_geo.tpac	Y	parsed
roh_nbl_shldr_s	metamesh	-	rohan	-	pauldron	nbl	s	rohan_assets	rohan_assets/rohan_noble/roh_nbl_shldr_s_geo.tpac	Y	parsed
roh_sol_arm_1	metamesh	-	rohan	-	chest	-	1	rohan_assets	rohan_assets/rohan_soldier/roh_sol_arm_1_geo.tpac	N	parsed
roh_sol_arm_b	metamesh	-	rohan	-	chest	-	b	rohan_assets	rohan_assets/rohan_soldier/roh_sol_arm_b_geo.tpac	N	parsed
roh_sol_arm_g	metamesh	-	rohan	-	chest	-	g	rohan_assets	rohan_assets/rohan_soldier/roh_sol_arm_g_geo.tpac	N	parsed
roh_sol_arm_r	metamesh	-	rohan	-	chest	-	r	rohan_assets	rohan_assets/rohan_soldier/roh_sol_arm_r_geo.tpac	N	parsed
roh_sol_arm_y	metamesh	-	rohan	-	chest	-	y	rohan_assets	rohan_assets/rohan_soldier/roh_sol_arm_y_geo.tpac	N	parsed
roh_sol_brcr	metamesh	-	rohan	-	chest	-	-	rohan_assets	rohan_assets/rohan_soldier/roh_sol_brcr_geo.tpac	N	parsed
roh_sol_brcr_ng	metamesh	-	rohan	-	chest	-	ng	rohan_assets	rohan_assets/rohan_soldier/roh_sol_brcr_ng_geo.tpac	N	parsed
roh_sol_bts	metamesh	-	rohan	-	chest	-	-	rohan_assets	rohan_assets/rohan_soldier/roh_sol_bts_geo.tpac	Y	parsed
rohan_horse_shield	metamesh	-	rohan	-	barding	-	-	shield	shield/Rohan/Rohan_horse_shield_geo.tpac	N	parsed
rohan_militia_armour_a	metamesh	-	rohan	-	chest	militia	a	rohan_assets	rohan_assets/militia_armor/rohan_militia_armor_geo.tpac	Y	parsed
rohan_militia_armour_b	metamesh	-	rohan	-	chest	militia	b	rohan_assets	rohan_assets/militia_armor/rohan_militia_armor_geo.tpac	Y	parsed
rohan_militia_armour_c	metamesh	-	rohan	-	chest	militia	c	rohan_assets	rohan_assets/militia_armor/rohan_militia_armor_geo.tpac	Y	parsed
rohan_militia_armour_d	metamesh	-	rohan	-	chest	militia	d	rohan_assets	rohan_assets/militia_armor/rohan_militia_armor_geo.tpac	Y	parsed
rohan_militia_armour_e	metamesh	-	rohan	-	chest	militia	e	rohan_assets	rohan_assets/militia_armor/rohan_militia_armor_geo.tpac	Y	parsed
rohan_militia_armour_f	metamesh	-	rohan	-	chest	militia	f	rohan_assets	rohan_assets/militia_armor/rohan_militia_armor_geo.tpac	Y	parsed
rohan_militia_armour_g	metamesh	-	rohan	-	chest	militia	g	rohan_assets	rohan_assets/militia_armor/rohan_militia_armor_geo.tpac	Y	parsed
rohan_militia_pauldron_both	metamesh	-	rohan	-	pauldron	militia	-	rohan_assets	rohan_assets/militia_armor/rohan_militia_paulrons_geo.tpac	Y	parsed
rohan_militia_pauldron_left	metamesh	-	rohan	-	pauldron	militia	-	rohan_assets	rohan_assets/militia_armor/rohan_militia_paulrons_geo.tpac	N	parsed
rohan_militia_pauldron_right	metamesh	-	rohan	-	pauldron	militia	-	rohan_assets	rohan_assets/militia_armor/rohan_militia_paulrons_geo.tpac	N	parsed
rohan_militia_tunic_a	metamesh	-	rohan	-	chest	militia	a	rohan_assets	rohan_assets/militia_armor/rohan_militia_tunic_geo.tpac	Y	parsed
rohan_militia_tunic_b	metamesh	-	rohan	-	chest	militia	b	rohan_assets	rohan_assets/militia_armor/rohan_militia_tunic_geo.tpac	Y	parsed
rohan_militia_tunic_c	metamesh	-	rohan	-	chest	militia	c	rohan_assets	rohan_assets/militia_armor/rohan_militia_tunic_geo.tpac	Y	parsed
sauron_greaves	metamesh	-	mordor	-	greaves	-	-	Mordor	Mordor/Sauron/Sauron_geo.tpac	Y	parsed
sauron_helmet	metamesh	-	mordor	-	helmet	-	-	Mordor	Mordor/Sauron/Sauron_geo.tpac	Y	parsed
sauron_helmet_wearable	metamesh	-	mordor	-	helmet	-	-	Mordor	Mordor/Sauron/SAURON_Helmet_wearable_geo.tpac	Y	parsed
sauron_pauldrons	metamesh	-	mordor	-	pauldron	-	-	Mordor	Mordor/Sauron/Sauron_geo.tpac	Y	parsed
sauron_torso	metamesh	-	mordor	-	chest	-	-	Mordor	Mordor/Sauron/Sauron_geo.tpac	Y	parsed
sauron_vambraces	metamesh	-	mordor	-	bracer	-	-	Mordor	Mordor/Sauron/Sauron_geo.tpac	Y	parsed
sk_ar_art_boots_a	metamesh	sk	arnor	art	boots	-	a	arnor_armors	arnor_armors/arthedain/SK_AR_Art_Greaves_A_geo.tpac	Y	parsed
sk_ar_art_bracer_inf_med_a	metamesh	sk	arnor	art	bracer	med	a	arnor_armors	arnor_armors/arthedain/SK_AR_Art_Bracers_A_geo.tpac	Y	parsed
sk_ar_art_bracer_noble_elite_a	metamesh	sk	arnor	art	bracer	noble	a	arnor_armors	arnor_armors/arthedain/SK_AR_Art_Bracers_A_geo.tpac	Y	parsed
sk_ar_art_bracer_noble_heavy_a	metamesh	sk	arnor	art	bracer	noble	a	arnor_armors	arnor_armors/arthedain/SK_AR_Art_Bracers_A_geo.tpac	Y	parsed
sk_ar_art_bracer_noble_med_a	metamesh	sk	arnor	art	bracer	noble	a	arnor_armors	arnor_armors/arthedain/SK_AR_Art_Bracers_A_geo.tpac	Y	parsed
sk_ar_art_cape_a	metamesh	sk	arnor	art	cape	-	a	arnor_armors	arnor_armors/arthedain/SK_AR_Art_Capes_A_geo.tpac	Y	parsed
sk_ar_art_cape_b	metamesh	sk	arnor	art	cape	-	b	arnor_armors	arnor_armors/arthedain/SK_AR_Art_Capes_A_geo.tpac	Y	parsed
sk_ar_art_chainmail_full_a	metamesh	sk	arnor	art	chest	full	a	arnor_armors	arnor_armors/arthedain/SK_AR_Art_Chests_Noble_A_geo.tpac	Y	parsed
sk_ar_art_chainmail_full_b	metamesh	sk	arnor	art	chest	full	b	arnor_armors	arnor_armors/arthedain/SK_AR_Art_Chests_Noble_A_geo.tpac	Y	parsed
sk_ar_art_chainmail_half_a	metamesh	sk	arnor	art	chest	half	a	arnor_armors	arnor_armors/arthedain/SK_AR_Art_Chests_Inf_A_geo.tpac	Y	parsed
sk_ar_art_chainmail_half_b	metamesh	sk	arnor	art	chest	half	b	arnor_armors	arnor_armors/arthedain/SK_AR_Art_Chests_Inf_A_geo.tpac	Y	parsed
sk_ar_art_chest_inf_heavy_a	metamesh	sk	arnor	art	chest	heavy	a	arnor_armors	arnor_armors/arthedain/SK_AR_Art_Chests_Inf_A_geo.tpac	Y	parsed
sk_ar_art_chest_inf_heavy_b	metamesh	sk	arnor	art	chest	heavy	b	arnor_armors	arnor_armors/arthedain/SK_AR_Art_Chests_Inf_A_geo.tpac	Y	parsed
sk_ar_art_chest_inf_med_a	metamesh	sk	arnor	art	chest	med	a	arnor_armors	arnor_armors/arthedain/SK_AR_Art_Chests_Inf_A_geo.tpac	Y	parsed
sk_ar_art_chest_inf_med_b	metamesh	sk	arnor	art	chest	med	b	arnor_armors	arnor_armors/arthedain/SK_AR_Art_Chests_Inf_A_geo.tpac	Y	parsed
sk_ar_art_chest_noble_heavy_a	metamesh	sk	arnor	art	chest	noble	a	arnor_armors	arnor_armors/arthedain/SK_AR_Art_Chests_Noble_A_geo.tpac	Y	parsed
sk_ar_art_chest_noble_heavy_b	metamesh	sk	arnor	art	chest	noble	b	arnor_armors	arnor_armors/arthedain/SK_AR_Art_Chests_Noble_A_geo.tpac	Y	parsed
sk_ar_art_chest_noble_med_a	metamesh	sk	arnor	art	chest	noble	a	arnor_armors	arnor_armors/arthedain/SK_AR_Art_Chests_Noble_A_geo.tpac	Y	parsed
sk_ar_art_chest_noble_med_b	metamesh	sk	arnor	art	chest	noble	b	arnor_armors	arnor_armors/arthedain/SK_AR_Art_Chests_Noble_A_geo.tpac	Y	parsed
sk_ar_art_crown_king_a	metamesh	sk	arnor	art	helmet	-	a	arnor_armors	arnor_armors/arthedain/SK_AR_Art_Helmets_Noble_A_geo.tpac	Y	parsed
sk_ar_art_gloves_a	metamesh	sk	arnor	art	bracer	-	a	arnor_armors	arnor_armors/arthedain/SK_AR_Art_Bracers_A_geo.tpac	Y	parsed
sk_ar_art_grvs_inf_heavy_a	metamesh	sk	arnor	art	greaves	heavy	a	arnor_armors	arnor_armors/arthedain/SK_AR_Art_Greaves_A_geo.tpac	Y	parsed
sk_ar_art_grvs_inf_light_a	metamesh	sk	arnor	art	greaves	light	a	arnor_armors	arnor_armors/arthedain/SK_AR_Art_Greaves_A_geo.tpac	Y	parsed
sk_ar_art_grvs_inf_med_a	metamesh	sk	arnor	art	greaves	med	a	arnor_armors	arnor_armors/arthedain/SK_AR_Art_Greaves_A_geo.tpac	Y	parsed
sk_ar_art_grvs_noble_elite_a	metamesh	sk	arnor	art	greaves	noble	a	arnor_armors	arnor_armors/arthedain/SK_AR_Art_Greaves_A_geo.tpac	Y	parsed
sk_ar_art_grvs_noble_heavy_a	metamesh	sk	arnor	art	greaves	noble	a	arnor_armors	arnor_armors/arthedain/SK_AR_Art_Greaves_A_geo.tpac	Y	parsed
sk_ar_art_grvs_noble_light_a	metamesh	sk	arnor	art	greaves	noble	a	arnor_armors	arnor_armors/arthedain/SK_AR_Art_Greaves_A_geo.tpac	Y	parsed
sk_ar_art_grvs_noble_med_a	metamesh	sk	arnor	art	greaves	noble	a	arnor_armors	arnor_armors/arthedain/SK_AR_Art_Greaves_A_geo.tpac	Y	parsed
sk_ar_art_helmet_cav_elite_a	metamesh	sk	arnor	art	helmet	elite	a	arnor_armors	arnor_armors/arthedain/SK_AR_Art_Helmets_Unique_A_geo.tpac	Y	parsed
sk_ar_art_helmet_cav_elite_b	metamesh	sk	arnor	art	helmet	elite	b	arnor_armors	arnor_armors/arthedain/SK_AR_Art_Helmets_Unique_A_geo.tpac	Y	parsed
sk_ar_art_helmet_cav_heavy_a	metamesh	sk	arnor	art	helmet	heavy	a	arnor_armors	arnor_armors/arthedain/SK_AR_Art_Helmets_Unique_A_geo.tpac	Y	parsed
sk_ar_art_helmet_cav_heavy_b	metamesh	sk	arnor	art	helmet	heavy	b	arnor_armors	arnor_armors/arthedain/SK_AR_Art_Helmets_Unique_A_geo.tpac	Y	parsed
sk_ar_art_helmet_guard_elite_a	metamesh	sk	arnor	art	helmet	elite	a	arnor_armors	arnor_armors/arthedain/SK_AR_Art_Helmets_Unique_A_geo.tpac	Y	parsed
sk_ar_art_helmet_guard_elite_b	metamesh	sk	arnor	art	helmet	elite	b	arnor_armors	arnor_armors/arthedain/SK_AR_Art_Helmets_Unique_A_geo.tpac	Y	parsed
sk_ar_art_helmet_guard_heavy_a	metamesh	sk	arnor	art	helmet	heavy	a	arnor_armors	arnor_armors/arthedain/SK_AR_Art_Helmets_Unique_A_geo.tpac	Y	parsed
sk_ar_art_helmet_guard_heavy_b	metamesh	sk	arnor	art	helmet	heavy	b	arnor_armors	arnor_armors/arthedain/SK_AR_Art_Helmets_Unique_A_geo.tpac	Y	parsed
sk_ar_art_helmet_inf_elite_a	metamesh	sk	arnor	art	helmet	elite	a	arnor_armors	arnor_armors/arthedain/SK_AR_Art_Helmets_Inf_A_geo.tpac	Y	parsed
sk_ar_art_helmet_inf_elite_b	metamesh	sk	arnor	art	helmet	elite	b	arnor_armors	arnor_armors/arthedain/SK_AR_Art_Helmets_Inf_A_geo.tpac	Y	parsed
sk_ar_art_helmet_inf_hvy_a	metamesh	sk	arnor	art	helmet	-	a	arnor_armors	arnor_armors/arthedain/SK_AR_Art_Helmets_Inf_A_geo.tpac	Y	parsed
sk_ar_art_helmet_inf_hvy_b	metamesh	sk	arnor	art	helmet	-	b	arnor_armors	arnor_armors/arthedain/SK_AR_Art_Helmets_Inf_A_geo.tpac	Y	parsed
sk_ar_art_helmet_inf_light_a	metamesh	sk	arnor	art	helmet	light	a	arnor_armors	arnor_armors/arthedain/SK_AR_Art_Helmets_Inf_A_geo.tpac	Y	parsed
sk_ar_art_helmet_inf_med_a	metamesh	sk	arnor	art	helmet	med	a	arnor_armors	arnor_armors/arthedain/SK_AR_Art_Helmets_Inf_A_geo.tpac	Y	parsed
sk_ar_art_helmet_inf_med_b	metamesh	sk	arnor	art	helmet	med	b	arnor_armors	arnor_armors/arthedain/SK_AR_Art_Helmets_Inf_A_geo.tpac	Y	parsed
sk_ar_art_helmet_noble_elite_a	metamesh	sk	arnor	art	helmet	noble	a	arnor_armors	arnor_armors/arthedain/SK_AR_Art_Helmets_Noble_A_geo.tpac	Y	parsed
sk_ar_art_helmet_noble_elite_b	metamesh	sk	arnor	art	helmet	noble	b	arnor_armors	arnor_armors/arthedain/SK_AR_Art_Helmets_Noble_A_geo.tpac	Y	parsed
sk_ar_art_helmet_noble_heavy_a	metamesh	sk	arnor	art	helmet	noble	a	arnor_armors	arnor_armors/arthedain/SK_AR_Art_Helmets_Noble_A_geo.tpac	Y	parsed
sk_ar_art_helmet_noble_heavy_b	metamesh	sk	arnor	art	helmet	noble	b	arnor_armors	arnor_armors/arthedain/SK_AR_Art_Helmets_Noble_A_geo.tpac	Y	parsed
sk_ar_art_helmet_noble_light_a	metamesh	sk	arnor	art	helmet	noble	a	arnor_armors	arnor_armors/arthedain/SK_AR_Art_Helmets_Noble_A_geo.tpac	Y	parsed
sk_ar_art_helmet_noble_lord_a	metamesh	sk	arnor	art	helmet	noble	a	arnor_armors	arnor_armors/arthedain/SK_AR_Art_Helmets_Noble_A_geo.tpac	N	parsed
sk_ar_art_helmet_noble_lord_b	metamesh	sk	arnor	art	helmet	noble	b	arnor_armors	arnor_armors/arthedain/SK_AR_Art_Helmets_Noble_A_geo.tpac	Y	parsed
sk_ar_art_helmet_noble_med_a	metamesh	sk	arnor	art	helmet	noble	a	arnor_armors	arnor_armors/arthedain/SK_AR_Art_Helmets_Noble_A_geo.tpac	Y	parsed
sk_ar_art_helmet_noble_med_b	metamesh	sk	arnor	art	helmet	noble	b	arnor_armors	arnor_armors/arthedain/SK_AR_Art_Helmets_Noble_A_geo.tpac	Y	parsed
sk_ar_art_helmet_noble_prince_a	metamesh	sk	arnor	art	helmet	noble	a	arnor_armors	arnor_armors/arthedain/SK_AR_Art_Helmets_Noble_A_geo.tpac	Y	parsed
sk_ar_art_helmet_noble_prince_b	metamesh	sk	arnor	art	helmet	noble	b	arnor_armors	arnor_armors/arthedain/SK_AR_Art_Helmets_Noble_A_geo.tpac	Y	parsed
sk_ar_art_helmet_warden_elite_a	metamesh	sk	arnor	art	helmet	elite	a	arnor_armors	arnor_armors/arthedain/SK_AR_Art_Helmets_Unique_A_geo.tpac	Y	parsed
sk_ar_art_helmet_warden_elite_b	metamesh	sk	arnor	art	helmet	elite	b	arnor_armors	arnor_armors/arthedain/SK_AR_Art_Helmets_Unique_A_geo.tpac	Y	parsed
sk_ar_art_helmet_warden_heavy_a	metamesh	sk	arnor	art	helmet	heavy	a	arnor_armors	arnor_armors/arthedain/SK_AR_Art_Helmets_Unique_A_geo.tpac	Y	parsed
sk_ar_art_helmet_warden_heavy_b	metamesh	sk	arnor	art	helmet	heavy	b	arnor_armors	arnor_armors/arthedain/SK_AR_Art_Helmets_Unique_A_geo.tpac	Y	parsed
sk_ar_art_pauld_cape_inf_elite_a	metamesh	sk	arnor	art	pauldron	elite	a	arnor_armors	arnor_armors/arthedain/SK_AR_Art_Capes_A_geo.tpac	Y	parsed
sk_ar_art_pauld_cape_inf_elite_b	metamesh	sk	arnor	art	pauldron	elite	b	arnor_armors	arnor_armors/arthedain/SK_AR_Art_Capes_A_geo.tpac	Y	parsed
sk_ar_art_pauld_cape_inf_elite_c	metamesh	sk	arnor	art	pauldron	elite	c	arnor_armors	arnor_armors/arthedain/SK_AR_Art_Capes_A_geo.tpac	Y	parsed
sk_ar_art_pauld_cape_noble_elite_a	metamesh	sk	arnor	art	pauldron	noble	a	arnor_armors	arnor_armors/arthedain/SK_AR_Art_Capes_A_geo.tpac	Y	parsed
sk_ar_art_pauld_cape_noble_elite_b	metamesh	sk	arnor	art	pauldron	noble	b	arnor_armors	arnor_armors/arthedain/SK_AR_Art_Capes_A_geo.tpac	Y	parsed
sk_ar_art_pauld_inf_elite_a	metamesh	sk	arnor	art	pauldron	elite	a	arnor_armors	arnor_armors/arthedain/SK_AR_Art_Pauldrons_A_geo.tpac	Y	parsed
sk_ar_art_pauld_inf_elite_b	metamesh	sk	arnor	art	pauldron	elite	b	arnor_armors	arnor_armors/arthedain/SK_AR_Art_Pauldrons_A_geo.tpac	Y	parsed
sk_ar_art_pauld_inf_heavy_a	metamesh	sk	arnor	art	pauldron	heavy	a	arnor_armors	arnor_armors/arthedain/SK_AR_Art_Pauldrons_A_geo.tpac	Y	parsed
sk_ar_art_pauld_inf_light_a	metamesh	sk	arnor	art	pauldron	light	a	arnor_armors	arnor_armors/arthedain/SK_AR_Art_Pauldrons_A_geo.tpac	Y	parsed
sk_ar_art_pauld_inf_light_b	metamesh	sk	arnor	art	pauldron	light	b	arnor_armors	arnor_armors/arthedain/SK_AR_Art_Pauldrons_A_geo.tpac	Y	parsed
sk_ar_art_pauld_inf_med_a	metamesh	sk	arnor	art	pauldron	med	a	arnor_armors	arnor_armors/arthedain/SK_AR_Art_Pauldrons_A_geo.tpac	Y	parsed
sk_ar_art_pauld_inf_med_b	metamesh	sk	arnor	art	pauldron	med	b	arnor_armors	arnor_armors/arthedain/SK_AR_Art_Pauldrons_A_geo.tpac	Y	parsed
sk_ar_art_pauld_noble_elite_a	metamesh	sk	arnor	art	pauldron	noble	a	arnor_armors	arnor_armors/arthedain/SK_AR_Art_Pauldrons_A_geo.tpac	Y	parsed
sk_ar_art_pauld_noble_elite_b	metamesh	sk	arnor	art	pauldron	noble	b	arnor_armors	arnor_armors/arthedain/SK_AR_Art_Pauldrons_A_geo.tpac	Y	parsed
sk_ar_art_pauld_noble_heavy_a	metamesh	sk	arnor	art	pauldron	noble	a	arnor_armors	arnor_armors/arthedain/SK_AR_Art_Pauldrons_A_geo.tpac	Y	parsed
sk_ar_art_pauld_noble_heavy_b	metamesh	sk	arnor	art	pauldron	noble	b	arnor_armors	arnor_armors/arthedain/SK_AR_Art_Pauldrons_A_geo.tpac	Y	parsed
sk_ar_art_pauld_noble_med_a	metamesh	sk	arnor	art	pauldron	noble	a	arnor_armors	arnor_armors/arthedain/SK_AR_Art_Pauldrons_A_geo.tpac	Y	parsed
sk_ar_art_pauld_noble_med_b	metamesh	sk	arnor	art	pauldron	noble	b	arnor_armors	arnor_armors/arthedain/SK_AR_Art_Pauldrons_A_geo.tpac	Y	parsed
sk_ar_art_pauld_noble_med_c	metamesh	sk	arnor	art	pauldron	noble	c	arnor_armors	arnor_armors/arthedain/SK_AR_Art_Pauldrons_A_geo.tpac	Y	parsed
sk_body_male_a	metamesh	sk	isengard	-	body	-	a	Race Test	Race Test/Saruman/saruman_delivery_2026.03.16_geo.tpac	Y	parsed
sk_dale_boots_archer_a01	metamesh	sk	dale	-	boots	-	a01	dale_kingdom	dale_kingdom/sr_dale_kingdom_boots_geo.tpac	Y	parsed
sk_dale_boots_archer_a02	metamesh	sk	dale	-	boots	-	a02	dale_kingdom	dale_kingdom/sr_dale_kingdom_boots_geo.tpac	Y	parsed
sk_dale_boots_archer_a03	metamesh	sk	dale	-	boots	-	a03	dale_kingdom	dale_kingdom/sr_dale_kingdom_boots_geo.tpac	Y	parsed
sk_dale_boots_archer_a04	metamesh	sk	dale	-	boots	-	a04	dale_kingdom	dale_kingdom/sr_dale_kingdom_boots_geo.tpac	Y	parsed
sk_dale_boots_archer_b01	metamesh	sk	dale	-	boots	-	b01	dale_kingdom	dale_kingdom/sr_dale_kingdom_boots_geo.tpac	Y	parsed
sk_dale_boots_archer_b02	metamesh	sk	dale	-	boots	-	b02	dale_kingdom	dale_kingdom/sr_dale_kingdom_boots_geo.tpac	Y	parsed
sk_dale_boots_archer_b03	metamesh	sk	dale	-	boots	-	b03	dale_kingdom	dale_kingdom/sr_dale_kingdom_boots_geo.tpac	Y	parsed
sk_dale_boots_archer_b04	metamesh	sk	dale	-	boots	-	b04	dale_kingdom	dale_kingdom/sr_dale_kingdom_boots_geo.tpac	Y	parsed
sk_dale_boots_chivlary_a01	metamesh	sk	dale	-	boots	-	a01	dale_kingdom	dale_kingdom/sr_dale_kingdom_boots_geo.tpac	Y	parsed
sk_dale_boots_chivlary_a02	metamesh	sk	dale	-	boots	-	a02	dale_kingdom	dale_kingdom/sr_dale_kingdom_boots_geo.tpac	Y	parsed
sk_dale_boots_chivlary_a03	metamesh	sk	dale	-	boots	-	a03	dale_kingdom	dale_kingdom/sr_dale_kingdom_boots_geo.tpac	Y	parsed
sk_dale_boots_chivlary_a04	metamesh	sk	dale	-	boots	-	a04	dale_kingdom	dale_kingdom/sr_dale_kingdom_boots_geo.tpac	Y	parsed
sk_dale_boots_chivlary_b01	metamesh	sk	dale	-	boots	-	b01	dale_kingdom	dale_kingdom/sr_dale_kingdom_boots_geo.tpac	Y	parsed
sk_dale_boots_chivlary_b02	metamesh	sk	dale	-	boots	-	b02	dale_kingdom	dale_kingdom/sr_dale_kingdom_boots_geo.tpac	Y	parsed
sk_dale_boots_chivlary_b03	metamesh	sk	dale	-	boots	-	b03	dale_kingdom	dale_kingdom/sr_dale_kingdom_boots_geo.tpac	Y	parsed
sk_dale_boots_chivlary_b04	metamesh	sk	dale	-	boots	-	b04	dale_kingdom	dale_kingdom/sr_dale_kingdom_boots_geo.tpac	Y	parsed
sk_dale_boots_infrantry_a01	metamesh	sk	dale	-	boots	-	a01	dale_kingdom	dale_kingdom/sr_dale_kingdom_boots_geo.tpac	Y	parsed
sk_dale_boots_infrantry_a02	metamesh	sk	dale	-	boots	-	a02	dale_kingdom	dale_kingdom/sr_dale_kingdom_boots_geo.tpac	Y	parsed
sk_dale_boots_infrantry_a03	metamesh	sk	dale	-	boots	-	a03	dale_kingdom	dale_kingdom/sr_dale_kingdom_boots_geo.tpac	Y	parsed
sk_dale_boots_infrantry_a04	metamesh	sk	dale	-	boots	-	a04	dale_kingdom	dale_kingdom/sr_dale_kingdom_boots_geo.tpac	Y	parsed
sk_dale_boots_infrantry_b01	metamesh	sk	dale	-	boots	-	b01	dale_kingdom	dale_kingdom/sr_dale_kingdom_boots_geo.tpac	Y	parsed
sk_dale_boots_infrantry_b02	metamesh	sk	dale	-	boots	-	b02	dale_kingdom	dale_kingdom/sr_dale_kingdom_boots_geo.tpac	Y	parsed
sk_dale_boots_infrantry_b03	metamesh	sk	dale	-	boots	-	b03	dale_kingdom	dale_kingdom/sr_dale_kingdom_boots_geo.tpac	Y	parsed
sk_dale_boots_infrantry_b04	metamesh	sk	dale	-	boots	-	b04	dale_kingdom	dale_kingdom/sr_dale_kingdom_boots_geo.tpac	Y	parsed
sk_dale_chest_archer_a01	metamesh	sk	dale	-	chest	-	a01	dale_kingdom	dale_kingdom/sr_dale_kingdom_chests_geo.tpac	Y	parsed
sk_dale_chest_archer_a02	metamesh	sk	dale	-	chest	-	a02	dale_kingdom	dale_kingdom/sr_dale_kingdom_chests_geo.tpac	Y	parsed
sk_dale_chest_archer_a03	metamesh	sk	dale	-	chest	-	a03	dale_kingdom	dale_kingdom/sr_dale_kingdom_chests_geo.tpac	Y	parsed
sk_dale_chest_archer_a04	metamesh	sk	dale	-	chest	-	a04	dale_kingdom	dale_kingdom/sr_dale_kingdom_chests_geo.tpac	Y	parsed
sk_dale_chest_archer_b01	metamesh	sk	dale	-	chest	-	b01	dale_kingdom	dale_kingdom/sr_dale_kingdom_chests_geo.tpac	Y	parsed
sk_dale_chest_archer_b02	metamesh	sk	dale	-	chest	-	b02	dale_kingdom	dale_kingdom/sr_dale_kingdom_chests_geo.tpac	Y	parsed
sk_dale_chest_archer_b03	metamesh	sk	dale	-	chest	-	b03	dale_kingdom	dale_kingdom/sr_dale_kingdom_chests_geo.tpac	Y	parsed
sk_dale_chest_archer_b04	metamesh	sk	dale	-	chest	-	b04	dale_kingdom	dale_kingdom/sr_dale_kingdom_chests_geo.tpac	Y	parsed
sk_dale_chest_chivalry_a01	metamesh	sk	dale	-	chest	-	a01	dale_kingdom	dale_kingdom/sr_dale_kingdom_chests_geo.tpac	Y	parsed
sk_dale_chest_chivalry_a02	metamesh	sk	dale	-	chest	-	a02	dale_kingdom	dale_kingdom/sr_dale_kingdom_chests_geo.tpac	Y	parsed
sk_dale_chest_chivalry_a03	metamesh	sk	dale	-	chest	-	a03	dale_kingdom	dale_kingdom/sr_dale_kingdom_chests_geo.tpac	Y	parsed
sk_dale_chest_chivalry_a04	metamesh	sk	dale	-	chest	-	a04	dale_kingdom	dale_kingdom/sr_dale_kingdom_chests_geo.tpac	Y	parsed
sk_dale_chest_chivalry_b01	metamesh	sk	dale	-	chest	-	b01	dale_kingdom	dale_kingdom/sr_dale_kingdom_chests_geo.tpac	Y	parsed
sk_dale_chest_chivalry_b02	metamesh	sk	dale	-	chest	-	b02	dale_kingdom	dale_kingdom/sr_dale_kingdom_chests_geo.tpac	Y	parsed
sk_dale_chest_chivalry_b03	metamesh	sk	dale	-	chest	-	b03	dale_kingdom	dale_kingdom/sr_dale_kingdom_chests_geo.tpac	Y	parsed
sk_dale_chest_chivalry_b04	metamesh	sk	dale	-	chest	-	b04	dale_kingdom	dale_kingdom/sr_dale_kingdom_chests_geo.tpac	Y	parsed
sk_dale_chest_infrantry_a01	metamesh	sk	dale	-	chest	-	a01	dale_kingdom	dale_kingdom/sr_dale_kingdom_chests_geo.tpac	Y	parsed
sk_dale_chest_infrantry_a02	metamesh	sk	dale	-	chest	-	a02	dale_kingdom	dale_kingdom/sr_dale_kingdom_chests_geo.tpac	Y	parsed
sk_dale_chest_infrantry_a03	metamesh	sk	dale	-	chest	-	a03	dale_kingdom	dale_kingdom/sr_dale_kingdom_chests_geo.tpac	Y	parsed
sk_dale_chest_infrantry_a04	metamesh	sk	dale	-	chest	-	a04	dale_kingdom	dale_kingdom/sr_dale_kingdom_chests_geo.tpac	Y	parsed
sk_dale_chest_infrantry_b01	metamesh	sk	dale	-	chest	-	b01	dale_kingdom	dale_kingdom/sr_dale_kingdom_chests_geo.tpac	Y	parsed
sk_dale_chest_infrantry_b02	metamesh	sk	dale	-	chest	-	b02	dale_kingdom	dale_kingdom/sr_dale_kingdom_chests_geo.tpac	Y	parsed
sk_dale_chest_infrantry_b03	metamesh	sk	dale	-	chest	-	b03	dale_kingdom	dale_kingdom/sr_dale_kingdom_chests_geo.tpac	Y	parsed
sk_dale_chest_infrantry_b04	metamesh	sk	dale	-	chest	-	b04	dale_kingdom	dale_kingdom/sr_dale_kingdom_chests_geo.tpac	Y	parsed
sk_dale_gauntlet_archer_a01	metamesh	sk	dale	-	bracer	-	a01	dale_kingdom	dale_kingdom/sr_dale_kingdom_gauntlets_geo.tpac	Y	parsed
sk_dale_gauntlet_archer_a02	metamesh	sk	dale	-	bracer	-	a02	dale_kingdom	dale_kingdom/sr_dale_kingdom_gauntlets_geo.tpac	Y	parsed
sk_dale_gauntlet_archer_a03	metamesh	sk	dale	-	bracer	-	a03	dale_kingdom	dale_kingdom/sr_dale_kingdom_gauntlets_geo.tpac	Y	parsed
sk_dale_gauntlet_archer_a04	metamesh	sk	dale	-	bracer	-	a04	dale_kingdom	dale_kingdom/sr_dale_kingdom_gauntlets_geo.tpac	Y	parsed
sk_dale_gauntlet_archer_b01	metamesh	sk	dale	-	bracer	-	b01	dale_kingdom	dale_kingdom/sr_dale_kingdom_gauntlets_geo.tpac	Y	parsed
sk_dale_gauntlet_archer_b02	metamesh	sk	dale	-	bracer	-	b02	dale_kingdom	dale_kingdom/sr_dale_kingdom_gauntlets_geo.tpac	Y	parsed
sk_dale_gauntlet_archer_b03	metamesh	sk	dale	-	bracer	-	b03	dale_kingdom	dale_kingdom/sr_dale_kingdom_gauntlets_geo.tpac	Y	parsed
sk_dale_gauntlet_archer_b04	metamesh	sk	dale	-	bracer	-	b04	dale_kingdom	dale_kingdom/sr_dale_kingdom_gauntlets_geo.tpac	Y	parsed
sk_dale_gauntlet_chivlary_a01	metamesh	sk	dale	-	bracer	-	a01	dale_kingdom	dale_kingdom/sr_dale_kingdom_gauntlets_geo.tpac	Y	parsed
sk_dale_gauntlet_chivlary_a02	metamesh	sk	dale	-	bracer	-	a02	dale_kingdom	dale_kingdom/sr_dale_kingdom_gauntlets_geo.tpac	Y	parsed
sk_dale_gauntlet_chivlary_a03	metamesh	sk	dale	-	bracer	-	a03	dale_kingdom	dale_kingdom/sr_dale_kingdom_gauntlets_geo.tpac	Y	parsed
sk_dale_gauntlet_chivlary_a04	metamesh	sk	dale	-	bracer	-	a04	dale_kingdom	dale_kingdom/sr_dale_kingdom_gauntlets_geo.tpac	Y	parsed
sk_dale_gauntlet_chivlary_b01	metamesh	sk	dale	-	bracer	-	b01	dale_kingdom	dale_kingdom/sr_dale_kingdom_gauntlets_geo.tpac	Y	parsed
sk_dale_gauntlet_chivlary_b02	metamesh	sk	dale	-	bracer	-	b02	dale_kingdom	dale_kingdom/sr_dale_kingdom_gauntlets_geo.tpac	Y	parsed
sk_dale_gauntlet_chivlary_b03	metamesh	sk	dale	-	bracer	-	b03	dale_kingdom	dale_kingdom/sr_dale_kingdom_gauntlets_geo.tpac	Y	parsed
sk_dale_gauntlet_chivlary_b04	metamesh	sk	dale	-	bracer	-	b04	dale_kingdom	dale_kingdom/sr_dale_kingdom_gauntlets_geo.tpac	Y	parsed
sk_dale_gauntlet_infrantry_a01	metamesh	sk	dale	-	bracer	-	a01	dale_kingdom	dale_kingdom/sr_dale_kingdom_gauntlets_geo.tpac	Y	parsed
sk_dale_gauntlet_infrantry_a02	metamesh	sk	dale	-	bracer	-	a02	dale_kingdom	dale_kingdom/sr_dale_kingdom_gauntlets_geo.tpac	Y	parsed
sk_dale_gauntlet_infrantry_a03	metamesh	sk	dale	-	bracer	-	a03	dale_kingdom	dale_kingdom/sr_dale_kingdom_gauntlets_geo.tpac	Y	parsed
sk_dale_gauntlet_infrantry_a04	metamesh	sk	dale	-	bracer	-	a04	dale_kingdom	dale_kingdom/sr_dale_kingdom_gauntlets_geo.tpac	Y	parsed
sk_dale_gauntlet_infrantry_b01	metamesh	sk	dale	-	bracer	-	b01	dale_kingdom	dale_kingdom/sr_dale_kingdom_gauntlets_geo.tpac	Y	parsed
sk_dale_gauntlet_infrantry_b02	metamesh	sk	dale	-	bracer	-	b02	dale_kingdom	dale_kingdom/sr_dale_kingdom_gauntlets_geo.tpac	Y	parsed
sk_dale_gauntlet_infrantry_b03	metamesh	sk	dale	-	bracer	-	b03	dale_kingdom	dale_kingdom/sr_dale_kingdom_gauntlets_geo.tpac	Y	parsed
sk_dale_gauntlet_infrantry_b04	metamesh	sk	dale	-	bracer	-	b04	dale_kingdom	dale_kingdom/sr_dale_kingdom_gauntlets_geo.tpac	Y	parsed
sk_dale_helmet_archer_a01	metamesh	sk	dale	-	helmet	-	a01	dale_kingdom	dale_kingdom/sr_dale_kingdom_helmets_geo.tpac	Y	parsed
sk_dale_helmet_archer_a02	metamesh	sk	dale	-	helmet	-	a02	dale_kingdom	dale_kingdom/sr_dale_kingdom_helmets_geo.tpac	Y	parsed
sk_dale_helmet_archer_a03	metamesh	sk	dale	-	helmet	-	a03	dale_kingdom	dale_kingdom/sr_dale_kingdom_helmets_geo.tpac	Y	parsed
sk_dale_helmet_archer_a04	metamesh	sk	dale	-	helmet	-	a04	dale_kingdom	dale_kingdom/sr_dale_kingdom_helmets_geo.tpac	Y	parsed
sk_dale_helmet_archer_b01	metamesh	sk	dale	-	helmet	-	b01	dale_kingdom	dale_kingdom/sr_dale_kingdom_helmets_geo.tpac	Y	parsed
sk_dale_helmet_archer_b02	metamesh	sk	dale	-	helmet	-	b02	dale_kingdom	dale_kingdom/sr_dale_kingdom_helmets_geo.tpac	Y	parsed
sk_dale_helmet_archer_b03	metamesh	sk	dale	-	helmet	-	b03	dale_kingdom	dale_kingdom/sr_dale_kingdom_helmets_geo.tpac	Y	parsed
sk_dale_helmet_archer_b04	metamesh	sk	dale	-	helmet	-	b04	dale_kingdom	dale_kingdom/sr_dale_kingdom_helmets_geo.tpac	Y	parsed
sk_dale_helmet_chivlary_a01	metamesh	sk	dale	-	helmet	-	a01	dale_kingdom	dale_kingdom/sr_dale_kingdom_helmets_geo.tpac	Y	parsed
sk_dale_helmet_chivlary_a02	metamesh	sk	dale	-	helmet	-	a02	dale_kingdom	dale_kingdom/sr_dale_kingdom_helmets_geo.tpac	Y	parsed
sk_dale_helmet_chivlary_a03	metamesh	sk	dale	-	helmet	-	a03	dale_kingdom	dale_kingdom/sr_dale_kingdom_helmets_geo.tpac	Y	parsed
sk_dale_helmet_chivlary_a04	metamesh	sk	dale	-	helmet	-	a04	dale_kingdom	dale_kingdom/sr_dale_kingdom_helmets_geo.tpac	Y	parsed
sk_dale_helmet_chivlary_b01	metamesh	sk	dale	-	helmet	-	b01	dale_kingdom	dale_kingdom/sr_dale_kingdom_helmets_geo.tpac	Y	parsed
sk_dale_helmet_chivlary_b02	metamesh	sk	dale	-	helmet	-	b02	dale_kingdom	dale_kingdom/sr_dale_kingdom_helmets_geo.tpac	Y	parsed
sk_dale_helmet_chivlary_b03	metamesh	sk	dale	-	helmet	-	b03	dale_kingdom	dale_kingdom/sr_dale_kingdom_helmets_geo.tpac	Y	parsed
sk_dale_helmet_chivlary_b04	metamesh	sk	dale	-	helmet	-	b04	dale_kingdom	dale_kingdom/sr_dale_kingdom_helmets_geo.tpac	Y	parsed
sk_dale_helmet_infrantry_a01	metamesh	sk	dale	-	helmet	-	a01	dale_kingdom	dale_kingdom/sr_dale_kingdom_helmets_geo.tpac	Y	parsed
sk_dale_helmet_infrantry_a02	metamesh	sk	dale	-	helmet	-	a02	dale_kingdom	dale_kingdom/sr_dale_kingdom_helmets_geo.tpac	Y	parsed
sk_dale_helmet_infrantry_a03	metamesh	sk	dale	-	helmet	-	a03	dale_kingdom	dale_kingdom/sr_dale_kingdom_helmets_geo.tpac	Y	parsed
sk_dale_helmet_infrantry_a04	metamesh	sk	dale	-	helmet	-	a04	dale_kingdom	dale_kingdom/sr_dale_kingdom_helmets_geo.tpac	Y	parsed
sk_dale_helmet_infrantry_b01	metamesh	sk	dale	-	helmet	-	b01	dale_kingdom	dale_kingdom/sr_dale_kingdom_helmets_geo.tpac	Y	parsed
sk_dale_helmet_infrantry_b02	metamesh	sk	dale	-	helmet	-	b02	dale_kingdom	dale_kingdom/sr_dale_kingdom_helmets_geo.tpac	Y	parsed
sk_dale_helmet_infrantry_b03	metamesh	sk	dale	-	helmet	-	b03	dale_kingdom	dale_kingdom/sr_dale_kingdom_helmets_geo.tpac	Y	parsed
sk_dale_helmet_infrantry_b04	metamesh	sk	dale	-	helmet	-	b04	dale_kingdom	dale_kingdom/sr_dale_kingdom_helmets_geo.tpac	Y	parsed
sk_dale_lake_town_boots_mariner_a01	metamesh	sk	dale	lake	boots	-	a01	dale_kingdom	dale_kingdom/sr_dale_kingdom_boots_geo.tpac	Y	parsed
sk_dale_lake_town_boots_mariner_a02	metamesh	sk	dale	lake	boots	-	a02	dale_kingdom	dale_kingdom/sr_dale_kingdom_boots_geo.tpac	Y	parsed
sk_dale_lake_town_boots_mariner_a03	metamesh	sk	dale	lake	boots	-	a03	dale_kingdom	dale_kingdom/sr_dale_kingdom_boots_geo.tpac	Y	parsed
sk_dale_lake_town_boots_mariner_a04	metamesh	sk	dale	lake	boots	-	a04	dale_kingdom	dale_kingdom/sr_dale_kingdom_boots_geo.tpac	Y	parsed
sk_dale_lake_town_boots_mariner_b01	metamesh	sk	dale	lake	boots	-	b01	dale_kingdom	dale_kingdom/sr_dale_kingdom_boots_geo.tpac	Y	parsed
sk_dale_lake_town_boots_mariner_b02	metamesh	sk	dale	lake	boots	-	b02	dale_kingdom	dale_kingdom/sr_dale_kingdom_boots_geo.tpac	Y	parsed
sk_dale_lake_town_boots_mariner_b03	metamesh	sk	dale	lake	boots	-	b03	dale_kingdom	dale_kingdom/sr_dale_kingdom_boots_geo.tpac	Y	parsed
sk_dale_lake_town_boots_mariner_b04	metamesh	sk	dale	lake	boots	-	b04	dale_kingdom	dale_kingdom/sr_dale_kingdom_boots_geo.tpac	Y	parsed
sk_dale_lake_town_bracers_mariner_a01	metamesh	sk	dale	lake	bracer	-	a01	dale_kingdom	dale_kingdom/sr_dale_kingdom_gauntlets_geo.tpac	Y	parsed
sk_dale_lake_town_bracers_mariner_a02	metamesh	sk	dale	lake	bracer	-	a02	dale_kingdom	dale_kingdom/sr_dale_kingdom_gauntlets_geo.tpac	Y	parsed
sk_dale_lake_town_bracers_mariner_a03	metamesh	sk	dale	lake	bracer	-	a03	dale_kingdom	dale_kingdom/sr_dale_kingdom_gauntlets_geo.tpac	Y	parsed
sk_dale_lake_town_bracers_mariner_a04	metamesh	sk	dale	lake	bracer	-	a04	dale_kingdom	dale_kingdom/sr_dale_kingdom_gauntlets_geo.tpac	Y	parsed
sk_dale_lake_town_bracers_mariner_b01	metamesh	sk	dale	lake	bracer	-	b01	dale_kingdom	dale_kingdom/sr_dale_kingdom_gauntlets_geo.tpac	Y	parsed
sk_dale_lake_town_bracers_mariner_b02	metamesh	sk	dale	lake	bracer	-	b02	dale_kingdom	dale_kingdom/sr_dale_kingdom_gauntlets_geo.tpac	Y	parsed
sk_dale_lake_town_bracers_mariner_b03	metamesh	sk	dale	lake	bracer	-	b03	dale_kingdom	dale_kingdom/sr_dale_kingdom_gauntlets_geo.tpac	Y	parsed
sk_dale_lake_town_bracers_mariner_b04	metamesh	sk	dale	lake	bracer	-	b04	dale_kingdom	dale_kingdom/sr_dale_kingdom_gauntlets_geo.tpac	Y	parsed
sk_dale_lake_town_chest_mariner_a01	metamesh	sk	dale	lake	chest	-	a01	dale_kingdom	dale_kingdom/sr_dale_kingdom_chests_geo.tpac	Y	parsed
sk_dale_lake_town_chest_mariner_a02	metamesh	sk	dale	lake	chest	-	a02	dale_kingdom	dale_kingdom/sr_dale_kingdom_chests_geo.tpac	Y	parsed
sk_dale_lake_town_chest_mariner_a03	metamesh	sk	dale	lake	chest	-	a03	dale_kingdom	dale_kingdom/sr_dale_kingdom_chests_geo.tpac	Y	parsed
sk_dale_lake_town_chest_mariner_a04	metamesh	sk	dale	lake	chest	-	a04	dale_kingdom	dale_kingdom/sr_dale_kingdom_chests_geo.tpac	Y	parsed
sk_dale_lake_town_chest_mariner_b01	metamesh	sk	dale	lake	chest	-	b01	dale_kingdom	dale_kingdom/sr_dale_kingdom_chests_geo.tpac	Y	parsed
sk_dale_lake_town_chest_mariner_b02	metamesh	sk	dale	lake	chest	-	b02	dale_kingdom	dale_kingdom/sr_dale_kingdom_chests_geo.tpac	Y	parsed
sk_dale_lake_town_chest_mariner_b03	metamesh	sk	dale	lake	chest	-	b03	dale_kingdom	dale_kingdom/sr_dale_kingdom_chests_geo.tpac	Y	parsed
sk_dale_lake_town_chest_mariner_b04	metamesh	sk	dale	lake	chest	-	b04	dale_kingdom	dale_kingdom/sr_dale_kingdom_chests_geo.tpac	Y	parsed
sk_dale_lake_town_helmet_mariner_a01	metamesh	sk	dale	lake	helmet	-	a01	dale_kingdom	dale_kingdom/sr_dale_kingdom_helmets_geo.tpac	Y	parsed
sk_dale_lake_town_helmet_mariner_a02	metamesh	sk	dale	lake	helmet	-	a02	dale_kingdom	dale_kingdom/sr_dale_kingdom_helmets_geo.tpac	Y	parsed
sk_dale_lake_town_helmet_mariner_a03	metamesh	sk	dale	lake	helmet	-	a03	dale_kingdom	dale_kingdom/sr_dale_kingdom_helmets_geo.tpac	Y	parsed
sk_dale_lake_town_helmet_mariner_a04	metamesh	sk	dale	lake	helmet	-	a04	dale_kingdom	dale_kingdom/sr_dale_kingdom_helmets_geo.tpac	Y	parsed
sk_dale_lake_town_helmet_mariner_b01	metamesh	sk	dale	lake	helmet	-	b01	dale_kingdom	dale_kingdom/sr_dale_kingdom_helmets_geo.tpac	Y	parsed
sk_dale_lake_town_helmet_mariner_b02	metamesh	sk	dale	lake	helmet	-	b02	dale_kingdom	dale_kingdom/sr_dale_kingdom_helmets_geo.tpac	Y	parsed
sk_dale_lake_town_helmet_mariner_b03	metamesh	sk	dale	lake	helmet	-	b03	dale_kingdom	dale_kingdom/sr_dale_kingdom_helmets_geo.tpac	Y	parsed
sk_dale_lake_town_helmet_mariner_b04	metamesh	sk	dale	lake	helmet	-	b04	dale_kingdom	dale_kingdom/sr_dale_kingdom_helmets_geo.tpac	Y	parsed
sk_dale_lake_town_shoulder_mariner_a01	metamesh	sk	dale	lake	pauldron	-	a01	dale_kingdom	dale_kingdom/sr_dale_kingdom_shoulders_geo.tpac	Y	parsed
sk_dale_lake_town_shoulder_mariner_a03	metamesh	sk	dale	lake	pauldron	-	a03	dale_kingdom	dale_kingdom/sr_dale_kingdom_shoulders_geo.tpac	Y	parsed
sk_dale_lake_town_shoulder_mariner_b01	metamesh	sk	dale	lake	pauldron	-	b01	dale_kingdom	dale_kingdom/sr_dale_kingdom_shoulders_geo.tpac	Y	parsed
sk_dale_lake_town_shoulder_mariner_b03	metamesh	sk	dale	lake	pauldron	-	b03	dale_kingdom	dale_kingdom/sr_dale_kingdom_shoulders_geo.tpac	Y	parsed
sk_dale_shoulder_archer_a01	metamesh	sk	dale	-	pauldron	-	a01	dale_kingdom	dale_kingdom/sr_dale_kingdom_shoulders_geo.tpac	Y	parsed
sk_dale_shoulder_archer_a03	metamesh	sk	dale	-	pauldron	-	a03	dale_kingdom	dale_kingdom/sr_dale_kingdom_shoulders_geo.tpac	Y	parsed
sk_dale_shoulder_archer_a04	metamesh	sk	dale	-	pauldron	-	a04	dale_kingdom	dale_kingdom/sr_dale_kingdom_shoulders_geo.tpac	Y	parsed
sk_dale_shoulder_archer_b01	metamesh	sk	dale	-	pauldron	-	b01	dale_kingdom	dale_kingdom/sr_dale_kingdom_shoulders_geo.tpac	Y	parsed
sk_dale_shoulder_archer_b03	metamesh	sk	dale	-	pauldron	-	b03	dale_kingdom	dale_kingdom/sr_dale_kingdom_shoulders_geo.tpac	Y	parsed
sk_dale_shoulder_archer_b04	metamesh	sk	dale	-	pauldron	-	b04	dale_kingdom	dale_kingdom/sr_dale_kingdom_shoulders_geo.tpac	Y	parsed
sk_dale_shoulder_chivlary_a01	metamesh	sk	dale	-	pauldron	-	a01	dale_kingdom	dale_kingdom/sr_dale_kingdom_shoulders_geo.tpac	Y	parsed
sk_dale_shoulder_chivlary_a02	metamesh	sk	dale	-	pauldron	-	a02	dale_kingdom	dale_kingdom/sr_dale_kingdom_shoulders_geo.tpac	Y	parsed
sk_dale_shoulder_chivlary_a03	metamesh	sk	dale	-	pauldron	-	a03	dale_kingdom	dale_kingdom/sr_dale_kingdom_shoulders_geo.tpac	Y	parsed
sk_dale_shoulder_chivlary_a04	metamesh	sk	dale	-	pauldron	-	a04	dale_kingdom	dale_kingdom/sr_dale_kingdom_shoulders_geo.tpac	Y	parsed
sk_dale_shoulder_chivlary_b01	metamesh	sk	dale	-	pauldron	-	b01	dale_kingdom	dale_kingdom/sr_dale_kingdom_shoulders_geo.tpac	Y	parsed
sk_dale_shoulder_chivlary_b02	metamesh	sk	dale	-	pauldron	-	b02	dale_kingdom	dale_kingdom/sr_dale_kingdom_shoulders_geo.tpac	Y	parsed
sk_dale_shoulder_chivlary_b03	metamesh	sk	dale	-	pauldron	-	b03	dale_kingdom	dale_kingdom/sr_dale_kingdom_shoulders_geo.tpac	Y	parsed
sk_dale_shoulder_chivlary_b04	metamesh	sk	dale	-	pauldron	-	b04	dale_kingdom	dale_kingdom/sr_dale_kingdom_shoulders_geo.tpac	Y	parsed
sk_dale_shoulder_infrantry_a01	metamesh	sk	dale	-	pauldron	-	a01	dale_kingdom	dale_kingdom/sr_dale_kingdom_shoulders_geo.tpac	Y	parsed
sk_dale_shoulder_infrantry_a02	metamesh	sk	dale	-	pauldron	-	a02	dale_kingdom	dale_kingdom/sr_dale_kingdom_shoulders_geo.tpac	Y	parsed
sk_dale_shoulder_infrantry_a03	metamesh	sk	dale	-	pauldron	-	a03	dale_kingdom	dale_kingdom/sr_dale_kingdom_shoulders_geo.tpac	Y	parsed
sk_dale_shoulder_infrantry_a04	metamesh	sk	dale	-	pauldron	-	a04	dale_kingdom	dale_kingdom/sr_dale_kingdom_shoulders_geo.tpac	Y	parsed
sk_dale_shoulder_infrantry_b01	metamesh	sk	dale	-	pauldron	-	b01	dale_kingdom	dale_kingdom/sr_dale_kingdom_shoulders_geo.tpac	Y	parsed
sk_dale_shoulder_infrantry_b02	metamesh	sk	dale	-	pauldron	-	b02	dale_kingdom	dale_kingdom/sr_dale_kingdom_shoulders_geo.tpac	Y	parsed
sk_dale_shoulder_infrantry_b03	metamesh	sk	dale	-	pauldron	-	b03	dale_kingdom	dale_kingdom/sr_dale_kingdom_shoulders_geo.tpac	Y	parsed
sk_dale_shoulder_infrantry_b04	metamesh	sk	dale	-	pauldron	-	b04	dale_kingdom	dale_kingdom/sr_dale_kingdom_shoulders_geo.tpac	Y	parsed
sk_dg_khml_bracer_heavy_a	metamesh	sk	dol_guldur	khml	bracer	heavy	a	rhun_armors	rhun_armors/khamul/SK_DG_Khml_Bracers_A_geo.tpac	Y	parsed
sk_dg_khml_bracer_heavy_b	metamesh	sk	dol_guldur	khml	bracer	heavy	b	rhun_armors	rhun_armors/khamul/SK_DG_Khml_Bracers_A_geo.tpac	Y	parsed
sk_dg_khml_bracer_heavy_c	metamesh	sk	dol_guldur	khml	bracer	heavy	c	rhun_armors	rhun_armors/khamul/SK_DG_Khml_Bracers_A_geo.tpac	Y	parsed
sk_dg_khml_bracer_hplate_heavy_a	metamesh	sk	dol_guldur	khml	bracer	heavy	a	rhun_armors	rhun_armors/khamul/SK_DG_Khml_Bracers_A_geo.tpac	Y	parsed
sk_dg_khml_bracer_hplate_light_a	metamesh	sk	dol_guldur	khml	bracer	light	a	rhun_armors	rhun_armors/khamul/SK_DG_Khml_Bracers_A_geo.tpac	Y	parsed
sk_dg_khml_bracer_hplate_med_a	metamesh	sk	dol_guldur	khml	bracer	med	a	rhun_armors	rhun_armors/khamul/SK_DG_Khml_Bracers_A_geo.tpac	Y	parsed
sk_dg_khml_bracer_lam_heavy_a	metamesh	sk	dol_guldur	khml	bracer	heavy	a	rhun_armors	rhun_armors/khamul/SK_DG_Khml_Bracers_A_geo.tpac	Y	parsed
sk_dg_khml_bracer_lam_light_a	metamesh	sk	dol_guldur	khml	bracer	light	a	rhun_armors	rhun_armors/khamul/SK_DG_Khml_Bracers_A_geo.tpac	Y	parsed
sk_dg_khml_bracer_lam_med_a	metamesh	sk	dol_guldur	khml	bracer	med	a	rhun_armors	rhun_armors/khamul/SK_DG_Khml_Bracers_A_geo.tpac	Y	parsed
sk_dg_khml_bracer_light_a	metamesh	sk	dol_guldur	khml	bracer	light	a	rhun_armors	rhun_armors/khamul/SK_DG_Khml_Bracers_A_geo.tpac	Y	parsed
sk_dg_khml_bracer_med_a	metamesh	sk	dol_guldur	khml	bracer	med	a	rhun_armors	rhun_armors/khamul/SK_DG_Khml_Bracers_A_geo.tpac	Y	parsed
sk_dg_khml_bracer_med_b	metamesh	sk	dol_guldur	khml	bracer	med	b	rhun_armors	rhun_armors/khamul/SK_DG_Khml_Bracers_A_geo.tpac	Y	parsed
sk_dg_khml_bracer_med_c	metamesh	sk	dol_guldur	khml	bracer	med	c	rhun_armors	rhun_armors/khamul/SK_DG_Khml_Bracers_A_geo.tpac	Y	parsed
sk_dg_khml_bracer_plate_heavy_a	metamesh	sk	dol_guldur	khml	bracer	heavy	a	rhun_armors	rhun_armors/khamul/SK_DG_Khml_Bracers_A_geo.tpac	Y	parsed
sk_dg_khml_bracer_plate_light_a	metamesh	sk	dol_guldur	khml	bracer	light	a	rhun_armors	rhun_armors/khamul/SK_DG_Khml_Bracers_A_geo.tpac	Y	parsed
sk_dg_khml_bracer_plate_med_a	metamesh	sk	dol_guldur	khml	bracer	med	a	rhun_armors	rhun_armors/khamul/SK_DG_Khml_Bracers_A_geo.tpac	Y	parsed
sk_dg_khml_bracer_scale_heavy_a	metamesh	sk	dol_guldur	khml	bracer	heavy	a	rhun_armors	rhun_armors/khamul/SK_DG_Khml_Bracers_A_geo.tpac	Y	parsed
sk_dg_khml_bracer_scale_med_a	metamesh	sk	dol_guldur	khml	bracer	med	a	rhun_armors	rhun_armors/khamul/SK_DG_Khml_Bracers_A_geo.tpac	Y	parsed
sk_dg_khml_cape_a	metamesh	sk	dol_guldur	khml	cape	-	a	rhun_armors	rhun_armors/khamul/SK_DG_Khml_Pauldrons_A_geo.tpac	Y	parsed
sk_dg_khml_cape_b	metamesh	sk	dol_guldur	khml	cape	-	b	rhun_armors	rhun_armors/khamul/SK_DG_Khml_Pauldrons_A_geo.tpac	Y	parsed
sk_dg_khml_cape_heavy_a	metamesh	sk	dol_guldur	khml	cape	heavy	a	rhun_armors	rhun_armors/khamul/SK_DG_Khml_Pauldrons_A_geo.tpac	Y	parsed
sk_dg_khml_cape_heavy_b	metamesh	sk	dol_guldur	khml	cape	heavy	b	rhun_armors	rhun_armors/khamul/SK_DG_Khml_Pauldrons_A_geo.tpac	Y	parsed
sk_dg_khml_cape_hplate_heavy_a	metamesh	sk	dol_guldur	khml	cape	heavy	a	rhun_armors	rhun_armors/khamul/SK_DG_Khml_Pauldrons_A_geo.tpac	Y	parsed
sk_dg_khml_cape_plate_heavy_a	metamesh	sk	dol_guldur	khml	cape	heavy	a	rhun_armors	rhun_armors/khamul/SK_DG_Khml_Pauldrons_A_geo.tpac	Y	parsed
sk_dg_khml_cape_scale_heavy_a	metamesh	sk	dol_guldur	khml	cape	heavy	a	rhun_armors	rhun_armors/khamul/SK_DG_Khml_Pauldrons_A_geo.tpac	Y	parsed
sk_dg_khml_chainmail_a	metamesh	sk	dol_guldur	khml	chest	-	a	rhun_armors	rhun_armors/khamul/SK_DG_Khml_Chests_A_geo.tpac	Y	parsed
sk_dg_khml_chest_elite_a	metamesh	sk	dol_guldur	khml	chest	elite	a	rhun_armors	rhun_armors/khamul/SK_DG_Khml_Chests_Lamellar_A_geo.tpac	Y	parsed
sk_dg_khml_chest_elite_b	metamesh	sk	dol_guldur	khml	chest	elite	b	rhun_armors	rhun_armors/khamul/SK_DG_Khml_Chests_Lamellar_A_geo.tpac	Y	parsed
sk_dg_khml_chest_heavy_a	metamesh	sk	dol_guldur	khml	chest	heavy	a	rhun_armors	rhun_armors/khamul/SK_DG_Khml_Chests_Lamellar_A_geo.tpac	Y	parsed
sk_dg_khml_chest_heavy_b	metamesh	sk	dol_guldur	khml	chest	heavy	b	rhun_armors	rhun_armors/khamul/SK_DG_Khml_Chests_Lamellar_A_geo.tpac	Y	parsed
sk_dg_khml_chest_heavy_c	metamesh	sk	dol_guldur	khml	chest	heavy	c	rhun_armors	rhun_armors/khamul/SK_DG_Khml_Chests_Spiky_A_geo.tpac	Y	parsed
sk_dg_khml_chest_heavy_d	metamesh	sk	dol_guldur	khml	chest	heavy	d	rhun_armors	rhun_armors/khamul/SK_DG_Khml_Chests_Spiky_A_geo.tpac	Y	parsed
sk_dg_khml_chest_light_a	metamesh	sk	dol_guldur	khml	chest	light	a	rhun_armors	rhun_armors/khamul/SK_DG_Khml_Chests_Lamellar_A_geo.tpac	Y	parsed
sk_dg_khml_chest_light_b	metamesh	sk	dol_guldur	khml	chest	light	b	rhun_armors	rhun_armors/khamul/SK_DG_Khml_Chests_Lamellar_A_geo.tpac	Y	parsed
sk_dg_khml_chest_light_c	metamesh	sk	dol_guldur	khml	chest	light	c	rhun_armors	rhun_armors/khamul/SK_DG_Khml_Chests_Spiky_A_geo.tpac	Y	parsed
sk_dg_khml_chest_light_d	metamesh	sk	dol_guldur	khml	chest	light	d	rhun_armors	rhun_armors/khamul/SK_DG_Khml_Chests_Spiky_A_geo.tpac	Y	parsed
sk_dg_khml_chest_lord_a	metamesh	sk	dol_guldur	khml	chest	lord	a	rhun_armors	rhun_armors/khamul/SK_DG_Khml_Chests_Lamellar_A_geo.tpac	Y	parsed
sk_dg_khml_chest_lord_b	metamesh	sk	dol_guldur	khml	chest	lord	b	rhun_armors	rhun_armors/khamul/SK_DG_Khml_Chests_Lamellar_A_geo.tpac	Y	parsed
sk_dg_khml_chest_med_a	metamesh	sk	dol_guldur	khml	chest	med	a	rhun_armors	rhun_armors/khamul/SK_DG_Khml_Chests_Lamellar_A_geo.tpac	Y	parsed
sk_dg_khml_chest_med_b	metamesh	sk	dol_guldur	khml	chest	med	b	rhun_armors	rhun_armors/khamul/SK_DG_Khml_Chests_Lamellar_A_geo.tpac	Y	parsed
sk_dg_khml_chest_med_c	metamesh	sk	dol_guldur	khml	chest	med	c	rhun_armors	rhun_armors/khamul/SK_DG_Khml_Chests_Spiky_A_geo.tpac	Y	parsed
sk_dg_khml_chest_med_d	metamesh	sk	dol_guldur	khml	chest	med	d	rhun_armors	rhun_armors/khamul/SK_DG_Khml_Chests_Spiky_A_geo.tpac	Y	parsed
sk_dg_khml_grvs_heavy_a	metamesh	sk	dol_guldur	khml	greaves	heavy	a	rhun_armors	rhun_armors/khamul/SK_DG_Khml_Boots_A_geo.tpac	Y	parsed
sk_dg_khml_grvs_heavy_b	metamesh	sk	dol_guldur	khml	greaves	heavy	b	rhun_armors	rhun_armors/khamul/SK_DG_Khml_Boots_A_geo.tpac	Y	parsed
sk_dg_khml_grvs_hplate_heavy_a	metamesh	sk	dol_guldur	khml	greaves	heavy	a	rhun_armors	rhun_armors/khamul/SK_DG_Khml_Boots_A_geo.tpac	Y	parsed
sk_dg_khml_grvs_hplate_light_a	metamesh	sk	dol_guldur	khml	greaves	light	a	rhun_armors	rhun_armors/khamul/SK_DG_Khml_Boots_A_geo.tpac	Y	parsed
sk_dg_khml_grvs_light_a	metamesh	sk	dol_guldur	khml	greaves	light	a	rhun_armors	rhun_armors/khamul/SK_DG_Khml_Boots_A_geo.tpac	Y	parsed
sk_dg_khml_grvs_light_b	metamesh	sk	dol_guldur	khml	greaves	light	b	rhun_armors	rhun_armors/khamul/SK_DG_Khml_Boots_A_geo.tpac	Y	parsed
sk_dg_khml_grvs_plate_elite_a	metamesh	sk	dol_guldur	khml	greaves	elite	a	rhun_armors	rhun_armors/khamul/SK_DG_Khml_Boots_A_geo.tpac	Y	parsed
sk_dg_khml_grvs_plate_heavy_a	metamesh	sk	dol_guldur	khml	greaves	heavy	a	rhun_armors	rhun_armors/khamul/SK_DG_Khml_Boots_A_geo.tpac	Y	parsed
sk_dg_khml_grvs_plate_light_a	metamesh	sk	dol_guldur	khml	greaves	light	a	rhun_armors	rhun_armors/khamul/SK_DG_Khml_Boots_A_geo.tpac	Y	parsed
sk_dg_khml_grvs_plate_med_a	metamesh	sk	dol_guldur	khml	greaves	med	a	rhun_armors	rhun_armors/khamul/SK_DG_Khml_Boots_A_geo.tpac	Y	parsed
sk_dg_khml_grvs_scale_heavy_a	metamesh	sk	dol_guldur	khml	greaves	heavy	a	rhun_armors	rhun_armors/khamul/SK_DG_Khml_Boots_A_geo.tpac	Y	parsed
sk_dg_khml_grvs_scale_light_a	metamesh	sk	dol_guldur	khml	greaves	light	a	rhun_armors	rhun_armors/khamul/SK_DG_Khml_Boots_A_geo.tpac	Y	parsed
sk_dg_khml_helmet_arch_elite_a	metamesh	sk	dol_guldur	khml	helmet	elite	a	rhun_armors	rhun_armors/khamul/SK_DG_Khml_Helmets_Arc_A_geo.tpac	Y	parsed
sk_dg_khml_helmet_arch_elite_b	metamesh	sk	dol_guldur	khml	helmet	elite	b	rhun_armors	rhun_armors/khamul/SK_DG_Khml_Helmets_Arc_A_geo.tpac	Y	parsed
sk_dg_khml_helmet_arch_elite_c	metamesh	sk	dol_guldur	khml	helmet	elite	c	rhun_armors	rhun_armors/khamul/SK_DG_Khml_Helmets_Arc_A_geo.tpac	Y	parsed
sk_dg_khml_helmet_arch_elite_d	metamesh	sk	dol_guldur	khml	helmet	elite	d	rhun_armors	rhun_armors/khamul/SK_DG_Khml_Helmets_Arc_A_geo.tpac	Y	parsed
sk_dg_khml_helmet_arch_elite_e	metamesh	sk	dol_guldur	khml	helmet	elite	e	rhun_armors	rhun_armors/khamul/SK_DG_Khml_Helmets_Arc_A_geo.tpac	Y	parsed
sk_dg_khml_helmet_arch_elite_f	metamesh	sk	dol_guldur	khml	helmet	elite	f	rhun_armors	rhun_armors/khamul/SK_DG_Khml_Helmets_Arc_A_geo.tpac	Y	parsed
sk_dg_khml_helmet_arch_elite_g	metamesh	sk	dol_guldur	khml	helmet	elite	g	rhun_armors	rhun_armors/khamul/SK_DG_Khml_Helmets_Arc_A_geo.tpac	Y	parsed
sk_dg_khml_helmet_arch_elite_h	metamesh	sk	dol_guldur	khml	helmet	elite	h	rhun_armors	rhun_armors/khamul/SK_DG_Khml_Helmets_Arc_A_geo.tpac	Y	parsed
sk_dg_khml_helmet_arch_elite_i	metamesh	sk	dol_guldur	khml	helmet	elite	i	rhun_armors	rhun_armors/khamul/SK_DG_Khml_Helmets_Arc_A_geo.tpac	Y	parsed
sk_dg_khml_helmet_arch_heavy_a	metamesh	sk	dol_guldur	khml	helmet	heavy	a	rhun_armors	rhun_armors/khamul/SK_DG_Khml_Helmets_Arc_A_geo.tpac	Y	parsed
sk_dg_khml_helmet_arch_heavy_b	metamesh	sk	dol_guldur	khml	helmet	heavy	b	rhun_armors	rhun_armors/khamul/SK_DG_Khml_Helmets_Arc_A_geo.tpac	Y	parsed
sk_dg_khml_helmet_arch_heavy_c	metamesh	sk	dol_guldur	khml	helmet	heavy	c	rhun_armors	rhun_armors/khamul/SK_DG_Khml_Helmets_Arc_A_geo.tpac	Y	parsed
sk_dg_khml_helmet_arch_light_a	metamesh	sk	dol_guldur	khml	helmet	light	a	rhun_armors	rhun_armors/khamul/SK_DG_Khml_Helmets_Arc_A_geo.tpac	Y	parsed
sk_dg_khml_helmet_arch_lord_a	metamesh	sk	dol_guldur	khml	helmet	lord	a	rhun_armors	rhun_armors/khamul/SK_DG_Khml_Helmets_Arc_A_geo.tpac	Y	parsed
sk_dg_khml_helmet_arch_lord_b	metamesh	sk	dol_guldur	khml	helmet	lord	b	rhun_armors	rhun_armors/khamul/SK_DG_Khml_Helmets_Arc_A_geo.tpac	Y	parsed
sk_dg_khml_helmet_arch_lord_c	metamesh	sk	dol_guldur	khml	helmet	lord	c	rhun_armors	rhun_armors/khamul/SK_DG_Khml_Helmets_Arc_A_geo.tpac	Y	parsed
sk_dg_khml_helmet_arch_lord_d	metamesh	sk	dol_guldur	khml	helmet	lord	d	rhun_armors	rhun_armors/khamul/SK_DG_Khml_Helmets_Arc_A_geo.tpac	Y	parsed
sk_dg_khml_helmet_arch_lord_e	metamesh	sk	dol_guldur	khml	helmet	lord	e	rhun_armors	rhun_armors/khamul/SK_DG_Khml_Helmets_Arc_A_geo.tpac	Y	parsed
sk_dg_khml_helmet_arch_lord_f	metamesh	sk	dol_guldur	khml	helmet	lord	f	rhun_armors	rhun_armors/khamul/SK_DG_Khml_Helmets_Arc_A_geo.tpac	Y	parsed
sk_dg_khml_helmet_arch_med_a	metamesh	sk	dol_guldur	khml	helmet	med	a	rhun_armors	rhun_armors/khamul/SK_DG_Khml_Helmets_Arc_A_geo.tpac	Y	parsed
sk_dg_khml_helmet_arch_med_b	metamesh	sk	dol_guldur	khml	helmet	med	b	rhun_armors	rhun_armors/khamul/SK_DG_Khml_Helmets_Arc_A_geo.tpac	Y	parsed
sk_dg_khml_helmet_arch_med_c	metamesh	sk	dol_guldur	khml	helmet	med	c	rhun_armors	rhun_armors/khamul/SK_DG_Khml_Helmets_Arc_A_geo.tpac	Y	parsed
sk_dg_khml_helmet_cav_elite_a	metamesh	sk	dol_guldur	khml	helmet	elite	a	rhun_armors	rhun_armors/khamul/SK_DG_Khml_Helmets_Cav_A_geo.tpac	Y	parsed
sk_dg_khml_helmet_cav_elite_b	metamesh	sk	dol_guldur	khml	helmet	elite	b	rhun_armors	rhun_armors/khamul/SK_DG_Khml_Helmets_Cav_A_geo.tpac	Y	parsed
sk_dg_khml_helmet_cav_elite_c	metamesh	sk	dol_guldur	khml	helmet	elite	c	rhun_armors	rhun_armors/khamul/SK_DG_Khml_Helmets_Cav_A_geo.tpac	Y	parsed
sk_dg_khml_helmet_cav_elite_d	metamesh	sk	dol_guldur	khml	helmet	elite	d	rhun_armors	rhun_armors/khamul/SK_DG_Khml_Helmets_Cav_A_geo.tpac	Y	parsed
sk_dg_khml_helmet_cav_elite_e	metamesh	sk	dol_guldur	khml	helmet	elite	e	rhun_armors	rhun_armors/khamul/SK_DG_Khml_Helmets_Cav_A_geo.tpac	Y	parsed
sk_dg_khml_helmet_cav_elite_f	metamesh	sk	dol_guldur	khml	helmet	elite	f	rhun_armors	rhun_armors/khamul/SK_DG_Khml_Helmets_Cav_A_geo.tpac	Y	parsed
sk_dg_khml_helmet_cav_heavy_a	metamesh	sk	dol_guldur	khml	helmet	heavy	a	rhun_armors	rhun_armors/khamul/SK_DG_Khml_Helmets_Cav_A_geo.tpac	Y	parsed
sk_dg_khml_helmet_cav_heavy_b	metamesh	sk	dol_guldur	khml	helmet	heavy	b	rhun_armors	rhun_armors/khamul/SK_DG_Khml_Helmets_Cav_A_geo.tpac	Y	parsed
sk_dg_khml_helmet_cav_heavy_c	metamesh	sk	dol_guldur	khml	helmet	heavy	c	rhun_armors	rhun_armors/khamul/SK_DG_Khml_Helmets_Cav_A_geo.tpac	Y	parsed
sk_dg_khml_helmet_cav_light_a	metamesh	sk	dol_guldur	khml	helmet	light	a	rhun_armors	rhun_armors/khamul/SK_DG_Khml_Helmets_Cav_A_geo.tpac	Y	parsed
sk_dg_khml_helmet_cav_lord_a	metamesh	sk	dol_guldur	khml	helmet	lord	a	rhun_armors	rhun_armors/khamul/SK_DG_Khml_Helmets_Cav_A_geo.tpac	Y	parsed
sk_dg_khml_helmet_cav_lord_b	metamesh	sk	dol_guldur	khml	helmet	lord	b	rhun_armors	rhun_armors/khamul/SK_DG_Khml_Helmets_Cav_A_geo.tpac	Y	parsed
sk_dg_khml_helmet_cav_lord_c	metamesh	sk	dol_guldur	khml	helmet	lord	c	rhun_armors	rhun_armors/khamul/SK_DG_Khml_Helmets_Cav_A_geo.tpac	Y	parsed
sk_dg_khml_helmet_cav_lord_d	metamesh	sk	dol_guldur	khml	helmet	lord	d	rhun_armors	rhun_armors/khamul/SK_DG_Khml_Helmets_Cav_A_geo.tpac	Y	parsed
sk_dg_khml_helmet_cav_lord_e	metamesh	sk	dol_guldur	khml	helmet	lord	e	rhun_armors	rhun_armors/khamul/SK_DG_Khml_Helmets_Cav_A_geo.tpac	Y	parsed
sk_dg_khml_helmet_cav_lord_f	metamesh	sk	dol_guldur	khml	helmet	lord	f	rhun_armors	rhun_armors/khamul/SK_DG_Khml_Helmets_Cav_A_geo.tpac	Y	parsed
sk_dg_khml_helmet_cav_med_a	metamesh	sk	dol_guldur	khml	helmet	med	a	rhun_armors	rhun_armors/khamul/SK_DG_Khml_Helmets_Cav_A_geo.tpac	Y	parsed
sk_dg_khml_helmet_cav_med_b	metamesh	sk	dol_guldur	khml	helmet	med	b	rhun_armors	rhun_armors/khamul/SK_DG_Khml_Helmets_Cav_A_geo.tpac	Y	parsed
sk_dg_khml_helmet_cav_med_c	metamesh	sk	dol_guldur	khml	helmet	med	c	rhun_armors	rhun_armors/khamul/SK_DG_Khml_Helmets_Cav_A_geo.tpac	Y	parsed
sk_dg_khml_helmet_cult_elite_a	metamesh	sk	dol_guldur	khml	helmet	elite	a	rhun_armors	rhun_armors/khamul/SK_DG_Khml_Helmets_Cult_A_geo.tpac	Y	parsed
sk_dg_khml_helmet_cult_elite_b	metamesh	sk	dol_guldur	khml	helmet	elite	b	rhun_armors	rhun_armors/khamul/SK_DG_Khml_Helmets_Cult_A_geo.tpac	Y	parsed
sk_dg_khml_helmet_cult_elite_c	metamesh	sk	dol_guldur	khml	helmet	elite	c	rhun_armors	rhun_armors/khamul/SK_DG_Khml_Helmets_Cult_A_geo.tpac	Y	parsed
sk_dg_khml_helmet_cult_elite_d	metamesh	sk	dol_guldur	khml	helmet	elite	d	rhun_armors	rhun_armors/khamul/SK_DG_Khml_Helmets_Cult_A_geo.tpac	Y	parsed
sk_dg_khml_helmet_cult_elite_e	metamesh	sk	dol_guldur	khml	helmet	elite	e	rhun_armors	rhun_armors/khamul/SK_DG_Khml_Helmets_Cult_A_geo.tpac	Y	parsed
sk_dg_khml_helmet_cult_elite_f	metamesh	sk	dol_guldur	khml	helmet	elite	f	rhun_armors	rhun_armors/khamul/SK_DG_Khml_Helmets_Cult_A_geo.tpac	Y	parsed
sk_dg_khml_helmet_cult_elite_g	metamesh	sk	dol_guldur	khml	helmet	elite	g	rhun_armors	rhun_armors/khamul/SK_DG_Khml_Helmets_Cult_A_geo.tpac	Y	parsed
sk_dg_khml_helmet_cult_elite_h	metamesh	sk	dol_guldur	khml	helmet	elite	h	rhun_armors	rhun_armors/khamul/SK_DG_Khml_Helmets_Cult_A_geo.tpac	Y	parsed
sk_dg_khml_helmet_cult_elite_i	metamesh	sk	dol_guldur	khml	helmet	elite	i	rhun_armors	rhun_armors/khamul/SK_DG_Khml_Helmets_Cult_A_geo.tpac	Y	parsed
sk_dg_khml_helmet_cult_heavy_a	metamesh	sk	dol_guldur	khml	helmet	heavy	a	rhun_armors	rhun_armors/khamul/SK_DG_Khml_Helmets_Cult_A_geo.tpac	Y	parsed
sk_dg_khml_helmet_cult_heavy_b	metamesh	sk	dol_guldur	khml	helmet	heavy	b	rhun_armors	rhun_armors/khamul/SK_DG_Khml_Helmets_Cult_A_geo.tpac	Y	parsed
sk_dg_khml_helmet_cult_heavy_c	metamesh	sk	dol_guldur	khml	helmet	heavy	c	rhun_armors	rhun_armors/khamul/SK_DG_Khml_Helmets_Cult_A_geo.tpac	Y	parsed
sk_dg_khml_helmet_cult_lord_a	metamesh	sk	dol_guldur	khml	helmet	lord	a	rhun_armors	rhun_armors/khamul/SK_DG_Khml_Helmets_Cult_A_geo.tpac	Y	parsed
sk_dg_khml_helmet_cult_lord_b	metamesh	sk	dol_guldur	khml	helmet	lord	b	rhun_armors	rhun_armors/khamul/SK_DG_Khml_Helmets_Cult_A_geo.tpac	Y	parsed
sk_dg_khml_helmet_cult_lord_c	metamesh	sk	dol_guldur	khml	helmet	lord	c	rhun_armors	rhun_armors/khamul/SK_DG_Khml_Helmets_Cult_A_geo.tpac	Y	parsed
sk_dg_khml_helmet_cult_lord_d	metamesh	sk	dol_guldur	khml	helmet	lord	d	rhun_armors	rhun_armors/khamul/SK_DG_Khml_Helmets_Cult_A_geo.tpac	Y	parsed
sk_dg_khml_helmet_cult_med_a	metamesh	sk	dol_guldur	khml	helmet	med	a	rhun_armors	rhun_armors/khamul/SK_DG_Khml_Helmets_Cult_A_geo.tpac	Y	parsed
sk_dg_khml_helmet_east_elite_a	metamesh	sk	dol_guldur	khml	helmet	elite	a	rhun_armors	rhun_armors/khamul/SK_DG_Khml_Helmets_East_A_geo.tpac	Y	parsed
sk_dg_khml_helmet_east_elite_b	metamesh	sk	dol_guldur	khml	helmet	elite	b	rhun_armors	rhun_armors/khamul/SK_DG_Khml_Helmets_East_A_geo.tpac	Y	parsed
sk_dg_khml_helmet_east_elite_c	metamesh	sk	dol_guldur	khml	helmet	elite	c	rhun_armors	rhun_armors/khamul/SK_DG_Khml_Helmets_East_A_geo.tpac	Y	parsed
sk_dg_khml_helmet_east_heavy_a	metamesh	sk	dol_guldur	khml	helmet	heavy	a	rhun_armors	rhun_armors/khamul/SK_DG_Khml_Helmets_East_A_geo.tpac	Y	parsed
sk_dg_khml_helmet_east_heavy_b	metamesh	sk	dol_guldur	khml	helmet	heavy	b	rhun_armors	rhun_armors/khamul/SK_DG_Khml_Helmets_East_A_geo.tpac	Y	parsed
sk_dg_khml_helmet_east_heavy_c	metamesh	sk	dol_guldur	khml	helmet	heavy	c	rhun_armors	rhun_armors/khamul/SK_DG_Khml_Helmets_East_A_geo.tpac	Y	parsed
sk_dg_khml_helmet_east_light_a	metamesh	sk	dol_guldur	khml	helmet	light	a	rhun_armors	rhun_armors/khamul/SK_DG_Khml_Helmets_East_A_geo.tpac	Y	parsed
sk_dg_khml_helmet_east_med_a	metamesh	sk	dol_guldur	khml	helmet	med	a	rhun_armors	rhun_armors/khamul/SK_DG_Khml_Helmets_East_A_geo.tpac	Y	parsed
sk_dg_khml_helmet_east_med_b	metamesh	sk	dol_guldur	khml	helmet	med	b	rhun_armors	rhun_armors/khamul/SK_DG_Khml_Helmets_East_A_geo.tpac	Y	parsed
sk_dg_khml_helmet_east_med_c	metamesh	sk	dol_guldur	khml	helmet	med	c	rhun_armors	rhun_armors/khamul/SK_DG_Khml_Helmets_East_A_geo.tpac	Y	parsed
sk_dg_khml_helmet_inf_elite_a	metamesh	sk	dol_guldur	khml	helmet	elite	a	rhun_armors	rhun_armors/khamul/SK_DG_Khml_Helmets_Inf_A_geo.tpac	Y	parsed
sk_dg_khml_helmet_inf_elite_b	metamesh	sk	dol_guldur	khml	helmet	elite	b	rhun_armors	rhun_armors/khamul/SK_DG_Khml_Helmets_Inf_A_geo.tpac	Y	parsed
sk_dg_khml_helmet_inf_elite_c	metamesh	sk	dol_guldur	khml	helmet	elite	c	rhun_armors	rhun_armors/khamul/SK_DG_Khml_Helmets_Inf_A_geo.tpac	Y	parsed
sk_dg_khml_helmet_inf_elite_d	metamesh	sk	dol_guldur	khml	helmet	elite	d	rhun_armors	rhun_armors/khamul/SK_DG_Khml_Helmets_Inf_A_geo.tpac	Y	parsed
sk_dg_khml_helmet_inf_elite_e	metamesh	sk	dol_guldur	khml	helmet	elite	e	rhun_armors	rhun_armors/khamul/SK_DG_Khml_Helmets_Inf_A_geo.tpac	Y	parsed
sk_dg_khml_helmet_inf_elite_f	metamesh	sk	dol_guldur	khml	helmet	elite	f	rhun_armors	rhun_armors/khamul/SK_DG_Khml_Helmets_Inf_A_geo.tpac	Y	parsed
sk_dg_khml_helmet_inf_elite_g	metamesh	sk	dol_guldur	khml	helmet	elite	g	rhun_armors	rhun_armors/khamul/SK_DG_Khml_Helmets_Inf_A_geo.tpac	Y	parsed
sk_dg_khml_helmet_inf_elite_h	metamesh	sk	dol_guldur	khml	helmet	elite	h	rhun_armors	rhun_armors/khamul/SK_DG_Khml_Helmets_Inf_A_geo.tpac	Y	parsed
sk_dg_khml_helmet_inf_elite_i	metamesh	sk	dol_guldur	khml	helmet	elite	i	rhun_armors	rhun_armors/khamul/SK_DG_Khml_Helmets_Inf_A_geo.tpac	Y	parsed
sk_dg_khml_helmet_inf_heavy_a	metamesh	sk	dol_guldur	khml	helmet	heavy	a	rhun_armors	rhun_armors/khamul/SK_DG_Khml_Helmets_Inf_A_geo.tpac	Y	parsed
sk_dg_khml_helmet_inf_heavy_b	metamesh	sk	dol_guldur	khml	helmet	heavy	b	rhun_armors	rhun_armors/khamul/SK_DG_Khml_Helmets_Inf_A_geo.tpac	Y	parsed
sk_dg_khml_helmet_inf_heavy_c	metamesh	sk	dol_guldur	khml	helmet	heavy	c	rhun_armors	rhun_armors/khamul/SK_DG_Khml_Helmets_Inf_A_geo.tpac	Y	parsed
sk_dg_khml_helmet_inf_light_a	metamesh	sk	dol_guldur	khml	helmet	light	a	rhun_armors	rhun_armors/khamul/SK_DG_Khml_Helmets_Inf_A_geo.tpac	Y	parsed
sk_dg_khml_helmet_inf_lord_a	metamesh	sk	dol_guldur	khml	helmet	lord	a	rhun_armors	rhun_armors/khamul/SK_DG_Khml_Helmets_Inf_A_geo.tpac	Y	parsed
sk_dg_khml_helmet_inf_lord_b	metamesh	sk	dol_guldur	khml	helmet	lord	b	rhun_armors	rhun_armors/khamul/SK_DG_Khml_Helmets_Inf_A_geo.tpac	Y	parsed
sk_dg_khml_helmet_inf_lord_c	metamesh	sk	dol_guldur	khml	helmet	lord	c	rhun_armors	rhun_armors/khamul/SK_DG_Khml_Helmets_Inf_A_geo.tpac	Y	parsed
sk_dg_khml_helmet_inf_lord_d	metamesh	sk	dol_guldur	khml	helmet	lord	d	rhun_armors	rhun_armors/khamul/SK_DG_Khml_Helmets_Inf_A_geo.tpac	Y	parsed
sk_dg_khml_helmet_inf_lord_e	metamesh	sk	dol_guldur	khml	helmet	lord	e	rhun_armors	rhun_armors/khamul/SK_DG_Khml_Helmets_Inf_A_geo.tpac	Y	parsed
sk_dg_khml_helmet_inf_lord_f	metamesh	sk	dol_guldur	khml	helmet	lord	f	rhun_armors	rhun_armors/khamul/SK_DG_Khml_Helmets_Inf_A_geo.tpac	Y	parsed
sk_dg_khml_helmet_inf_med_a	metamesh	sk	dol_guldur	khml	helmet	med	a	rhun_armors	rhun_armors/khamul/SK_DG_Khml_Helmets_Inf_A_geo.tpac	Y	parsed
sk_dg_khml_helmet_inf_med_b	metamesh	sk	dol_guldur	khml	helmet	med	b	rhun_armors	rhun_armors/khamul/SK_DG_Khml_Helmets_Inf_A_geo.tpac	Y	parsed
sk_dg_khml_helmet_inf_med_c	metamesh	sk	dol_guldur	khml	helmet	med	c	rhun_armors	rhun_armors/khamul/SK_DG_Khml_Helmets_Inf_A_geo.tpac	Y	parsed
sk_dg_khml_hood_heavy_a	metamesh	sk	dol_guldur	khml	helmet	heavy	a	rhun_armors	rhun_armors/khamul/SK_DG_Khml_Helmets_Hood_A_geo.tpac	Y	parsed
sk_dg_khml_hood_heavy_b	metamesh	sk	dol_guldur	khml	helmet	heavy	b	rhun_armors	rhun_armors/khamul/SK_DG_Khml_Helmets_Hood_A_geo.tpac	Y	parsed
sk_dg_khml_hood_heavy_c	metamesh	sk	dol_guldur	khml	helmet	heavy	c	rhun_armors	rhun_armors/khamul/SK_DG_Khml_Helmets_Hood_A_geo.tpac	Y	parsed
sk_dg_khml_hood_heavy_d	metamesh	sk	dol_guldur	khml	helmet	heavy	d	rhun_armors	rhun_armors/khamul/SK_DG_Khml_Helmets_Hood_A_geo.tpac	Y	parsed
sk_dg_khml_hood_med_a	metamesh	sk	dol_guldur	khml	helmet	med	a	rhun_armors	rhun_armors/khamul/SK_DG_Khml_Helmets_Hood_A_geo.tpac	Y	parsed
sk_dg_khml_hood_med_b	metamesh	sk	dol_guldur	khml	helmet	med	b	rhun_armors	rhun_armors/khamul/SK_DG_Khml_Helmets_Hood_A_geo.tpac	Y	parsed
sk_dg_khml_hplate_elite_a	metamesh	sk	dol_guldur	khml	chest	elite	a	rhun_armors	rhun_armors/khamul/SK_DG_Khml_Chests_HPlate_A_geo.tpac	Y	parsed
sk_dg_khml_hplate_elite_b	metamesh	sk	dol_guldur	khml	chest	elite	b	rhun_armors	rhun_armors/khamul/SK_DG_Khml_Chests_HPlate_A_geo.tpac	Y	parsed
sk_dg_khml_hplate_elite_c	metamesh	sk	dol_guldur	khml	chest	elite	c	rhun_armors	rhun_armors/khamul/SK_DG_Khml_Chests_HPlate_A_geo.tpac	Y	parsed
sk_dg_khml_hplate_heavy_a	metamesh	sk	dol_guldur	khml	chest	heavy	a	rhun_armors	rhun_armors/khamul/SK_DG_Khml_Chests_HPlate_A_geo.tpac	Y	parsed
sk_dg_khml_hplate_heavy_b	metamesh	sk	dol_guldur	khml	chest	heavy	b	rhun_armors	rhun_armors/khamul/SK_DG_Khml_Chests_HPlate_A_geo.tpac	Y	parsed
sk_dg_khml_hplate_light_a	metamesh	sk	dol_guldur	khml	chest	light	a	rhun_armors	rhun_armors/khamul/SK_DG_Khml_Chests_HPlate_A_geo.tpac	Y	parsed
sk_dg_khml_hplate_med_a	metamesh	sk	dol_guldur	khml	chest	med	a	rhun_armors	rhun_armors/khamul/SK_DG_Khml_Chests_HPlate_A_geo.tpac	Y	parsed
sk_dg_khml_hplate_med_b	metamesh	sk	dol_guldur	khml	chest	med	b	rhun_armors	rhun_armors/khamul/SK_DG_Khml_Chests_HPlate_A_geo.tpac	Y	parsed
sk_dg_khml_pauldron_heavy_a	metamesh	sk	dol_guldur	khml	pauldron	heavy	a	rhun_armors	rhun_armors/khamul/SK_DG_Khml_Pauldrons_A_geo.tpac	Y	parsed
sk_dg_khml_pauldron_heavy_b	metamesh	sk	dol_guldur	khml	pauldron	heavy	b	rhun_armors	rhun_armors/khamul/SK_DG_Khml_Pauldrons_A_geo.tpac	Y	parsed
sk_dg_khml_pauldron_heavy_c	metamesh	sk	dol_guldur	khml	pauldron	heavy	c	rhun_armors	rhun_armors/khamul/SK_DG_Khml_Pauldrons_A_geo.tpac	Y	parsed
sk_dg_khml_pauldron_hplate_heavy_a	metamesh	sk	dol_guldur	khml	pauldron	heavy	a	rhun_armors	rhun_armors/khamul/SK_DG_Khml_Pauldrons_A_geo.tpac	Y	parsed
sk_dg_khml_pauldron_hplate_light_a	metamesh	sk	dol_guldur	khml	pauldron	light	a	rhun_armors	rhun_armors/khamul/SK_DG_Khml_Pauldrons_A_geo.tpac	Y	parsed
sk_dg_khml_pauldron_hplate_med_a	metamesh	sk	dol_guldur	khml	pauldron	med	a	rhun_armors	rhun_armors/khamul/SK_DG_Khml_Pauldrons_A_geo.tpac	Y	parsed
sk_dg_khml_pauldron_lam_heavy_a	metamesh	sk	dol_guldur	khml	pauldron	heavy	a	rhun_armors	rhun_armors/khamul/SK_DG_Khml_Pauldrons_A_geo.tpac	Y	parsed
sk_dg_khml_pauldron_lam_light_a	metamesh	sk	dol_guldur	khml	pauldron	light	a	rhun_armors	rhun_armors/khamul/SK_DG_Khml_Pauldrons_A_geo.tpac	Y	parsed
sk_dg_khml_pauldron_lam_med_a	metamesh	sk	dol_guldur	khml	pauldron	med	a	rhun_armors	rhun_armors/khamul/SK_DG_Khml_Pauldrons_A_geo.tpac	Y	parsed
sk_dg_khml_pauldron_light_a	metamesh	sk	dol_guldur	khml	pauldron	light	a	rhun_armors	rhun_armors/khamul/SK_DG_Khml_Pauldrons_A_geo.tpac	Y	parsed
sk_dg_khml_pauldron_light_b	metamesh	sk	dol_guldur	khml	pauldron	light	b	rhun_armors	rhun_armors/khamul/SK_DG_Khml_Pauldrons_A_geo.tpac	Y	parsed
sk_dg_khml_pauldron_light_c	metamesh	sk	dol_guldur	khml	pauldron	light	c	rhun_armors	rhun_armors/khamul/SK_DG_Khml_Pauldrons_A_geo.tpac	Y	parsed
sk_dg_khml_pauldron_med_a	metamesh	sk	dol_guldur	khml	pauldron	med	a	rhun_armors	rhun_armors/khamul/SK_DG_Khml_Pauldrons_A_geo.tpac	Y	parsed
sk_dg_khml_pauldron_med_b	metamesh	sk	dol_guldur	khml	pauldron	med	b	rhun_armors	rhun_armors/khamul/SK_DG_Khml_Pauldrons_A_geo.tpac	Y	parsed
sk_dg_khml_pauldron_med_c	metamesh	sk	dol_guldur	khml	pauldron	med	c	rhun_armors	rhun_armors/khamul/SK_DG_Khml_Pauldrons_A_geo.tpac	Y	parsed
sk_dg_khml_pauldron_plate_heavy_a	metamesh	sk	dol_guldur	khml	pauldron	heavy	a	rhun_armors	rhun_armors/khamul/SK_DG_Khml_Pauldrons_A_geo.tpac	Y	parsed
sk_dg_khml_pauldron_plate_heavy_b	metamesh	sk	dol_guldur	khml	pauldron	heavy	b	rhun_armors	rhun_armors/khamul/SK_DG_Khml_Pauldrons_A_geo.tpac	Y	parsed
sk_dg_khml_pauldron_plate_light_a	metamesh	sk	dol_guldur	khml	pauldron	light	a	rhun_armors	rhun_armors/khamul/SK_DG_Khml_Pauldrons_A_geo.tpac	Y	parsed
sk_dg_khml_pauldron_plate_light_b	metamesh	sk	dol_guldur	khml	pauldron	light	b	rhun_armors	rhun_armors/khamul/SK_DG_Khml_Pauldrons_A_geo.tpac	Y	parsed
sk_dg_khml_pauldron_scale_heavy_a	metamesh	sk	dol_guldur	khml	pauldron	heavy	a	rhun_armors	rhun_armors/khamul/SK_DG_Khml_Pauldrons_A_geo.tpac	Y	parsed
sk_dg_khml_plate_elite_a	metamesh	sk	dol_guldur	khml	chest	elite	a	rhun_armors	rhun_armors/khamul/SK_DG_Khml_Chests_Plate_A_geo.tpac	Y	parsed
sk_dg_khml_plate_elite_b	metamesh	sk	dol_guldur	khml	chest	elite	b	rhun_armors	rhun_armors/khamul/SK_DG_Khml_Chests_Plate_A_geo.tpac	Y	parsed
sk_dg_khml_plate_elite_c	metamesh	sk	dol_guldur	khml	chest	elite	c	rhun_armors	rhun_armors/khamul/SK_DG_Khml_Chests_Plate_A_geo.tpac	Y	parsed
sk_dg_khml_plate_heavy_a	metamesh	sk	dol_guldur	khml	chest	heavy	a	rhun_armors	rhun_armors/khamul/SK_DG_Khml_Chests_Plate_A_geo.tpac	Y	parsed
sk_dg_khml_plate_heavy_b	metamesh	sk	dol_guldur	khml	chest	heavy	b	rhun_armors	rhun_armors/khamul/SK_DG_Khml_Chests_Plate_A_geo.tpac	Y	parsed
sk_dg_khml_plate_light_a	metamesh	sk	dol_guldur	khml	chest	light	a	rhun_armors	rhun_armors/khamul/SK_DG_Khml_Chests_Plate_A_geo.tpac	Y	parsed
sk_dg_khml_plate_med_a	metamesh	sk	dol_guldur	khml	chest	med	a	rhun_armors	rhun_armors/khamul/SK_DG_Khml_Chests_Plate_A_geo.tpac	Y	parsed
sk_dg_khml_scalemail_elite_a	metamesh	sk	dol_guldur	khml	chest	elite	a	rhun_armors	rhun_armors/khamul/SK_DG_Khml_Chests_Scalemail_A_geo.tpac	Y	parsed
sk_dg_khml_scalemail_elite_b	metamesh	sk	dol_guldur	khml	chest	elite	b	rhun_armors	rhun_armors/khamul/SK_DG_Khml_Chests_Scalemail_A_geo.tpac	Y	parsed
sk_dg_khml_scalemail_heavy_a	metamesh	sk	dol_guldur	khml	chest	heavy	a	rhun_armors	rhun_armors/khamul/SK_DG_Khml_Chests_Scalemail_A_geo.tpac	Y	parsed
sk_dg_khml_scalemail_heavy_b	metamesh	sk	dol_guldur	khml	chest	heavy	b	rhun_armors	rhun_armors/khamul/SK_DG_Khml_Chests_Scalemail_A_geo.tpac	Y	parsed
sk_dg_khml_scalemail_light_a	metamesh	sk	dol_guldur	khml	chest	light	a	rhun_armors	rhun_armors/khamul/SK_DG_Khml_Chests_Scalemail_A_geo.tpac	Y	parsed
sk_dg_khml_scalemail_light_b	metamesh	sk	dol_guldur	khml	chest	light	b	rhun_armors	rhun_armors/khamul/SK_DG_Khml_Chests_Scalemail_A_geo.tpac	Y	parsed
sk_dg_khml_scalemail_lord_a	metamesh	sk	dol_guldur	khml	chest	lord	a	rhun_armors	rhun_armors/khamul/SK_DG_Khml_Chests_Scalemail_A_geo.tpac	Y	parsed
sk_dg_khml_scalemail_med_a	metamesh	sk	dol_guldur	khml	chest	med	a	rhun_armors	rhun_armors/khamul/SK_DG_Khml_Chests_Scalemail_A_geo.tpac	Y	parsed
sk_dg_khml_scalemail_med_b	metamesh	sk	dol_guldur	khml	chest	med	b	rhun_armors	rhun_armors/khamul/SK_DG_Khml_Chests_Scalemail_A_geo.tpac	Y	parsed
sk_dg_orc_arc_helmet_heavy_a	metamesh	sk	dol_guldur	orc	helmet	heavy	a	Mordor	Mordor/orc_armors/SK_GN_Orc_Arc_Helmet_A_geo.tpac	Y	parsed
sk_dg_orc_arc_helmet_med_a	metamesh	sk	dol_guldur	orc	helmet	med	a	Mordor	Mordor/orc_armors/SK_GN_Orc_Arc_Helmet_A_geo.tpac	Y	parsed
sk_dg_orc_inf_helmet_heavy_a	metamesh	sk	dol_guldur	orc	helmet	heavy	a	Mordor	Mordor/orc_armors/SK_GN_Orc_Inf_Helmet_A_geo.tpac	Y	parsed
sk_dg_orc_inf_helmet_med_a	metamesh	sk	dol_guldur	orc	helmet	med	a	Mordor	Mordor/orc_armors/SK_GN_Orc_Inf_Helmet_A_geo.tpac	Y	parsed
sk_dg_orc_mrd_helmet_light_a	metamesh	sk	dol_guldur	orc	helmet	light	a	Mordor	Mordor/orc_armors/SK_GN_Orc_Mrd_Helmet_A_geo.tpac	Y	parsed
sk_dg_orc_mrd_helmet_med_a	metamesh	sk	dol_guldur	orc	helmet	med	a	Mordor	Mordor/orc_armors/SK_GN_Orc_Mrd_Helmet_A_geo.tpac	Y	parsed
sk_dg_orc_pik_helmet_heavy_a	metamesh	sk	dol_guldur	orc	helmet	heavy	a	Mordor	Mordor/orc_armors/SK_GN_Orc_Pik_Helmet_A_geo.tpac	Y	parsed
sk_dg_orc_pik_helmet_med_a	metamesh	sk	dol_guldur	orc	helmet	med	a	Mordor	Mordor/orc_armors/SK_GN_Orc_Pik_Helmet_A_geo.tpac	Y	parsed
sk_dg_orc_rdr_helmet_light_a	metamesh	sk	dol_guldur	orc	helmet	light	a	Mordor	Mordor/orc_armors/SK_GN_Orc_Rdr_Helmet_A_geo.tpac	Y	parsed
sk_dg_orc_rdr_helmet_med_a	metamesh	sk	dol_guldur	orc	helmet	med	a	Mordor	Mordor/orc_armors/SK_GN_Orc_Rdr_Helmet_A_geo.tpac	Y	parsed
sk_dg_orc_sct_helmet_heavy_a	metamesh	sk	dol_guldur	orc	helmet	heavy	a	Mordor	Mordor/orc_armors/SK_GN_Orc_Sct_Helmet_A_geo.tpac	Y	parsed
sk_dg_orc_sct_helmet_med_a	metamesh	sk	dol_guldur	orc	helmet	med	a	Mordor	Mordor/orc_armors/SK_GN_Orc_Sct_Helmet_A_geo.tpac	Y	parsed
sk_dg_orc_sly_helmet_heavy_a	metamesh	sk	dol_guldur	orc	helmet	heavy	a	Mordor	Mordor/orc_armors/SK_GN_Orc_Sly_Helmet_A_geo.tpac	Y	parsed
sk_dg_orc_sly_helmet_med_a	metamesh	sk	dol_guldur	orc	helmet	med	a	Mordor	Mordor/orc_armors/SK_GN_Orc_Sly_Helmet_A_geo.tpac	Y	parsed
sk_dg_uruk_boots_elite_a	metamesh	sk	dol_guldur	uruk	boots	elite	a	Dol Guldur	Dol Guldur/SK_DG_Uruk_Boots_A_geo.tpac	Y	parsed
sk_dg_uruk_boots_elite_b	metamesh	sk	dol_guldur	uruk	boots	elite	b	Dol Guldur	Dol Guldur/SK_DG_Uruk_Boots_A_geo.tpac	Y	parsed
sk_dg_uruk_boots_elite_c	metamesh	sk	dol_guldur	uruk	boots	elite	c	Dol Guldur	Dol Guldur/SK_DG_Uruk_Boots_A_geo.tpac	Y	parsed
sk_dg_uruk_boots_elite_d	metamesh	sk	dol_guldur	uruk	boots	elite	d	Dol Guldur	Dol Guldur/SK_DG_Uruk_Boots_A_geo.tpac	Y	parsed
sk_dg_uruk_boots_elite_e	metamesh	sk	dol_guldur	uruk	boots	elite	e	Dol Guldur	Dol Guldur/SK_DG_Uruk_Boots_A_geo.tpac	Y	parsed
sk_dg_uruk_boots_elite_f	metamesh	sk	dol_guldur	uruk	boots	elite	f	Dol Guldur	Dol Guldur/SK_DG_Uruk_Boots_A_geo.tpac	Y	parsed
sk_dg_uruk_boots_heavy_a	metamesh	sk	dol_guldur	uruk	boots	heavy	a	Dol Guldur	Dol Guldur/SK_DG_Uruk_Boots_A_geo.tpac	Y	parsed
sk_dg_uruk_boots_heavy_b	metamesh	sk	dol_guldur	uruk	boots	heavy	b	Dol Guldur	Dol Guldur/SK_DG_Uruk_Boots_A_geo.tpac	Y	parsed
sk_dg_uruk_boots_heavy_c	metamesh	sk	dol_guldur	uruk	boots	heavy	c	Dol Guldur	Dol Guldur/SK_DG_Uruk_Boots_A_geo.tpac	Y	parsed
sk_dg_uruk_boots_heavy_d	metamesh	sk	dol_guldur	uruk	boots	heavy	d	Dol Guldur	Dol Guldur/SK_DG_Uruk_Boots_A_geo.tpac	Y	parsed
sk_dg_uruk_boots_heavy_e	metamesh	sk	dol_guldur	uruk	boots	heavy	e	Dol Guldur	Dol Guldur/SK_DG_Uruk_Boots_A_geo.tpac	Y	parsed
sk_dg_uruk_boots_heavy_f	metamesh	sk	dol_guldur	uruk	boots	heavy	f	Dol Guldur	Dol Guldur/SK_DG_Uruk_Boots_A_geo.tpac	Y	parsed
sk_dg_uruk_boots_light_a	metamesh	sk	dol_guldur	uruk	boots	light	a	Dol Guldur	Dol Guldur/SK_DG_Uruk_Boots_A_geo.tpac	Y	parsed
sk_dg_uruk_boots_lord_a	metamesh	sk	dol_guldur	uruk	boots	lord	a	Dol Guldur	Dol Guldur/SK_DG_Uruk_Boots_A_geo.tpac	Y	parsed
sk_dg_uruk_boots_lord_b	metamesh	sk	dol_guldur	uruk	boots	lord	b	Dol Guldur	Dol Guldur/SK_DG_Uruk_Boots_A_geo.tpac	Y	parsed
sk_dg_uruk_boots_lord_c	metamesh	sk	dol_guldur	uruk	boots	lord	c	Dol Guldur	Dol Guldur/SK_DG_Uruk_Boots_A_geo.tpac	Y	parsed
sk_dg_uruk_boots_lord_d	metamesh	sk	dol_guldur	uruk	boots	lord	d	Dol Guldur	Dol Guldur/SK_DG_Uruk_Boots_A_geo.tpac	Y	parsed
sk_dg_uruk_boots_lord_e	metamesh	sk	dol_guldur	uruk	boots	lord	e	Dol Guldur	Dol Guldur/SK_DG_Uruk_Boots_A_geo.tpac	Y	parsed
sk_dg_uruk_boots_lord_f	metamesh	sk	dol_guldur	uruk	boots	lord	f	Dol Guldur	Dol Guldur/SK_DG_Uruk_Boots_A_geo.tpac	Y	parsed
sk_dg_uruk_boots_med_a	metamesh	sk	dol_guldur	uruk	boots	med	a	Dol Guldur	Dol Guldur/SK_DG_Uruk_Boots_A_geo.tpac	Y	parsed
sk_dg_uruk_boots_med_b	metamesh	sk	dol_guldur	uruk	boots	med	b	Dol Guldur	Dol Guldur/SK_DG_Uruk_Boots_A_geo.tpac	Y	parsed
sk_dg_uruk_boots_med_c	metamesh	sk	dol_guldur	uruk	boots	med	c	Dol Guldur	Dol Guldur/SK_DG_Uruk_Boots_A_geo.tpac	Y	parsed
sk_dg_uruk_bracer_elite_a	metamesh	sk	dol_guldur	uruk	bracer	elite	a	Dol Guldur	Dol Guldur/SK_DG_Uruk_Bracers_A_geo.tpac	Y	parsed
sk_dg_uruk_bracer_elite_b	metamesh	sk	dol_guldur	uruk	bracer	elite	b	Dol Guldur	Dol Guldur/SK_DG_Uruk_Bracers_A_geo.tpac	Y	parsed
sk_dg_uruk_bracer_elite_c	metamesh	sk	dol_guldur	uruk	bracer	elite	c	Dol Guldur	Dol Guldur/SK_DG_Uruk_Bracers_A_geo.tpac	Y	parsed
sk_dg_uruk_bracer_elite_d	metamesh	sk	dol_guldur	uruk	bracer	elite	d	Dol Guldur	Dol Guldur/SK_DG_Uruk_Bracers_A_geo.tpac	Y	parsed
sk_dg_uruk_bracer_elite_e	metamesh	sk	dol_guldur	uruk	bracer	elite	e	Dol Guldur	Dol Guldur/SK_DG_Uruk_Bracers_A_geo.tpac	Y	parsed
sk_dg_uruk_bracer_elite_f	metamesh	sk	dol_guldur	uruk	bracer	elite	f	Dol Guldur	Dol Guldur/SK_DG_Uruk_Bracers_A_geo.tpac	Y	parsed
sk_dg_uruk_bracer_elite_g	metamesh	sk	dol_guldur	uruk	bracer	elite	g	Dol Guldur	Dol Guldur/SK_DG_Uruk_Bracers_A_geo.tpac	Y	parsed
sk_dg_uruk_bracer_elite_h	metamesh	sk	dol_guldur	uruk	bracer	elite	h	Dol Guldur	Dol Guldur/SK_DG_Uruk_Bracers_A_geo.tpac	Y	parsed
sk_dg_uruk_bracer_elite_j	metamesh	sk	dol_guldur	uruk	bracer	elite	j	Dol Guldur	Dol Guldur/SK_DG_Uruk_Bracers_A_geo.tpac	Y	parsed
sk_dg_uruk_bracer_heavy_a	metamesh	sk	dol_guldur	uruk	bracer	heavy	a	Dol Guldur	Dol Guldur/SK_DG_Uruk_Bracers_A_geo.tpac	Y	parsed
sk_dg_uruk_bracer_heavy_b	metamesh	sk	dol_guldur	uruk	bracer	heavy	b	Dol Guldur	Dol Guldur/SK_DG_Uruk_Bracers_A_geo.tpac	Y	parsed
sk_dg_uruk_bracer_heavy_c	metamesh	sk	dol_guldur	uruk	bracer	heavy	c	Dol Guldur	Dol Guldur/SK_DG_Uruk_Bracers_A_geo.tpac	Y	parsed
sk_dg_uruk_bracer_heavy_d	metamesh	sk	dol_guldur	uruk	bracer	heavy	d	Dol Guldur	Dol Guldur/SK_DG_Uruk_Bracers_A_geo.tpac	Y	parsed
sk_dg_uruk_bracer_heavy_e	metamesh	sk	dol_guldur	uruk	bracer	heavy	e	Dol Guldur	Dol Guldur/SK_DG_Uruk_Bracers_A_geo.tpac	Y	parsed
sk_dg_uruk_bracer_heavy_f	metamesh	sk	dol_guldur	uruk	bracer	heavy	f	Dol Guldur	Dol Guldur/SK_DG_Uruk_Bracers_A_geo.tpac	Y	parsed
sk_dg_uruk_bracer_med_a	metamesh	sk	dol_guldur	uruk	bracer	med	a	Dol Guldur	Dol Guldur/SK_DG_Uruk_Bracers_A_geo.tpac	Y	parsed
sk_dg_uruk_bracer_med_b	metamesh	sk	dol_guldur	uruk	bracer	med	b	Dol Guldur	Dol Guldur/SK_DG_Uruk_Bracers_A_geo.tpac	Y	parsed
sk_dg_uruk_bracer_med_c	metamesh	sk	dol_guldur	uruk	bracer	med	c	Dol Guldur	Dol Guldur/SK_DG_Uruk_Bracers_A_geo.tpac	Y	parsed
sk_dg_uruk_chest_elite_a	metamesh	sk	dol_guldur	uruk	chest	elite	a	Dol Guldur	Dol Guldur/SK_DG_Uruk_Chests_A_geo.tpac	Y	parsed
sk_dg_uruk_chest_elite_b	metamesh	sk	dol_guldur	uruk	chest	elite	b	Dol Guldur	Dol Guldur/SK_DG_Uruk_Chests_A_geo.tpac	Y	parsed
sk_dg_uruk_chest_elite_c	metamesh	sk	dol_guldur	uruk	chest	elite	c	Dol Guldur	Dol Guldur/SK_DG_Uruk_Chests_A_geo.tpac	Y	parsed
sk_dg_uruk_chest_elite_d	metamesh	sk	dol_guldur	uruk	chest	elite	d	Dol Guldur	Dol Guldur/SK_DG_Uruk_Chests_A_geo.tpac	Y	parsed
sk_dg_uruk_chest_elite_e	metamesh	sk	dol_guldur	uruk	chest	elite	e	Dol Guldur	Dol Guldur/SK_DG_Uruk_Chests_A_geo.tpac	Y	parsed
sk_dg_uruk_chest_elite_f	metamesh	sk	dol_guldur	uruk	chest	elite	f	Dol Guldur	Dol Guldur/SK_DG_Uruk_Chests_A_geo.tpac	Y	parsed
sk_dg_uruk_chest_heavy_a	metamesh	sk	dol_guldur	uruk	chest	heavy	a	Dol Guldur	Dol Guldur/SK_DG_Uruk_Chests_A_geo.tpac	Y	parsed
sk_dg_uruk_chest_heavy_b	metamesh	sk	dol_guldur	uruk	chest	heavy	b	Dol Guldur	Dol Guldur/SK_DG_Uruk_Chests_A_geo.tpac	Y	parsed
sk_dg_uruk_chest_heavy_c	metamesh	sk	dol_guldur	uruk	chest	heavy	c	Dol Guldur	Dol Guldur/SK_DG_Uruk_Chests_A_geo.tpac	Y	parsed
sk_dg_uruk_chest_heavy_d	metamesh	sk	dol_guldur	uruk	chest	heavy	d	Dol Guldur	Dol Guldur/SK_DG_Uruk_Chests_A_geo.tpac	Y	parsed
sk_dg_uruk_chest_heavy_e	metamesh	sk	dol_guldur	uruk	chest	heavy	e	Dol Guldur	Dol Guldur/SK_DG_Uruk_Chests_A_geo.tpac	Y	parsed
sk_dg_uruk_chest_heavy_f	metamesh	sk	dol_guldur	uruk	chest	heavy	f	Dol Guldur	Dol Guldur/SK_DG_Uruk_Chests_A_geo.tpac	Y	parsed
sk_dg_uruk_chest_light_a	metamesh	sk	dol_guldur	uruk	chest	light	a	Dol Guldur	Dol Guldur/SK_DG_Uruk_Chests_A_geo.tpac	Y	parsed
sk_dg_uruk_chest_light_b	metamesh	sk	dol_guldur	uruk	chest	light	b	Dol Guldur	Dol Guldur/SK_DG_Uruk_Chests_A_geo.tpac	Y	parsed
sk_dg_uruk_chest_light_c	metamesh	sk	dol_guldur	uruk	chest	light	c	Dol Guldur	Dol Guldur/SK_DG_Uruk_Chests_A_geo.tpac	Y	parsed
sk_dg_uruk_chest_light_d	metamesh	sk	dol_guldur	uruk	chest	light	d	Dol Guldur	Dol Guldur/SK_DG_Uruk_Chests_A_geo.tpac	Y	parsed
sk_dg_uruk_chest_med_a	metamesh	sk	dol_guldur	uruk	chest	med	a	Dol Guldur	Dol Guldur/SK_DG_Uruk_Chests_A_geo.tpac	Y	parsed
sk_dg_uruk_chest_med_b	metamesh	sk	dol_guldur	uruk	chest	med	b	Dol Guldur	Dol Guldur/SK_DG_Uruk_Chests_A_geo.tpac	Y	parsed
sk_dg_uruk_chest_med_c	metamesh	sk	dol_guldur	uruk	chest	med	c	Dol Guldur	Dol Guldur/SK_DG_Uruk_Chests_A_geo.tpac	Y	parsed
sk_dg_uruk_chest_med_d	metamesh	sk	dol_guldur	uruk	chest	med	d	Dol Guldur	Dol Guldur/SK_DG_Uruk_Chests_A_geo.tpac	Y	parsed
sk_dg_uruk_chest_med_e	metamesh	sk	dol_guldur	uruk	chest	med	e	Dol Guldur	Dol Guldur/SK_DG_Uruk_Chests_A_geo.tpac	Y	parsed
sk_dg_uruk_chest_med_f	metamesh	sk	dol_guldur	uruk	chest	med	f	Dol Guldur	Dol Guldur/SK_DG_Uruk_Chests_A_geo.tpac	Y	parsed
sk_dg_uruk_helmet_elite_a	metamesh	sk	dol_guldur	uruk	helmet	elite	a	Dol Guldur	Dol Guldur/SK_DG_Uruk_Helmets_A_geo.tpac	Y	parsed
sk_dg_uruk_helmet_elite_b	metamesh	sk	dol_guldur	uruk	helmet	elite	b	Dol Guldur	Dol Guldur/SK_DG_Uruk_Helmets_A_geo.tpac	Y	parsed
sk_dg_uruk_helmet_elite_c	metamesh	sk	dol_guldur	uruk	helmet	elite	c	Dol Guldur	Dol Guldur/SK_DG_Uruk_Helmets_A_geo.tpac	Y	parsed
sk_dg_uruk_helmet_elite_d	metamesh	sk	dol_guldur	uruk	helmet	elite	d	Dol Guldur	Dol Guldur/SK_DG_Uruk_Helmets_A_geo.tpac	Y	parsed
sk_dg_uruk_helmet_elite_e	metamesh	sk	dol_guldur	uruk	helmet	elite	e	Dol Guldur	Dol Guldur/SK_DG_Uruk_Helmets_A_geo.tpac	Y	parsed
sk_dg_uruk_helmet_elite_f	metamesh	sk	dol_guldur	uruk	helmet	elite	f	Dol Guldur	Dol Guldur/SK_DG_Uruk_Helmets_A_geo.tpac	Y	parsed
sk_dg_uruk_helmet_elite_g	metamesh	sk	dol_guldur	uruk	helmet	elite	g	Dol Guldur	Dol Guldur/SK_DG_Uruk_Helmets_A_geo.tpac	Y	parsed
sk_dg_uruk_helmet_elite_h	metamesh	sk	dol_guldur	uruk	helmet	elite	h	Dol Guldur	Dol Guldur/SK_DG_Uruk_Helmets_A_geo.tpac	Y	parsed
sk_dg_uruk_helmet_heavy_a	metamesh	sk	dol_guldur	uruk	helmet	heavy	a	Dol Guldur	Dol Guldur/SK_DG_Uruk_Helmets_A_geo.tpac	Y	parsed
sk_dg_uruk_helmet_heavy_b	metamesh	sk	dol_guldur	uruk	helmet	heavy	b	Dol Guldur	Dol Guldur/SK_DG_Uruk_Helmets_A_geo.tpac	Y	parsed
sk_dg_uruk_helmet_heavy_c	metamesh	sk	dol_guldur	uruk	helmet	heavy	c	Dol Guldur	Dol Guldur/SK_DG_Uruk_Helmets_A_geo.tpac	Y	parsed
sk_dg_uruk_helmet_heavy_d	metamesh	sk	dol_guldur	uruk	helmet	heavy	d	Dol Guldur	Dol Guldur/SK_DG_Uruk_Helmets_A_geo.tpac	Y	parsed
sk_dg_uruk_helmet_heavy_e	metamesh	sk	dol_guldur	uruk	helmet	heavy	e	Dol Guldur	Dol Guldur/SK_DG_Uruk_Helmets_A_geo.tpac	Y	parsed
sk_dg_uruk_helmet_heavy_f	metamesh	sk	dol_guldur	uruk	helmet	heavy	f	Dol Guldur	Dol Guldur/SK_DG_Uruk_Helmets_A_geo.tpac	Y	parsed
sk_dg_uruk_helmet_heavy_g	metamesh	sk	dol_guldur	uruk	helmet	heavy	g	Dol Guldur	Dol Guldur/SK_DG_Uruk_Helmets_A_geo.tpac	Y	parsed
sk_dg_uruk_helmet_heavy_h	metamesh	sk	dol_guldur	uruk	helmet	heavy	h	Dol Guldur	Dol Guldur/SK_DG_Uruk_Helmets_A_geo.tpac	Y	parsed
sk_dg_uruk_helmet_light_a	metamesh	sk	dol_guldur	uruk	helmet	light	a	Dol Guldur	Dol Guldur/SK_DG_Uruk_Helmets_A_geo.tpac	Y	parsed
sk_dg_uruk_helmet_light_b	metamesh	sk	dol_guldur	uruk	helmet	light	b	Dol Guldur	Dol Guldur/SK_DG_Uruk_Helmets_A_geo.tpac	Y	parsed
sk_dg_uruk_helmet_light_c	metamesh	sk	dol_guldur	uruk	helmet	light	c	Dol Guldur	Dol Guldur/SK_DG_Uruk_Helmets_A_geo.tpac	Y	parsed
sk_dg_uruk_helmet_light_d	metamesh	sk	dol_guldur	uruk	helmet	light	d	Dol Guldur	Dol Guldur/SK_DG_Uruk_Helmets_A_geo.tpac	Y	parsed
sk_dg_uruk_helmet_lord_a	metamesh	sk	dol_guldur	uruk	helmet	lord	a	Dol Guldur	Dol Guldur/SK_DG_Uruk_Helmets_A_geo.tpac	Y	parsed
sk_dg_uruk_helmet_lord_b	metamesh	sk	dol_guldur	uruk	helmet	lord	b	Dol Guldur	Dol Guldur/SK_DG_Uruk_Helmets_A_geo.tpac	Y	parsed
sk_dg_uruk_helmet_lord_c	metamesh	sk	dol_guldur	uruk	helmet	lord	c	Dol Guldur	Dol Guldur/SK_DG_Uruk_Helmets_A_geo.tpac	Y	parsed
sk_dg_uruk_helmet_lord_d	metamesh	sk	dol_guldur	uruk	helmet	lord	d	Dol Guldur	Dol Guldur/SK_DG_Uruk_Helmets_A_geo.tpac	Y	parsed
sk_dg_uruk_helmet_lord_e	metamesh	sk	dol_guldur	uruk	helmet	lord	e	Dol Guldur	Dol Guldur/SK_DG_Uruk_Helmets_A_geo.tpac	Y	parsed
sk_dg_uruk_helmet_lord_f	metamesh	sk	dol_guldur	uruk	helmet	lord	f	Dol Guldur	Dol Guldur/SK_DG_Uruk_Helmets_A_geo.tpac	Y	parsed
sk_dg_uruk_helmet_lord_g	metamesh	sk	dol_guldur	uruk	helmet	lord	g	Dol Guldur	Dol Guldur/SK_DG_Uruk_Helmets_A_geo.tpac	Y	parsed
sk_dg_uruk_helmet_lord_h	metamesh	sk	dol_guldur	uruk	helmet	lord	h	Dol Guldur	Dol Guldur/SK_DG_Uruk_Helmets_A_geo.tpac	Y	parsed
sk_dg_uruk_helmet_med_a	metamesh	sk	dol_guldur	uruk	helmet	med	a	Dol Guldur	Dol Guldur/SK_DG_Uruk_Helmets_A_geo.tpac	Y	parsed
sk_dg_uruk_helmet_med_b	metamesh	sk	dol_guldur	uruk	helmet	med	b	Dol Guldur	Dol Guldur/SK_DG_Uruk_Helmets_A_geo.tpac	Y	parsed
sk_dg_uruk_helmet_med_c	metamesh	sk	dol_guldur	uruk	helmet	med	c	Dol Guldur	Dol Guldur/SK_DG_Uruk_Helmets_A_geo.tpac	Y	parsed
sk_dg_uruk_helmet_med_d	metamesh	sk	dol_guldur	uruk	helmet	med	d	Dol Guldur	Dol Guldur/SK_DG_Uruk_Helmets_A_geo.tpac	Y	parsed
sk_dg_uruk_helmet_med_e	metamesh	sk	dol_guldur	uruk	helmet	med	e	Dol Guldur	Dol Guldur/SK_DG_Uruk_Helmets_A_geo.tpac	Y	parsed
sk_dg_uruk_helmet_med_f	metamesh	sk	dol_guldur	uruk	helmet	med	f	Dol Guldur	Dol Guldur/SK_DG_Uruk_Helmets_A_geo.tpac	Y	parsed
sk_dg_uruk_helmet_med_g	metamesh	sk	dol_guldur	uruk	helmet	med	g	Dol Guldur	Dol Guldur/SK_DG_Uruk_Helmets_A_geo.tpac	Y	parsed
sk_dg_uruk_helmet_med_h	metamesh	sk	dol_guldur	uruk	helmet	med	h	Dol Guldur	Dol Guldur/SK_DG_Uruk_Helmets_A_geo.tpac	Y	parsed
sk_dg_uruk_pauldron_elite_a	metamesh	sk	dol_guldur	uruk	pauldron	elite	a	Dol Guldur	Dol Guldur/SK_DG_Uruk_Pauldrons_A_geo.tpac	Y	parsed
sk_dg_uruk_pauldron_elite_b	metamesh	sk	dol_guldur	uruk	pauldron	elite	b	Dol Guldur	Dol Guldur/SK_DG_Uruk_Pauldrons_A_geo.tpac	Y	parsed
sk_dg_uruk_pauldron_elite_c	metamesh	sk	dol_guldur	uruk	pauldron	elite	c	Dol Guldur	Dol Guldur/SK_DG_Uruk_Pauldrons_A_geo.tpac	Y	parsed
sk_dg_uruk_pauldron_elite_cape_a	metamesh	sk	dol_guldur	uruk	pauldron	elite	a	Dol Guldur	Dol Guldur/SK_DG_Uruk_Pauldrons_A_geo.tpac	Y	parsed
sk_dg_uruk_pauldron_elite_cape_b	metamesh	sk	dol_guldur	uruk	pauldron	elite	b	Dol Guldur	Dol Guldur/SK_DG_Uruk_Pauldrons_A_geo.tpac	Y	parsed
sk_dg_uruk_pauldron_elite_cape_c	metamesh	sk	dol_guldur	uruk	pauldron	elite	c	Dol Guldur	Dol Guldur/SK_DG_Uruk_Pauldrons_A_geo.tpac	Y	parsed
sk_dg_uruk_pauldron_elite_cape_d	metamesh	sk	dol_guldur	uruk	pauldron	elite	d	Dol Guldur	Dol Guldur/SK_DG_Uruk_Pauldrons_A_geo.tpac	Y	parsed
sk_dg_uruk_pauldron_elite_cape_e	metamesh	sk	dol_guldur	uruk	pauldron	elite	e	Dol Guldur	Dol Guldur/SK_DG_Uruk_Pauldrons_A_geo.tpac	Y	parsed
sk_dg_uruk_pauldron_elite_cape_f	metamesh	sk	dol_guldur	uruk	pauldron	elite	f	Dol Guldur	Dol Guldur/SK_DG_Uruk_Pauldrons_A_geo.tpac	Y	parsed
sk_dg_uruk_pauldron_elite_d	metamesh	sk	dol_guldur	uruk	pauldron	elite	d	Dol Guldur	Dol Guldur/SK_DG_Uruk_Pauldrons_A_geo.tpac	Y	parsed
sk_dg_uruk_pauldron_elite_e	metamesh	sk	dol_guldur	uruk	pauldron	elite	e	Dol Guldur	Dol Guldur/SK_DG_Uruk_Pauldrons_A_geo.tpac	Y	parsed
sk_dg_uruk_pauldron_elite_f	metamesh	sk	dol_guldur	uruk	pauldron	elite	f	Dol Guldur	Dol Guldur/SK_DG_Uruk_Pauldrons_A_geo.tpac	Y	parsed
sk_dg_uruk_pauldron_heavy_a	metamesh	sk	dol_guldur	uruk	pauldron	heavy	a	Dol Guldur	Dol Guldur/SK_DG_Uruk_Pauldrons_A_geo.tpac	Y	parsed
sk_dg_uruk_pauldron_heavy_b	metamesh	sk	dol_guldur	uruk	pauldron	heavy	b	Dol Guldur	Dol Guldur/SK_DG_Uruk_Pauldrons_A_geo.tpac	Y	parsed
sk_dg_uruk_pauldron_heavy_c	metamesh	sk	dol_guldur	uruk	pauldron	heavy	c	Dol Guldur	Dol Guldur/SK_DG_Uruk_Pauldrons_A_geo.tpac	Y	parsed
sk_dg_uruk_pauldron_heavy_d	metamesh	sk	dol_guldur	uruk	pauldron	heavy	d	Dol Guldur	Dol Guldur/SK_DG_Uruk_Pauldrons_A_geo.tpac	Y	parsed
sk_dg_uruk_pauldron_med_a	metamesh	sk	dol_guldur	uruk	pauldron	med	a	Dol Guldur	Dol Guldur/SK_DG_Uruk_Pauldrons_A_geo.tpac	Y	parsed
sk_dg_uruk_pauldron_med_b	metamesh	sk	dol_guldur	uruk	pauldron	med	b	Dol Guldur	Dol Guldur/SK_DG_Uruk_Pauldrons_A_geo.tpac	Y	parsed
sk_dwarf\x00\x00\x00\x00\x00\x00\x00\x00_10	metamesh	sk	dwarf	-	beard	-	10	Race Test	Race Test/Beards/SK_Dwarf_Beards_geo.tpac	N	override
sk_dwarf_beard_a_01	metamesh	sk	dwarf	-	beard	-	01	Race Test	Race Test/Beards/SK_Dwarf_Beards_geo.tpac	N	parsed
sk_dwarf_beard_a_02	metamesh	sk	dwarf	-	beard	-	02	Race Test	Race Test/Beards/SK_Dwarf_Beards_geo.tpac	N	parsed
sk_dwarf_beard_a_03	metamesh	sk	dwarf	-	beard	-	03	Race Test	Race Test/Beards/SK_Dwarf_Beards_geo.tpac	N	parsed
sk_dwarf_beard_a_04	metamesh	sk	dwarf	-	beard	-	04	Race Test	Race Test/Beards/SK_Dwarf_Beards_geo.tpac	N	parsed
sk_dwarf_beard_a_05	metamesh	sk	dwarf	-	beard	-	05	Race Test	Race Test/Beards/SK_Dwarf_Beards_geo.tpac	N	parsed
sk_dwarf_beard_a_06	metamesh	sk	dwarf	-	beard	-	06	Race Test	Race Test/Beards/SK_Dwarf_Beards_geo.tpac	N	parsed
sk_dwarf_beard_a_07	metamesh	sk	dwarf	-	beard	-	07	Race Test	Race Test/Beards/SK_Dwarf_Beards_geo.tpac	N	parsed
sk_dwarf_beard_a_08	metamesh	sk	dwarf	-	beard	-	08	Race Test	Race Test/Beards/SK_Dwarf_Beards_geo.tpac	N	parsed
sk_dwarf_beard_a_09	metamesh	sk	dwarf	-	beard	-	09	Race Test	Race Test/Beards/SK_Dwarf_Beards_geo.tpac	N	parsed
sk_dwarf_beard_a_11	metamesh	sk	dwarf	-	beard	-	11	Race Test	Race Test/Beards/SK_Dwarf_Beards_geo.tpac	N	parsed
sk_dwarf_beard_a_12	metamesh	sk	dwarf	-	beard	-	12	Race Test	Race Test/Beards/SK_Dwarf_Beards_geo.tpac	N	parsed
sk_dwarf_bm_f1_arms	metamesh	sk	dwarf	-	body	-	-	Race Test	Race Test/dwarf/sk_dwarf_bm_f1_geo.tpac	N	parsed
sk_dwarf_bm_f1_body	metamesh	sk	dwarf	-	body	-	-	Race Test	Race Test/dwarf/sk_dwarf_bm_f1_geo.tpac	N	parsed
sk_dwarf_bm_f1_eyebrow_01	metamesh	sk	dwarf	-	body	-	01	Race Test	Race Test/dwarf/sk_dwarf_bm_f_eyebrows_geo.tpac	N	parsed
sk_dwarf_bm_f1_eyebrow_02	metamesh	sk	dwarf	-	body	-	02	Race Test	Race Test/dwarf/sk_dwarf_bm_f_eyebrows_geo.tpac	N	parsed
sk_dwarf_bm_f1_eyebrow_03	metamesh	sk	dwarf	-	body	-	03	Race Test	Race Test/dwarf/sk_dwarf_bm_f_eyebrows_geo.tpac	N	parsed
sk_dwarf_bm_f1_eyebrow_04	metamesh	sk	dwarf	-	body	-	04	Race Test	Race Test/dwarf/sk_dwarf_bm_f_eyebrows_geo.tpac	N	parsed
sk_dwarf_bm_f1_eyebrow_05	metamesh	sk	dwarf	-	body	-	05	Race Test	Race Test/dwarf/sk_dwarf_bm_f_eyebrows_geo.tpac	N	parsed
sk_dwarf_bm_f1_full	metamesh	sk	dwarf	-	body	full	-	Race Test	Race Test/dwarf/sk_dwarf_bm_f1_geo.tpac	N	parsed
sk_dwarf_bm_f1_head	metamesh	sk	dwarf	-	body	-	-	Race Test	Race Test/dwarf/sk_dwarf_bm_f1_geo.tpac	N	parsed
sk_dwarf_bm_f1_legs	metamesh	sk	dwarf	-	body	-	-	Race Test	Race Test/dwarf/sk_dwarf_bm_f1_geo.tpac	N	parsed
sk_dwarf_bm_f1_shoulder	metamesh	sk	dwarf	-	body	-	-	Race Test	Race Test/dwarf/sk_dwarf_bm_f1_geo.tpac	N	parsed
sk_dwarf_dain_boots_elite_a	metamesh	sk	dwarf	dain	boots	elite	a	erebor_armor	erebor_armor/Dain/SK_Dwarf_Dain_Greaves_A_geo.tpac	Y	parsed
sk_dwarf_dain_boots_elite_b	metamesh	sk	dwarf	dain	boots	elite	b	erebor_armor	erebor_armor/Dain/SK_Dwarf_Dain_Greaves_A_geo.tpac	Y	parsed
sk_dwarf_dain_boots_heavy_a	metamesh	sk	dwarf	dain	boots	heavy	a	erebor_armor	erebor_armor/Dain/SK_Dwarf_Dain_Greaves_A_geo.tpac	Y	parsed
sk_dwarf_dain_boots_heavy_b	metamesh	sk	dwarf	dain	boots	heavy	b	erebor_armor	erebor_armor/Dain/SK_Dwarf_Dain_Greaves_A_geo.tpac	Y	parsed
sk_dwarf_dain_boots_light_a	metamesh	sk	dwarf	dain	boots	light	a	erebor_armor	erebor_armor/Dain/SK_Dwarf_Dain_Greaves_A_geo.tpac	Y	parsed
sk_dwarf_dain_boots_light_b	metamesh	sk	dwarf	dain	boots	light	b	erebor_armor	erebor_armor/Dain/SK_Dwarf_Dain_Greaves_A_geo.tpac	Y	parsed
sk_dwarf_dain_boots_med_b	metamesh	sk	dwarf	dain	boots	med	b	erebor_armor	erebor_armor/Dain/SK_Dwarf_Dain_Greaves_A_geo.tpac	Y	parsed
sk_dwarf_dain_bracer_heavy_a	metamesh	sk	dwarf	dain	bracer	heavy	a	erebor_armor	erebor_armor/Dain/SK_Dwarf_Dain_Bracers_A_geo.tpac	Y	parsed
sk_dwarf_dain_bracer_heavy_c	metamesh	sk	dwarf	dain	bracer	heavy	c	erebor_armor	erebor_armor/Dain/SK_Dwarf_Dain_Bracers_A_geo.tpac	Y	parsed
sk_dwarf_dain_bracer_heavy_d	metamesh	sk	dwarf	dain	bracer	heavy	d	erebor_armor	erebor_armor/Dain/SK_Dwarf_Dain_Bracers_A_geo.tpac	Y	parsed
sk_dwarf_dain_bracer_heavy_e	metamesh	sk	dwarf	dain	bracer	heavy	e	erebor_armor	erebor_armor/Dain/SK_Dwarf_Dain_Bracers_A_geo.tpac	Y	parsed
sk_dwarf_dain_bracer_med_a	metamesh	sk	dwarf	dain	bracer	med	a	erebor_armor	erebor_armor/Dain/SK_Dwarf_Dain_Bracers_A_geo.tpac	Y	parsed
sk_dwarf_dain_bracer_med_b	metamesh	sk	dwarf	dain	bracer	med	b	erebor_armor	erebor_armor/Dain/SK_Dwarf_Dain_Bracers_A_geo.tpac	Y	parsed
sk_dwarf_dain_bracer_med_c	metamesh	sk	dwarf	dain	bracer	med	c	erebor_armor	erebor_armor/Dain/SK_Dwarf_Dain_Bracers_A_geo.tpac	Y	parsed
sk_dwarf_dain_chest_heavy_a	metamesh	sk	dwarf	dain	chest	heavy	a	erebor_armor	erebor_armor/Dain/SK_Dwarf_Dain_Chest_A_geo.tpac	Y	parsed
sk_dwarf_dain_chest_heavy_b	metamesh	sk	dwarf	dain	chest	heavy	b	erebor_armor	erebor_armor/Dain/SK_Dwarf_Dain_Chest_A_geo.tpac	Y	parsed
sk_dwarf_dain_chest_heavy_c	metamesh	sk	dwarf	dain	chest	heavy	c	erebor_armor	erebor_armor/Dain/SK_Dwarf_Dain_Chest_A_geo.tpac	Y	parsed
sk_dwarf_dain_chest_heavy_d	metamesh	sk	dwarf	dain	chest	heavy	d	erebor_armor	erebor_armor/Dain/SK_Dwarf_Dain_Chest_A_geo.tpac	Y	parsed
sk_dwarf_dain_chest_med_a	metamesh	sk	dwarf	dain	chest	med	a	erebor_armor	erebor_armor/Dain/SK_Dwarf_Dain_Chest_A_geo.tpac	Y	parsed
sk_dwarf_dain_chest_med_b	metamesh	sk	dwarf	dain	chest	med	b	erebor_armor	erebor_armor/Dain/SK_Dwarf_Dain_Chest_A_geo.tpac	Y	parsed
sk_dwarf_dain_chest_med_c	metamesh	sk	dwarf	dain	chest	med	c	erebor_armor	erebor_armor/Dain/SK_Dwarf_Dain_Chest_A_geo.tpac	Y	parsed
sk_dwarf_dain_chest_med_d	metamesh	sk	dwarf	dain	chest	med	d	erebor_armor	erebor_armor/Dain/SK_Dwarf_Dain_Chest_A_geo.tpac	Y	parsed
sk_dwarf_dain_crown_a	metamesh	sk	dwarf	dain	helmet	-	a	erebor_armor	erebor_armor/Dain/SK_Dwarf_Dain_Crown_A_geo.tpac	Y	parsed
sk_dwarf_dain_gloves_a	metamesh	sk	dwarf	dain	bracer	-	a	erebor_armor	erebor_armor/Dain/SK_Dwarf_Dain_Bracers_A_geo.tpac	Y	parsed
sk_dwarf_dain_helmet_elite_a	metamesh	sk	dwarf	dain	helmet	elite	a	erebor_armor	erebor_armor/Dain/SK_Dwarf_Dain_Helmets_A_geo.tpac	Y	parsed
sk_dwarf_dain_helmet_elite_b	metamesh	sk	dwarf	dain	helmet	elite	b	erebor_armor	erebor_armor/Dain/SK_Dwarf_Dain_Helmets_A_geo.tpac	Y	parsed
sk_dwarf_dain_helmet_heavy_a	metamesh	sk	dwarf	dain	helmet	heavy	a	erebor_armor	erebor_armor/Dain/SK_Dwarf_Dain_Helmets_A_geo.tpac	Y	parsed
sk_dwarf_dain_helmet_heavy_b	metamesh	sk	dwarf	dain	helmet	heavy	b	erebor_armor	erebor_armor/Dain/SK_Dwarf_Dain_Helmets_A_geo.tpac	Y	parsed
sk_dwarf_dain_helmet_med_a	metamesh	sk	dwarf	dain	helmet	med	a	erebor_armor	erebor_armor/Dain/SK_Dwarf_Dain_Helmets_A_geo.tpac	Y	parsed
sk_dwarf_dain_pauldron_heavy_a	metamesh	sk	dwarf	dain	pauldron	heavy	a	erebor_armor	erebor_armor/Dain/SK_Dwarf_Dain_Pauldrons_A_geo.tpac	Y	parsed
sk_dwarf_dain_pauldron_heavy_b	metamesh	sk	dwarf	dain	pauldron	heavy	b	erebor_armor	erebor_armor/Dain/SK_Dwarf_Dain_Pauldrons_A_geo.tpac	Y	parsed
sk_dwarf_dain_pauldron_heavy_c	metamesh	sk	dwarf	dain	pauldron	heavy	c	erebor_armor	erebor_armor/Dain/SK_Dwarf_Dain_Pauldrons_A_geo.tpac	Y	parsed
sk_dwarf_dain_pauldron_heavy_d	metamesh	sk	dwarf	dain	pauldron	heavy	d	erebor_armor	erebor_armor/Dain/SK_Dwarf_Dain_Pauldrons_A_geo.tpac	Y	parsed
sk_dwarf_dain_pauldron_heavy_e	metamesh	sk	dwarf	dain	pauldron	heavy	e	erebor_armor	erebor_armor/Dain/SK_Dwarf_Dain_Pauldrons_A_geo.tpac	Y	parsed
sk_dwarf_dain_pauldron_med_a	metamesh	sk	dwarf	dain	pauldron	med	a	erebor_armor	erebor_armor/Dain/SK_Dwarf_Dain_Pauldrons_A_geo.tpac	Y	parsed
sk_dwarf_dain_pauldron_med_b	metamesh	sk	dwarf	dain	pauldron	med	b	erebor_armor	erebor_armor/Dain/SK_Dwarf_Dain_Pauldrons_A_geo.tpac	Y	parsed
sk_dwarf_dain_pauldron_med_c	metamesh	sk	dwarf	dain	pauldron	med	c	erebor_armor	erebor_armor/Dain/SK_Dwarf_Dain_Pauldrons_A_geo.tpac	Y	parsed
sk_dwarf_dress_normal_a	metamesh	sk	dwarf	-	chest	normal	a	erebor_civilian	erebor_civilian/SK_Dwarf_Dress_A_geo.tpac	Y	parsed
sk_dwarf_dress_normal_b	metamesh	sk	dwarf	-	chest	normal	b	erebor_civilian	erebor_civilian/SK_Dwarf_Dress_A_geo.tpac	Y	parsed
sk_dwarf_dress_normal_c	metamesh	sk	dwarf	-	chest	normal	c	erebor_civilian	erebor_civilian/SK_Dwarf_Dress_A_geo.tpac	Y	parsed
sk_dwarf_dress_normal_d	metamesh	sk	dwarf	-	chest	normal	d	erebor_civilian	erebor_civilian/SK_Dwarf_Dress_A_geo.tpac	Y	parsed
sk_dwarf_dress_normal_e	metamesh	sk	dwarf	-	chest	normal	e	erebor_civilian	erebor_civilian/SK_Dwarf_Dress_A_geo.tpac	Y	parsed
sk_dwarf_dress_normal_f	metamesh	sk	dwarf	-	chest	normal	f	erebor_civilian	erebor_civilian/SK_Dwarf_Dress_A_geo.tpac	Y	parsed
sk_dwarf_dress_normal_g	metamesh	sk	dwarf	-	chest	normal	g	erebor_civilian	erebor_civilian/SK_Dwarf_Dress_A_geo.tpac	Y	parsed
sk_dwarf_dress_normal_h	metamesh	sk	dwarf	-	chest	normal	h	erebor_civilian	erebor_civilian/SK_Dwarf_Dress_A_geo.tpac	Y	parsed
sk_dwarf_dress_normal_j	metamesh	sk	dwarf	-	chest	normal	j	erebor_civilian	erebor_civilian/SK_Dwarf_Dress_A_geo.tpac	Y	parsed
sk_dwarf_erebor_arrow_a	metamesh	sk	dwarf	erebor	weapon	-	a	erebor_weapons	erebor_weapons/erebor_weapons/SM_Dwarf_Erebor_Bows_geo.tpac	Y	parsed
sk_dwarf_erebor_arrow_b	metamesh	sk	dwarf	erebor	weapon	-	b	erebor_weapons	erebor_weapons/erebor_weapons/SM_Dwarf_Erebor_Bows_geo.tpac	Y	parsed
sk_dwarf_erebor_boots_light_a	metamesh	sk	dwarf	erebor	boots	light	a	erebor_armor	erebor_armor/SM_Dwarf_Erebor_Greaves_A_geo.tpac	Y	parsed
sk_dwarf_erebor_boots_light_b	metamesh	sk	dwarf	erebor	boots	light	b	erebor_armor	erebor_armor/SM_Dwarf_Erebor_Greaves_A_geo.tpac	Y	parsed
sk_dwarf_erebor_boots_med_a	metamesh	sk	dwarf	erebor	boots	med	a	erebor_armor	erebor_armor/SM_Dwarf_Erebor_Greaves_A_geo.tpac	Y	parsed
sk_dwarf_erebor_boots_med_b	metamesh	sk	dwarf	erebor	boots	med	b	erebor_armor	erebor_armor/SM_Dwarf_Erebor_Greaves_A_geo.tpac	Y	parsed
sk_dwarf_erebor_boots_med_c	metamesh	sk	dwarf	erebor	boots	med	c	erebor_armor	erebor_armor/SM_Dwarf_Erebor_Greaves_A_geo.tpac	Y	parsed
sk_dwarf_erebor_boots_med_d	metamesh	sk	dwarf	erebor	boots	med	d	erebor_armor	erebor_armor/SM_Dwarf_Erebor_Greaves_A_geo.tpac	Y	parsed
sk_dwarf_erebor_boots_med_e	metamesh	sk	dwarf	erebor	boots	med	e	erebor_armor	erebor_armor/SM_Dwarf_Erebor_Greaves_A_geo.tpac	Y	parsed
sk_dwarf_erebor_boots_med_f	metamesh	sk	dwarf	erebor	boots	med	f	erebor_armor	erebor_armor/SM_Dwarf_Erebor_Greaves_A_geo.tpac	Y	parsed
sk_dwarf_erebor_bracers_elite_a	metamesh	sk	dwarf	erebor	bracer	elite	a	erebor_armor	erebor_armor/SM_Dwarf_Erebor_Bracers_A_geo.tpac	Y	parsed
sk_dwarf_erebor_bracers_elite_b	metamesh	sk	dwarf	erebor	bracer	elite	b	erebor_armor	erebor_armor/SM_Dwarf_Erebor_Bracers_A_geo.tpac	Y	parsed
sk_dwarf_erebor_bracers_elite_c	metamesh	sk	dwarf	erebor	bracer	elite	c	erebor_armor	erebor_armor/SM_Dwarf_Erebor_Bracers_A_geo.tpac	Y	parsed
sk_dwarf_erebor_bracers_elite_d	metamesh	sk	dwarf	erebor	bracer	elite	d	erebor_armor	erebor_armor/SM_Dwarf_Erebor_Bracers_A_geo.tpac	Y	parsed
sk_dwarf_erebor_bracers_elite_e	metamesh	sk	dwarf	erebor	bracer	elite	e	erebor_armor	erebor_armor/SM_Dwarf_Erebor_Bracers_A_geo.tpac	Y	parsed
sk_dwarf_erebor_bracers_elite_f	metamesh	sk	dwarf	erebor	bracer	elite	f	erebor_armor	erebor_armor/SM_Dwarf_Erebor_Bracers_A_geo.tpac	Y	parsed
sk_dwarf_erebor_bracers_heavy_a	metamesh	sk	dwarf	erebor	bracer	heavy	a	erebor_armor	erebor_armor/SM_Dwarf_Erebor_Bracers_A_geo.tpac	Y	parsed
sk_dwarf_erebor_bracers_heavy_b	metamesh	sk	dwarf	erebor	bracer	heavy	b	erebor_armor	erebor_armor/SM_Dwarf_Erebor_Bracers_A_geo.tpac	Y	parsed
sk_dwarf_erebor_bracers_heavy_c	metamesh	sk	dwarf	erebor	bracer	heavy	c	erebor_armor	erebor_armor/SM_Dwarf_Erebor_Bracers_A_geo.tpac	Y	parsed
sk_dwarf_erebor_bracers_heavy_d	metamesh	sk	dwarf	erebor	bracer	heavy	d	erebor_armor	erebor_armor/SM_Dwarf_Erebor_Bracers_A_geo.tpac	Y	parsed
sk_dwarf_erebor_bracers_med_a	metamesh	sk	dwarf	erebor	bracer	med	a	erebor_armor	erebor_armor/SM_Dwarf_Erebor_Bracers_A_geo.tpac	Y	parsed
sk_dwarf_erebor_bracers_med_b	metamesh	sk	dwarf	erebor	bracer	med	b	erebor_armor	erebor_armor/SM_Dwarf_Erebor_Bracers_A_geo.tpac	Y	parsed
sk_dwarf_erebor_bracers_med_c	metamesh	sk	dwarf	erebor	bracer	med	c	erebor_armor	erebor_armor/SM_Dwarf_Erebor_Bracers_A_geo.tpac	Y	parsed
sk_dwarf_erebor_bracers_med_d	metamesh	sk	dwarf	erebor	bracer	med	d	erebor_armor	erebor_armor/SM_Dwarf_Erebor_Bracers_A_geo.tpac	Y	parsed
sk_dwarf_erebor_bracers_med_e	metamesh	sk	dwarf	erebor	bracer	med	e	erebor_armor	erebor_armor/SM_Dwarf_Erebor_Bracers_A_geo.tpac	Y	parsed
sk_dwarf_erebor_bracers_med_f	metamesh	sk	dwarf	erebor	bracer	med	f	erebor_armor	erebor_armor/SM_Dwarf_Erebor_Bracers_A_geo.tpac	Y	parsed
sk_dwarf_erebor_chest_chain_a	metamesh	sk	dwarf	erebor	chest	-	a	erebor_armor	erebor_armor/SM_Dwarf_Erebor_Chest_A_geo.tpac	Y	parsed
sk_dwarf_erebor_chest_leather_light_a	metamesh	sk	dwarf	erebor	chest	light	a	erebor_armor	erebor_armor/SM_Dwarf_Erebor_Chest_A_geo.tpac	Y	parsed
sk_dwarf_erebor_chest_leather_light_b	metamesh	sk	dwarf	erebor	chest	light	b	erebor_armor	erebor_armor/SM_Dwarf_Erebor_Chest_A_geo.tpac	Y	parsed
sk_dwarf_erebor_chest_leather_light_c	metamesh	sk	dwarf	erebor	chest	light	c	erebor_armor	erebor_armor/SM_Dwarf_Erebor_Chest_A_geo.tpac	Y	parsed
sk_dwarf_erebor_chest_leather_med_a	metamesh	sk	dwarf	erebor	chest	med	a	erebor_armor	erebor_armor/SM_Dwarf_Erebor_Chest_A_geo.tpac	Y	parsed
sk_dwarf_erebor_chest_leather_med_b	metamesh	sk	dwarf	erebor	chest	med	b	erebor_armor	erebor_armor/SM_Dwarf_Erebor_Chest_A_geo.tpac	Y	parsed
sk_dwarf_erebor_chest_plate_elite_a	metamesh	sk	dwarf	erebor	chest	elite	a	erebor_armor	erebor_armor/SM_Dwarf_Erebor_Chest_A_geo.tpac	Y	parsed
sk_dwarf_erebor_chest_plate_elite_a2	metamesh	sk	dwarf	erebor	chest	elite	a2	erebor_armor	erebor_armor/SM_Dwarf_Erebor_Chest_A_geo.tpac	Y	parsed
sk_dwarf_erebor_chest_plate_elite_b	metamesh	sk	dwarf	erebor	chest	elite	b	erebor_armor	erebor_armor/SM_Dwarf_Erebor_Chest_A_geo.tpac	Y	parsed
sk_dwarf_erebor_chest_plate_elite_b2	metamesh	sk	dwarf	erebor	chest	elite	b2	erebor_armor	erebor_armor/SM_Dwarf_Erebor_Chest_A_geo.tpac	Y	parsed
sk_dwarf_erebor_chest_plate_elite_c	metamesh	sk	dwarf	erebor	chest	elite	c	erebor_armor	erebor_armor/SM_Dwarf_Erebor_Chest_A_geo.tpac	Y	parsed
sk_dwarf_erebor_chest_plate_elite_c2	metamesh	sk	dwarf	erebor	chest	elite	c2	erebor_armor	erebor_armor/SM_Dwarf_Erebor_Chest_A_geo.tpac	Y	parsed
sk_dwarf_erebor_chest_plate_elite_d	metamesh	sk	dwarf	erebor	chest	elite	d	erebor_armor	erebor_armor/SM_Dwarf_Erebor_Chest_A_geo.tpac	Y	parsed
sk_dwarf_erebor_chest_plate_elite_d2	metamesh	sk	dwarf	erebor	chest	elite	d2	erebor_armor	erebor_armor/SM_Dwarf_Erebor_Chest_A_geo.tpac	Y	parsed
sk_dwarf_erebor_chest_plate_elite_e	metamesh	sk	dwarf	erebor	chest	elite	e	erebor_armor	erebor_armor/SM_Dwarf_Erebor_Chest_A_geo.tpac	Y	parsed
sk_dwarf_erebor_chest_plate_elite_e2	metamesh	sk	dwarf	erebor	chest	elite	e2	erebor_armor	erebor_armor/SM_Dwarf_Erebor_Chest_A_geo.tpac	Y	parsed
sk_dwarf_erebor_chest_plate_elite_f	metamesh	sk	dwarf	erebor	chest	elite	f	erebor_armor	erebor_armor/SM_Dwarf_Erebor_Chest_A_geo.tpac	Y	parsed
sk_dwarf_erebor_chest_plate_elite_f2	metamesh	sk	dwarf	erebor	chest	elite	f2	erebor_armor	erebor_armor/SM_Dwarf_Erebor_Chest_A_geo.tpac	Y	parsed
sk_dwarf_erebor_chest_plate_heavy_a	metamesh	sk	dwarf	erebor	chest	heavy	a	erebor_armor	erebor_armor/SM_Dwarf_Erebor_Chest_A_geo.tpac	Y	parsed
sk_dwarf_erebor_chest_plate_heavy_b	metamesh	sk	dwarf	erebor	chest	heavy	b	erebor_armor	erebor_armor/SM_Dwarf_Erebor_Chest_A_geo.tpac	Y	parsed
sk_dwarf_erebor_chest_plate_heavy_c	metamesh	sk	dwarf	erebor	chest	heavy	c	erebor_armor	erebor_armor/SM_Dwarf_Erebor_Chest_A_geo.tpac	Y	parsed
sk_dwarf_erebor_chest_plate_heavy_d	metamesh	sk	dwarf	erebor	chest	heavy	d	erebor_armor	erebor_armor/SM_Dwarf_Erebor_Chest_A_geo.tpac	Y	parsed
sk_dwarf_erebor_chest_plate_heavy_e	metamesh	sk	dwarf	erebor	chest	heavy	e	erebor_armor	erebor_armor/SM_Dwarf_Erebor_Chest_A_geo.tpac	Y	parsed
sk_dwarf_erebor_chest_plate_heavy_f	metamesh	sk	dwarf	erebor	chest	heavy	f	erebor_armor	erebor_armor/SM_Dwarf_Erebor_Chest_A_geo.tpac	Y	parsed
sk_dwarf_erebor_chest_scale_a	metamesh	sk	dwarf	erebor	chest	-	a	erebor_armor	erebor_armor/SM_Dwarf_Erebor_Chest_A_geo.tpac	Y	parsed
sk_dwarf_erebor_gloves_a	metamesh	sk	dwarf	erebor	bracer	-	a	erebor_armor	erebor_armor/SM_Dwarf_Erebor_Bracers_A_geo.tpac	Y	parsed
sk_dwarf_erebor_greaves_elite_a	metamesh	sk	dwarf	erebor	greaves	elite	a	erebor_armor	erebor_armor/SM_Dwarf_Erebor_Greaves_A_geo.tpac	Y	parsed
sk_dwarf_erebor_greaves_elite_b	metamesh	sk	dwarf	erebor	greaves	elite	b	erebor_armor	erebor_armor/SM_Dwarf_Erebor_Greaves_A_geo.tpac	Y	parsed
sk_dwarf_erebor_greaves_heavy_a	metamesh	sk	dwarf	erebor	greaves	heavy	a	erebor_armor	erebor_armor/SM_Dwarf_Erebor_Greaves_A_geo.tpac	Y	parsed
sk_dwarf_erebor_greaves_heavy_b	metamesh	sk	dwarf	erebor	greaves	heavy	b	erebor_armor	erebor_armor/SM_Dwarf_Erebor_Greaves_A_geo.tpac	Y	parsed
sk_dwarf_erebor_greaves_heavy_c	metamesh	sk	dwarf	erebor	greaves	heavy	c	erebor_armor	erebor_armor/SM_Dwarf_Erebor_Greaves_A_geo.tpac	Y	parsed
sk_dwarf_erebor_greaves_heavy_d	metamesh	sk	dwarf	erebor	greaves	heavy	d	erebor_armor	erebor_armor/SM_Dwarf_Erebor_Greaves_A_geo.tpac	Y	parsed
sk_dwarf_erebor_helmet_leather_heavy_a	metamesh	sk	dwarf	erebor	helmet	heavy	a	erebor_armor	erebor_armor/SM_Dwarf_Erebor_Helmets_A_geo.tpac	Y	parsed
sk_dwarf_erebor_helmet_leather_heavy_b	metamesh	sk	dwarf	erebor	helmet	heavy	b	erebor_armor	erebor_armor/SM_Dwarf_Erebor_Helmets_A_geo.tpac	Y	parsed
sk_dwarf_erebor_helmet_leather_heavy_c	metamesh	sk	dwarf	erebor	helmet	heavy	c	erebor_armor	erebor_armor/SM_Dwarf_Erebor_Helmets_A_geo.tpac	Y	parsed
sk_dwarf_erebor_helmet_leather_heavy_d	metamesh	sk	dwarf	erebor	helmet	heavy	d	erebor_armor	erebor_armor/SM_Dwarf_Erebor_Helmets_A_geo.tpac	Y	parsed
sk_dwarf_erebor_helmet_leather_light_a	metamesh	sk	dwarf	erebor	helmet	light	a	erebor_armor	erebor_armor/SM_Dwarf_Erebor_Helmets_A_geo.tpac	Y	parsed
sk_dwarf_erebor_helmet_leather_light_b	metamesh	sk	dwarf	erebor	helmet	light	b	erebor_armor	erebor_armor/SM_Dwarf_Erebor_Helmets_A_geo.tpac	Y	parsed
sk_dwarf_erebor_helmet_leather_med_a	metamesh	sk	dwarf	erebor	helmet	med	a	erebor_armor	erebor_armor/SM_Dwarf_Erebor_Helmets_A_geo.tpac	Y	parsed
sk_dwarf_erebor_helmet_leather_med_b	metamesh	sk	dwarf	erebor	helmet	med	b	erebor_armor	erebor_armor/SM_Dwarf_Erebor_Helmets_A_geo.tpac	Y	parsed
sk_dwarf_erebor_helmet_plate_elite_a	metamesh	sk	dwarf	erebor	helmet	elite	a	erebor_armor	erebor_armor/SM_Dwarf_Erebor_Helmets_A_geo.tpac	Y	parsed
sk_dwarf_erebor_helmet_plate_elite_b	metamesh	sk	dwarf	erebor	helmet	elite	b	erebor_armor	erebor_armor/SM_Dwarf_Erebor_Helmets_A_geo.tpac	Y	parsed
sk_dwarf_erebor_helmet_plate_elite_c	metamesh	sk	dwarf	erebor	helmet	elite	c	erebor_armor	erebor_armor/SM_Dwarf_Erebor_Helmets_A_geo.tpac	Y	parsed
sk_dwarf_erebor_helmet_plate_elite_d	metamesh	sk	dwarf	erebor	helmet	elite	d	erebor_armor	erebor_armor/SM_Dwarf_Erebor_Helmets_A_geo.tpac	Y	parsed
sk_dwarf_erebor_helmet_plate_heavy_a	metamesh	sk	dwarf	erebor	helmet	heavy	a	erebor_armor	erebor_armor/SM_Dwarf_Erebor_Helmets_A_geo.tpac	Y	parsed
sk_dwarf_erebor_helmet_plate_heavy_b	metamesh	sk	dwarf	erebor	helmet	heavy	b	erebor_armor	erebor_armor/SM_Dwarf_Erebor_Helmets_A_geo.tpac	Y	parsed
sk_dwarf_erebor_helmet_plate_heavy_c	metamesh	sk	dwarf	erebor	helmet	heavy	c	erebor_armor	erebor_armor/SM_Dwarf_Erebor_Helmets_A_geo.tpac	Y	parsed
sk_dwarf_erebor_helmet_plate_heavy_d	metamesh	sk	dwarf	erebor	helmet	heavy	d	erebor_armor	erebor_armor/SM_Dwarf_Erebor_Helmets_A_geo.tpac	Y	parsed
sk_dwarf_erebor_helmet_plate_legionary_a	metamesh	sk	dwarf	erebor	helmet	legionary	a	erebor_armor	erebor_armor/SM_Dwarf_Erebor_Helmets_A_geo.tpac	Y	parsed
sk_dwarf_erebor_helmet_plate_legionary_a2	metamesh	sk	dwarf	erebor	helmet	legionary	a2	erebor_armor	erebor_armor/SM_Dwarf_Erebor_Helmets_A_geo.tpac	Y	parsed
sk_dwarf_erebor_helmet_plate_legionary_b	metamesh	sk	dwarf	erebor	helmet	legionary	b	erebor_armor	erebor_armor/SM_Dwarf_Erebor_Helmets_A_geo.tpac	Y	parsed
sk_dwarf_erebor_helmet_plate_legionary_b2	metamesh	sk	dwarf	erebor	helmet	legionary	b2	erebor_armor	erebor_armor/SM_Dwarf_Erebor_Helmets_A_geo.tpac	Y	parsed
sk_dwarf_erebor_helmet_plate_legionary_c	metamesh	sk	dwarf	erebor	helmet	legionary	c	erebor_armor	erebor_armor/SM_Dwarf_Erebor_Helmets_A_geo.tpac	Y	parsed
sk_dwarf_erebor_helmet_plate_legionary_c2	metamesh	sk	dwarf	erebor	helmet	legionary	c2	erebor_armor	erebor_armor/SM_Dwarf_Erebor_Helmets_A_geo.tpac	Y	parsed
sk_dwarf_erebor_helmet_plate_legionary_d	metamesh	sk	dwarf	erebor	helmet	legionary	d	erebor_armor	erebor_armor/SM_Dwarf_Erebor_Helmets_A_geo.tpac	Y	parsed
sk_dwarf_erebor_helmet_plate_legionary_d2	metamesh	sk	dwarf	erebor	helmet	legionary	d2	erebor_armor	erebor_armor/SM_Dwarf_Erebor_Helmets_A_geo.tpac	Y	parsed
sk_dwarf_erebor_helmet_plate_light_a	metamesh	sk	dwarf	erebor	helmet	light	a	erebor_armor	erebor_armor/SM_Dwarf_Erebor_Helmets_A_geo.tpac	Y	parsed
sk_dwarf_erebor_helmet_plate_light_b	metamesh	sk	dwarf	erebor	helmet	light	b	erebor_armor	erebor_armor/SM_Dwarf_Erebor_Helmets_A_geo.tpac	Y	parsed
sk_dwarf_erebor_helmet_plate_light_c	metamesh	sk	dwarf	erebor	helmet	light	c	erebor_armor	erebor_armor/SM_Dwarf_Erebor_Helmets_A_geo.tpac	Y	parsed
sk_dwarf_erebor_helmet_plate_light_d	metamesh	sk	dwarf	erebor	helmet	light	d	erebor_armor	erebor_armor/SM_Dwarf_Erebor_Helmets_A_geo.tpac	Y	parsed
sk_dwarf_erebor_helmet_plate_lord_a	metamesh	sk	dwarf	erebor	helmet	lord	a	erebor_armor	erebor_armor/SM_Dwarf_Erebor_Helmets_A_geo.tpac	Y	parsed
sk_dwarf_erebor_helmet_plate_lord_a2	metamesh	sk	dwarf	erebor	helmet	lord	a2	erebor_armor	erebor_armor/SM_Dwarf_Erebor_Helmets_A_geo.tpac	Y	parsed
sk_dwarf_erebor_helmet_plate_lord_b	metamesh	sk	dwarf	erebor	helmet	lord	b	erebor_armor	erebor_armor/SM_Dwarf_Erebor_Helmets_A_geo.tpac	Y	parsed
sk_dwarf_erebor_helmet_plate_lord_b2	metamesh	sk	dwarf	erebor	helmet	lord	b2	erebor_armor	erebor_armor/SM_Dwarf_Erebor_Helmets_A_geo.tpac	Y	parsed
sk_dwarf_erebor_helmet_plate_lord_c	metamesh	sk	dwarf	erebor	helmet	lord	c	erebor_armor	erebor_armor/SM_Dwarf_Erebor_Helmets_A_geo.tpac	Y	parsed
sk_dwarf_erebor_helmet_plate_lord_c2	metamesh	sk	dwarf	erebor	helmet	lord	c2	erebor_armor	erebor_armor/SM_Dwarf_Erebor_Helmets_A_geo.tpac	Y	parsed
sk_dwarf_erebor_helmet_plate_lord_d	metamesh	sk	dwarf	erebor	helmet	lord	d	erebor_armor	erebor_armor/SM_Dwarf_Erebor_Helmets_A_geo.tpac	Y	parsed
sk_dwarf_erebor_helmet_plate_lord_d2	metamesh	sk	dwarf	erebor	helmet	lord	d2	erebor_armor	erebor_armor/SM_Dwarf_Erebor_Helmets_A_geo.tpac	Y	parsed
sk_dwarf_erebor_helmet_plate_med_a	metamesh	sk	dwarf	erebor	helmet	med	a	erebor_armor	erebor_armor/SM_Dwarf_Erebor_Helmets_A_geo.tpac	Y	parsed
sk_dwarf_erebor_helmet_plate_med_b	metamesh	sk	dwarf	erebor	helmet	med	b	erebor_armor	erebor_armor/SM_Dwarf_Erebor_Helmets_A_geo.tpac	Y	parsed
sk_dwarf_erebor_helmet_plate_med_c	metamesh	sk	dwarf	erebor	helmet	med	c	erebor_armor	erebor_armor/SM_Dwarf_Erebor_Helmets_A_geo.tpac	Y	parsed
sk_dwarf_erebor_helmet_plate_med_d	metamesh	sk	dwarf	erebor	helmet	med	d	erebor_armor	erebor_armor/SM_Dwarf_Erebor_Helmets_A_geo.tpac	Y	parsed
sk_dwarf_erebor_pauldron _scale_a	metamesh	sk	dwarf	erebor	pauldron	-	a	erebor_armor	erebor_armor/SM_Dwarf_Erebor_Pauldrons_A_geo.tpac	Y	parsed
sk_dwarf_erebor_pauldron _scale_cape_a	metamesh	sk	dwarf	erebor	pauldron	-	a	erebor_armor	erebor_armor/SM_Dwarf_Erebor_Pauldrons_A_geo.tpac	Y	parsed
sk_dwarf_erebor_pauldron _scale_cape_b	metamesh	sk	dwarf	erebor	pauldron	-	b	erebor_armor	erebor_armor/SM_Dwarf_Erebor_Pauldrons_A_geo.tpac	Y	parsed
sk_dwarf_erebor_pauldron_plate_cape_elite_a	metamesh	sk	dwarf	erebor	pauldron	elite	a	erebor_armor	erebor_armor/SM_Dwarf_Erebor_Pauldrons_A_geo.tpac	Y	parsed
sk_dwarf_erebor_pauldron_plate_cape_elite_b	metamesh	sk	dwarf	erebor	pauldron	elite	b	erebor_armor	erebor_armor/SM_Dwarf_Erebor_Pauldrons_A_geo.tpac	Y	parsed
sk_dwarf_erebor_pauldron_plate_cape_heavy_a	metamesh	sk	dwarf	erebor	pauldron	heavy	a	erebor_armor	erebor_armor/SM_Dwarf_Erebor_Pauldrons_A_geo.tpac	Y	parsed
sk_dwarf_erebor_pauldron_plate_cape_heavy_b	metamesh	sk	dwarf	erebor	pauldron	heavy	b	erebor_armor	erebor_armor/SM_Dwarf_Erebor_Pauldrons_A_geo.tpac	Y	parsed
sk_dwarf_erebor_pauldron_plate_cape_heavy_c	metamesh	sk	dwarf	erebor	pauldron	heavy	c	erebor_armor	erebor_armor/SM_Dwarf_Erebor_Pauldrons_A_geo.tpac	Y	parsed
sk_dwarf_erebor_pauldron_plate_cape_heavy_d	metamesh	sk	dwarf	erebor	pauldron	heavy	d	erebor_armor	erebor_armor/SM_Dwarf_Erebor_Pauldrons_A_geo.tpac	Y	parsed
sk_dwarf_erebor_pauldron_plate_cape_heavy_e	metamesh	sk	dwarf	erebor	pauldron	heavy	e	erebor_armor	erebor_armor/SM_Dwarf_Erebor_Pauldrons_A_geo.tpac	Y	parsed
sk_dwarf_erebor_pauldron_plate_cape_heavy_f	metamesh	sk	dwarf	erebor	pauldron	heavy	f	erebor_armor	erebor_armor/SM_Dwarf_Erebor_Pauldrons_A_geo.tpac	Y	parsed
sk_dwarf_erebor_pauldron_plate_elite_a	metamesh	sk	dwarf	erebor	pauldron	elite	a	erebor_armor	erebor_armor/SM_Dwarf_Erebor_Pauldrons_A_geo.tpac	Y	parsed
sk_dwarf_erebor_pauldron_plate_elite_b	metamesh	sk	dwarf	erebor	pauldron	elite	b	erebor_armor	erebor_armor/SM_Dwarf_Erebor_Pauldrons_A_geo.tpac	Y	parsed
sk_dwarf_erebor_pauldron_plate_heavy_a	metamesh	sk	dwarf	erebor	pauldron	heavy	a	erebor_armor	erebor_armor/SM_Dwarf_Erebor_Pauldrons_A_geo.tpac	Y	parsed
sk_dwarf_erebor_pauldron_plate_heavy_b	metamesh	sk	dwarf	erebor	pauldron	heavy	b	erebor_armor	erebor_armor/SM_Dwarf_Erebor_Pauldrons_A_geo.tpac	Y	parsed
sk_dwarf_erebor_pauldron_plate_heavy_c	metamesh	sk	dwarf	erebor	pauldron	heavy	c	erebor_armor	erebor_armor/SM_Dwarf_Erebor_Pauldrons_A_geo.tpac	Y	parsed
sk_dwarf_erebor_pauldron_plate_heavy_d	metamesh	sk	dwarf	erebor	pauldron	heavy	d	erebor_armor	erebor_armor/SM_Dwarf_Erebor_Pauldrons_A_geo.tpac	Y	parsed
sk_dwarf_erebor_pauldron_plate_heavy_e	metamesh	sk	dwarf	erebor	pauldron	heavy	e	erebor_armor	erebor_armor/SM_Dwarf_Erebor_Pauldrons_A_geo.tpac	Y	parsed
sk_dwarf_erebor_pauldron_plate_heavy_f	metamesh	sk	dwarf	erebor	pauldron	heavy	f	erebor_armor	erebor_armor/SM_Dwarf_Erebor_Pauldrons_A_geo.tpac	Y	parsed
sk_dwarf_erebor_pauldron_plate_med_a	metamesh	sk	dwarf	erebor	pauldron	med	a	erebor_armor	erebor_armor/SM_Dwarf_Erebor_Pauldrons_A_geo.tpac	Y	parsed
sk_dwarf_erebor_pauldron_plate_med_b	metamesh	sk	dwarf	erebor	pauldron	med	b	erebor_armor	erebor_armor/SM_Dwarf_Erebor_Pauldrons_A_geo.tpac	Y	parsed
sk_dwarf_iron_boots_elite_a1	metamesh	sk	dwarf	iron	boots	elite	a1	iron_hills_armors	iron_hills_armors/SM_Dwarf_Iron_Greaves_A_geo.tpac	Y	parsed
sk_dwarf_iron_boots_elite_a2	metamesh	sk	dwarf	iron	boots	elite	a2	iron_hills_armors	iron_hills_armors/SM_Dwarf_Iron_Greaves_A_geo.tpac	Y	parsed
sk_dwarf_iron_boots_elite_a3	metamesh	sk	dwarf	iron	boots	elite	a3	iron_hills_armors	iron_hills_armors/SM_Dwarf_Iron_Greaves_A_geo.tpac	Y	parsed
sk_dwarf_iron_boots_elite_b1	metamesh	sk	dwarf	iron	boots	elite	b1	iron_hills_armors	iron_hills_armors/SM_Dwarf_Iron_Greaves_A_geo.tpac	Y	parsed
sk_dwarf_iron_boots_elite_b2	metamesh	sk	dwarf	iron	boots	elite	b2	iron_hills_armors	iron_hills_armors/SM_Dwarf_Iron_Greaves_A_geo.tpac	Y	parsed
sk_dwarf_iron_boots_elite_b3	metamesh	sk	dwarf	iron	boots	elite	b3	iron_hills_armors	iron_hills_armors/SM_Dwarf_Iron_Greaves_A_geo.tpac	Y	parsed
sk_dwarf_iron_boots_elite_c1	metamesh	sk	dwarf	iron	boots	elite	c1	iron_hills_armors	iron_hills_armors/SM_Dwarf_Iron_Greaves_A_geo.tpac	Y	parsed
sk_dwarf_iron_boots_elite_c2	metamesh	sk	dwarf	iron	boots	elite	c2	iron_hills_armors	iron_hills_armors/SM_Dwarf_Iron_Greaves_A_geo.tpac	Y	parsed
sk_dwarf_iron_boots_heavy_a1	metamesh	sk	dwarf	iron	boots	heavy	a1	iron_hills_armors	iron_hills_armors/SM_Dwarf_Iron_Greaves_A_geo.tpac	Y	parsed
sk_dwarf_iron_boots_heavy_a2	metamesh	sk	dwarf	iron	boots	heavy	a2	iron_hills_armors	iron_hills_armors/SM_Dwarf_Iron_Greaves_A_geo.tpac	Y	parsed
sk_dwarf_iron_boots_heavy_a3	metamesh	sk	dwarf	iron	boots	heavy	a3	iron_hills_armors	iron_hills_armors/SM_Dwarf_Iron_Greaves_A_geo.tpac	Y	parsed
sk_dwarf_iron_boots_heavy_b1	metamesh	sk	dwarf	iron	boots	heavy	b1	iron_hills_armors	iron_hills_armors/SM_Dwarf_Iron_Greaves_A_geo.tpac	Y	parsed
sk_dwarf_iron_boots_heavy_b2	metamesh	sk	dwarf	iron	boots	heavy	b2	iron_hills_armors	iron_hills_armors/SM_Dwarf_Iron_Greaves_A_geo.tpac	Y	parsed
sk_dwarf_iron_boots_heavy_b3	metamesh	sk	dwarf	iron	boots	heavy	b3	iron_hills_armors	iron_hills_armors/SM_Dwarf_Iron_Greaves_A_geo.tpac	Y	parsed
sk_dwarf_iron_boots_heavy_c1	metamesh	sk	dwarf	iron	boots	heavy	c1	iron_hills_armors	iron_hills_armors/SM_Dwarf_Iron_Greaves_A_geo.tpac	Y	parsed
sk_dwarf_iron_boots_heavy_c2	metamesh	sk	dwarf	iron	boots	heavy	c2	iron_hills_armors	iron_hills_armors/SM_Dwarf_Iron_Greaves_A_geo.tpac	Y	parsed
sk_dwarf_iron_boots_light_a	metamesh	sk	dwarf	iron	boots	light	a	iron_hills_armors	iron_hills_armors/SM_Dwarf_Iron_Greaves_A_geo.tpac	Y	parsed
sk_dwarf_iron_boots_lord_c1	metamesh	sk	dwarf	iron	boots	lord	c1	iron_hills_armors	iron_hills_armors/SM_Dwarf_Iron_Greaves_A_geo.tpac	Y	parsed
sk_dwarf_iron_boots_lord_c2	metamesh	sk	dwarf	iron	boots	lord	c2	iron_hills_armors	iron_hills_armors/SM_Dwarf_Iron_Greaves_A_geo.tpac	Y	parsed
sk_dwarf_iron_boots_med_a1	metamesh	sk	dwarf	iron	boots	med	a1	iron_hills_armors	iron_hills_armors/SM_Dwarf_Iron_Greaves_A_geo.tpac	Y	parsed
sk_dwarf_iron_boots_med_b1	metamesh	sk	dwarf	iron	boots	med	b1	iron_hills_armors	iron_hills_armors/SM_Dwarf_Iron_Greaves_A_geo.tpac	Y	parsed
sk_dwarf_iron_boots_med_c1	metamesh	sk	dwarf	iron	boots	med	c1	iron_hills_armors	iron_hills_armors/SM_Dwarf_Iron_Greaves_A_geo.tpac	Y	parsed
sk_dwarf_iron_bracer_elite_c1	metamesh	sk	dwarf	iron	bracer	elite	c1	iron_hills_armors	iron_hills_armors/SM_Dwarf_Iron_Bracers_A_geo.tpac	Y	parsed
sk_dwarf_iron_bracer_elite_c2	metamesh	sk	dwarf	iron	bracer	elite	c2	iron_hills_armors	iron_hills_armors/SM_Dwarf_Iron_Bracers_A_geo.tpac	Y	parsed
sk_dwarf_iron_bracer_elite_c3	metamesh	sk	dwarf	iron	bracer	elite	c3	iron_hills_armors	iron_hills_armors/SM_Dwarf_Iron_Bracers_A_geo.tpac	Y	parsed
sk_dwarf_iron_bracer_elite_c4	metamesh	sk	dwarf	iron	bracer	elite	c4	iron_hills_armors	iron_hills_armors/SM_Dwarf_Iron_Bracers_A_geo.tpac	Y	parsed
sk_dwarf_iron_bracer_heavy_c1	metamesh	sk	dwarf	iron	bracer	heavy	c1	iron_hills_armors	iron_hills_armors/SM_Dwarf_Iron_Bracers_A_geo.tpac	Y	parsed
sk_dwarf_iron_bracer_heavy_c2	metamesh	sk	dwarf	iron	bracer	heavy	c2	iron_hills_armors	iron_hills_armors/SM_Dwarf_Iron_Bracers_A_geo.tpac	Y	parsed
sk_dwarf_iron_bracer_heavy_c3	metamesh	sk	dwarf	iron	bracer	heavy	c3	iron_hills_armors	iron_hills_armors/SM_Dwarf_Iron_Bracers_A_geo.tpac	Y	parsed
sk_dwarf_iron_bracer_heavy_c4	metamesh	sk	dwarf	iron	bracer	heavy	c4	iron_hills_armors	iron_hills_armors/SM_Dwarf_Iron_Bracers_A_geo.tpac	Y	parsed
sk_dwarf_iron_bracer_heavy_c5	metamesh	sk	dwarf	iron	bracer	heavy	c5	iron_hills_armors	iron_hills_armors/SM_Dwarf_Iron_Bracers_A_geo.tpac	Y	parsed
sk_dwarf_iron_bracer_heavy_c6	metamesh	sk	dwarf	iron	bracer	heavy	c6	iron_hills_armors	iron_hills_armors/SM_Dwarf_Iron_Bracers_A_geo.tpac	Y	parsed
sk_dwarf_iron_bracer_heavy_c7	metamesh	sk	dwarf	iron	bracer	heavy	c7	iron_hills_armors	iron_hills_armors/SM_Dwarf_Iron_Bracers_A_geo.tpac	Y	parsed
sk_dwarf_iron_bracer_heavy_c8	metamesh	sk	dwarf	iron	bracer	heavy	c8	iron_hills_armors	iron_hills_armors/SM_Dwarf_Iron_Bracers_A_geo.tpac	Y	parsed
sk_dwarf_iron_bracer_heavy_c9	metamesh	sk	dwarf	iron	bracer	heavy	c9	iron_hills_armors	iron_hills_armors/SM_Dwarf_Iron_Bracers_A_geo.tpac	Y	parsed
sk_dwarf_iron_bracer_light_a1	metamesh	sk	dwarf	iron	bracer	light	a1	iron_hills_armors	iron_hills_armors/SM_Dwarf_Iron_Bracers_A_geo.tpac	Y	parsed
sk_dwarf_iron_bracer_light_a2	metamesh	sk	dwarf	iron	bracer	light	a2	iron_hills_armors	iron_hills_armors/SM_Dwarf_Iron_Bracers_A_geo.tpac	Y	parsed
sk_dwarf_iron_bracer_light_b1	metamesh	sk	dwarf	iron	bracer	light	b1	iron_hills_armors	iron_hills_armors/SM_Dwarf_Iron_Bracers_A_geo.tpac	Y	parsed
sk_dwarf_iron_bracer_light_b2	metamesh	sk	dwarf	iron	bracer	light	b2	iron_hills_armors	iron_hills_armors/SM_Dwarf_Iron_Bracers_A_geo.tpac	Y	parsed
sk_dwarf_iron_bracer_light_b3	metamesh	sk	dwarf	iron	bracer	light	b3	iron_hills_armors	iron_hills_armors/SM_Dwarf_Iron_Bracers_A_geo.tpac	Y	parsed
sk_dwarf_iron_bracer_light_b4	metamesh	sk	dwarf	iron	bracer	light	b4	iron_hills_armors	iron_hills_armors/SM_Dwarf_Iron_Bracers_A_geo.tpac	Y	parsed
sk_dwarf_iron_bracer_light_c1	metamesh	sk	dwarf	iron	bracer	light	c1	iron_hills_armors	iron_hills_armors/SM_Dwarf_Iron_Bracers_A_geo.tpac	Y	parsed
sk_dwarf_iron_bracer_light_c2	metamesh	sk	dwarf	iron	bracer	light	c2	iron_hills_armors	iron_hills_armors/SM_Dwarf_Iron_Bracers_A_geo.tpac	Y	parsed
sk_dwarf_iron_bracer_light_c3	metamesh	sk	dwarf	iron	bracer	light	c3	iron_hills_armors	iron_hills_armors/SM_Dwarf_Iron_Bracers_A_geo.tpac	Y	parsed
sk_dwarf_iron_bracer_light_c4	metamesh	sk	dwarf	iron	bracer	light	c4	iron_hills_armors	iron_hills_armors/SM_Dwarf_Iron_Bracers_A_geo.tpac	Y	parsed
sk_dwarf_iron_bracer_med_a1	metamesh	sk	dwarf	iron	bracer	med	a1	iron_hills_armors	iron_hills_armors/SM_Dwarf_Iron_Bracers_A_geo.tpac	Y	parsed
sk_dwarf_iron_bracer_med_a2	metamesh	sk	dwarf	iron	bracer	med	a2	iron_hills_armors	iron_hills_armors/SM_Dwarf_Iron_Bracers_A_geo.tpac	Y	parsed
sk_dwarf_iron_bracer_med_b1	metamesh	sk	dwarf	iron	bracer	med	b1	iron_hills_armors	iron_hills_armors/SM_Dwarf_Iron_Bracers_A_geo.tpac	Y	parsed
sk_dwarf_iron_bracer_med_b2	metamesh	sk	dwarf	iron	bracer	med	b2	iron_hills_armors	iron_hills_armors/SM_Dwarf_Iron_Bracers_A_geo.tpac	Y	parsed
sk_dwarf_iron_bracer_med_b3	metamesh	sk	dwarf	iron	bracer	med	b3	iron_hills_armors	iron_hills_armors/SM_Dwarf_Iron_Bracers_A_geo.tpac	Y	parsed
sk_dwarf_iron_bracer_med_b4	metamesh	sk	dwarf	iron	bracer	med	b4	iron_hills_armors	iron_hills_armors/SM_Dwarf_Iron_Bracers_A_geo.tpac	Y	parsed
sk_dwarf_iron_bracer_med_c1	metamesh	sk	dwarf	iron	bracer	med	c1	iron_hills_armors	iron_hills_armors/SM_Dwarf_Iron_Bracers_A_geo.tpac	Y	parsed
sk_dwarf_iron_bracer_med_c2	metamesh	sk	dwarf	iron	bracer	med	c2	iron_hills_armors	iron_hills_armors/SM_Dwarf_Iron_Bracers_A_geo.tpac	Y	parsed
sk_dwarf_iron_bracer_med_c3	metamesh	sk	dwarf	iron	bracer	med	c3	iron_hills_armors	iron_hills_armors/SM_Dwarf_Iron_Bracers_A_geo.tpac	Y	parsed
sk_dwarf_iron_bracer_med_c4	metamesh	sk	dwarf	iron	bracer	med	c4	iron_hills_armors	iron_hills_armors/SM_Dwarf_Iron_Bracers_A_geo.tpac	Y	parsed
sk_dwarf_iron_chest_chain_a	metamesh	sk	dwarf	iron	chest	-	a	iron_hills_armors	iron_hills_armors/SM_Dwarf_Iron_Chest_A_geo.tpac	Y	parsed
sk_dwarf_iron_chest_elite_a	metamesh	sk	dwarf	iron	chest	elite	a	iron_hills_armors	iron_hills_armors/SM_Dwarf_Iron_Chest_A_geo.tpac	Y	parsed
sk_dwarf_iron_chest_elite_b	metamesh	sk	dwarf	iron	chest	elite	b	iron_hills_armors	iron_hills_armors/SM_Dwarf_Iron_Chest_A_geo.tpac	Y	parsed
sk_dwarf_iron_chest_elite_c	metamesh	sk	dwarf	iron	chest	elite	c	iron_hills_armors	iron_hills_armors/SM_Dwarf_Iron_Chest_A_geo.tpac	Y	parsed
sk_dwarf_iron_chest_elite_d	metamesh	sk	dwarf	iron	chest	elite	d	iron_hills_armors	iron_hills_armors/SM_Dwarf_Iron_Chest_A_geo.tpac	Y	parsed
sk_dwarf_iron_chest_elite_e	metamesh	sk	dwarf	iron	chest	elite	e	iron_hills_armors	iron_hills_armors/SM_Dwarf_Iron_Chest_A_geo.tpac	Y	parsed
sk_dwarf_iron_chest_elite_f	metamesh	sk	dwarf	iron	chest	elite	f	iron_hills_armors	iron_hills_armors/SM_Dwarf_Iron_Chest_A_geo.tpac	Y	parsed
sk_dwarf_iron_chest_heavy_a	metamesh	sk	dwarf	iron	chest	heavy	a	iron_hills_armors	iron_hills_armors/SM_Dwarf_Iron_Chest_A_geo.tpac	Y	parsed
sk_dwarf_iron_chest_heavy_b	metamesh	sk	dwarf	iron	chest	heavy	b	iron_hills_armors	iron_hills_armors/SM_Dwarf_Iron_Chest_A_geo.tpac	Y	parsed
sk_dwarf_iron_chest_heavy_c	metamesh	sk	dwarf	iron	chest	heavy	c	iron_hills_armors	iron_hills_armors/SM_Dwarf_Iron_Chest_A_geo.tpac	Y	parsed
sk_dwarf_iron_chest_heavy_d	metamesh	sk	dwarf	iron	chest	heavy	d	iron_hills_armors	iron_hills_armors/SM_Dwarf_Iron_Chest_A_geo.tpac	Y	parsed
sk_dwarf_iron_chest_heavy_e	metamesh	sk	dwarf	iron	chest	heavy	e	iron_hills_armors	iron_hills_armors/SM_Dwarf_Iron_Chest_A_geo.tpac	Y	parsed
sk_dwarf_iron_chest_light_a	metamesh	sk	dwarf	iron	chest	light	a	iron_hills_armors	iron_hills_armors/SM_Dwarf_Iron_Chest_A_geo.tpac	Y	parsed
sk_dwarf_iron_chest_light_b	metamesh	sk	dwarf	iron	chest	light	b	iron_hills_armors	iron_hills_armors/SM_Dwarf_Iron_Chest_A_geo.tpac	Y	parsed
sk_dwarf_iron_chest_scale_a	metamesh	sk	dwarf	iron	chest	-	a	iron_hills_armors	iron_hills_armors/SM_Dwarf_Iron_Chest_A_geo.tpac	Y	parsed
sk_dwarf_iron_gloves_a	metamesh	sk	dwarf	iron	bracer	-	a	iron_hills_armors	iron_hills_armors/SM_Dwarf_Iron_Bracers_A_geo.tpac	Y	parsed
sk_dwarf_iron_helmet_elite_a1	metamesh	sk	dwarf	iron	helmet	elite	a1	iron_hills_armors	iron_hills_armors/SM_Dwarf_Iron_Helmets_A_geo.tpac	Y	parsed
sk_dwarf_iron_helmet_elite_a2	metamesh	sk	dwarf	iron	helmet	elite	a2	iron_hills_armors	iron_hills_armors/SM_Dwarf_Iron_Helmets_A_geo.tpac	Y	parsed
sk_dwarf_iron_helmet_elite_a3	metamesh	sk	dwarf	iron	helmet	elite	a3	iron_hills_armors	iron_hills_armors/SM_Dwarf_Iron_Helmets_A_geo.tpac	Y	parsed
sk_dwarf_iron_helmet_elite_a4	metamesh	sk	dwarf	iron	helmet	elite	a4	iron_hills_armors	iron_hills_armors/SM_Dwarf_Iron_Helmets_A_geo.tpac	Y	parsed
sk_dwarf_iron_helmet_elite_b1	metamesh	sk	dwarf	iron	helmet	elite	b1	iron_hills_armors	iron_hills_armors/SM_Dwarf_Iron_Helmets_A_geo.tpac	Y	parsed
sk_dwarf_iron_helmet_elite_b2	metamesh	sk	dwarf	iron	helmet	elite	b2	iron_hills_armors	iron_hills_armors/SM_Dwarf_Iron_Helmets_A_geo.tpac	Y	parsed
sk_dwarf_iron_helmet_elite_b3	metamesh	sk	dwarf	iron	helmet	elite	b3	iron_hills_armors	iron_hills_armors/SM_Dwarf_Iron_Helmets_A_geo.tpac	Y	parsed
sk_dwarf_iron_helmet_elite_b4	metamesh	sk	dwarf	iron	helmet	elite	b4	iron_hills_armors	iron_hills_armors/SM_Dwarf_Iron_Helmets_A_geo.tpac	Y	parsed
sk_dwarf_iron_helmet_elite_c1	metamesh	sk	dwarf	iron	helmet	elite	c1	iron_hills_armors	iron_hills_armors/SM_Dwarf_Iron_Helmets_A_geo.tpac	Y	parsed
sk_dwarf_iron_helmet_elite_c2	metamesh	sk	dwarf	iron	helmet	elite	c2	iron_hills_armors	iron_hills_armors/SM_Dwarf_Iron_Helmets_A_geo.tpac	Y	parsed
sk_dwarf_iron_helmet_elite_d1	metamesh	sk	dwarf	iron	helmet	elite	d1	iron_hills_armors	iron_hills_armors/SM_Dwarf_Iron_Helmets_A_geo.tpac	Y	parsed
sk_dwarf_iron_helmet_elite_d2	metamesh	sk	dwarf	iron	helmet	elite	d2	iron_hills_armors	iron_hills_armors/SM_Dwarf_Iron_Helmets_A_geo.tpac	Y	parsed
sk_dwarf_iron_helmet_elite_d3	metamesh	sk	dwarf	iron	helmet	elite	d3	iron_hills_armors	iron_hills_armors/SM_Dwarf_Iron_Helmets_A_geo.tpac	Y	parsed
sk_dwarf_iron_helmet_elite_d4	metamesh	sk	dwarf	iron	helmet	elite	d4	iron_hills_armors	iron_hills_armors/SM_Dwarf_Iron_Helmets_A_geo.tpac	Y	parsed
sk_dwarf_iron_helmet_heavy_a1	metamesh	sk	dwarf	iron	helmet	heavy	a1	iron_hills_armors	iron_hills_armors/SM_Dwarf_Iron_Helmets_A_geo.tpac	Y	parsed
sk_dwarf_iron_helmet_heavy_a2	metamesh	sk	dwarf	iron	helmet	heavy	a2	iron_hills_armors	iron_hills_armors/SM_Dwarf_Iron_Helmets_A_geo.tpac	Y	parsed
sk_dwarf_iron_helmet_heavy_b1	metamesh	sk	dwarf	iron	helmet	heavy	b1	iron_hills_armors	iron_hills_armors/SM_Dwarf_Iron_Helmets_A_geo.tpac	Y	parsed
sk_dwarf_iron_helmet_heavy_b2	metamesh	sk	dwarf	iron	helmet	heavy	b2	iron_hills_armors	iron_hills_armors/SM_Dwarf_Iron_Helmets_A_geo.tpac	Y	parsed
sk_dwarf_iron_helmet_heavy_c1	metamesh	sk	dwarf	iron	helmet	heavy	c1	iron_hills_armors	iron_hills_armors/SM_Dwarf_Iron_Helmets_A_geo.tpac	Y	parsed
sk_dwarf_iron_helmet_heavy_c2	metamesh	sk	dwarf	iron	helmet	heavy	c2	iron_hills_armors	iron_hills_armors/SM_Dwarf_Iron_Helmets_A_geo.tpac	Y	parsed
sk_dwarf_iron_helmet_heavy_d1	metamesh	sk	dwarf	iron	helmet	heavy	d1	iron_hills_armors	iron_hills_armors/SM_Dwarf_Iron_Helmets_A_geo.tpac	Y	parsed
sk_dwarf_iron_helmet_heavy_d2	metamesh	sk	dwarf	iron	helmet	heavy	d2	iron_hills_armors	iron_hills_armors/SM_Dwarf_Iron_Helmets_A_geo.tpac	Y	parsed
sk_dwarf_iron_helmet_light_a1	metamesh	sk	dwarf	iron	helmet	light	a1	iron_hills_armors	iron_hills_armors/SM_Dwarf_Iron_Helmets_A_geo.tpac	Y	parsed
sk_dwarf_iron_helmet_light_a2	metamesh	sk	dwarf	iron	helmet	light	a2	iron_hills_armors	iron_hills_armors/SM_Dwarf_Iron_Helmets_A_geo.tpac	Y	parsed
sk_dwarf_iron_helmet_light_b1	metamesh	sk	dwarf	iron	helmet	light	b1	iron_hills_armors	iron_hills_armors/SM_Dwarf_Iron_Helmets_A_geo.tpac	Y	parsed
sk_dwarf_iron_helmet_light_b2	metamesh	sk	dwarf	iron	helmet	light	b2	iron_hills_armors	iron_hills_armors/SM_Dwarf_Iron_Helmets_A_geo.tpac	Y	parsed
sk_dwarf_iron_helmet_light_c1	metamesh	sk	dwarf	iron	helmet	light	c1	iron_hills_armors	iron_hills_armors/SM_Dwarf_Iron_Helmets_A_geo.tpac	Y	parsed
sk_dwarf_iron_helmet_light_c2	metamesh	sk	dwarf	iron	helmet	light	c2	iron_hills_armors	iron_hills_armors/SM_Dwarf_Iron_Helmets_A_geo.tpac	Y	parsed
sk_dwarf_iron_helmet_light_d1	metamesh	sk	dwarf	iron	helmet	light	d1	iron_hills_armors	iron_hills_armors/SM_Dwarf_Iron_Helmets_A_geo.tpac	Y	parsed
sk_dwarf_iron_helmet_light_d2	metamesh	sk	dwarf	iron	helmet	light	d2	iron_hills_armors	iron_hills_armors/SM_Dwarf_Iron_Helmets_A_geo.tpac	Y	parsed
sk_dwarf_iron_helmet_lord_d1	metamesh	sk	dwarf	iron	helmet	lord	d1	iron_hills_armors	iron_hills_armors/SM_Dwarf_Iron_Helmets_A_geo.tpac	Y	parsed
sk_dwarf_iron_helmet_lord_d2	metamesh	sk	dwarf	iron	helmet	lord	d2	iron_hills_armors	iron_hills_armors/SM_Dwarf_Iron_Helmets_A_geo.tpac	Y	parsed
sk_dwarf_iron_helmet_med_a1	metamesh	sk	dwarf	iron	helmet	med	a1	iron_hills_armors	iron_hills_armors/SM_Dwarf_Iron_Helmets_A_geo.tpac	Y	parsed
sk_dwarf_iron_helmet_med_a2	metamesh	sk	dwarf	iron	helmet	med	a2	iron_hills_armors	iron_hills_armors/SM_Dwarf_Iron_Helmets_A_geo.tpac	Y	parsed
sk_dwarf_iron_helmet_med_b1	metamesh	sk	dwarf	iron	helmet	med	b1	iron_hills_armors	iron_hills_armors/SM_Dwarf_Iron_Helmets_A_geo.tpac	Y	parsed
sk_dwarf_iron_helmet_med_b2	metamesh	sk	dwarf	iron	helmet	med	b2	iron_hills_armors	iron_hills_armors/SM_Dwarf_Iron_Helmets_A_geo.tpac	Y	parsed
sk_dwarf_iron_helmet_med_c1	metamesh	sk	dwarf	iron	helmet	med	c1	iron_hills_armors	iron_hills_armors/SM_Dwarf_Iron_Helmets_A_geo.tpac	Y	parsed
sk_dwarf_iron_helmet_med_c2	metamesh	sk	dwarf	iron	helmet	med	c2	iron_hills_armors	iron_hills_armors/SM_Dwarf_Iron_Helmets_A_geo.tpac	Y	parsed
sk_dwarf_iron_helmet_med_d1	metamesh	sk	dwarf	iron	helmet	med	d1	iron_hills_armors	iron_hills_armors/SM_Dwarf_Iron_Helmets_A_geo.tpac	Y	parsed
sk_dwarf_iron_helmet_med_d2	metamesh	sk	dwarf	iron	helmet	med	d2	iron_hills_armors	iron_hills_armors/SM_Dwarf_Iron_Helmets_A_geo.tpac	Y	parsed
sk_dwarf_iron_pauldron_elite_a	metamesh	sk	dwarf	iron	pauldron	elite	a	iron_hills_armors	iron_hills_armors/SM_Dwarf_Iron_Pauldrons_A_geo.tpac	Y	parsed
sk_dwarf_iron_pauldron_elite_cape_a	metamesh	sk	dwarf	iron	pauldron	elite	a	iron_hills_armors	iron_hills_armors/SM_Dwarf_Iron_Pauldrons_A_geo.tpac	Y	parsed
sk_dwarf_iron_pauldron_elite_cape_b	metamesh	sk	dwarf	iron	pauldron	elite	b	iron_hills_armors	iron_hills_armors/SM_Dwarf_Iron_Pauldrons_A_geo.tpac	Y	parsed
sk_dwarf_iron_pauldron_elite_cape_c	metamesh	sk	dwarf	iron	pauldron	elite	c	iron_hills_armors	iron_hills_armors/SM_Dwarf_Iron_Pauldrons_A_geo.tpac	Y	parsed
sk_dwarf_iron_pauldron_heavy_a	metamesh	sk	dwarf	iron	pauldron	heavy	a	iron_hills_armors	iron_hills_armors/SM_Dwarf_Iron_Pauldrons_A_geo.tpac	Y	parsed
sk_dwarf_iron_pauldron_heavy_b	metamesh	sk	dwarf	iron	pauldron	heavy	b	iron_hills_armors	iron_hills_armors/SM_Dwarf_Iron_Pauldrons_A_geo.tpac	Y	parsed
sk_dwarf_iron_pauldron_heavy_cape_a	metamesh	sk	dwarf	iron	pauldron	heavy	a	iron_hills_armors	iron_hills_armors/SM_Dwarf_Iron_Pauldrons_A_geo.tpac	Y	parsed
sk_dwarf_iron_pauldron_heavy_cape_b	metamesh	sk	dwarf	iron	pauldron	heavy	b	iron_hills_armors	iron_hills_armors/SM_Dwarf_Iron_Pauldrons_A_geo.tpac	Y	parsed
sk_dwarf_iron_pauldron_heavy_cape_b1	metamesh	sk	dwarf	iron	pauldron	heavy	b1	iron_hills_armors	iron_hills_armors/SM_Dwarf_Iron_Pauldrons_A_geo.tpac	N	parsed
sk_dwarf_iron_pauldron_heavy_cape_c	metamesh	sk	dwarf	iron	pauldron	heavy	c	iron_hills_armors	iron_hills_armors/SM_Dwarf_Iron_Pauldrons_A_geo.tpac	Y	parsed
sk_dwarf_iron_pauldron_light_a	metamesh	sk	dwarf	iron	pauldron	light	a	iron_hills_armors	iron_hills_armors/SM_Dwarf_Iron_Pauldrons_A_geo.tpac	Y	parsed
sk_dwarf_iron_pauldron_light_b	metamesh	sk	dwarf	iron	pauldron	light	b	iron_hills_armors	iron_hills_armors/SM_Dwarf_Iron_Pauldrons_A_geo.tpac	Y	parsed
sk_dwarf_iron_pauldron_med_a	metamesh	sk	dwarf	iron	pauldron	med	a	iron_hills_armors	iron_hills_armors/SM_Dwarf_Iron_Pauldrons_A_geo.tpac	Y	parsed
sk_dwarf_iron_pauldron_med_b	metamesh	sk	dwarf	iron	pauldron	med	b	iron_hills_armors	iron_hills_armors/SM_Dwarf_Iron_Pauldrons_A_geo.tpac	Y	parsed
sk_dwarf_iron_pauldron_med_c	metamesh	sk	dwarf	iron	pauldron	med	c	iron_hills_armors	iron_hills_armors/SM_Dwarf_Iron_Pauldrons_A_geo.tpac	Y	parsed
sk_dwarf_iron_pauldron_med_d	metamesh	sk	dwarf	iron	pauldron	med	d	iron_hills_armors	iron_hills_armors/SM_Dwarf_Iron_Pauldrons_A_geo.tpac	Y	parsed
sk_dwarf_tunic_noble_a	metamesh	sk	dwarf	-	chest	noble	a	erebor_civilian	erebor_civilian/SK_Dwarf_Tunics_A_geo.tpac	Y	parsed
sk_dwarf_tunic_noble_b	metamesh	sk	dwarf	-	chest	noble	b	erebor_civilian	erebor_civilian/SK_Dwarf_Tunics_A_geo.tpac	Y	parsed
sk_dwarf_tunic_noble_c	metamesh	sk	dwarf	-	chest	noble	c	erebor_civilian	erebor_civilian/SK_Dwarf_Tunics_A_geo.tpac	Y	parsed
sk_dwarf_tunic_normal_a	metamesh	sk	dwarf	-	chest	normal	a	erebor_civilian	erebor_civilian/SK_Dwarf_Tunics_A_geo.tpac	Y	parsed
sk_dwarf_tunic_normal_b	metamesh	sk	dwarf	-	chest	normal	b	erebor_civilian	erebor_civilian/SK_Dwarf_Tunics_A_geo.tpac	Y	parsed
sk_dwarf_underwear_female_a	metamesh	sk	dwarf	-	body	-	a	Race Test	Race Test/dwarf/sk_dwarf_underwear_female_geo.tpac	N	parsed
sk_eb_goat_a	metamesh	sk	creature	-	body	-	a	creature	creature/ram/SK_EB_Goat_A_geo.tpac	Y	parsed
sk_eb_goat_b	metamesh	sk	creature	-	body	-	b	creature	creature/ram/SK_EB_Goat_A_geo.tpac	Y	parsed
sk_eb_goat_bard_elite_a	metamesh	sk	creature	-	body	elite	a	creature	creature/ram/SK_EB_Goat_Bard_A_geo.tpac	Y	parsed
sk_eb_goat_bard_elite_b	metamesh	sk	creature	-	body	elite	b	creature	creature/ram/SK_EB_Goat_Bard_A_geo.tpac	Y	parsed
sk_eb_goat_bard_heavy_a	metamesh	sk	creature	-	body	heavy	a	creature	creature/ram/SK_EB_Goat_Bard_A_geo.tpac	Y	parsed
sk_eb_goat_bard_heavy_b	metamesh	sk	creature	-	body	heavy	b	creature	creature/ram/SK_EB_Goat_Bard_A_geo.tpac	Y	parsed
sk_eb_goat_bard_light_a	metamesh	sk	creature	-	body	light	a	creature	creature/ram/SK_EB_Goat_Bard_A_geo.tpac	Y	parsed
sk_eb_goat_bard_light_b	metamesh	sk	creature	-	body	light	b	creature	creature/ram/SK_EB_Goat_Bard_A_geo.tpac	Y	parsed
sk_eb_goat_bard_med_a	metamesh	sk	creature	-	body	med	a	creature	creature/ram/SK_EB_Goat_Bard_A_geo.tpac	Y	parsed
sk_eb_goat_bard_med_b	metamesh	sk	creature	-	body	med	b	creature	creature/ram/SK_EB_Goat_Bard_A_geo.tpac	Y	parsed
sk_elephant_armor	metamesh	sk	creature	-	body	-	-	creature	creature/elephant/mesh/sk_elephant_armor_geo.tpac	N	parsed
sk_elephant_armor_a	metamesh	sk	creature	-	body	-	a	creature	creature/elephant/mesh/adod_elephant_geo.tpac	Y	parsed
sk_elephant_armor_t1	metamesh	sk	creature	-	body	t1	t1	creature	creature/elephant/mesh/SK_Elephant_Armor_t1_geo.tpac	N	parsed
sk_elephant_armor_t2	metamesh	sk	creature	-	body	t2	t2	creature	creature/elephant/mesh/SK_Elephant_Armor_t2_geo.tpac	N	parsed
sk_elephant_armor_t3	metamesh	sk	creature	-	body	t3	t3	creature	creature/elephant/mesh/SK_Elephant_Armor_t3_geo.tpac	N	parsed
sk_elf_basemesh_a1_arms	metamesh	sk	elf	-	body	-	-	Race Test	Race Test/elf/SK_Elf_Basemesh_A_geo.tpac	Y	parsed
sk_elf_basemesh_a1_body	metamesh	sk	elf	-	body	-	-	Race Test	Race Test/elf/SK_Elf_Basemesh_A_geo.tpac	Y	parsed
sk_elf_basemesh_a1_fullbody	metamesh	sk	elf	-	body	-	-	Race Test	Race Test/elf/SK_Elf_Basemesh_A_geo.tpac	N	parsed
sk_elf_basemesh_a1_head	metamesh	sk	elf	-	body	-	-	Race Test	Race Test/elf/SK_Elf_Basemesh_A_geo.tpac	Y	parsed
sk_elf_basemesh_a1_legs	metamesh	sk	elf	-	body	-	-	Race Test	Race Test/elf/SK_Elf_Basemesh_A_geo.tpac	Y	parsed
sk_elf_basemesh_a1_shoulders	metamesh	sk	elf	-	body	-	-	Race Test	Race Test/elf/SK_Elf_Basemesh_A_geo.tpac	Y	parsed
sk_elf_underwear_male_a	metamesh	sk	elf	-	body	-	a	Race Test	Race Test/elf/SK_Elf_Underwear_Male_A_geo.tpac	Y	parsed
sk_feet_male_a	metamesh	sk	isengard	-	boots	-	a	Race Test	Race Test/Saruman/saruman_delivery_2026.03.16_geo.tpac	Y	parsed
sk_full_body_saruman	metamesh	sk	isengard	-	body	full	-	Race Test	Race Test/Saruman/saruman_delivery_2026.03.16_geo.tpac	N	parsed
sk_gb_orc_arc_chest_heavy_a	metamesh	sk	gundabad	orc	chest	heavy	a	gundabad_armors	gundabad_armors/snow_orc/SK_GB_Orc_Arc_Chest_A_geo.tpac	N	parsed
sk_gb_orc_arc_chest_heavy_b	metamesh	sk	gundabad	orc	chest	heavy	b	gundabad_armors	gundabad_armors/snow_orc/SK_GB_Orc_Arc_Chest_A_geo.tpac	N	parsed
sk_gb_orc_arc_chest_light_a	metamesh	sk	gundabad	orc	chest	light	a	gundabad_armors	gundabad_armors/snow_orc/SK_GB_Orc_Arc_Chest_A_geo.tpac	N	parsed
sk_gb_orc_arc_chest_light_b	metamesh	sk	gundabad	orc	chest	light	b	gundabad_armors	gundabad_armors/snow_orc/SK_GB_Orc_Arc_Chest_A_geo.tpac	N	parsed
sk_gb_orc_arc_chest_med_a	metamesh	sk	gundabad	orc	chest	med	a	gundabad_armors	gundabad_armors/snow_orc/SK_GB_Orc_Arc_Chest_A_geo.tpac	N	parsed
sk_gb_orc_arc_chest_med_b	metamesh	sk	gundabad	orc	chest	med	b	gundabad_armors	gundabad_armors/snow_orc/SK_GB_Orc_Arc_Chest_A_geo.tpac	N	parsed
sk_gb_orc_arc_tunic_a	metamesh	sk	gundabad	orc	chest	-	a	gundabad_armors	gundabad_armors/snow_orc/SK_GB_Orc_Arc_Chest_A_geo.tpac	N	parsed
sk_gb_orc_arc_tunic_b	metamesh	sk	gundabad	orc	chest	-	b	gundabad_armors	gundabad_armors/snow_orc/SK_GB_Orc_Arc_Chest_A_geo.tpac	N	parsed
sk_gb_orc_inf_chest_heavy_a	metamesh	sk	gundabad	orc	chest	heavy	a	gundabad_armors	gundabad_armors/snow_orc/SK_GB_Orc_Inf_Chest_A_geo.tpac	N	parsed
sk_gb_orc_inf_chest_heavy_b	metamesh	sk	gundabad	orc	chest	heavy	b	gundabad_armors	gundabad_armors/snow_orc/SK_GB_Orc_Inf_Chest_A_geo.tpac	N	parsed
sk_gb_orc_inf_chest_light_a	metamesh	sk	gundabad	orc	chest	light	a	gundabad_armors	gundabad_armors/snow_orc/SK_GB_Orc_Inf_Chest_A_geo.tpac	N	parsed
sk_gb_orc_inf_chest_light_b	metamesh	sk	gundabad	orc	chest	light	b	gundabad_armors	gundabad_armors/snow_orc/SK_GB_Orc_Inf_Chest_A_geo.tpac	N	parsed
sk_gb_orc_inf_chest_med_a	metamesh	sk	gundabad	orc	chest	med	a	gundabad_armors	gundabad_armors/snow_orc/SK_GB_Orc_Inf_Chest_A_geo.tpac	N	parsed
sk_gb_orc_inf_chest_med_b	metamesh	sk	gundabad	orc	chest	med	b	gundabad_armors	gundabad_armors/snow_orc/SK_GB_Orc_Inf_Chest_A_geo.tpac	N	parsed
sk_gb_orc_inf_pauld_cape_heavy_a	metamesh	sk	gundabad	orc	pauldron	heavy	a	gundabad_armors	gundabad_armors/snow_orc/SK_GB_Orc_Pauld_Cape_A_geo.tpac	N	parsed
sk_gb_orc_inf_pauld_cape_heavy_b	metamesh	sk	gundabad	orc	pauldron	heavy	b	gundabad_armors	gundabad_armors/snow_orc/SK_GB_Orc_Pauld_Cape_A_geo.tpac	N	parsed
sk_gb_orc_inf_pauld_cape_light_a	metamesh	sk	gundabad	orc	pauldron	light	a	gundabad_armors	gundabad_armors/snow_orc/SK_GB_Orc_Pauld_Cape_A_geo.tpac	N	parsed
sk_gb_orc_inf_pauld_cape_light_b	metamesh	sk	gundabad	orc	pauldron	light	b	gundabad_armors	gundabad_armors/snow_orc/SK_GB_Orc_Pauld_Cape_A_geo.tpac	N	parsed
sk_gb_orc_inf_pauld_cape_med_a	metamesh	sk	gundabad	orc	pauldron	med	a	gundabad_armors	gundabad_armors/snow_orc/SK_GB_Orc_Pauld_Cape_A_geo.tpac	N	parsed
sk_gb_orc_inf_pauld_cape_med_b	metamesh	sk	gundabad	orc	pauldron	med	b	gundabad_armors	gundabad_armors/snow_orc/SK_GB_Orc_Pauld_Cape_A_geo.tpac	N	parsed
sk_gb_uruk_boots_elite_a	metamesh	sk	gundabad	uruk	boots	elite	a	gundabad_armors	gundabad_armors/pale_uruk/SK_GB_Uruk_Boots_A_geo.tpac	Y	parsed
sk_gb_uruk_boots_elite_b	metamesh	sk	gundabad	uruk	boots	elite	b	gundabad_armors	gundabad_armors/pale_uruk/SK_GB_Uruk_Boots_A_geo.tpac	Y	parsed
sk_gb_uruk_boots_elite_c	metamesh	sk	gundabad	uruk	boots	elite	c	gundabad_armors	gundabad_armors/pale_uruk/SK_GB_Uruk_Boots_A_geo.tpac	Y	parsed
sk_gb_uruk_boots_heavy_a	metamesh	sk	gundabad	uruk	boots	heavy	a	gundabad_armors	gundabad_armors/pale_uruk/SK_GB_Uruk_Boots_A_geo.tpac	Y	parsed
sk_gb_uruk_boots_heavy_b	metamesh	sk	gundabad	uruk	boots	heavy	b	gundabad_armors	gundabad_armors/pale_uruk/SK_GB_Uruk_Boots_A_geo.tpac	Y	parsed
sk_gb_uruk_boots_heavy_c	metamesh	sk	gundabad	uruk	boots	heavy	c	gundabad_armors	gundabad_armors/pale_uruk/SK_GB_Uruk_Boots_A_geo.tpac	Y	parsed
sk_gb_uruk_boots_heavy_d	metamesh	sk	gundabad	uruk	boots	heavy	d	gundabad_armors	gundabad_armors/pale_uruk/SK_GB_Uruk_Boots_A_geo.tpac	Y	parsed
sk_gb_uruk_boots_heavy_e	metamesh	sk	gundabad	uruk	boots	heavy	e	gundabad_armors	gundabad_armors/pale_uruk/SK_GB_Uruk_Boots_A_geo.tpac	Y	parsed
sk_gb_uruk_boots_heavy_f	metamesh	sk	gundabad	uruk	boots	heavy	f	gundabad_armors	gundabad_armors/pale_uruk/SK_GB_Uruk_Boots_A_geo.tpac	Y	parsed
sk_gb_uruk_boots_light_a	metamesh	sk	gundabad	uruk	boots	light	a	gundabad_armors	gundabad_armors/pale_uruk/SK_GB_Uruk_Boots_A_geo.tpac	Y	parsed
sk_gb_uruk_boots_light_b	metamesh	sk	gundabad	uruk	boots	light	b	gundabad_armors	gundabad_armors/pale_uruk/SK_GB_Uruk_Boots_A_geo.tpac	Y	parsed
sk_gb_uruk_boots_med_a	metamesh	sk	gundabad	uruk	boots	med	a	gundabad_armors	gundabad_armors/pale_uruk/SK_GB_Uruk_Boots_A_geo.tpac	Y	parsed
sk_gb_uruk_boots_med_b	metamesh	sk	gundabad	uruk	boots	med	b	gundabad_armors	gundabad_armors/pale_uruk/SK_GB_Uruk_Boots_A_geo.tpac	Y	parsed
sk_gb_uruk_boots_med_c	metamesh	sk	gundabad	uruk	boots	med	c	gundabad_armors	gundabad_armors/pale_uruk/SK_GB_Uruk_Boots_A_geo.tpac	Y	parsed
sk_gb_uruk_bracer_elite_a	metamesh	sk	gundabad	uruk	bracer	elite	a	gundabad_armors	gundabad_armors/pale_uruk/SK_GB_Uruk_Bracers_A_geo.tpac	Y	parsed
sk_gb_uruk_bracer_elite_b	metamesh	sk	gundabad	uruk	bracer	elite	b	gundabad_armors	gundabad_armors/pale_uruk/SK_GB_Uruk_Bracers_A_geo.tpac	Y	parsed
sk_gb_uruk_bracer_elite_c	metamesh	sk	gundabad	uruk	bracer	elite	c	gundabad_armors	gundabad_armors/pale_uruk/SK_GB_Uruk_Bracers_A_geo.tpac	Y	parsed
sk_gb_uruk_bracer_heavy_a	metamesh	sk	gundabad	uruk	bracer	heavy	a	gundabad_armors	gundabad_armors/pale_uruk/SK_GB_Uruk_Bracers_A_geo.tpac	Y	parsed
sk_gb_uruk_bracer_heavy_b	metamesh	sk	gundabad	uruk	bracer	heavy	b	gundabad_armors	gundabad_armors/pale_uruk/SK_GB_Uruk_Bracers_A_geo.tpac	Y	parsed
sk_gb_uruk_bracer_heavy_c	metamesh	sk	gundabad	uruk	bracer	heavy	c	gundabad_armors	gundabad_armors/pale_uruk/SK_GB_Uruk_Bracers_A_geo.tpac	Y	parsed
sk_gb_uruk_bracer_heavy_d	metamesh	sk	gundabad	uruk	bracer	heavy	d	gundabad_armors	gundabad_armors/pale_uruk/SK_GB_Uruk_Bracers_A_geo.tpac	Y	parsed
sk_gb_uruk_bracer_heavy_e	metamesh	sk	gundabad	uruk	bracer	heavy	e	gundabad_armors	gundabad_armors/pale_uruk/SK_GB_Uruk_Bracers_A_geo.tpac	Y	parsed
sk_gb_uruk_bracer_med_a	metamesh	sk	gundabad	uruk	bracer	med	a	gundabad_armors	gundabad_armors/pale_uruk/SK_GB_Uruk_Bracers_A_geo.tpac	Y	parsed
sk_gb_uruk_bracer_med_b	metamesh	sk	gundabad	uruk	bracer	med	b	gundabad_armors	gundabad_armors/pale_uruk/SK_GB_Uruk_Bracers_A_geo.tpac	Y	parsed
sk_gb_uruk_bracer_med_c	metamesh	sk	gundabad	uruk	bracer	med	c	gundabad_armors	gundabad_armors/pale_uruk/SK_GB_Uruk_Bracers_A_geo.tpac	Y	parsed
sk_gb_uruk_cape_a	metamesh	sk	gundabad	uruk	cape	-	a	gundabad_armors	gundabad_armors/pale_uruk/SK_GB_Uruk_Pauldrons_A_geo.tpac	Y	parsed
sk_gb_uruk_cape_b	metamesh	sk	gundabad	uruk	cape	-	b	gundabad_armors	gundabad_armors/pale_uruk/SK_GB_Uruk_Pauldrons_A_geo.tpac	Y	parsed
sk_gb_uruk_cape_c	metamesh	sk	gundabad	uruk	cape	-	c	gundabad_armors	gundabad_armors/pale_uruk/SK_GB_Uruk_Pauldrons_A_geo.tpac	Y	parsed
sk_gb_uruk_cape_pauldron_elite_a	metamesh	sk	gundabad	uruk	cape	elite	a	gundabad_armors	gundabad_armors/pale_uruk/SK_GB_Uruk_Pauldrons_A_geo.tpac	Y	parsed
sk_gb_uruk_cape_pauldron_elite_b	metamesh	sk	gundabad	uruk	cape	elite	b	gundabad_armors	gundabad_armors/pale_uruk/SK_GB_Uruk_Pauldrons_A_geo.tpac	Y	parsed
sk_gb_uruk_cape_pauldron_elite_c	metamesh	sk	gundabad	uruk	cape	elite	c	gundabad_armors	gundabad_armors/pale_uruk/SK_GB_Uruk_Pauldrons_A_geo.tpac	Y	parsed
sk_gb_uruk_cape_pauldron_elite_d	metamesh	sk	gundabad	uruk	cape	elite	d	gundabad_armors	gundabad_armors/pale_uruk/SK_GB_Uruk_Pauldrons_A_geo.tpac	Y	parsed
sk_gb_uruk_cape_pauldron_light_a	metamesh	sk	gundabad	uruk	cape	light	a	gundabad_armors	gundabad_armors/pale_uruk/SK_GB_Uruk_Pauldrons_A_geo.tpac	Y	parsed
sk_gb_uruk_cape_pauldron_light_b	metamesh	sk	gundabad	uruk	cape	light	b	gundabad_armors	gundabad_armors/pale_uruk/SK_GB_Uruk_Pauldrons_A_geo.tpac	Y	parsed
sk_gb_uruk_chest_elite_a	metamesh	sk	gundabad	uruk	chest	elite	a	gundabad_armors	gundabad_armors/pale_uruk/SK_GB_Uruk_Chests_A_geo.tpac	Y	parsed
sk_gb_uruk_chest_elite_b	metamesh	sk	gundabad	uruk	chest	elite	b	gundabad_armors	gundabad_armors/pale_uruk/SK_GB_Uruk_Chests_A_geo.tpac	Y	parsed
sk_gb_uruk_chest_elite_c	metamesh	sk	gundabad	uruk	chest	elite	c	gundabad_armors	gundabad_armors/pale_uruk/SK_GB_Uruk_Chests_A_geo.tpac	Y	parsed
sk_gb_uruk_chest_elite_d	metamesh	sk	gundabad	uruk	chest	elite	d	gundabad_armors	gundabad_armors/pale_uruk/SK_GB_Uruk_Chests_A_geo.tpac	Y	parsed
sk_gb_uruk_chest_elite_e	metamesh	sk	gundabad	uruk	chest	elite	e	gundabad_armors	gundabad_armors/pale_uruk/SK_GB_Uruk_Chests_A_geo.tpac	Y	parsed
sk_gb_uruk_chest_elite_f	metamesh	sk	gundabad	uruk	chest	elite	f	gundabad_armors	gundabad_armors/pale_uruk/SK_GB_Uruk_Chests_A_geo.tpac	Y	parsed
sk_gb_uruk_chest_heavy_a	metamesh	sk	gundabad	uruk	chest	heavy	a	gundabad_armors	gundabad_armors/pale_uruk/SK_GB_Uruk_Chests_A_geo.tpac	Y	parsed
sk_gb_uruk_chest_heavy_b	metamesh	sk	gundabad	uruk	chest	heavy	b	gundabad_armors	gundabad_armors/pale_uruk/SK_GB_Uruk_Chests_A_geo.tpac	Y	parsed
sk_gb_uruk_chest_heavy_c	metamesh	sk	gundabad	uruk	chest	heavy	c	gundabad_armors	gundabad_armors/pale_uruk/SK_GB_Uruk_Chests_A_geo.tpac	Y	parsed
sk_gb_uruk_chest_heavy_d	metamesh	sk	gundabad	uruk	chest	heavy	d	gundabad_armors	gundabad_armors/pale_uruk/SK_GB_Uruk_Chests_A_geo.tpac	Y	parsed
sk_gb_uruk_chest_heavy_e	metamesh	sk	gundabad	uruk	chest	heavy	e	gundabad_armors	gundabad_armors/pale_uruk/SK_GB_Uruk_Chests_A_geo.tpac	Y	parsed
sk_gb_uruk_chest_heavy_f	metamesh	sk	gundabad	uruk	chest	heavy	f	gundabad_armors	gundabad_armors/pale_uruk/SK_GB_Uruk_Chests_A_geo.tpac	Y	parsed
sk_gb_uruk_chest_light_a	metamesh	sk	gundabad	uruk	chest	light	a	gundabad_armors	gundabad_armors/pale_uruk/SK_GB_Uruk_Chests_A_geo.tpac	Y	parsed
sk_gb_uruk_chest_light_b	metamesh	sk	gundabad	uruk	chest	light	b	gundabad_armors	gundabad_armors/pale_uruk/SK_GB_Uruk_Chests_A_geo.tpac	Y	parsed
sk_gb_uruk_chest_light_c	metamesh	sk	gundabad	uruk	chest	light	c	gundabad_armors	gundabad_armors/pale_uruk/SK_GB_Uruk_Chests_A_geo.tpac	Y	parsed
sk_gb_uruk_chest_light_d	metamesh	sk	gundabad	uruk	chest	light	d	gundabad_armors	gundabad_armors/pale_uruk/SK_GB_Uruk_Chests_A_geo.tpac	Y	parsed
sk_gb_uruk_chest_lord_a	metamesh	sk	gundabad	uruk	chest	lord	a	gundabad_armors	gundabad_armors/pale_uruk/SK_GB_Uruk_Chests_A_geo.tpac	Y	parsed
sk_gb_uruk_chest_lord_b	metamesh	sk	gundabad	uruk	chest	lord	b	gundabad_armors	gundabad_armors/pale_uruk/SK_GB_Uruk_Chests_A_geo.tpac	Y	parsed
sk_gb_uruk_chest_lord_c	metamesh	sk	gundabad	uruk	chest	lord	c	gundabad_armors	gundabad_armors/pale_uruk/SK_GB_Uruk_Chests_A_geo.tpac	Y	parsed
sk_gb_uruk_chest_lord_d	metamesh	sk	gundabad	uruk	chest	lord	d	gundabad_armors	gundabad_armors/pale_uruk/SK_GB_Uruk_Chests_A_geo.tpac	Y	parsed
sk_gb_uruk_chest_lord_e	metamesh	sk	gundabad	uruk	chest	lord	e	gundabad_armors	gundabad_armors/pale_uruk/SK_GB_Uruk_Chests_A_geo.tpac	Y	parsed
sk_gb_uruk_chest_lord_f	metamesh	sk	gundabad	uruk	chest	lord	f	gundabad_armors	gundabad_armors/pale_uruk/SK_GB_Uruk_Chests_A_geo.tpac	Y	parsed
sk_gb_uruk_chest_med_a	metamesh	sk	gundabad	uruk	chest	med	a	gundabad_armors	gundabad_armors/pale_uruk/SK_GB_Uruk_Chests_A_geo.tpac	Y	parsed
sk_gb_uruk_chest_med_b	metamesh	sk	gundabad	uruk	chest	med	b	gundabad_armors	gundabad_armors/pale_uruk/SK_GB_Uruk_Chests_A_geo.tpac	Y	parsed
sk_gb_uruk_chest_med_c	metamesh	sk	gundabad	uruk	chest	med	c	gundabad_armors	gundabad_armors/pale_uruk/SK_GB_Uruk_Chests_A_geo.tpac	Y	parsed
sk_gb_uruk_chest_med_d	metamesh	sk	gundabad	uruk	chest	med	d	gundabad_armors	gundabad_armors/pale_uruk/SK_GB_Uruk_Chests_A_geo.tpac	Y	parsed
sk_gb_uruk_chest_med_e	metamesh	sk	gundabad	uruk	chest	med	e	gundabad_armors	gundabad_armors/pale_uruk/SK_GB_Uruk_Chests_A_geo.tpac	Y	parsed
sk_gb_uruk_chest_med_f	metamesh	sk	gundabad	uruk	chest	med	f	gundabad_armors	gundabad_armors/pale_uruk/SK_GB_Uruk_Chests_A_geo.tpac	Y	parsed
sk_gb_uruk_helmet_elite_a	metamesh	sk	gundabad	uruk	helmet	elite	a	gundabad_armors	gundabad_armors/pale_uruk/SK_GB_Uruk_Helmets_A_geo.tpac	Y	parsed
sk_gb_uruk_helmet_elite_b	metamesh	sk	gundabad	uruk	helmet	elite	b	gundabad_armors	gundabad_armors/pale_uruk/SK_GB_Uruk_Helmets_A_geo.tpac	Y	parsed
sk_gb_uruk_helmet_elite_c	metamesh	sk	gundabad	uruk	helmet	elite	c	gundabad_armors	gundabad_armors/pale_uruk/SK_GB_Uruk_Helmets_A_geo.tpac	Y	parsed
sk_gb_uruk_helmet_elite_d	metamesh	sk	gundabad	uruk	helmet	elite	d	gundabad_armors	gundabad_armors/pale_uruk/SK_GB_Uruk_Helmets_A_geo.tpac	Y	parsed
sk_gb_uruk_helmet_elite_e	metamesh	sk	gundabad	uruk	helmet	elite	e	gundabad_armors	gundabad_armors/pale_uruk/SK_GB_Uruk_Helmets_A_geo.tpac	Y	parsed
sk_gb_uruk_helmet_elite_f	metamesh	sk	gundabad	uruk	helmet	elite	f	gundabad_armors	gundabad_armors/pale_uruk/SK_GB_Uruk_Helmets_A_geo.tpac	Y	parsed
sk_gb_uruk_helmet_elite_g	metamesh	sk	gundabad	uruk	helmet	elite	g	gundabad_armors	gundabad_armors/pale_uruk/SK_GB_Uruk_Helmets_A_geo.tpac	Y	parsed
sk_gb_uruk_helmet_elite_h	metamesh	sk	gundabad	uruk	helmet	elite	h	gundabad_armors	gundabad_armors/pale_uruk/SK_GB_Uruk_Helmets_A_geo.tpac	Y	parsed
sk_gb_uruk_helmet_heavy_a	metamesh	sk	gundabad	uruk	helmet	heavy	a	gundabad_armors	gundabad_armors/pale_uruk/SK_GB_Uruk_Helmets_A_geo.tpac	Y	parsed
sk_gb_uruk_helmet_heavy_b	metamesh	sk	gundabad	uruk	helmet	heavy	b	gundabad_armors	gundabad_armors/pale_uruk/SK_GB_Uruk_Helmets_A_geo.tpac	Y	parsed
sk_gb_uruk_helmet_heavy_c	metamesh	sk	gundabad	uruk	helmet	heavy	c	gundabad_armors	gundabad_armors/pale_uruk/SK_GB_Uruk_Helmets_A_geo.tpac	Y	parsed
sk_gb_uruk_helmet_heavy_d	metamesh	sk	gundabad	uruk	helmet	heavy	d	gundabad_armors	gundabad_armors/pale_uruk/SK_GB_Uruk_Helmets_A_geo.tpac	Y	parsed
sk_gb_uruk_helmet_heavy_e	metamesh	sk	gundabad	uruk	helmet	heavy	e	gundabad_armors	gundabad_armors/pale_uruk/SK_GB_Uruk_Helmets_A_geo.tpac	Y	parsed
sk_gb_uruk_helmet_heavy_f	metamesh	sk	gundabad	uruk	helmet	heavy	f	gundabad_armors	gundabad_armors/pale_uruk/SK_GB_Uruk_Helmets_A_geo.tpac	Y	parsed
sk_gb_uruk_helmet_heavy_g	metamesh	sk	gundabad	uruk	helmet	heavy	g	gundabad_armors	gundabad_armors/pale_uruk/SK_GB_Uruk_Helmets_A_geo.tpac	Y	parsed
sk_gb_uruk_helmet_heavy_h	metamesh	sk	gundabad	uruk	helmet	heavy	h	gundabad_armors	gundabad_armors/pale_uruk/SK_GB_Uruk_Helmets_A_geo.tpac	Y	parsed
sk_gb_uruk_helmet_heavy_j	metamesh	sk	gundabad	uruk	helmet	heavy	j	gundabad_armors	gundabad_armors/pale_uruk/SK_GB_Uruk_Helmets_A_geo.tpac	Y	parsed
sk_gb_uruk_helmet_heavy_k	metamesh	sk	gundabad	uruk	helmet	heavy	k	gundabad_armors	gundabad_armors/pale_uruk/SK_GB_Uruk_Helmets_A_geo.tpac	Y	parsed
sk_gb_uruk_helmet_light_a	metamesh	sk	gundabad	uruk	helmet	light	a	gundabad_armors	gundabad_armors/pale_uruk/SK_GB_Uruk_Helmets_A_geo.tpac	Y	parsed
sk_gb_uruk_helmet_light_b	metamesh	sk	gundabad	uruk	helmet	light	b	gundabad_armors	gundabad_armors/pale_uruk/SK_GB_Uruk_Helmets_A_geo.tpac	Y	parsed
sk_gb_uruk_helmet_light_c	metamesh	sk	gundabad	uruk	helmet	light	c	gundabad_armors	gundabad_armors/pale_uruk/SK_GB_Uruk_Helmets_A_geo.tpac	Y	parsed
sk_gb_uruk_helmet_light_d	metamesh	sk	gundabad	uruk	helmet	light	d	gundabad_armors	gundabad_armors/pale_uruk/SK_GB_Uruk_Helmets_A_geo.tpac	Y	parsed
sk_gb_uruk_helmet_med_a	metamesh	sk	gundabad	uruk	helmet	med	a	gundabad_armors	gundabad_armors/pale_uruk/SK_GB_Uruk_Helmets_A_geo.tpac	Y	parsed
sk_gb_uruk_helmet_med_b	metamesh	sk	gundabad	uruk	helmet	med	b	gundabad_armors	gundabad_armors/pale_uruk/SK_GB_Uruk_Helmets_A_geo.tpac	Y	parsed
sk_gb_uruk_helmet_med_c	metamesh	sk	gundabad	uruk	helmet	med	c	gundabad_armors	gundabad_armors/pale_uruk/SK_GB_Uruk_Helmets_A_geo.tpac	Y	parsed
sk_gb_uruk_helmet_med_d	metamesh	sk	gundabad	uruk	helmet	med	d	gundabad_armors	gundabad_armors/pale_uruk/SK_GB_Uruk_Helmets_A_geo.tpac	Y	parsed
sk_gb_uruk_helmet_med_e	metamesh	sk	gundabad	uruk	helmet	med	e	gundabad_armors	gundabad_armors/pale_uruk/SK_GB_Uruk_Helmets_A_geo.tpac	Y	parsed
sk_gb_uruk_helmet_med_f	metamesh	sk	gundabad	uruk	helmet	med	f	gundabad_armors	gundabad_armors/pale_uruk/SK_GB_Uruk_Helmets_A_geo.tpac	Y	parsed
sk_gb_uruk_helmet_med_g	metamesh	sk	gundabad	uruk	helmet	med	g	gundabad_armors	gundabad_armors/pale_uruk/SK_GB_Uruk_Helmets_A_geo.tpac	Y	parsed
sk_gb_uruk_pauldron_elite_a	metamesh	sk	gundabad	uruk	pauldron	elite	a	gundabad_armors	gundabad_armors/pale_uruk/SK_GB_Uruk_Pauldrons_A_geo.tpac	Y	parsed
sk_gb_uruk_pauldron_elite_b	metamesh	sk	gundabad	uruk	pauldron	elite	b	gundabad_armors	gundabad_armors/pale_uruk/SK_GB_Uruk_Pauldrons_A_geo.tpac	Y	parsed
sk_gb_uruk_pauldron_elite_c	metamesh	sk	gundabad	uruk	pauldron	elite	c	gundabad_armors	gundabad_armors/pale_uruk/SK_GB_Uruk_Pauldrons_A_geo.tpac	Y	parsed
sk_gb_uruk_pauldron_elite_d	metamesh	sk	gundabad	uruk	pauldron	elite	d	gundabad_armors	gundabad_armors/pale_uruk/SK_GB_Uruk_Pauldrons_A_geo.tpac	Y	parsed
sk_gb_uruk_pauldron_heavy_a	metamesh	sk	gundabad	uruk	pauldron	heavy	a	gundabad_armors	gundabad_armors/pale_uruk/SK_GB_Uruk_Pauldrons_A_geo.tpac	Y	parsed
sk_gb_uruk_pauldron_heavy_b	metamesh	sk	gundabad	uruk	pauldron	heavy	b	gundabad_armors	gundabad_armors/pale_uruk/SK_GB_Uruk_Pauldrons_A_geo.tpac	Y	parsed
sk_gb_uruk_pauldron_heavy_c	metamesh	sk	gundabad	uruk	pauldron	heavy	c	gundabad_armors	gundabad_armors/pale_uruk/SK_GB_Uruk_Pauldrons_A_geo.tpac	Y	parsed
sk_gb_uruk_pauldron_heavy_d	metamesh	sk	gundabad	uruk	pauldron	heavy	d	gundabad_armors	gundabad_armors/pale_uruk/SK_GB_Uruk_Pauldrons_A_geo.tpac	Y	parsed
sk_gb_uruk_pauldron_med_a	metamesh	sk	gundabad	uruk	pauldron	med	a	gundabad_armors	gundabad_armors/pale_uruk/SK_GB_Uruk_Pauldrons_A_geo.tpac	Y	parsed
sk_gb_uruk_pauldron_med_b	metamesh	sk	gundabad	uruk	pauldron	med	b	gundabad_armors	gundabad_armors/pale_uruk/SK_GB_Uruk_Pauldrons_A_geo.tpac	Y	parsed
sk_gd_anf_cav_helmet_heavy_a	metamesh	sk	gondor	anf	helmet	heavy	a	gondor_assets	gondor_assets/anfalas/SK_GD_Anf_Helmets_Inf_A_geo.tpac	Y	parsed
sk_gd_anf_cav_helmet_heavy_b	metamesh	sk	gondor	anf	helmet	heavy	b	gondor_assets	gondor_assets/anfalas/SK_GD_Anf_Helmets_Inf_A_geo.tpac	Y	parsed
sk_gd_anf_inf_chainmail_a	metamesh	sk	gondor	anf	chest	-	a	gondor_assets	gondor_assets/anfalas/SK_GD_Anf_Chest_Inf_A_geo.tpac	Y	parsed
sk_gd_anf_inf_chainmail_a_slim	metamesh	sk	gondor	anf	chest	-	-	gondor_assets	gondor_assets/anfalas/SK_GD_Anf_Chest_Inf_A_geo.tpac	SLIM	parsed
sk_gd_anf_inf_chainmail_b	metamesh	sk	gondor	anf	chest	-	b	gondor_assets	gondor_assets/anfalas/SK_GD_Anf_Chest_Inf_A_geo.tpac	Y	parsed
sk_gd_anf_inf_chainmail_b_slim	metamesh	sk	gondor	anf	chest	-	-	gondor_assets	gondor_assets/anfalas/SK_GD_Anf_Chest_Inf_A_geo.tpac	SLIM	parsed
sk_gd_anf_inf_chest_heavy_a	metamesh	sk	gondor	anf	chest	heavy	a	gondor_assets	gondor_assets/anfalas/SK_GD_Anf_Chest_Inf_A_geo.tpac	Y	parsed
sk_gd_anf_inf_chest_heavy_a_slim	metamesh	sk	gondor	anf	chest	heavy	-	gondor_assets	gondor_assets/anfalas/SK_GD_Anf_Chest_Inf_A_geo.tpac	SLIM	parsed
sk_gd_anf_inf_chest_heavy_b	metamesh	sk	gondor	anf	chest	heavy	b	gondor_assets	gondor_assets/anfalas/SK_GD_Anf_Chest_Inf_A_geo.tpac	Y	parsed
sk_gd_anf_inf_chest_heavy_b_slim	metamesh	sk	gondor	anf	chest	heavy	-	gondor_assets	gondor_assets/anfalas/SK_GD_Anf_Chest_Inf_A_geo.tpac	SLIM	parsed
sk_gd_anf_inf_chest_med_a	metamesh	sk	gondor	anf	chest	med	a	gondor_assets	gondor_assets/anfalas/SK_GD_Anf_Chest_Inf_A_geo.tpac	Y	parsed
sk_gd_anf_inf_chest_med_a_slim	metamesh	sk	gondor	anf	chest	med	-	gondor_assets	gondor_assets/anfalas/SK_GD_Anf_Chest_Inf_A_geo.tpac	SLIM	parsed
sk_gd_anf_inf_chest_med_b	metamesh	sk	gondor	anf	chest	med	b	gondor_assets	gondor_assets/anfalas/SK_GD_Anf_Chest_Inf_A_geo.tpac	Y	parsed
sk_gd_anf_inf_chest_med_b_slim	metamesh	sk	gondor	anf	chest	med	-	gondor_assets	gondor_assets/anfalas/SK_GD_Anf_Chest_Inf_A_geo.tpac	SLIM	parsed
sk_gd_anf_inf_helmet_heavy_a	metamesh	sk	gondor	anf	helmet	heavy	a	gondor_assets	gondor_assets/anfalas/SK_GD_Anf_Helmets_Inf_A_geo.tpac	Y	parsed
sk_gd_anf_inf_helmet_heavy_b	metamesh	sk	gondor	anf	helmet	heavy	b	gondor_assets	gondor_assets/anfalas/SK_GD_Anf_Helmets_Inf_A_geo.tpac	Y	parsed
sk_gd_anf_inf_helmet_heavy_c	metamesh	sk	gondor	anf	helmet	heavy	c	gondor_assets	gondor_assets/anfalas/SK_GD_Anf_Helmets_Inf_A_geo.tpac	Y	parsed
sk_gd_anf_inf_helmet_med_a	metamesh	sk	gondor	anf	helmet	med	a	gondor_assets	gondor_assets/anfalas/SK_GD_Anf_Helmets_Inf_A_geo.tpac	Y	parsed
sk_gd_anf_inf_helmet_med_b	metamesh	sk	gondor	anf	helmet	med	b	gondor_assets	gondor_assets/anfalas/SK_GD_Anf_Helmets_Inf_A_geo.tpac	Y	parsed
sk_gd_ano_boots_a	metamesh	sk	gondor	ano	boots	-	a	gondor_assets	gondor_assets/anorien/SK_GD_Ano_Greaves_A_geo.tpac	Y	parsed
sk_gd_ano_bracer_inf_med_a	metamesh	sk	gondor	ano	bracer	med	a	gondor_assets	gondor_assets/anorien/SK_GD_Ano_Bracers_A_geo.tpac	Y	parsed
sk_gd_ano_bracer_noble_elite_a	metamesh	sk	gondor	ano	bracer	noble	a	gondor_assets	gondor_assets/anorien/SK_GD_Ano_Bracers_A_geo.tpac	Y	parsed
sk_gd_ano_bracer_noble_heavy_a	metamesh	sk	gondor	ano	bracer	noble	a	gondor_assets	gondor_assets/anorien/SK_GD_Ano_Bracers_A_geo.tpac	Y	parsed
sk_gd_ano_bracer_noble_med_a	metamesh	sk	gondor	ano	bracer	noble	a	gondor_assets	gondor_assets/anorien/SK_GD_Ano_Bracers_A_geo.tpac	Y	parsed
sk_gd_ano_cape_a	metamesh	sk	gondor	ano	cape	-	a	gondor_assets	gondor_assets/anorien/SK_GD_Ano_Pauldrons_Noble_A_geo.tpac	Y	parsed
sk_gd_ano_cape_b	metamesh	sk	gondor	ano	cape	-	b	gondor_assets	gondor_assets/anorien/SK_GD_Ano_Pauldrons_Noble_A_geo.tpac	Y	parsed
sk_gd_ano_cape_noble_a	metamesh	sk	gondor	ano	cape	noble	a	gondor_assets	gondor_assets/anorien/SK_GD_Ano_Pauldrons_Noble_A_geo.tpac	Y	parsed
sk_gd_ano_cape_noble_b	metamesh	sk	gondor	ano	cape	noble	b	gondor_assets	gondor_assets/anorien/SK_GD_Ano_Pauldrons_Noble_A_geo.tpac	Y	parsed
sk_gd_ano_cav_helmet_heavy_a	metamesh	sk	gondor	ano	helmet	heavy	a	gondor_assets	gondor_assets/anorien/SK_GD_Ano_Helmets_Inf_A_geo.tpac	Y	parsed
sk_gd_ano_cav_helmet_heavy_b	metamesh	sk	gondor	ano	helmet	heavy	b	gondor_assets	gondor_assets/anorien/SK_GD_Ano_Helmets_Inf_A_geo.tpac	Y	parsed
sk_gd_ano_chainmail_full_a	metamesh	sk	gondor	ano	chest	full	a	gondor_assets	gondor_assets/anorien/SK_GD_Ith_Chest_Noble_A_geo.tpac	Y	parsed
sk_gd_ano_chainmail_full_a_slim	metamesh	sk	gondor	ano	chest	full	-	gondor_assets	gondor_assets/anorien/SK_GD_Ith_Chest_Noble_A_geo.tpac	SLIM	parsed
sk_gd_ano_chainmail_full_b	metamesh	sk	gondor	ano	chest	full	b	gondor_assets	gondor_assets/anorien/SK_GD_Ith_Chest_Noble_A_geo.tpac	Y	parsed
sk_gd_ano_chainmail_full_b_slim	metamesh	sk	gondor	ano	chest	full	-	gondor_assets	gondor_assets/anorien/SK_GD_Ith_Chest_Noble_A_geo.tpac	SLIM	parsed
sk_gd_ano_chainmail_half_a	metamesh	sk	gondor	ano	chest	half	a	gondor_assets	gondor_assets/anorien/SK_GD_Ano_Chest_Inf_A_geo.tpac	Y	parsed
sk_gd_ano_chainmail_half_a_slim	metamesh	sk	gondor	ano	chest	half	-	gondor_assets	gondor_assets/anorien/SK_GD_Ano_Chest_Inf_A_geo.tpac	SLIM	parsed
sk_gd_ano_chainmail_half_b	metamesh	sk	gondor	ano	chest	half	b	gondor_assets	gondor_assets/anorien/SK_GD_Ano_Chest_Inf_A_geo.tpac	Y	parsed
sk_gd_ano_chainmail_half_b_slim	metamesh	sk	gondor	ano	chest	half	-	gondor_assets	gondor_assets/anorien/SK_GD_Ano_Chest_Inf_A_geo.tpac	SLIM	parsed
sk_gd_ano_gloves_a	metamesh	sk	gondor	ano	bracer	-	a	gondor_assets	gondor_assets/anorien/SK_GD_Ano_Bracers_A_geo.tpac	Y	parsed
sk_gd_ano_grvs_inf_heavy_a	metamesh	sk	gondor	ano	greaves	heavy	a	gondor_assets	gondor_assets/anorien/SK_GD_Ano_Greaves_A_geo.tpac	Y	parsed
sk_gd_ano_grvs_inf_light_a	metamesh	sk	gondor	ano	greaves	light	a	gondor_assets	gondor_assets/anorien/SK_GD_Ano_Greaves_A_geo.tpac	Y	parsed
sk_gd_ano_grvs_inf_med_a	metamesh	sk	gondor	ano	greaves	med	a	gondor_assets	gondor_assets/anorien/SK_GD_Ano_Greaves_A_geo.tpac	Y	parsed
sk_gd_ano_grvs_noble_elite_a	metamesh	sk	gondor	ano	greaves	noble	a	gondor_assets	gondor_assets/anorien/SK_GD_Ano_Greaves_A_geo.tpac	Y	parsed
sk_gd_ano_grvs_noble_heavy_a	metamesh	sk	gondor	ano	greaves	noble	a	gondor_assets	gondor_assets/anorien/SK_GD_Ano_Greaves_A_geo.tpac	Y	parsed
sk_gd_ano_grvs_noble_light_a	metamesh	sk	gondor	ano	greaves	noble	a	gondor_assets	gondor_assets/anorien/SK_GD_Ano_Greaves_A_geo.tpac	Y	parsed
sk_gd_ano_grvs_noble_med_a	metamesh	sk	gondor	ano	greaves	noble	a	gondor_assets	gondor_assets/anorien/SK_GD_Ano_Greaves_A_geo.tpac	Y	parsed
sk_gd_ano_inf_chest_heavy_a	metamesh	sk	gondor	ano	chest	heavy	a	gondor_assets	gondor_assets/anorien/SK_GD_Ano_Chest_Inf_A_geo.tpac	Y	parsed
sk_gd_ano_inf_chest_heavy_a_slim	metamesh	sk	gondor	ano	chest	heavy	-	gondor_assets	gondor_assets/anorien/SK_GD_Ano_Chest_Inf_A_geo.tpac	SLIM	parsed
sk_gd_ano_inf_chest_heavy_b	metamesh	sk	gondor	ano	chest	heavy	b	gondor_assets	gondor_assets/anorien/SK_GD_Ano_Chest_Inf_A_geo.tpac	Y	parsed
sk_gd_ano_inf_chest_heavy_b_slim	metamesh	sk	gondor	ano	chest	heavy	-	gondor_assets	gondor_assets/anorien/SK_GD_Ano_Chest_Inf_A_geo.tpac	SLIM	parsed
sk_gd_ano_inf_chest_med_a	metamesh	sk	gondor	ano	chest	med	a	gondor_assets	gondor_assets/anorien/SK_GD_Ano_Chest_Inf_A_geo.tpac	Y	parsed
sk_gd_ano_inf_chest_med_a_slim	metamesh	sk	gondor	ano	chest	med	-	gondor_assets	gondor_assets/anorien/SK_GD_Ano_Chest_Inf_A_geo.tpac	SLIM	parsed
sk_gd_ano_inf_chest_med_b	metamesh	sk	gondor	ano	chest	med	b	gondor_assets	gondor_assets/anorien/SK_GD_Ano_Chest_Inf_A_geo.tpac	Y	parsed
sk_gd_ano_inf_chest_med_b_slim	metamesh	sk	gondor	ano	chest	med	-	gondor_assets	gondor_assets/anorien/SK_GD_Ano_Chest_Inf_A_geo.tpac	SLIM	parsed
sk_gd_ano_inf_helmet_heavy_a	metamesh	sk	gondor	ano	helmet	heavy	a	gondor_assets	gondor_assets/anorien/SK_GD_Ano_Helmets_Inf_A_geo.tpac	Y	parsed
sk_gd_ano_inf_helmet_med_a	metamesh	sk	gondor	ano	helmet	med	a	gondor_assets	gondor_assets/anorien/SK_GD_Ano_Helmets_Inf_A_geo.tpac	Y	parsed
sk_gd_ano_noble_helmet_heavy_a	metamesh	sk	gondor	ano	helmet	noble	a	gondor_assets	gondor_assets/anorien/SK_GD_Ano_Helmets_Noble_A_geo.tpac	Y	parsed
sk_gd_ano_noble_helmet_heavy_b	metamesh	sk	gondor	ano	helmet	noble	b	gondor_assets	gondor_assets/anorien/SK_GD_Ano_Helmets_Noble_A_geo.tpac	Y	parsed
sk_gd_ano_noble_helmet_med_a	metamesh	sk	gondor	ano	helmet	noble	a	gondor_assets	gondor_assets/anorien/SK_GD_Ano_Helmets_Noble_A_geo.tpac	Y	parsed
sk_gd_ano_pauld_cape_fount_elite_a	metamesh	sk	gondor	ano	pauldron	elite	a	gondor_assets	gondor_assets/anorien/SK_GD_Ano_Pauldrons_Noble_A_geo.tpac	Y	parsed
sk_gd_ano_pauld_cape_inf_elite_a	metamesh	sk	gondor	ano	pauldron	elite	a	gondor_assets	gondor_assets/anorien/SK_GD_Ano_Pauldrons_Inf_A_geo.tpac	Y	parsed
sk_gd_ano_pauld_cape_noble_elite_a	metamesh	sk	gondor	ano	pauldron	noble	a	gondor_assets	gondor_assets/anorien/SK_GD_Ano_Pauldrons_Noble_A_geo.tpac	Y	parsed
sk_gd_ano_pauld_cape_noble_elite_b	metamesh	sk	gondor	ano	pauldron	noble	b	gondor_assets	gondor_assets/anorien/SK_GD_Ano_Pauldrons_Noble_A_geo.tpac	Y	parsed
sk_gd_ano_pauld_fount_elite_a	metamesh	sk	gondor	ano	pauldron	elite	a	gondor_assets	gondor_assets/anorien/SK_GD_Ano_Pauldrons_Noble_A_geo.tpac	Y	parsed
sk_gd_ano_pauld_fount_heavy_a	metamesh	sk	gondor	ano	pauldron	heavy	a	gondor_assets	gondor_assets/anorien/SK_GD_Ano_Pauldrons_Noble_A_geo.tpac	Y	parsed
sk_gd_ano_pauld_inf_elite_a	metamesh	sk	gondor	ano	pauldron	elite	a	gondor_assets	gondor_assets/anorien/SK_GD_Ano_Pauldrons_Inf_A_geo.tpac	Y	parsed
sk_gd_ano_pauld_inf_heavy_a	metamesh	sk	gondor	ano	pauldron	heavy	a	gondor_assets	gondor_assets/anorien/SK_GD_Ano_Pauldrons_Inf_A_geo.tpac	Y	parsed
sk_gd_ano_pauld_inf_med_a	metamesh	sk	gondor	ano	pauldron	med	a	gondor_assets	gondor_assets/anorien/SK_GD_Ano_Pauldrons_Inf_A_geo.tpac	Y	parsed
sk_gd_ano_pauld_inf_med_b	metamesh	sk	gondor	ano	pauldron	med	b	gondor_assets	gondor_assets/anorien/SK_GD_Ano_Pauldrons_Inf_A_geo.tpac	Y	parsed
sk_gd_ano_pauld_noble_elite_a	metamesh	sk	gondor	ano	pauldron	noble	a	gondor_assets	gondor_assets/anorien/SK_GD_Ano_Pauldrons_Noble_A_geo.tpac	Y	parsed
sk_gd_ano_pauld_noble_elite_b	metamesh	sk	gondor	ano	pauldron	noble	b	gondor_assets	gondor_assets/anorien/SK_GD_Ano_Pauldrons_Noble_A_geo.tpac	Y	parsed
sk_gd_ano_pauld_noble_heavy_a	metamesh	sk	gondor	ano	pauldron	noble	a	gondor_assets	gondor_assets/anorien/SK_GD_Ano_Pauldrons_Noble_A_geo.tpac	Y	parsed
sk_gd_ano_pauld_noble_heavy_b	metamesh	sk	gondor	ano	pauldron	noble	b	gondor_assets	gondor_assets/anorien/SK_GD_Ano_Pauldrons_Noble_A_geo.tpac	Y	parsed
sk_gd_ano_pauld_noble_med_a	metamesh	sk	gondor	ano	pauldron	noble	a	gondor_assets	gondor_assets/anorien/SK_GD_Ano_Pauldrons_Noble_A_geo.tpac	Y	parsed
sk_gd_ano_pauld_noble_med_b	metamesh	sk	gondor	ano	pauldron	noble	b	gondor_assets	gondor_assets/anorien/SK_GD_Ano_Pauldrons_Noble_A_geo.tpac	Y	parsed
sk_gd_ano_pauld_noble_med_c	metamesh	sk	gondor	ano	pauldron	noble	c	gondor_assets	gondor_assets/anorien/SK_GD_Ano_Pauldrons_Noble_A_geo.tpac	Y	parsed
sk_gd_bel_boots_a	metamesh	sk	gondor	bel	boots	-	a	gondor_assets	gondor_assets/belfalas/SK_GD_Dol_Greaves_Noble_A_geo.tpac	Y	parsed
sk_gd_bel_inf_chainmail_a	metamesh	sk	gondor	bel	chest	-	a	gondor_assets	gondor_assets/belfalas/SK_GD_Bel_Chest_Inf_A_geo.tpac	Y	parsed
sk_gd_bel_inf_chainmail_a_slim	metamesh	sk	gondor	bel	chest	-	-	gondor_assets	gondor_assets/belfalas/SK_GD_Bel_Chest_Inf_A_geo.tpac	SLIM	parsed
sk_gd_bel_inf_chainmail_b	metamesh	sk	gondor	bel	chest	-	b	gondor_assets	gondor_assets/belfalas/SK_GD_Bel_Chest_Inf_A_geo.tpac	Y	parsed
sk_gd_bel_inf_chainmail_b_slim	metamesh	sk	gondor	bel	chest	-	-	gondor_assets	gondor_assets/belfalas/SK_GD_Bel_Chest_Inf_A_geo.tpac	SLIM	parsed
sk_gd_bel_inf_chest_heavy_a	metamesh	sk	gondor	bel	chest	heavy	a	gondor_assets	gondor_assets/belfalas/SK_GD_Bel_Chest_Inf_A_geo.tpac	Y	parsed
sk_gd_bel_inf_chest_heavy_a_slim	metamesh	sk	gondor	bel	chest	heavy	-	gondor_assets	gondor_assets/belfalas/SK_GD_Bel_Chest_Inf_A_geo.tpac	SLIM	parsed
sk_gd_bel_inf_chest_heavy_b	metamesh	sk	gondor	bel	chest	heavy	b	gondor_assets	gondor_assets/belfalas/SK_GD_Bel_Chest_Inf_A_geo.tpac	Y	parsed
sk_gd_bel_inf_chest_heavy_b_slim	metamesh	sk	gondor	bel	chest	heavy	-	gondor_assets	gondor_assets/belfalas/SK_GD_Bel_Chest_Inf_A_geo.tpac	SLIM	parsed
sk_gd_bel_inf_chest_med_a	metamesh	sk	gondor	bel	chest	med	a	gondor_assets	gondor_assets/belfalas/SK_GD_Bel_Chest_Inf_A_geo.tpac	Y	parsed
sk_gd_bel_inf_chest_med_a_slim	metamesh	sk	gondor	bel	chest	med	-	gondor_assets	gondor_assets/belfalas/SK_GD_Bel_Chest_Inf_A_geo.tpac	SLIM	parsed
sk_gd_bel_inf_chest_med_b	metamesh	sk	gondor	bel	chest	med	b	gondor_assets	gondor_assets/belfalas/SK_GD_Bel_Chest_Inf_A_geo.tpac	Y	parsed
sk_gd_bel_inf_chest_med_b_slim	metamesh	sk	gondor	bel	chest	med	-	gondor_assets	gondor_assets/belfalas/SK_GD_Bel_Chest_Inf_A_geo.tpac	SLIM	parsed
sk_gd_cair_bracer_inf_med_a	metamesh	sk	gondor	cair	bracer	med	a	gondor_assets	gondor_assets/anorien/SK_GD_Ano_Bracers_A_geo.tpac	Y	parsed
sk_gd_cair_chainmail_half_b	metamesh	sk	gondor	cair	chest	half	b	gondor_assets	gondor_assets/anorien/SK_GD_Cair_Chest_A_geo.tpac	Y	parsed
sk_gd_cair_chainmail_half_b_slim	metamesh	sk	gondor	cair	chest	half	-	gondor_assets	gondor_assets/anorien/SK_GD_Cair_Chest_A_geo.tpac	SLIM	parsed
sk_gd_cair_inf_chest_elite_a	metamesh	sk	gondor	cair	chest	elite	a	gondor_assets	gondor_assets/anorien/SK_GD_Cair_Chest_A_geo.tpac	Y	parsed
sk_gd_cair_inf_chest_elite_a_slim	metamesh	sk	gondor	cair	chest	elite	-	gondor_assets	gondor_assets/anorien/SK_GD_Cair_Chest_A_geo.tpac	SLIM	parsed
sk_gd_cair_inf_chest_heavy_a	metamesh	sk	gondor	cair	chest	heavy	a	gondor_assets	gondor_assets/anorien/SK_GD_Cair_Chest_A_geo.tpac	Y	parsed
sk_gd_cair_inf_chest_heavy_a_slim	metamesh	sk	gondor	cair	chest	heavy	-	gondor_assets	gondor_assets/anorien/SK_GD_Cair_Chest_A_geo.tpac	SLIM	parsed
sk_gd_cair_inf_chest_heavy_b	metamesh	sk	gondor	cair	chest	heavy	b	gondor_assets	gondor_assets/anorien/SK_GD_Cair_Chest_A_geo.tpac	Y	parsed
sk_gd_cair_inf_chest_heavy_b_slim	metamesh	sk	gondor	cair	chest	heavy	-	gondor_assets	gondor_assets/anorien/SK_GD_Cair_Chest_A_geo.tpac	SLIM	parsed
sk_gd_cair_inf_chest_med_a	metamesh	sk	gondor	cair	chest	med	a	gondor_assets	gondor_assets/anorien/SK_GD_Cair_Chest_A_geo.tpac	Y	parsed
sk_gd_cair_inf_chest_med_a_slim	metamesh	sk	gondor	cair	chest	med	-	gondor_assets	gondor_assets/anorien/SK_GD_Cair_Chest_A_geo.tpac	SLIM	parsed
sk_gd_cair_inf_chest_med_b	metamesh	sk	gondor	cair	chest	med	b	gondor_assets	gondor_assets/anorien/SK_GD_Cair_Chest_A_geo.tpac	Y	parsed
sk_gd_cair_inf_chest_med_b_slim	metamesh	sk	gondor	cair	chest	med	-	gondor_assets	gondor_assets/anorien/SK_GD_Cair_Chest_A_geo.tpac	SLIM	parsed
sk_gd_cair_noble_helmet_heavy_a	metamesh	sk	gondor	cair	helmet	noble	a	gondor_assets	gondor_assets/anorien/SK_GD_Ano_Helmets_Noble_B_geo.tpac	Y	parsed
sk_gd_cair_noble_helmet_heavy_b	metamesh	sk	gondor	cair	helmet	noble	b	gondor_assets	gondor_assets/anorien/SK_GD_Ano_Helmets_Noble_B_geo.tpac	Y	parsed
sk_gd_cair_ward_helmet_heavy_a	metamesh	sk	gondor	cair	helmet	heavy	a	gondor_assets	gondor_assets/anorien/SK_GD_Ano_Helmets_Noble_B_geo.tpac	Y	parsed
sk_gd_cair_ward_helmet_heavy_b	metamesh	sk	gondor	cair	helmet	heavy	b	gondor_assets	gondor_assets/anorien/SK_GD_Ano_Helmets_Noble_B_geo.tpac	Y	parsed
sk_gd_dol_bracer_elite_a	metamesh	sk	gondor	dol	bracer	elite	a	gondor_assets	gondor_assets/belfalas/SK_GD_Dol_Bracers_Noble_A_geo.tpac	Y	parsed
sk_gd_dol_bracer_heavy_a	metamesh	sk	gondor	dol	bracer	heavy	a	gondor_assets	gondor_assets/belfalas/SK_GD_Dol_Bracers_Noble_A_geo.tpac	Y	parsed
sk_gd_dol_bracer_med_a	metamesh	sk	gondor	dol	bracer	med	a	gondor_assets	gondor_assets/belfalas/SK_GD_Dol_Bracers_Noble_A_geo.tpac	Y	parsed
sk_gd_dol_cav_helmet_elite_a	metamesh	sk	gondor	dol	helmet	elite	a	gondor_assets	gondor_assets/belfalas/SK_GD_Dol_Helmet_Noble_A_geo.tpac	Y	parsed
sk_gd_dol_cav_helmet_elite_b	metamesh	sk	gondor	dol	helmet	elite	b	gondor_assets	gondor_assets/belfalas/SK_GD_Dol_Helmet_Noble_A_geo.tpac	Y	parsed
sk_gd_dol_cav_helmet_elite_c	metamesh	sk	gondor	dol	helmet	elite	c	gondor_assets	gondor_assets/belfalas/SK_GD_Dol_Helmet_Noble_A_geo.tpac	Y	parsed
sk_gd_dol_cav_helmet_elite_d	metamesh	sk	gondor	dol	helmet	elite	d	gondor_assets	gondor_assets/belfalas/SK_GD_Dol_Helmet_Noble_A_geo.tpac	Y	parsed
sk_gd_dol_chainmail_a	metamesh	sk	gondor	dol	chest	-	a	gondor_assets	gondor_assets/belfalas/SK_GD_Dol_Chest_Noble_A_geo.tpac	Y	parsed
sk_gd_dol_chainmail_a_slim	metamesh	sk	gondor	dol	chest	-	-	gondor_assets	gondor_assets/belfalas/SK_GD_Dol_Chest_Noble_A_geo.tpac	SLIM	parsed
sk_gd_dol_chest_elite_a	metamesh	sk	gondor	dol	chest	elite	a	gondor_assets	gondor_assets/belfalas/SK_GD_Dol_Chest_Noble_A_geo.tpac	Y	parsed
sk_gd_dol_chest_elite_a_slim	metamesh	sk	gondor	dol	chest	elite	-	gondor_assets	gondor_assets/belfalas/SK_GD_Dol_Chest_Noble_A_geo.tpac	SLIM	parsed
sk_gd_dol_chest_elite_b	metamesh	sk	gondor	dol	chest	elite	b	gondor_assets	gondor_assets/belfalas/SK_GD_Dol_Chest_Noble_A_geo.tpac	Y	parsed
sk_gd_dol_chest_elite_b_slim	metamesh	sk	gondor	dol	chest	elite	-	gondor_assets	gondor_assets/belfalas/SK_GD_Dol_Chest_Noble_A_geo.tpac	SLIM	parsed
sk_gd_dol_chest_heavy_a	metamesh	sk	gondor	dol	chest	heavy	a	gondor_assets	gondor_assets/belfalas/SK_GD_Dol_Chest_Noble_A_geo.tpac	Y	parsed
sk_gd_dol_chest_heavy_a_slim	metamesh	sk	gondor	dol	chest	heavy	-	gondor_assets	gondor_assets/belfalas/SK_GD_Dol_Chest_Noble_A_geo.tpac	SLIM	parsed
sk_gd_dol_chest_heavy_b	metamesh	sk	gondor	dol	chest	heavy	b	gondor_assets	gondor_assets/belfalas/SK_GD_Dol_Chest_Noble_A_geo.tpac	Y	parsed
sk_gd_dol_chest_heavy_b_slim	metamesh	sk	gondor	dol	chest	heavy	-	gondor_assets	gondor_assets/belfalas/SK_GD_Dol_Chest_Noble_A_geo.tpac	SLIM	parsed
sk_gd_dol_chest_med_a	metamesh	sk	gondor	dol	chest	med	a	gondor_assets	gondor_assets/belfalas/SK_GD_Dol_Chest_Noble_A_geo.tpac	Y	parsed
sk_gd_dol_chest_med_a_slim	metamesh	sk	gondor	dol	chest	med	-	gondor_assets	gondor_assets/belfalas/SK_GD_Dol_Chest_Noble_A_geo.tpac	SLIM	parsed
sk_gd_dol_chest_med_b	metamesh	sk	gondor	dol	chest	med	b	gondor_assets	gondor_assets/belfalas/SK_GD_Dol_Chest_Noble_A_geo.tpac	Y	parsed
sk_gd_dol_chest_med_b_slim	metamesh	sk	gondor	dol	chest	med	-	gondor_assets	gondor_assets/belfalas/SK_GD_Dol_Chest_Noble_A_geo.tpac	SLIM	parsed
sk_gd_dol_grvs_elite_a	metamesh	sk	gondor	dol	greaves	elite	a	gondor_assets	gondor_assets/belfalas/SK_GD_Dol_Greaves_Noble_A_geo.tpac	Y	parsed
sk_gd_dol_grvs_heavy_a	metamesh	sk	gondor	dol	greaves	heavy	a	gondor_assets	gondor_assets/belfalas/SK_GD_Dol_Greaves_Noble_A_geo.tpac	Y	parsed
sk_gd_dol_grvs_light_a	metamesh	sk	gondor	dol	greaves	light	a	gondor_assets	gondor_assets/belfalas/SK_GD_Dol_Greaves_Noble_A_geo.tpac	Y	parsed
sk_gd_dol_grvs_med_a	metamesh	sk	gondor	dol	greaves	med	a	gondor_assets	gondor_assets/belfalas/SK_GD_Dol_Greaves_Noble_A_geo.tpac	Y	parsed
sk_gd_dol_helmet_heavy_a	metamesh	sk	gondor	dol	helmet	heavy	a	gondor_assets	gondor_assets/belfalas/SK_GD_Dol_Helmet_Noble_A_geo.tpac	Y	parsed
sk_gd_dol_helmet_heavy_b	metamesh	sk	gondor	dol	helmet	heavy	b	gondor_assets	gondor_assets/belfalas/SK_GD_Dol_Helmet_Noble_A_geo.tpac	Y	parsed
sk_gd_dol_helmet_med_a	metamesh	sk	gondor	dol	helmet	med	a	gondor_assets	gondor_assets/belfalas/SK_GD_Dol_Helmet_Noble_A_geo.tpac	Y	parsed
sk_gd_dol_inf_helmet_elite_a	metamesh	sk	gondor	dol	helmet	elite	a	gondor_assets	gondor_assets/belfalas/SK_GD_Dol_Helmet_Noble_A_geo.tpac	Y	parsed
sk_gd_dol_inf_helmet_elite_b	metamesh	sk	gondor	dol	helmet	elite	b	gondor_assets	gondor_assets/belfalas/SK_GD_Dol_Helmet_Noble_A_geo.tpac	Y	parsed
sk_gd_dol_inf_helmet_elite_c	metamesh	sk	gondor	dol	helmet	elite	c	gondor_assets	gondor_assets/belfalas/SK_GD_Dol_Helmet_Noble_A_geo.tpac	Y	parsed
sk_gd_dol_inf_helmet_elite_d	metamesh	sk	gondor	dol	helmet	elite	d	gondor_assets	gondor_assets/belfalas/SK_GD_Dol_Helmet_Noble_A_geo.tpac	Y	parsed
sk_gd_dol_pauld_cape_noble_elite_a	metamesh	sk	gondor	dol	pauldron	noble	a	gondor_assets	gondor_assets/belfalas/SK_GD_Dol_Pauldron_Noble_A_geo.tpac	Y	parsed
sk_gd_dol_pauld_cape_noble_heavy_a	metamesh	sk	gondor	dol	pauldron	noble	a	gondor_assets	gondor_assets/belfalas/SK_GD_Dol_Pauldron_Noble_A_geo.tpac	Y	parsed
sk_gd_dol_pauld_noble_elite_a	metamesh	sk	gondor	dol	pauldron	noble	a	gondor_assets	gondor_assets/belfalas/SK_GD_Dol_Pauldron_Noble_A_geo.tpac	Y	parsed
sk_gd_dol_pauld_noble_heavy_a	metamesh	sk	gondor	dol	pauldron	noble	a	gondor_assets	gondor_assets/belfalas/SK_GD_Dol_Pauldron_Noble_A_geo.tpac	Y	parsed
sk_gd_dol_pauld_noble_med_a	metamesh	sk	gondor	dol	pauldron	noble	a	gondor_assets	gondor_assets/belfalas/SK_GD_Dol_Pauldron_Noble_A_geo.tpac	Y	parsed
sk_gd_dol_pauld_noble_med_b	metamesh	sk	gondor	dol	pauldron	noble	b	gondor_assets	gondor_assets/belfalas/SK_GD_Dol_Pauldron_Noble_A_geo.tpac	Y	parsed
sk_gd_dol_ward_helmet_elite_a	metamesh	sk	gondor	dol	helmet	elite	a	gondor_assets	gondor_assets/belfalas/SK_GD_Dol_Helmet_Noble_A_geo.tpac	Y	parsed
sk_gd_dol_ward_helmet_elite_b	metamesh	sk	gondor	dol	helmet	elite	b	gondor_assets	gondor_assets/belfalas/SK_GD_Dol_Helmet_Noble_A_geo.tpac	Y	parsed
sk_gd_fellwarg	metamesh	sk	gondor	-	body	-	-	creature	creature/fellwarg/mesh/FellWarg_Rig_geo.tpac	Y	parsed
sk_gd_fellwarg_fur	metamesh	sk	gondor	-	body	-	-	creature	creature/fellwarg/mesh/FellWarg_Rig_geo.tpac	Y	parsed
sk_gd_har_inf_chainmail_a	metamesh	sk	gondor	har	chest	-	a	gondor_assets	gondor_assets/harondor/SK_GD_Har_Chest_Inf_A_geo.tpac	Y	parsed
sk_gd_har_inf_chainmail_a_slim	metamesh	sk	gondor	har	chest	-	-	gondor_assets	gondor_assets/harondor/SK_GD_Har_Chest_Inf_A_geo.tpac	SLIM	parsed
sk_gd_har_inf_chest_heavy_a	metamesh	sk	gondor	har	chest	heavy	a	gondor_assets	gondor_assets/harondor/SK_GD_Har_Chest_Inf_A_geo.tpac	Y	parsed
sk_gd_har_inf_chest_heavy_a_slim	metamesh	sk	gondor	har	chest	heavy	-	gondor_assets	gondor_assets/harondor/SK_GD_Har_Chest_Inf_A_geo.tpac	SLIM	parsed
sk_gd_har_inf_chest_med_a	metamesh	sk	gondor	har	chest	med	a	gondor_assets	gondor_assets/harondor/SK_GD_Har_Chest_Inf_A_geo.tpac	Y	parsed
sk_gd_har_inf_chest_med_a_slim	metamesh	sk	gondor	har	chest	med	-	gondor_assets	gondor_assets/harondor/SK_GD_Har_Chest_Inf_A_geo.tpac	SLIM	parsed
sk_gd_har_inf_helmet_elite_a	metamesh	sk	gondor	har	helmet	elite	a	gondor_assets	gondor_assets/harondor/SK_GD_Har_Helmets_Inf_A_geo.tpac	Y	parsed
sk_gd_har_inf_helmet_elite_b	metamesh	sk	gondor	har	helmet	elite	b	gondor_assets	gondor_assets/harondor/SK_GD_Har_Helmets_Inf_A_geo.tpac	Y	parsed
sk_gd_har_inf_helmet_heavy_a	metamesh	sk	gondor	har	helmet	heavy	a	gondor_assets	gondor_assets/harondor/SK_GD_Har_Helmets_Inf_A_geo.tpac	Y	parsed
sk_gd_har_inf_helmet_heavy_b	metamesh	sk	gondor	har	helmet	heavy	b	gondor_assets	gondor_assets/harondor/SK_GD_Har_Helmets_Inf_A_geo.tpac	Y	parsed
sk_gd_har_inf_helmet_light_a	metamesh	sk	gondor	har	helmet	light	a	gondor_assets	gondor_assets/harondor/SK_GD_Har_Helmets_Inf_A_geo.tpac	Y	parsed
sk_gd_har_inf_helmet_med_a	metamesh	sk	gondor	har	helmet	med	a	gondor_assets	gondor_assets/harondor/SK_GD_Har_Helmets_Inf_A_geo.tpac	Y	parsed
sk_gd_ith_chest_noble_heavy_a	metamesh	sk	gondor	ith	chest	noble	a	gondor_assets	gondor_assets/anorien/SK_GD_Ith_Chest_Noble_A_geo.tpac	Y	parsed
sk_gd_ith_chest_noble_heavy_a_slim	metamesh	sk	gondor	ith	chest	noble	-	gondor_assets	gondor_assets/anorien/SK_GD_Ith_Chest_Noble_A_geo.tpac	SLIM	parsed
sk_gd_ith_chest_noble_heavy_b	metamesh	sk	gondor	ith	chest	noble	b	gondor_assets	gondor_assets/anorien/SK_GD_Ith_Chest_Noble_A_geo.tpac	Y	parsed
sk_gd_ith_chest_noble_heavy_b_slim	metamesh	sk	gondor	ith	chest	noble	-	gondor_assets	gondor_assets/anorien/SK_GD_Ith_Chest_Noble_A_geo.tpac	SLIM	parsed
sk_gd_ith_chest_noble_med_a	metamesh	sk	gondor	ith	chest	noble	a	gondor_assets	gondor_assets/anorien/SK_GD_Ith_Chest_Noble_A_geo.tpac	Y	parsed
sk_gd_ith_chest_noble_med_a_slim	metamesh	sk	gondor	ith	chest	noble	-	gondor_assets	gondor_assets/anorien/SK_GD_Ith_Chest_Noble_A_geo.tpac	SLIM	parsed
sk_gd_ith_chest_noble_med_b	metamesh	sk	gondor	ith	chest	noble	b	gondor_assets	gondor_assets/anorien/SK_GD_Ith_Chest_Noble_A_geo.tpac	Y	parsed
sk_gd_ith_chest_noble_med_b_slim	metamesh	sk	gondor	ith	chest	noble	-	gondor_assets	gondor_assets/anorien/SK_GD_Ith_Chest_Noble_A_geo.tpac	SLIM	parsed
sk_gd_ith_noble_helmet_heavy_a	metamesh	sk	gondor	ith	helmet	noble	a	gondor_assets	gondor_assets/anorien/SK_GD_Ano_Helmets_Noble_A_geo.tpac	Y	parsed
sk_gd_ith_noble_helmet_heavy_b	metamesh	sk	gondor	ith	helmet	noble	b	gondor_assets	gondor_assets/anorien/SK_GD_Ano_Helmets_Noble_A_geo.tpac	Y	parsed
sk_gd_lam_inf_chainmail_a	metamesh	sk	gondor	lam	chest	-	a	gondor_assets	gondor_assets/lamedon/SK_GD_Lam_Chest_Inf_A_geo.tpac	Y	parsed
sk_gd_lam_inf_chainmail_a_slim	metamesh	sk	gondor	lam	chest	-	-	gondor_assets	gondor_assets/lamedon/SK_GD_Lam_Chest_Inf_A_geo.tpac	SLIM	parsed
sk_gd_lam_inf_chainmail_b	metamesh	sk	gondor	lam	chest	-	b	gondor_assets	gondor_assets/lamedon/SK_GD_Lam_Chest_Inf_A_geo.tpac	Y	parsed
sk_gd_lam_inf_chainmail_b_slim	metamesh	sk	gondor	lam	chest	-	-	gondor_assets	gondor_assets/lamedon/SK_GD_Lam_Chest_Inf_A_geo.tpac	SLIM	parsed
sk_gd_lam_inf_chest_heavy_a	metamesh	sk	gondor	lam	chest	heavy	a	gondor_assets	gondor_assets/lamedon/SK_GD_Lam_Chest_Inf_A_geo.tpac	Y	parsed
sk_gd_lam_inf_chest_heavy_a_slim	metamesh	sk	gondor	lam	chest	heavy	-	gondor_assets	gondor_assets/lamedon/SK_GD_Lam_Chest_Inf_A_geo.tpac	SLIM	parsed
sk_gd_lam_inf_chest_heavy_b	metamesh	sk	gondor	lam	chest	heavy	b	gondor_assets	gondor_assets/lamedon/SK_GD_Lam_Chest_Inf_A_geo.tpac	Y	parsed
sk_gd_lam_inf_chest_heavy_b_slim	metamesh	sk	gondor	lam	chest	heavy	-	gondor_assets	gondor_assets/lamedon/SK_GD_Lam_Chest_Inf_A_geo.tpac	SLIM	parsed
sk_gd_lam_inf_chest_lord_a	metamesh	sk	gondor	lam	chest	lord	a	gondor_assets	gondor_assets/lamedon/SK_GD_Lam_Chest_Inf_A_geo.tpac	Y	parsed
sk_gd_lam_inf_chest_lord_a_slim	metamesh	sk	gondor	lam	chest	lord	-	gondor_assets	gondor_assets/lamedon/SK_GD_Lam_Chest_Inf_A_geo.tpac	SLIM	parsed
sk_gd_lam_inf_chest_med_a	metamesh	sk	gondor	lam	chest	med	a	gondor_assets	gondor_assets/lamedon/SK_GD_Lam_Chest_Inf_A_geo.tpac	Y	parsed
sk_gd_lam_inf_chest_med_a_slim	metamesh	sk	gondor	lam	chest	med	-	gondor_assets	gondor_assets/lamedon/SK_GD_Lam_Chest_Inf_A_geo.tpac	SLIM	parsed
sk_gd_lam_inf_chest_med_b	metamesh	sk	gondor	lam	chest	med	b	gondor_assets	gondor_assets/lamedon/SK_GD_Lam_Chest_Inf_A_geo.tpac	Y	parsed
sk_gd_lam_inf_chest_med_b_slim	metamesh	sk	gondor	lam	chest	med	-	gondor_assets	gondor_assets/lamedon/SK_GD_Lam_Chest_Inf_A_geo.tpac	SLIM	parsed
sk_gd_lam_inf_helmet_elite_a	metamesh	sk	gondor	lam	helmet	elite	a	gondor_assets	gondor_assets/lamedon/SK_GD_Lam_Helmets_Inf_A_geo.tpac	Y	parsed
sk_gd_lam_inf_helmet_elite_b	metamesh	sk	gondor	lam	helmet	elite	b	gondor_assets	gondor_assets/lamedon/SK_GD_Lam_Helmets_Inf_A_geo.tpac	Y	parsed
sk_gd_lam_inf_helmet_elite_c	metamesh	sk	gondor	lam	helmet	elite	c	gondor_assets	gondor_assets/lamedon/SK_GD_Lam_Helmets_Inf_A_geo.tpac	Y	parsed
sk_gd_lam_inf_helmet_elite_d	metamesh	sk	gondor	lam	helmet	elite	d	gondor_assets	gondor_assets/lamedon/SK_GD_Lam_Helmets_Inf_A_geo.tpac	Y	parsed
sk_gd_lam_inf_helmet_heavy_a1	metamesh	sk	gondor	lam	helmet	heavy	a1	gondor_assets	gondor_assets/lamedon/SK_GD_Lam_Helmets_Inf_A_geo.tpac	Y	parsed
sk_gd_lam_inf_helmet_heavy_a2	metamesh	sk	gondor	lam	helmet	heavy	a2	gondor_assets	gondor_assets/lamedon/SK_GD_Lam_Helmets_Inf_A_geo.tpac	Y	parsed
sk_gd_lam_inf_helmet_heavy_b1	metamesh	sk	gondor	lam	helmet	heavy	b1	gondor_assets	gondor_assets/lamedon/SK_GD_Lam_Helmets_Inf_A_geo.tpac	Y	parsed
sk_gd_lam_inf_helmet_heavy_b2	metamesh	sk	gondor	lam	helmet	heavy	b2	gondor_assets	gondor_assets/lamedon/SK_GD_Lam_Helmets_Inf_A_geo.tpac	Y	parsed
sk_gd_lam_inf_helmet_heavy_c1	metamesh	sk	gondor	lam	helmet	heavy	c1	gondor_assets	gondor_assets/lamedon/SK_GD_Lam_Helmets_Inf_A_geo.tpac	Y	parsed
sk_gd_lam_inf_helmet_heavy_c2	metamesh	sk	gondor	lam	helmet	heavy	c2	gondor_assets	gondor_assets/lamedon/SK_GD_Lam_Helmets_Inf_A_geo.tpac	Y	parsed
sk_gd_lam_inf_helmet_light_a	metamesh	sk	gondor	lam	helmet	light	a	gondor_assets	gondor_assets/lamedon/SK_GD_Lam_Helmets_Inf_A_geo.tpac	Y	parsed
sk_gd_lam_inf_helmet_med_a	metamesh	sk	gondor	lam	helmet	med	a	gondor_assets	gondor_assets/lamedon/SK_GD_Lam_Helmets_Inf_A_geo.tpac	Y	parsed
sk_gd_lam_inf_helmet_med_b	metamesh	sk	gondor	lam	helmet	med	b	gondor_assets	gondor_assets/lamedon/SK_GD_Lam_Helmets_Inf_A_geo.tpac	Y	parsed
sk_gd_lam_nob_helmet_lord_a	metamesh	sk	gondor	lam	helmet	lord	a	gondor_assets	gondor_assets/lamedon/SK_GD_Lam_Helmets_Inf_A_geo.tpac	Y	parsed
sk_gd_lam_nob_helmet_lord_b	metamesh	sk	gondor	lam	helmet	lord	b	gondor_assets	gondor_assets/lamedon/SK_GD_Lam_Helmets_Inf_A_geo.tpac	Y	parsed
sk_gd_lam_nob_helmet_lord_c	metamesh	sk	gondor	lam	helmet	lord	c	gondor_assets	gondor_assets/lamedon/SK_GD_Lam_Helmets_Inf_A_geo.tpac	Y	parsed
sk_gd_lam_nob_helmet_lord_d	metamesh	sk	gondor	lam	helmet	lord	d	gondor_assets	gondor_assets/lamedon/SK_GD_Lam_Helmets_Inf_A_geo.tpac	Y	parsed
sk_gd_leb_chainmail_a	metamesh	sk	gondor	leb	chest	-	a	gondor_assets	gondor_assets/lebennin/SK_GD_Leb_Chest_Inf_A_geo.tpac	Y	parsed
sk_gd_leb_chainmail_a_slim	metamesh	sk	gondor	leb	chest	-	-	gondor_assets	gondor_assets/lebennin/SK_GD_Leb_Chest_Inf_A_geo.tpac	SLIM	parsed
sk_gd_leb_chainmail_b	metamesh	sk	gondor	leb	chest	-	b	gondor_assets	gondor_assets/lebennin/SK_GD_Leb_Chest_Inf_A_geo.tpac	Y	parsed
sk_gd_leb_chainmail_b_slim	metamesh	sk	gondor	leb	chest	-	-	gondor_assets	gondor_assets/lebennin/SK_GD_Leb_Chest_Inf_A_geo.tpac	SLIM	parsed
sk_gd_leb_inf_chest_heavy_a	metamesh	sk	gondor	leb	chest	heavy	a	gondor_assets	gondor_assets/lebennin/SK_GD_Leb_Chest_Inf_A_geo.tpac	Y	parsed
sk_gd_leb_inf_chest_heavy_a_slim	metamesh	sk	gondor	leb	chest	heavy	-	gondor_assets	gondor_assets/lebennin/SK_GD_Leb_Chest_Inf_A_geo.tpac	SLIM	parsed
sk_gd_leb_inf_chest_heavy_b	metamesh	sk	gondor	leb	chest	heavy	b	gondor_assets	gondor_assets/lebennin/SK_GD_Leb_Chest_Inf_A_geo.tpac	Y	parsed
sk_gd_leb_inf_chest_heavy_b_slim	metamesh	sk	gondor	leb	chest	heavy	-	gondor_assets	gondor_assets/lebennin/SK_GD_Leb_Chest_Inf_A_geo.tpac	SLIM	parsed
sk_gd_leb_inf_chest_med_a	metamesh	sk	gondor	leb	chest	med	a	gondor_assets	gondor_assets/lebennin/SK_GD_Leb_Chest_Inf_A_geo.tpac	Y	parsed
sk_gd_leb_inf_chest_med_a_slim	metamesh	sk	gondor	leb	chest	med	-	gondor_assets	gondor_assets/lebennin/SK_GD_Leb_Chest_Inf_A_geo.tpac	SLIM	parsed
sk_gd_leb_inf_chest_med_b	metamesh	sk	gondor	leb	chest	med	b	gondor_assets	gondor_assets/lebennin/SK_GD_Leb_Chest_Inf_A_geo.tpac	Y	parsed
sk_gd_leb_inf_chest_med_b_slim	metamesh	sk	gondor	leb	chest	med	-	gondor_assets	gondor_assets/lebennin/SK_GD_Leb_Chest_Inf_A_geo.tpac	SLIM	parsed
sk_gd_lin_bracer_elite_a	metamesh	sk	gondor	lin	bracer	elite	a	gondor_assets	gondor_assets/belfalas/SK_GD_Lin_Bracers_Noble_A_geo.tpac	Y	parsed
sk_gd_lin_bracer_heavy_a	metamesh	sk	gondor	lin	bracer	heavy	a	gondor_assets	gondor_assets/belfalas/SK_GD_Lin_Bracers_Noble_A_geo.tpac	Y	parsed
sk_gd_lin_bracer_med_a	metamesh	sk	gondor	lin	bracer	med	a	gondor_assets	gondor_assets/belfalas/SK_GD_Lin_Bracers_Noble_A_geo.tpac	Y	parsed
sk_gd_lin_bracer_med_b	metamesh	sk	gondor	lin	bracer	med	b	gondor_assets	gondor_assets/belfalas/SK_GD_Lin_Bracers_Noble_A_geo.tpac	Y	parsed
sk_gd_lin_chainmail_a	metamesh	sk	gondor	lin	chest	-	a	gondor_assets	gondor_assets/belfalas/SK_GD_Lin_Chest_Noble_A_geo.tpac	Y	parsed
sk_gd_lin_chainmail_a_slim	metamesh	sk	gondor	lin	chest	-	-	gondor_assets	gondor_assets/belfalas/SK_GD_Lin_Chest_Noble_A_geo.tpac	SLIM	parsed
sk_gd_lin_chest_elite_a	metamesh	sk	gondor	lin	chest	elite	a	gondor_assets	gondor_assets/belfalas/SK_GD_Lin_Chest_Noble_A_geo.tpac	Y	parsed
sk_gd_lin_chest_elite_a_slim	metamesh	sk	gondor	lin	chest	elite	-	gondor_assets	gondor_assets/belfalas/SK_GD_Lin_Chest_Noble_A_geo.tpac	SLIM	parsed
sk_gd_lin_chest_heavy_a	metamesh	sk	gondor	lin	chest	heavy	a	gondor_assets	gondor_assets/belfalas/SK_GD_Lin_Chest_Noble_A_geo.tpac	Y	parsed
sk_gd_lin_chest_heavy_a_slim	metamesh	sk	gondor	lin	chest	heavy	-	gondor_assets	gondor_assets/belfalas/SK_GD_Lin_Chest_Noble_A_geo.tpac	SLIM	parsed
sk_gd_lin_chest_med_a	metamesh	sk	gondor	lin	chest	med	a	gondor_assets	gondor_assets/belfalas/SK_GD_Lin_Chest_Noble_A_geo.tpac	Y	parsed
sk_gd_lin_chest_med_a_slim	metamesh	sk	gondor	lin	chest	med	-	gondor_assets	gondor_assets/belfalas/SK_GD_Lin_Chest_Noble_A_geo.tpac	SLIM	parsed
sk_gd_lin_grvs_heavy_a	metamesh	sk	gondor	lin	greaves	heavy	a	gondor_assets	gondor_assets/belfalas/SK_GD_Lin_Greaves_Noble_A_geo.tpac	Y	parsed
sk_gd_lin_grvs_light_a	metamesh	sk	gondor	lin	greaves	light	a	gondor_assets	gondor_assets/belfalas/SK_GD_Lin_Greaves_Noble_A_geo.tpac	Y	parsed
sk_gd_lin_grvs_med_a	metamesh	sk	gondor	lin	greaves	med	a	gondor_assets	gondor_assets/belfalas/SK_GD_Lin_Greaves_Noble_A_geo.tpac	Y	parsed
sk_gd_lin_helmet_elite_a	metamesh	sk	gondor	lin	helmet	elite	a	gondor_assets	gondor_assets/belfalas/SK_GD_Lin_Helmet_Noble_A_geo.tpac	Y	parsed
sk_gd_lin_helmet_elite_b	metamesh	sk	gondor	lin	helmet	elite	b	gondor_assets	gondor_assets/belfalas/SK_GD_Lin_Helmet_Noble_A_geo.tpac	Y	parsed
sk_gd_lin_helmet_heavy_a	metamesh	sk	gondor	lin	helmet	heavy	a	gondor_assets	gondor_assets/belfalas/SK_GD_Lin_Helmet_Noble_A_geo.tpac	Y	parsed
sk_gd_lin_helmet_heavy_b	metamesh	sk	gondor	lin	helmet	heavy	b	gondor_assets	gondor_assets/belfalas/SK_GD_Lin_Helmet_Noble_A_geo.tpac	Y	parsed
sk_gd_lin_helmet_lord_a	metamesh	sk	gondor	lin	helmet	lord	a	gondor_assets	gondor_assets/belfalas/SK_GD_Lin_Helmet_Noble_A_geo.tpac	Y	parsed
sk_gd_lin_helmet_lord_b	metamesh	sk	gondor	lin	helmet	lord	b	gondor_assets	gondor_assets/belfalas/SK_GD_Lin_Helmet_Noble_A_geo.tpac	Y	parsed
sk_gd_lin_pauld_cape_noble_elite_a	metamesh	sk	gondor	lin	pauldron	noble	a	gondor_assets	gondor_assets/belfalas/SK_GD_Lin_Pauldron_Noble_A_geo.tpac	Y	parsed
sk_gd_lin_pauld_cape_noble_heavy_a	metamesh	sk	gondor	lin	pauldron	noble	a	gondor_assets	gondor_assets/belfalas/SK_GD_Lin_Pauldron_Noble_A_geo.tpac	Y	parsed
sk_gd_lin_pauld_noble_elite_a	metamesh	sk	gondor	lin	pauldron	noble	a	gondor_assets	gondor_assets/belfalas/SK_GD_Lin_Pauldron_Noble_A_geo.tpac	Y	parsed
sk_gd_lin_pauld_noble_heavy_a	metamesh	sk	gondor	lin	pauldron	noble	a	gondor_assets	gondor_assets/belfalas/SK_GD_Lin_Pauldron_Noble_A_geo.tpac	Y	parsed
sk_gd_lin_pauld_noble_med_a	metamesh	sk	gondor	lin	pauldron	noble	a	gondor_assets	gondor_assets/belfalas/SK_GD_Lin_Pauldron_Noble_A_geo.tpac	Y	parsed
sk_gd_lon_chainmail_a	metamesh	sk	gondor	lon	chest	-	a	gondor_assets	gondor_assets/anfalas/SK_GD_Anf_Chest_Noble_A_geo.tpac	Y	parsed
sk_gd_lon_chainmail_a_slim	metamesh	sk	gondor	lon	chest	-	-	gondor_assets	gondor_assets/anfalas/SK_GD_Anf_Chest_Noble_A_geo.tpac	SLIM	parsed
sk_gd_lon_chest_heavy_a	metamesh	sk	gondor	lon	chest	heavy	a	gondor_assets	gondor_assets/anfalas/SK_GD_Anf_Chest_Noble_A_geo.tpac	Y	parsed
sk_gd_lon_chest_heavy_a_slim	metamesh	sk	gondor	lon	chest	heavy	-	gondor_assets	gondor_assets/anfalas/SK_GD_Anf_Chest_Noble_A_geo.tpac	SLIM	parsed
sk_gd_lon_chest_lord_a	metamesh	sk	gondor	lon	chest	lord	a	gondor_assets	gondor_assets/anfalas/SK_GD_Anf_Chest_Noble_A_geo.tpac	Y	parsed
sk_gd_lon_chest_lord_a_slim	metamesh	sk	gondor	lon	chest	lord	-	gondor_assets	gondor_assets/anfalas/SK_GD_Anf_Chest_Noble_A_geo.tpac	SLIM	parsed
sk_gd_lon_chest_med_a	metamesh	sk	gondor	lon	chest	med	a	gondor_assets	gondor_assets/anfalas/SK_GD_Anf_Chest_Noble_A_geo.tpac	Y	parsed
sk_gd_lon_chest_med_a_slim	metamesh	sk	gondor	lon	chest	med	-	gondor_assets	gondor_assets/anfalas/SK_GD_Anf_Chest_Noble_A_geo.tpac	SLIM	parsed
sk_gd_lon_helmet_elite_a	metamesh	sk	gondor	lon	helmet	elite	a	gondor_assets	gondor_assets/anfalas/SK_GD_Anf_Helmets_Noble_A_geo.tpac	Y	parsed
sk_gd_lon_helmet_elite_b	metamesh	sk	gondor	lon	helmet	elite	b	gondor_assets	gondor_assets/anfalas/SK_GD_Anf_Helmets_Noble_A_geo.tpac	Y	parsed
sk_gd_lon_helmet_heavy_a	metamesh	sk	gondor	lon	helmet	heavy	a	gondor_assets	gondor_assets/anfalas/SK_GD_Anf_Helmets_Noble_A_geo.tpac	Y	parsed
sk_gd_lon_helmet_heavy_b	metamesh	sk	gondor	lon	helmet	heavy	b	gondor_assets	gondor_assets/anfalas/SK_GD_Anf_Helmets_Noble_A_geo.tpac	Y	parsed
sk_gd_lon_helmet_med_a	metamesh	sk	gondor	lon	helmet	med	a	gondor_assets	gondor_assets/anfalas/SK_GD_Anf_Helmets_Noble_A_geo.tpac	Y	parsed
sk_gd_lon_helmet_med_b	metamesh	sk	gondor	lon	helmet	med	b	gondor_assets	gondor_assets/anfalas/SK_GD_Anf_Helmets_Noble_A_geo.tpac	Y	parsed
sk_gd_los_bracer_inf_med_a	metamesh	sk	gondor	los	bracer	med	a	gondor_assets	gondor_assets/lossarnach/SK_GD_Los_Bracers_Inf_A_geo.tpac	Y	parsed
sk_gd_los_bracer_noble_elite_a	metamesh	sk	gondor	los	bracer	noble	a	gondor_assets	gondor_assets/lossarnach/SK_GD_Los_Bracer_Nob_A_geo.tpac	Y	parsed
sk_gd_los_bracer_noble_heavy_a	metamesh	sk	gondor	los	bracer	noble	a	gondor_assets	gondor_assets/lossarnach/SK_GD_Los_Bracer_Nob_A_geo.tpac	Y	parsed
sk_gd_los_bracer_noble_med_a	metamesh	sk	gondor	los	bracer	noble	a	gondor_assets	gondor_assets/lossarnach/SK_GD_Los_Bracer_Nob_A_geo.tpac	Y	parsed
sk_gd_los_inf_chainmail_a	metamesh	sk	gondor	los	chest	-	a	gondor_assets	gondor_assets/lossarnach/SK_GD_Los_Chest_Inf_A_geo.tpac	Y	parsed
sk_gd_los_inf_chainmail_a_slim	metamesh	sk	gondor	los	chest	-	-	gondor_assets	gondor_assets/lossarnach/SK_GD_Los_Chest_Inf_A_geo.tpac	SLIM	parsed
sk_gd_los_inf_chest_elite_a	metamesh	sk	gondor	los	chest	elite	a	gondor_assets	gondor_assets/lossarnach/SK_GD_Los_Chest_Inf_A_geo.tpac	Y	parsed
sk_gd_los_inf_chest_elite_a_slim	metamesh	sk	gondor	los	chest	elite	-	gondor_assets	gondor_assets/lossarnach/SK_GD_Los_Chest_Inf_A_geo.tpac	SLIM	parsed
sk_gd_los_inf_chest_heavy_a	metamesh	sk	gondor	los	chest	heavy	a	gondor_assets	gondor_assets/lossarnach/SK_GD_Los_Chest_Inf_A_geo.tpac	Y	parsed
sk_gd_los_inf_chest_heavy_a_slim	metamesh	sk	gondor	los	chest	heavy	-	gondor_assets	gondor_assets/lossarnach/SK_GD_Los_Chest_Inf_A_geo.tpac	SLIM	parsed
sk_gd_los_inf_chest_med_a	metamesh	sk	gondor	los	chest	med	a	gondor_assets	gondor_assets/lossarnach/SK_GD_Los_Chest_Inf_A_geo.tpac	Y	parsed
sk_gd_los_inf_chest_med_a_slim	metamesh	sk	gondor	los	chest	med	-	gondor_assets	gondor_assets/lossarnach/SK_GD_Los_Chest_Inf_A_geo.tpac	SLIM	parsed
sk_gd_los_nob_chainmail_a	metamesh	sk	gondor	los	chest	-	a	gondor_assets	gondor_assets/lossarnach/SK_GD_Los_Chest_Nob_A_geo.tpac	Y	parsed
sk_gd_los_nob_chainmail_a_slim	metamesh	sk	gondor	los	chest	-	-	gondor_assets	gondor_assets/lossarnach/SK_GD_Los_Chest_Nob_A_geo.tpac	SLIM	parsed
sk_gd_los_nob_chest_heavy_a	metamesh	sk	gondor	los	chest	heavy	a	gondor_assets	gondor_assets/lossarnach/SK_GD_Los_Chest_Nob_A_geo.tpac	Y	parsed
sk_gd_los_nob_chest_heavy_a_slim	metamesh	sk	gondor	los	chest	heavy	-	gondor_assets	gondor_assets/lossarnach/SK_GD_Los_Chest_Nob_A_geo.tpac	SLIM	parsed
sk_gd_los_nob_chest_heavy_b	metamesh	sk	gondor	los	chest	heavy	b	gondor_assets	gondor_assets/lossarnach/SK_GD_Los_Chest_Nob_A_geo.tpac	Y	parsed
sk_gd_los_nob_chest_heavy_b_slim	metamesh	sk	gondor	los	chest	heavy	-	gondor_assets	gondor_assets/lossarnach/SK_GD_Los_Chest_Nob_A_geo.tpac	SLIM	parsed
sk_gd_los_nob_chest_lord_a	metamesh	sk	gondor	los	chest	lord	a	gondor_assets	gondor_assets/lossarnach/SK_GD_Los_Chest_Nob_A_geo.tpac	Y	parsed
sk_gd_los_nob_chest_lord_a_slim	metamesh	sk	gondor	los	chest	lord	-	gondor_assets	gondor_assets/lossarnach/SK_GD_Los_Chest_Nob_A_geo.tpac	SLIM	parsed
sk_gd_los_nob_chest_med_a	metamesh	sk	gondor	los	chest	med	a	gondor_assets	gondor_assets/lossarnach/SK_GD_Los_Chest_Nob_A_geo.tpac	Y	parsed
sk_gd_los_nob_chest_med_a_slim	metamesh	sk	gondor	los	chest	med	-	gondor_assets	gondor_assets/lossarnach/SK_GD_Los_Chest_Nob_A_geo.tpac	SLIM	parsed
sk_gd_los_noble_helmet_elite_a	metamesh	sk	gondor	los	helmet	noble	a	gondor_assets	gondor_assets/lossarnach/SK_GD_Los_Helmets_Nob_A_geo.tpac	Y	parsed
sk_gd_los_noble_helmet_elite_b	metamesh	sk	gondor	los	helmet	noble	b	gondor_assets	gondor_assets/lossarnach/SK_GD_Los_Helmets_Nob_A_geo.tpac	Y	parsed
sk_gd_los_noble_helmet_heavy_a	metamesh	sk	gondor	los	helmet	noble	a	gondor_assets	gondor_assets/lossarnach/SK_GD_Los_Helmets_Nob_A_geo.tpac	Y	parsed
sk_gd_los_noble_helmet_heavy_b	metamesh	sk	gondor	los	helmet	noble	b	gondor_assets	gondor_assets/lossarnach/SK_GD_Los_Helmets_Nob_A_geo.tpac	Y	parsed
sk_gd_los_noble_helmet_med_a	metamesh	sk	gondor	los	helmet	noble	a	gondor_assets	gondor_assets/lossarnach/SK_GD_Los_Helmets_Nob_A_geo.tpac	Y	parsed
sk_gd_los_noble_helmet_med_b	metamesh	sk	gondor	los	helmet	noble	b	gondor_assets	gondor_assets/lossarnach/SK_GD_Los_Helmets_Nob_A_geo.tpac	Y	parsed
sk_gd_los_pauld_cape_inf_elite_a	metamesh	sk	gondor	los	pauldron	elite	a	gondor_assets	gondor_assets/lossarnach/SK_GD_Los_Bracers_Inf_A_geo.tpac	Y	parsed
sk_gd_los_pauld_cape_nob_elite_a	metamesh	sk	gondor	los	pauldron	elite	a	gondor_assets	gondor_assets/lossarnach/SK_GD_Los_Pauldron_Nob_A_geo.tpac	Y	parsed
sk_gd_los_pauld_cape_nob_lord_a	metamesh	sk	gondor	los	pauldron	lord	a	gondor_assets	gondor_assets/lossarnach/SK_GD_Los_Pauldron_Nob_A_geo.tpac	Y	parsed
sk_gd_los_pauld_inf_elite_a	metamesh	sk	gondor	los	pauldron	elite	a	gondor_assets	gondor_assets/lossarnach/SK_GD_Los_Bracers_Inf_A_geo.tpac	Y	parsed
sk_gd_los_pauld_inf_heavy_a	metamesh	sk	gondor	los	pauldron	heavy	a	gondor_assets	gondor_assets/lossarnach/SK_GD_Los_Bracers_Inf_A_geo.tpac	Y	parsed
sk_gd_los_pauld_nob_elite_a	metamesh	sk	gondor	los	pauldron	elite	a	gondor_assets	gondor_assets/lossarnach/SK_GD_Los_Pauldron_Nob_A_geo.tpac	Y	parsed
sk_gd_los_pauld_nob_heavy_a	metamesh	sk	gondor	los	pauldron	heavy	a	gondor_assets	gondor_assets/lossarnach/SK_GD_Los_Pauldron_Nob_A_geo.tpac	Y	parsed
sk_gd_mns_cita_helmet_heavy_a	metamesh	sk	gondor	mns	helmet	heavy	a	gondor_assets	gondor_assets/anorien/SK_GD_Ano_Helmets_Noble_B_geo.tpac	Y	parsed
sk_gd_mns_cita_helmet_heavy_b	metamesh	sk	gondor	mns	helmet	heavy	b	gondor_assets	gondor_assets/anorien/SK_GD_Ano_Helmets_Noble_B_geo.tpac	Y	parsed
sk_gd_mns_citadel_chest_heavy_a	metamesh	sk	gondor	mns	chest	heavy	a	gondor_assets	gondor_assets/anorien/SK_GD_Ano_Chest_Noble_A_geo.tpac	Y	parsed
sk_gd_mns_citadel_chest_heavy_a_slim	metamesh	sk	gondor	mns	chest	heavy	-	gondor_assets	gondor_assets/anorien/SK_GD_Ano_Chest_Noble_A_geo.tpac	SLIM	parsed
sk_gd_mns_citadel_chest_med_a	metamesh	sk	gondor	mns	chest	med	a	gondor_assets	gondor_assets/anorien/SK_GD_Ano_Chest_Noble_A_geo.tpac	Y	parsed
sk_gd_mns_citadel_chest_med_a_slim	metamesh	sk	gondor	mns	chest	med	-	gondor_assets	gondor_assets/anorien/SK_GD_Ano_Chest_Noble_A_geo.tpac	SLIM	parsed
sk_gd_mns_fount_chest_elite_a	metamesh	sk	gondor	mns	chest	elite	a	gondor_assets	gondor_assets/anorien/SK_GD_Ano_Chest_Noble_A_geo.tpac	Y	parsed
sk_gd_mns_fount_chest_elite_a_slim	metamesh	sk	gondor	mns	chest	elite	-	gondor_assets	gondor_assets/anorien/SK_GD_Ano_Chest_Noble_A_geo.tpac	SLIM	parsed
sk_gd_mns_fount_chest_heavy_a	metamesh	sk	gondor	mns	chest	heavy	a	gondor_assets	gondor_assets/anorien/SK_GD_Ano_Chest_Noble_A_geo.tpac	Y	parsed
sk_gd_mns_fount_chest_heavy_a_slim	metamesh	sk	gondor	mns	chest	heavy	-	gondor_assets	gondor_assets/anorien/SK_GD_Ano_Chest_Noble_A_geo.tpac	SLIM	parsed
sk_gd_mns_fount_helmet_heavy_a	metamesh	sk	gondor	mns	helmet	heavy	a	gondor_assets	gondor_assets/anorien/SK_GD_Ano_Helmets_Noble_B_geo.tpac	Y	parsed
sk_gd_mns_fount_helmet_heavy_b	metamesh	sk	gondor	mns	helmet	heavy	b	gondor_assets	gondor_assets/anorien/SK_GD_Ano_Helmets_Noble_B_geo.tpac	Y	parsed
sk_gd_mns_noble_helmet_heavy_a	metamesh	sk	gondor	mns	helmet	noble	a	gondor_assets	gondor_assets/anorien/SK_GD_Ano_Helmets_Noble_B_geo.tpac	Y	parsed
sk_gd_mns_noble_helmet_heavy_b	metamesh	sk	gondor	mns	helmet	noble	b	gondor_assets	gondor_assets/anorien/SK_GD_Ano_Helmets_Noble_B_geo.tpac	Y	parsed
sk_gd_mns_noble_helmet_med_a	metamesh	sk	gondor	mns	helmet	noble	a	gondor_assets	gondor_assets/anorien/SK_GD_Ano_Helmets_Noble_B_geo.tpac	Y	parsed
sk_gd_osg_bracer_noble_elite_a	metamesh	sk	gondor	osg	bracer	noble	a	gondor_assets	gondor_assets/anorien/SK_GD_Ano_Bracers_A_geo.tpac	Y	parsed
sk_gd_osg_bracer_noble_heavy_a	metamesh	sk	gondor	osg	bracer	noble	a	gondor_assets	gondor_assets/anorien/SK_GD_Ano_Bracers_A_geo.tpac	Y	parsed
sk_gd_osg_bracer_noble_med_a	metamesh	sk	gondor	osg	bracer	noble	a	gondor_assets	gondor_assets/anorien/SK_GD_Ano_Bracers_A_geo.tpac	Y	parsed
sk_gd_osg_inf_chest_elite_a	metamesh	sk	gondor	osg	chest	elite	a	gondor_assets	gondor_assets/anorien/SK_GD_Osg_Chest_A_geo.tpac	Y	parsed
sk_gd_osg_inf_chest_elite_a_slim	metamesh	sk	gondor	osg	chest	elite	-	gondor_assets	gondor_assets/anorien/SK_GD_Osg_Chest_A_geo.tpac	SLIM	parsed
sk_gd_osg_inf_chest_heavy_a	metamesh	sk	gondor	osg	chest	heavy	a	gondor_assets	gondor_assets/anorien/SK_GD_Osg_Chest_A_geo.tpac	Y	parsed
sk_gd_osg_inf_chest_heavy_a_slim	metamesh	sk	gondor	osg	chest	heavy	-	gondor_assets	gondor_assets/anorien/SK_GD_Osg_Chest_A_geo.tpac	SLIM	parsed
sk_gd_osg_inf_chest_heavy_b	metamesh	sk	gondor	osg	chest	heavy	b	gondor_assets	gondor_assets/anorien/SK_GD_Osg_Chest_A_geo.tpac	Y	parsed
sk_gd_osg_inf_chest_heavy_b_slim	metamesh	sk	gondor	osg	chest	heavy	-	gondor_assets	gondor_assets/anorien/SK_GD_Osg_Chest_A_geo.tpac	SLIM	parsed
sk_gd_osg_inf_chest_med_a	metamesh	sk	gondor	osg	chest	med	a	gondor_assets	gondor_assets/anorien/SK_GD_Osg_Chest_A_geo.tpac	Y	parsed
sk_gd_osg_inf_chest_med_a_slim	metamesh	sk	gondor	osg	chest	med	-	gondor_assets	gondor_assets/anorien/SK_GD_Osg_Chest_A_geo.tpac	SLIM	parsed
sk_gd_osg_inf_chest_med_b	metamesh	sk	gondor	osg	chest	med	b	gondor_assets	gondor_assets/anorien/SK_GD_Osg_Chest_A_geo.tpac	Y	parsed
sk_gd_osg_inf_chest_med_b_slim	metamesh	sk	gondor	osg	chest	med	-	gondor_assets	gondor_assets/anorien/SK_GD_Osg_Chest_A_geo.tpac	SLIM	parsed
sk_gd_osg_noble_helmet_heavy_a	metamesh	sk	gondor	osg	helmet	noble	a	gondor_assets	gondor_assets/anorien/SK_GD_Ano_Helmets_Noble_A_geo.tpac	Y	parsed
sk_gd_osg_noble_helmet_heavy_b	metamesh	sk	gondor	osg	helmet	noble	b	gondor_assets	gondor_assets/anorien/SK_GD_Ano_Helmets_Noble_A_geo.tpac	Y	parsed
sk_gd_osg_pauld_cape_inf_elite_a	metamesh	sk	gondor	osg	pauldron	elite	a	gondor_assets	gondor_assets/anorien/SK_GD_Ano_Pauldrons_Inf_A_geo.tpac	Y	parsed
sk_gd_osg_pauld_cape_inf_elite_b	metamesh	sk	gondor	osg	pauldron	elite	b	gondor_assets	gondor_assets/anorien/SK_GD_Ano_Pauldrons_Inf_A_geo.tpac	Y	parsed
sk_gd_osg_pauld_inf_elite_a	metamesh	sk	gondor	osg	pauldron	elite	a	gondor_assets	gondor_assets/anorien/SK_GD_Ano_Pauldrons_Inf_A_geo.tpac	Y	parsed
sk_gd_osg_pauld_inf_heavy_a	metamesh	sk	gondor	osg	pauldron	heavy	a	gondor_assets	gondor_assets/anorien/SK_GD_Ano_Pauldrons_Inf_A_geo.tpac	Y	parsed
sk_gd_osg_pauld_inf_med_a	metamesh	sk	gondor	osg	pauldron	med	a	gondor_assets	gondor_assets/anorien/SK_GD_Ano_Pauldrons_Inf_A_geo.tpac	Y	parsed
sk_gd_osg_ward_helmet_heavy_a	metamesh	sk	gondor	osg	helmet	heavy	a	gondor_assets	gondor_assets/anorien/SK_GD_Ano_Helmets_Noble_A_geo.tpac	Y	parsed
sk_gd_osg_ward_helmet_heavy_b	metamesh	sk	gondor	osg	helmet	heavy	b	gondor_assets	gondor_assets/anorien/SK_GD_Ano_Helmets_Noble_A_geo.tpac	Y	parsed
sk_gd_pin_arc_helmet_heavy_a	metamesh	sk	gondor	pin	helmet	heavy	a	gondor_assets	gondor_assets/pinnath_gelin/SK_GD_Pin_Helmets_Inf_A_geo.tpac	Y	parsed
sk_gd_pin_arc_helmet_heavy_b	metamesh	sk	gondor	pin	helmet	heavy	b	gondor_assets	gondor_assets/pinnath_gelin/SK_GD_Pin_Helmets_Inf_A_geo.tpac	Y	parsed
sk_gd_pin_chainmail_a	metamesh	sk	gondor	pin	chest	-	a	gondor_assets	gondor_assets/pinnath_gelin/SK_GD_Pin_Chest_Inf_A_geo.tpac	Y	parsed
sk_gd_pin_chainmail_a_slim	metamesh	sk	gondor	pin	chest	-	-	gondor_assets	gondor_assets/pinnath_gelin/SK_GD_Pin_Chest_Inf_A_geo.tpac	SLIM	parsed
sk_gd_pin_chainmail_b	metamesh	sk	gondor	pin	chest	-	b	gondor_assets	gondor_assets/pinnath_gelin/SK_GD_Pin_Chest_Inf_A_geo.tpac	Y	parsed
sk_gd_pin_chainmail_b_slim	metamesh	sk	gondor	pin	chest	-	-	gondor_assets	gondor_assets/pinnath_gelin/SK_GD_Pin_Chest_Inf_A_geo.tpac	SLIM	parsed
sk_gd_pin_inf_chest_heavy_a	metamesh	sk	gondor	pin	chest	heavy	a	gondor_assets	gondor_assets/pinnath_gelin/SK_GD_Pin_Chest_Inf_A_geo.tpac	Y	parsed
sk_gd_pin_inf_chest_heavy_a_slim	metamesh	sk	gondor	pin	chest	heavy	-	gondor_assets	gondor_assets/pinnath_gelin/SK_GD_Pin_Chest_Inf_A_geo.tpac	SLIM	parsed
sk_gd_pin_inf_chest_heavy_b	metamesh	sk	gondor	pin	chest	heavy	b	gondor_assets	gondor_assets/pinnath_gelin/SK_GD_Pin_Chest_Inf_A_geo.tpac	Y	parsed
sk_gd_pin_inf_chest_heavy_b_slim	metamesh	sk	gondor	pin	chest	heavy	-	gondor_assets	gondor_assets/pinnath_gelin/SK_GD_Pin_Chest_Inf_A_geo.tpac	SLIM	parsed
sk_gd_pin_inf_chest_med_a	metamesh	sk	gondor	pin	chest	med	a	gondor_assets	gondor_assets/pinnath_gelin/SK_GD_Pin_Chest_Inf_A_geo.tpac	Y	parsed
sk_gd_pin_inf_chest_med_a_slim	metamesh	sk	gondor	pin	chest	med	-	gondor_assets	gondor_assets/pinnath_gelin/SK_GD_Pin_Chest_Inf_A_geo.tpac	SLIM	parsed
sk_gd_pin_inf_chest_med_b	metamesh	sk	gondor	pin	chest	med	b	gondor_assets	gondor_assets/pinnath_gelin/SK_GD_Pin_Chest_Inf_A_geo.tpac	Y	parsed
sk_gd_pin_inf_chest_med_b_slim	metamesh	sk	gondor	pin	chest	med	-	gondor_assets	gondor_assets/pinnath_gelin/SK_GD_Pin_Chest_Inf_A_geo.tpac	SLIM	parsed
sk_gd_pin_inf_helmet_med_a	metamesh	sk	gondor	pin	helmet	med	a	gondor_assets	gondor_assets/pinnath_gelin/SK_GD_Pin_Helmets_Inf_A_geo.tpac	Y	parsed
sk_gd_pin_nob_chest_elite_a	metamesh	sk	gondor	pin	chest	elite	a	gondor_assets	gondor_assets/pinnath_gelin/SK_GD_Pin_Chest_Noble_A_geo.tpac	Y	parsed
sk_gd_pin_nob_chest_elite_a_slim	metamesh	sk	gondor	pin	chest	elite	-	gondor_assets	gondor_assets/pinnath_gelin/SK_GD_Pin_Chest_Noble_A_geo.tpac	SLIM	parsed
sk_gd_pin_nob_chest_elite_b	metamesh	sk	gondor	pin	chest	elite	b	gondor_assets	gondor_assets/pinnath_gelin/SK_GD_Pin_Chest_Noble_A_geo.tpac	Y	parsed
sk_gd_pin_nob_chest_elite_b_slim	metamesh	sk	gondor	pin	chest	elite	-	gondor_assets	gondor_assets/pinnath_gelin/SK_GD_Pin_Chest_Noble_A_geo.tpac	SLIM	parsed
sk_gd_pin_nob_chest_heavy_a	metamesh	sk	gondor	pin	chest	heavy	a	gondor_assets	gondor_assets/pinnath_gelin/SK_GD_Pin_Chest_Noble_A_geo.tpac	Y	parsed
sk_gd_pin_nob_chest_heavy_a_slim	metamesh	sk	gondor	pin	chest	heavy	-	gondor_assets	gondor_assets/pinnath_gelin/SK_GD_Pin_Chest_Noble_A_geo.tpac	SLIM	parsed
sk_gd_pin_nob_chest_med_a	metamesh	sk	gondor	pin	chest	med	a	gondor_assets	gondor_assets/pinnath_gelin/SK_GD_Pin_Chest_Noble_A_geo.tpac	Y	parsed
sk_gd_pin_nob_chest_med_a_slim	metamesh	sk	gondor	pin	chest	med	-	gondor_assets	gondor_assets/pinnath_gelin/SK_GD_Pin_Chest_Noble_A_geo.tpac	SLIM	parsed
sk_gd_pin_nob_chest_med_b	metamesh	sk	gondor	pin	chest	med	b	gondor_assets	gondor_assets/pinnath_gelin/SK_GD_Pin_Chest_Noble_A_geo.tpac	Y	parsed
sk_gd_pin_nob_chest_med_b_slim	metamesh	sk	gondor	pin	chest	med	-	gondor_assets	gondor_assets/pinnath_gelin/SK_GD_Pin_Chest_Noble_A_geo.tpac	SLIM	parsed
sk_gd_pin_noble_cav_helmet_elite_a	metamesh	sk	gondor	pin	helmet	noble	a	gondor_assets	gondor_assets/pinnath_gelin/SK_GD_Pin_Helmets_Noble_A_geo.tpac	Y	parsed
sk_gd_pin_noble_cav_helmet_elite_b	metamesh	sk	gondor	pin	helmet	noble	b	gondor_assets	gondor_assets/pinnath_gelin/SK_GD_Pin_Helmets_Noble_A_geo.tpac	Y	parsed
sk_gd_pin_noble_cav_helmet_heavy_a	metamesh	sk	gondor	pin	helmet	noble	a	gondor_assets	gondor_assets/pinnath_gelin/SK_GD_Pin_Helmets_Noble_A_geo.tpac	Y	parsed
sk_gd_pin_noble_cav_helmet_heavy_b	metamesh	sk	gondor	pin	helmet	noble	b	gondor_assets	gondor_assets/pinnath_gelin/SK_GD_Pin_Helmets_Noble_A_geo.tpac	Y	parsed
sk_gd_pin_noble_chainmail_a	metamesh	sk	gondor	pin	chest	noble	a	gondor_assets	gondor_assets/pinnath_gelin/SK_GD_Pin_Chest_Noble_A_geo.tpac	Y	parsed
sk_gd_pin_noble_chainmail_a_slim	metamesh	sk	gondor	pin	chest	noble	-	gondor_assets	gondor_assets/pinnath_gelin/SK_GD_Pin_Chest_Noble_A_geo.tpac	SLIM	parsed
sk_gd_pin_noble_helmet_elite_a	metamesh	sk	gondor	pin	helmet	noble	a	gondor_assets	gondor_assets/pinnath_gelin/SK_GD_Pin_Helmets_Noble_A_geo.tpac	Y	parsed
sk_gd_pin_noble_helmet_elite_b	metamesh	sk	gondor	pin	helmet	noble	b	gondor_assets	gondor_assets/pinnath_gelin/SK_GD_Pin_Helmets_Noble_A_geo.tpac	Y	parsed
sk_gd_pin_noble_helmet_heavy_a	metamesh	sk	gondor	pin	helmet	noble	a	gondor_assets	gondor_assets/pinnath_gelin/SK_GD_Pin_Helmets_Noble_A_geo.tpac	Y	parsed
sk_gd_pin_noble_helmet_heavy_b	metamesh	sk	gondor	pin	helmet	noble	b	gondor_assets	gondor_assets/pinnath_gelin/SK_GD_Pin_Helmets_Noble_A_geo.tpac	Y	parsed
sk_gd_pin_noble_helmet_med_a	metamesh	sk	gondor	pin	helmet	noble	a	gondor_assets	gondor_assets/pinnath_gelin/SK_GD_Pin_Helmets_Noble_A_geo.tpac	Y	parsed
sk_gd_pin_noble_helmet_med_b	metamesh	sk	gondor	pin	helmet	noble	b	gondor_assets	gondor_assets/pinnath_gelin/SK_GD_Pin_Helmets_Noble_A_geo.tpac	Y	parsed
sk_gd_pin_pauld_cape_noble_elite_a	metamesh	sk	gondor	pin	pauldron	noble	a	gondor_assets	gondor_assets/pinnath_gelin/SK_GD_Pin_Pauldron_Noble_A_geo.tpac	Y	parsed
sk_gd_pin_pauld_noble_elite_a	metamesh	sk	gondor	pin	pauldron	noble	a	gondor_assets	gondor_assets/pinnath_gelin/SK_GD_Pin_Pauldron_Noble_A_geo.tpac	Y	parsed
sk_gd_pin_pauld_noble_heavy_a	metamesh	sk	gondor	pin	pauldron	noble	a	gondor_assets	gondor_assets/pinnath_gelin/SK_GD_Pin_Pauldron_Noble_A_geo.tpac	Y	parsed
sk_gd_pin_pauld_noble_med_a	metamesh	sk	gondor	pin	pauldron	noble	a	gondor_assets	gondor_assets/pinnath_gelin/SK_GD_Pin_Pauldron_Noble_A_geo.tpac	Y	parsed
sk_gd_pin_pauld_noble_med_b	metamesh	sk	gondor	pin	pauldron	noble	b	gondor_assets	gondor_assets/pinnath_gelin/SK_GD_Pin_Pauldron_Noble_A_geo.tpac	Y	parsed
sk_gd_pin_spear_helmet_heavy_a	metamesh	sk	gondor	pin	weapon	heavy	a	gondor_assets	gondor_assets/pinnath_gelin/SK_GD_Pin_Helmets_Inf_A_geo.tpac	Y	parsed
sk_gd_pin_spear_helmet_heavy_b	metamesh	sk	gondor	pin	weapon	heavy	b	gondor_assets	gondor_assets/pinnath_gelin/SK_GD_Pin_Helmets_Inf_A_geo.tpac	Y	parsed
sk_gd_sere_bracer_elite_a	metamesh	sk	gondor	sere	bracer	elite	a	gondor_assets	gondor_assets/anfalas/SK_GD_Sere_Bracers_Noble_A_geo.tpac	Y	parsed
sk_gd_sere_bracer_heavy_a	metamesh	sk	gondor	sere	bracer	heavy	a	gondor_assets	gondor_assets/anfalas/SK_GD_Sere_Bracers_Noble_A_geo.tpac	Y	parsed
sk_gd_sere_bracer_lord_a	metamesh	sk	gondor	sere	bracer	lord	a	gondor_assets	gondor_assets/anfalas/SK_GD_Sere_Bracers_Noble_A_geo.tpac	Y	parsed
sk_gd_sere_bracer_med_a	metamesh	sk	gondor	sere	bracer	med	a	gondor_assets	gondor_assets/anfalas/SK_GD_Sere_Bracers_Noble_A_geo.tpac	Y	parsed
sk_gd_sere_chest_elite_a	metamesh	sk	gondor	sere	chest	elite	a	gondor_assets	gondor_assets/anfalas/SK_GD_Sere_Chest_Noble_A_geo.tpac	Y	parsed
sk_gd_sere_chest_elite_a_slim	metamesh	sk	gondor	sere	chest	elite	-	gondor_assets	gondor_assets/anfalas/SK_GD_Sere_Chest_Noble_A_geo.tpac	SLIM	parsed
sk_gd_sere_chest_heavy_a	metamesh	sk	gondor	sere	chest	heavy	a	gondor_assets	gondor_assets/anfalas/SK_GD_Sere_Chest_Noble_A_geo.tpac	Y	parsed
sk_gd_sere_chest_heavy_a_slim	metamesh	sk	gondor	sere	chest	heavy	-	gondor_assets	gondor_assets/anfalas/SK_GD_Sere_Chest_Noble_A_geo.tpac	SLIM	parsed
sk_gd_sere_chest_heavy_b	metamesh	sk	gondor	sere	chest	heavy	b	gondor_assets	gondor_assets/anfalas/SK_GD_Sere_Chest_Noble_A_geo.tpac	Y	parsed
sk_gd_sere_chest_heavy_b_slim	metamesh	sk	gondor	sere	chest	heavy	-	gondor_assets	gondor_assets/anfalas/SK_GD_Sere_Chest_Noble_A_geo.tpac	SLIM	parsed
sk_gd_sere_chest_med_a	metamesh	sk	gondor	sere	chest	med	a	gondor_assets	gondor_assets/anfalas/SK_GD_Sere_Chest_Noble_A_geo.tpac	Y	parsed
sk_gd_sere_chest_med_a_slim	metamesh	sk	gondor	sere	chest	med	-	gondor_assets	gondor_assets/anfalas/SK_GD_Sere_Chest_Noble_A_geo.tpac	SLIM	parsed
sk_gd_sere_grvs_elite_a	metamesh	sk	gondor	sere	greaves	elite	a	gondor_assets	gondor_assets/anfalas/SK_GD_Sere_Greaves_Noble_A_geo.tpac	Y	parsed
sk_gd_sere_grvs_heavy_a	metamesh	sk	gondor	sere	greaves	heavy	a	gondor_assets	gondor_assets/anfalas/SK_GD_Sere_Greaves_Noble_A_geo.tpac	Y	parsed
sk_gd_sere_grvs_lord_a	metamesh	sk	gondor	sere	greaves	lord	a	gondor_assets	gondor_assets/anfalas/SK_GD_Sere_Greaves_Noble_A_geo.tpac	Y	parsed
sk_gd_sere_grvs_med_a	metamesh	sk	gondor	sere	greaves	med	a	gondor_assets	gondor_assets/anfalas/SK_GD_Sere_Greaves_Noble_A_geo.tpac	Y	parsed
sk_gd_sere_helmet_elite_a	metamesh	sk	gondor	sere	helmet	elite	a	gondor_assets	gondor_assets/anfalas/SK_GD_Sere_Helmets_Noble_A_geo.tpac	Y	parsed
sk_gd_sere_helmet_elite_b	metamesh	sk	gondor	sere	helmet	elite	b	gondor_assets	gondor_assets/anfalas/SK_GD_Sere_Helmets_Noble_A_geo.tpac	Y	parsed
sk_gd_sere_helmet_elite_c	metamesh	sk	gondor	sere	helmet	elite	c	gondor_assets	gondor_assets/anfalas/SK_GD_Sere_Helmets_Noble_A_geo.tpac	Y	parsed
sk_gd_sere_helmet_heavy_a	metamesh	sk	gondor	sere	helmet	heavy	a	gondor_assets	gondor_assets/anfalas/SK_GD_Sere_Helmets_Noble_A_geo.tpac	Y	parsed
sk_gd_sere_pauld_cape_elite_a	metamesh	sk	gondor	sere	pauldron	elite	a	gondor_assets	gondor_assets/anfalas/SK_GD_Sere_Pauldron_Noble_A_geo.tpac	Y	parsed
sk_gd_sere_pauld_cape_heavy_a	metamesh	sk	gondor	sere	pauldron	heavy	a	gondor_assets	gondor_assets/anfalas/SK_GD_Sere_Pauldron_Noble_A_geo.tpac	Y	parsed
sk_gd_sere_pauld_elite_a	metamesh	sk	gondor	sere	pauldron	elite	a	gondor_assets	gondor_assets/anfalas/SK_GD_Sere_Pauldron_Noble_A_geo.tpac	Y	parsed
sk_gd_sere_pauld_heavy_a	metamesh	sk	gondor	sere	pauldron	heavy	a	gondor_assets	gondor_assets/anfalas/SK_GD_Sere_Pauldron_Noble_A_geo.tpac	Y	parsed
sk_gd_sere_pauld_light_a	metamesh	sk	gondor	sere	pauldron	light	a	gondor_assets	gondor_assets/anfalas/SK_GD_Sere_Pauldron_Noble_A_geo.tpac	Y	parsed
sk_gd_sere_pauld_med_a	metamesh	sk	gondor	sere	pauldron	med	a	gondor_assets	gondor_assets/anfalas/SK_GD_Sere_Pauldron_Noble_A_geo.tpac	Y	parsed
sk_gd_vale_cape_a	metamesh	sk	gondor	vale	cape	-	a	gondor_assets	gondor_assets/pinnath_gelin/SK_GD_Vale_Pauldron_A_geo.tpac	Y	parsed
sk_gd_vale_cape_b	metamesh	sk	gondor	vale	cape	-	b	gondor_assets	gondor_assets/pinnath_gelin/SK_GD_Vale_Pauldron_A_geo.tpac	Y	parsed
sk_gd_vale_cape_c	metamesh	sk	gondor	vale	cape	-	c	gondor_assets	gondor_assets/pinnath_gelin/SK_GD_Vale_Pauldron_A_geo.tpac	Y	parsed
sk_gd_vale_chest_heavy_a	metamesh	sk	gondor	vale	chest	heavy	a	gondor_assets	gondor_assets/pinnath_gelin/SK_GD_Vale_Chest_A_geo.tpac	Y	parsed
sk_gd_vale_chest_heavy_a_slim	metamesh	sk	gondor	vale	chest	heavy	-	gondor_assets	gondor_assets/pinnath_gelin/SK_GD_Vale_Chest_A_geo.tpac	SLIM	parsed
sk_gd_vale_chest_heavy_b	metamesh	sk	gondor	vale	chest	heavy	b	gondor_assets	gondor_assets/pinnath_gelin/SK_GD_Vale_Chest_A_geo.tpac	Y	parsed
sk_gd_vale_chest_heavy_b_slim	metamesh	sk	gondor	vale	chest	heavy	-	gondor_assets	gondor_assets/pinnath_gelin/SK_GD_Vale_Chest_A_geo.tpac	SLIM	parsed
sk_gd_vale_chest_heavy_c	metamesh	sk	gondor	vale	chest	heavy	c	gondor_assets	gondor_assets/pinnath_gelin/SK_GD_Vale_Chest_A_geo.tpac	Y	parsed
sk_gd_vale_chest_heavy_c_slim	metamesh	sk	gondor	vale	chest	heavy	-	gondor_assets	gondor_assets/pinnath_gelin/SK_GD_Vale_Chest_A_geo.tpac	SLIM	parsed
sk_gd_vale_chest_med_a	metamesh	sk	gondor	vale	chest	med	a	gondor_assets	gondor_assets/pinnath_gelin/SK_GD_Vale_Chest_A_geo.tpac	Y	parsed
sk_gd_vale_chest_med_a_slim	metamesh	sk	gondor	vale	chest	med	-	gondor_assets	gondor_assets/pinnath_gelin/SK_GD_Vale_Chest_A_geo.tpac	SLIM	parsed
sk_gd_vale_chest_med_b	metamesh	sk	gondor	vale	chest	med	b	gondor_assets	gondor_assets/pinnath_gelin/SK_GD_Vale_Chest_A_geo.tpac	Y	parsed
sk_gd_vale_chest_med_b_slim	metamesh	sk	gondor	vale	chest	med	-	gondor_assets	gondor_assets/pinnath_gelin/SK_GD_Vale_Chest_A_geo.tpac	SLIM	parsed
sk_gd_vale_helmet_elite_a	metamesh	sk	gondor	vale	helmet	elite	a	gondor_assets	gondor_assets/pinnath_gelin/SK_GD_Vale_Helmet_A_geo.tpac	Y	parsed
sk_gd_vale_helmet_elite_b	metamesh	sk	gondor	vale	helmet	elite	b	gondor_assets	gondor_assets/pinnath_gelin/SK_GD_Vale_Helmet_A_geo.tpac	Y	parsed
sk_gd_vale_helmet_heavy_a	metamesh	sk	gondor	vale	helmet	heavy	a	gondor_assets	gondor_assets/pinnath_gelin/SK_GD_Vale_Helmet_A_geo.tpac	Y	parsed
sk_gd_vale_helmet_heavy_b	metamesh	sk	gondor	vale	helmet	heavy	b	gondor_assets	gondor_assets/pinnath_gelin/SK_GD_Vale_Helmet_A_geo.tpac	Y	parsed
sk_gd_vale_helmet_med_a	metamesh	sk	gondor	vale	helmet	med	a	gondor_assets	gondor_assets/pinnath_gelin/SK_GD_Vale_Helmet_A_geo.tpac	Y	parsed
sk_gd_vale_hood_a	metamesh	sk	gondor	vale	helmet	-	a	gondor_assets	gondor_assets/pinnath_gelin/SK_GD_Vale_Helmet_A_geo.tpac	Y	parsed
sk_gd_vale_hood_b	metamesh	sk	gondor	vale	helmet	-	b	gondor_assets	gondor_assets/pinnath_gelin/SK_GD_Vale_Helmet_A_geo.tpac	Y	parsed
sk_gd_vale_pauld_cape_heavy_a	metamesh	sk	gondor	vale	pauldron	heavy	a	gondor_assets	gondor_assets/pinnath_gelin/SK_GD_Vale_Pauldron_A_geo.tpac	Y	parsed
sk_gd_vale_pauld_cape_heavy_b	metamesh	sk	gondor	vale	pauldron	heavy	b	gondor_assets	gondor_assets/pinnath_gelin/SK_GD_Vale_Pauldron_A_geo.tpac	Y	parsed
sk_gd_vale_pauld_cape_med_a	metamesh	sk	gondor	vale	pauldron	med	a	gondor_assets	gondor_assets/pinnath_gelin/SK_GD_Vale_Pauldron_A_geo.tpac	Y	parsed
sk_gd_vale_pauld_heavy_a	metamesh	sk	gondor	vale	pauldron	heavy	a	gondor_assets	gondor_assets/pinnath_gelin/SK_GD_Vale_Pauldron_A_geo.tpac	Y	parsed
sk_gd_vale_pauld_med_a	metamesh	sk	gondor	vale	pauldron	med	a	gondor_assets	gondor_assets/pinnath_gelin/SK_GD_Vale_Pauldron_A_geo.tpac	Y	parsed
sk_gn_orc_arc_helmet_heavy_a	metamesh	sk	orc	orc	helmet	heavy	a	Mordor	Mordor/orc_armors/SK_GN_Orc_Arc_Helmet_A_geo.tpac	Y	parsed
sk_gn_orc_arc_helmet_heavy_b	metamesh	sk	orc	orc	helmet	heavy	b	Mordor	Mordor/orc_armors/SK_GN_Orc_Arc_Helmet_A_geo.tpac	Y	parsed
sk_gn_orc_arc_helmet_heavy_c	metamesh	sk	orc	orc	helmet	heavy	c	Mordor	Mordor/orc_armors/SK_GN_Orc_Arc_Helmet_A_geo.tpac	Y	parsed
sk_gn_orc_arc_helmet_med_a	metamesh	sk	orc	orc	helmet	med	a	Mordor	Mordor/orc_armors/SK_GN_Orc_Arc_Helmet_A_geo.tpac	Y	parsed
sk_gn_orc_arc_helmet_med_b	metamesh	sk	orc	orc	helmet	med	b	Mordor	Mordor/orc_armors/SK_GN_Orc_Arc_Helmet_A_geo.tpac	Y	parsed
sk_gn_orc_arc_helmet_med_c	metamesh	sk	orc	orc	helmet	med	c	Mordor	Mordor/orc_armors/SK_GN_Orc_Arc_Helmet_A_geo.tpac	Y	parsed
sk_gn_orc_brt_helmet_heavy_a	metamesh	sk	orc	orc	helmet	heavy	a	Mordor	Mordor/orc_armors/SK_GN_Orc_Brt_Helmet_A_geo.tpac	Y	parsed
sk_gn_orc_brt_helmet_light_a	metamesh	sk	orc	orc	helmet	light	a	Mordor	Mordor/orc_armors/SK_GN_Orc_Brt_Helmet_A_geo.tpac	Y	parsed
sk_gn_orc_brt_helmet_med_a	metamesh	sk	orc	orc	helmet	med	a	Mordor	Mordor/orc_armors/SK_GN_Orc_Brt_Helmet_A_geo.tpac	Y	parsed
sk_gn_orc_brt_helmet_med_b	metamesh	sk	orc	orc	helmet	med	b	Mordor	Mordor/orc_armors/SK_GN_Orc_Brt_Helmet_A_geo.tpac	Y	parsed
sk_gn_orc_helmet_light_a	metamesh	sk	orc	orc	helmet	light	a	Mordor	Mordor/orc_armors/SK_GN_Orc_Arc_Helmet_A_geo.tpac	Y	parsed
sk_gn_orc_helmet_light_b	metamesh	sk	orc	orc	helmet	light	b	Mordor	Mordor/orc_armors/SK_GN_Orc_Arc_Helmet_A_geo.tpac	Y	parsed
sk_gn_orc_inf_helmet_heavy_a	metamesh	sk	orc	orc	helmet	heavy	a	Mordor	Mordor/orc_armors/SK_GN_Orc_Inf_Helmet_A_geo.tpac	Y	parsed
sk_gn_orc_inf_helmet_heavy_b	metamesh	sk	orc	orc	helmet	heavy	b	Mordor	Mordor/orc_armors/SK_GN_Orc_Inf_Helmet_A_geo.tpac	Y	parsed
sk_gn_orc_inf_helmet_heavy_c	metamesh	sk	orc	orc	helmet	heavy	c	Mordor	Mordor/orc_armors/SK_GN_Orc_Inf_Helmet_A_geo.tpac	Y	parsed
sk_gn_orc_inf_helmet_med_a	metamesh	sk	orc	orc	helmet	med	a	Mordor	Mordor/orc_armors/SK_GN_Orc_Inf_Helmet_A_geo.tpac	Y	parsed
sk_gn_orc_inf_helmet_med_b	metamesh	sk	orc	orc	helmet	med	b	Mordor	Mordor/orc_armors/SK_GN_Orc_Inf_Helmet_A_geo.tpac	Y	parsed
sk_gn_orc_inf_helmet_med_c	metamesh	sk	orc	orc	helmet	med	c	Mordor	Mordor/orc_armors/SK_GN_Orc_Inf_Helmet_A_geo.tpac	Y	parsed
sk_gn_orc_mrd_helmet_light_a	metamesh	sk	orc	orc	helmet	light	a	Mordor	Mordor/orc_armors/SK_GN_Orc_Mrd_Helmet_A_geo.tpac	Y	parsed
sk_gn_orc_mrd_helmet_light_b	metamesh	sk	orc	orc	helmet	light	b	Mordor	Mordor/orc_armors/SK_GN_Orc_Mrd_Helmet_A_geo.tpac	Y	parsed
sk_gn_orc_mrd_helmet_med_a	metamesh	sk	orc	orc	helmet	med	a	Mordor	Mordor/orc_armors/SK_GN_Orc_Mrd_Helmet_A_geo.tpac	Y	parsed
sk_gn_orc_mrd_helmet_med_b	metamesh	sk	orc	orc	helmet	med	b	Mordor	Mordor/orc_armors/SK_GN_Orc_Mrd_Helmet_A_geo.tpac	Y	parsed
sk_gn_orc_pik_helmet_heavy_a	metamesh	sk	orc	orc	helmet	heavy	a	Mordor	Mordor/orc_armors/SK_GN_Orc_Pik_Helmet_A_geo.tpac	Y	parsed
sk_gn_orc_pik_helmet_heavy_b	metamesh	sk	orc	orc	helmet	heavy	b	Mordor	Mordor/orc_armors/SK_GN_Orc_Pik_Helmet_A_geo.tpac	Y	parsed
sk_gn_orc_pik_helmet_med_a	metamesh	sk	orc	orc	helmet	med	a	Mordor	Mordor/orc_armors/SK_GN_Orc_Pik_Helmet_A_geo.tpac	Y	parsed
sk_gn_orc_pik_helmet_med_b	metamesh	sk	orc	orc	helmet	med	b	Mordor	Mordor/orc_armors/SK_GN_Orc_Pik_Helmet_A_geo.tpac	Y	parsed
sk_gn_orc_rdr_helmet_light_a	metamesh	sk	orc	orc	helmet	light	a	Mordor	Mordor/orc_armors/SK_GN_Orc_Rdr_Helmet_A_geo.tpac	Y	parsed
sk_gn_orc_rdr_helmet_light_b	metamesh	sk	orc	orc	helmet	light	b	Mordor	Mordor/orc_armors/SK_GN_Orc_Rdr_Helmet_A_geo.tpac	Y	parsed
sk_gn_orc_rdr_helmet_med_a	metamesh	sk	orc	orc	helmet	med	a	Mordor	Mordor/orc_armors/SK_GN_Orc_Rdr_Helmet_A_geo.tpac	Y	parsed
sk_gn_orc_rdr_helmet_med_b	metamesh	sk	orc	orc	helmet	med	b	Mordor	Mordor/orc_armors/SK_GN_Orc_Rdr_Helmet_A_geo.tpac	Y	parsed
sk_gn_orc_sct_helmet_heavy_a	metamesh	sk	orc	orc	helmet	heavy	a	Mordor	Mordor/orc_armors/SK_GN_Orc_Sct_Helmet_A_geo.tpac	Y	parsed
sk_gn_orc_sct_helmet_heavy_b	metamesh	sk	orc	orc	helmet	heavy	b	Mordor	Mordor/orc_armors/SK_GN_Orc_Sct_Helmet_A_geo.tpac	Y	parsed
sk_gn_orc_sct_helmet_med_a	metamesh	sk	orc	orc	helmet	med	a	Mordor	Mordor/orc_armors/SK_GN_Orc_Sct_Helmet_A_geo.tpac	Y	parsed
sk_gn_orc_sct_helmet_med_b	metamesh	sk	orc	orc	helmet	med	b	Mordor	Mordor/orc_armors/SK_GN_Orc_Sct_Helmet_A_geo.tpac	Y	parsed
sk_gn_orc_sly_helmet_heavy_a	metamesh	sk	orc	orc	helmet	heavy	a	Mordor	Mordor/orc_armors/SK_GN_Orc_Sly_Helmet_A_geo.tpac	Y	parsed
sk_gn_orc_sly_helmet_heavy_b	metamesh	sk	orc	orc	helmet	heavy	b	Mordor	Mordor/orc_armors/SK_GN_Orc_Sly_Helmet_A_geo.tpac	Y	parsed
sk_gn_orc_sly_helmet_med_a	metamesh	sk	orc	orc	helmet	med	a	Mordor	Mordor/orc_armors/SK_GN_Orc_Sly_Helmet_A_geo.tpac	Y	parsed
sk_gn_orc_sly_helmet_med_b	metamesh	sk	orc	orc	helmet	med	b	Mordor	Mordor/orc_armors/SK_GN_Orc_Sly_Helmet_A_geo.tpac	Y	parsed
sk_gn_orc_vgd_helmet_heavy_a	metamesh	sk	orc	orc	helmet	heavy	a	Mordor	Mordor/orc_armors/SK_GN_Orc_Vgd_Helmet_A_geo.tpac	Y	parsed
sk_gn_orc_vgd_helmet_heavy_b	metamesh	sk	orc	orc	helmet	heavy	b	Mordor	Mordor/orc_armors/SK_GN_Orc_Vgd_Helmet_A_geo.tpac	Y	parsed
sk_gn_orc_vgd_helmet_med_a	metamesh	sk	orc	orc	helmet	med	a	Mordor	Mordor/orc_armors/SK_GN_Orc_Vgd_Helmet_A_geo.tpac	Y	parsed
sk_gn_orc_vgd_helmet_med_b	metamesh	sk	orc	orc	helmet	med	b	Mordor	Mordor/orc_armors/SK_GN_Orc_Vgd_Helmet_A_geo.tpac	Y	parsed
sk_goblin_basemesh_a_body	metamesh	sk	goblin	-	body	-	-	Race Test	Race Test/Mordor/Goblin/SK_Goblin_Basemesh_A_geo.tpac	Y	parsed
sk_goblin_basemesh_a_hands	metamesh	sk	goblin	-	body	-	-	Race Test	Race Test/Mordor/Goblin/SK_Goblin_Basemesh_A_geo.tpac	Y	parsed
sk_goblin_basemesh_a_head	metamesh	sk	goblin	-	body	-	-	Race Test	Race Test/Mordor/Goblin/SK_Goblin_Basemesh_A_geo.tpac	Y	parsed
sk_goblin_basemesh_a_legs	metamesh	sk	goblin	-	body	-	-	Race Test	Race Test/Mordor/Goblin/SK_Goblin_Basemesh_A_geo.tpac	Y	parsed
sk_guldur_uruk_bm_a_body	metamesh	sk	dol_guldur	uruk	body	-	-	Race Test	Race Test/Dol Guldur/SK_DG_Guldur_Uruk_Basemesh_A_geo.tpac	Y	parsed
sk_guldur_uruk_bm_a_full	metamesh	sk	dol_guldur	uruk	body	full	-	Race Test	Race Test/Dol Guldur/SK_DG_Guldur_Uruk_Basemesh_A_geo.tpac	N	parsed
sk_guldur_uruk_bm_a_hand	metamesh	sk	dol_guldur	uruk	body	-	-	Race Test	Race Test/Dol Guldur/SK_DG_Guldur_Uruk_Basemesh_A_geo.tpac	Y	parsed
sk_guldur_uruk_bm_a_head	metamesh	sk	dol_guldur	uruk	body	-	-	Race Test	Race Test/Dol Guldur/SK_DG_Guldur_Uruk_Basemesh_A_geo.tpac	Y	parsed
sk_guldur_uruk_bm_a_legs	metamesh	sk	dol_guldur	uruk	body	-	-	Race Test	Race Test/Dol Guldur/SK_DG_Guldur_Uruk_Basemesh_A_geo.tpac	Y	parsed
sk_guldur_uruk_bm_a_shoulder	metamesh	sk	dol_guldur	uruk	body	-	-	Race Test	Race Test/Dol Guldur/SK_DG_Guldur_Uruk_Basemesh_A_geo.tpac	Y	parsed
sk_hands_male_a	metamesh	sk	isengard	-	body	-	a	Race Test	Race Test/Saruman/saruman_delivery_2026.03.16_geo.tpac	Y	parsed
sk_hd_elep_armor_elite_a	metamesh	sk	harad	elep	chest	elite	a	creature	creature/elephant/mesh/SK_Elephant_Armor_Variations_geo.tpac	N	parsed
sk_hd_elep_armor_heavy_a	metamesh	sk	harad	elep	chest	heavy	a	creature	creature/elephant/mesh/SK_Elephant_Armor_Variations_geo.tpac	N	parsed
sk_hd_elep_armor_howdah_elite_a	metamesh	sk	harad	elep	chest	elite	a	creature	creature/elephant/mesh/SK_Elephant_Armor_Variations_geo.tpac	N	parsed
sk_hd_elep_armor_howdah_heavy_a	metamesh	sk	harad	elep	chest	heavy	a	creature	creature/elephant/mesh/SK_Elephant_Armor_Variations_geo.tpac	N	parsed
sk_hd_elep_armor_howdah_med_a	metamesh	sk	harad	elep	chest	med	a	creature	creature/elephant/mesh/SK_Elephant_Armor_Variations_geo.tpac	N	parsed
sk_hd_elep_armor_med_a	metamesh	sk	harad	elep	chest	med	a	creature	creature/elephant/mesh/SK_Elephant_Armor_Variations_geo.tpac	N	parsed
sk_is_orc_arc_helmet_heavy_a	metamesh	sk	isengard	orc	helmet	heavy	a	Mordor	Mordor/orc_armors/SK_GN_Orc_Arc_Helmet_A_geo.tpac	Y	parsed
sk_is_orc_arc_helmet_med_a	metamesh	sk	isengard	orc	helmet	med	a	Mordor	Mordor/orc_armors/SK_GN_Orc_Arc_Helmet_A_geo.tpac	Y	parsed
sk_is_orc_brt_helmet_heavy_a	metamesh	sk	isengard	orc	helmet	heavy	a	Mordor	Mordor/orc_armors/SK_GN_Orc_Brt_Helmet_A_geo.tpac	Y	parsed
sk_is_orc_brt_helmet_light_a	metamesh	sk	isengard	orc	helmet	light	a	Mordor	Mordor/orc_armors/SK_GN_Orc_Brt_Helmet_A_geo.tpac	Y	parsed
sk_is_orc_brt_helmet_med_a	metamesh	sk	isengard	orc	helmet	med	a	Mordor	Mordor/orc_armors/SK_GN_Orc_Brt_Helmet_A_geo.tpac	Y	parsed
sk_is_orc_inf_helmet_heavy_a	metamesh	sk	isengard	orc	helmet	heavy	a	Mordor	Mordor/orc_armors/SK_GN_Orc_Inf_Helmet_A_geo.tpac	Y	parsed
sk_is_orc_inf_helmet_med_a	metamesh	sk	isengard	orc	helmet	med	a	Mordor	Mordor/orc_armors/SK_GN_Orc_Inf_Helmet_A_geo.tpac	Y	parsed
sk_is_orc_mrd_helmet_light_a	metamesh	sk	isengard	orc	helmet	light	a	Mordor	Mordor/orc_armors/SK_GN_Orc_Mrd_Helmet_A_geo.tpac	Y	parsed
sk_is_orc_mrd_helmet_med_a	metamesh	sk	isengard	orc	helmet	med	a	Mordor	Mordor/orc_armors/SK_GN_Orc_Mrd_Helmet_A_geo.tpac	Y	parsed
sk_is_orc_sly_helmet_heavy_a	metamesh	sk	isengard	orc	helmet	heavy	a	Mordor	Mordor/orc_armors/SK_GN_Orc_Sly_Helmet_A_geo.tpac	Y	parsed
sk_is_orc_sly_helmet_med_a	metamesh	sk	isengard	orc	helmet	med	a	Mordor	Mordor/orc_armors/SK_GN_Orc_Sly_Helmet_A_geo.tpac	Y	parsed
sk_is_orc_vgd_helmet_heavy_a	metamesh	sk	isengard	orc	helmet	heavy	a	Mordor	Mordor/orc_armors/SK_GN_Orc_Vgd_Helmet_A_geo.tpac	Y	parsed
sk_is_orc_vgd_helmet_med_a	metamesh	sk	isengard	orc	helmet	med	a	Mordor	Mordor/orc_armors/SK_GN_Orc_Vgd_Helmet_A_geo.tpac	Y	parsed
sk_md_mor_arc_bracer_heavy_a	metamesh	sk	mordor	mor	bracer	heavy	a	Mordor	Mordor/morannon_armors/SK_MD_Mor_Bracer_A_geo.tpac	Y	parsed
sk_md_mor_arc_bracer_heavy_b	metamesh	sk	mordor	mor	bracer	heavy	b	Mordor	Mordor/morannon_armors/SK_MD_Mor_Bracer_A_geo.tpac	Y	parsed
sk_md_mor_arc_bracer_light_a	metamesh	sk	mordor	mor	bracer	light	a	Mordor	Mordor/morannon_armors/SK_MD_Mor_Bracer_A_geo.tpac	Y	parsed
sk_md_mor_arc_bracer_light_b	metamesh	sk	mordor	mor	bracer	light	b	Mordor	Mordor/morannon_armors/SK_MD_Mor_Bracer_A_geo.tpac	Y	parsed
sk_md_mor_arc_bracer_med_a	metamesh	sk	mordor	mor	bracer	med	a	Mordor	Mordor/morannon_armors/SK_MD_Mor_Bracer_A_geo.tpac	Y	parsed
sk_md_mor_arc_bracer_med_b	metamesh	sk	mordor	mor	bracer	med	b	Mordor	Mordor/morannon_armors/SK_MD_Mor_Bracer_A_geo.tpac	Y	parsed
sk_md_mor_arc_chest_heavy_a	metamesh	sk	mordor	mor	chest	heavy	a	Mordor	Mordor/morannon_armors/SK_MD_Mor_Arc_Chest_A_geo.tpac	Y	parsed
sk_md_mor_arc_chest_heavy_b	metamesh	sk	mordor	mor	chest	heavy	b	Mordor	Mordor/morannon_armors/SK_MD_Mor_Arc_Chest_A_geo.tpac	Y	parsed
sk_md_mor_arc_chest_heavy_c	metamesh	sk	mordor	mor	chest	heavy	c	Mordor	Mordor/morannon_armors/SK_MD_Mor_Arc_Chest_A_geo.tpac	Y	parsed
sk_md_mor_arc_chest_heavy_d	metamesh	sk	mordor	mor	chest	heavy	d	Mordor	Mordor/morannon_armors/SK_MD_Mor_Arc_Chest_A_geo.tpac	Y	parsed
sk_md_mor_arc_chest_light_a	metamesh	sk	mordor	mor	chest	light	a	Mordor	Mordor/morannon_armors/SK_MD_Mor_Arc_Chest_A_geo.tpac	Y	parsed
sk_md_mor_arc_chest_light_b	metamesh	sk	mordor	mor	chest	light	b	Mordor	Mordor/morannon_armors/SK_MD_Mor_Arc_Chest_A_geo.tpac	Y	parsed
sk_md_mor_arc_chest_med_a	metamesh	sk	mordor	mor	chest	med	a	Mordor	Mordor/morannon_armors/SK_MD_Mor_Arc_Chest_A_geo.tpac	Y	parsed
sk_md_mor_arc_chest_med_b	metamesh	sk	mordor	mor	chest	med	b	Mordor	Mordor/morannon_armors/SK_MD_Mor_Arc_Chest_A_geo.tpac	Y	parsed
sk_md_mor_arc_chest_med_c	metamesh	sk	mordor	mor	chest	med	c	Mordor	Mordor/morannon_armors/SK_MD_Mor_Arc_Chest_A_geo.tpac	Y	parsed
sk_md_mor_arc_chest_med_d	metamesh	sk	mordor	mor	chest	med	d	Mordor	Mordor/morannon_armors/SK_MD_Mor_Arc_Chest_A_geo.tpac	Y	parsed
sk_md_mor_arc_helmet_elite_a	metamesh	sk	mordor	mor	helmet	elite	a	Mordor	Mordor/morannon_armors/SK_MD_Mor_Helmets_A_geo.tpac	Y	parsed
sk_md_mor_arc_helmet_elite_b	metamesh	sk	mordor	mor	helmet	elite	b	Mordor	Mordor/morannon_armors/SK_MD_Mor_Helmets_A_geo.tpac	Y	parsed
sk_md_mor_arc_helmet_heavy_a	metamesh	sk	mordor	mor	helmet	heavy	a	Mordor	Mordor/morannon_armors/SK_MD_Mor_Helmets_A_geo.tpac	Y	parsed
sk_md_mor_arc_helmet_heavy_b	metamesh	sk	mordor	mor	helmet	heavy	b	Mordor	Mordor/morannon_armors/SK_MD_Mor_Helmets_A_geo.tpac	Y	parsed
sk_md_mor_arc_helmet_heavy_c	metamesh	sk	mordor	mor	helmet	heavy	c	Mordor	Mordor/morannon_armors/SK_MD_Mor_Helmets_A_geo.tpac	Y	parsed
sk_md_mor_arc_helmet_light_a	metamesh	sk	mordor	mor	helmet	light	a	Mordor	Mordor/morannon_armors/SK_MD_Mor_Helmets_A_geo.tpac	Y	parsed
sk_md_mor_arc_helmet_light_b	metamesh	sk	mordor	mor	helmet	light	b	Mordor	Mordor/morannon_armors/SK_MD_Mor_Helmets_A_geo.tpac	Y	parsed
sk_md_mor_arc_helmet_light_c	metamesh	sk	mordor	mor	helmet	light	c	Mordor	Mordor/morannon_armors/SK_MD_Mor_Helmets_A_geo.tpac	Y	parsed
sk_md_mor_arc_helmet_med_a	metamesh	sk	mordor	mor	helmet	med	a	Mordor	Mordor/morannon_armors/SK_MD_Mor_Helmets_A_geo.tpac	Y	parsed
sk_md_mor_arc_helmet_med_b	metamesh	sk	mordor	mor	helmet	med	b	Mordor	Mordor/morannon_armors/SK_MD_Mor_Helmets_A_geo.tpac	Y	parsed
sk_md_mor_arc_helmet_med_c	metamesh	sk	mordor	mor	helmet	med	c	Mordor	Mordor/morannon_armors/SK_MD_Mor_Helmets_A_geo.tpac	Y	parsed
sk_md_mor_arc_pauld_heavy_a	metamesh	sk	mordor	mor	pauldron	heavy	a	Mordor	Mordor/morannon_armors/SK_MD_Mor_Pauldron_A_geo.tpac	Y	parsed
sk_md_mor_arc_pauld_heavy_b	metamesh	sk	mordor	mor	pauldron	heavy	b	Mordor	Mordor/morannon_armors/SK_MD_Mor_Pauldron_A_geo.tpac	Y	parsed
sk_md_mor_arc_pauld_light_a	metamesh	sk	mordor	mor	pauldron	light	a	Mordor	Mordor/morannon_armors/SK_MD_Mor_Pauldron_A_geo.tpac	Y	parsed
sk_md_mor_arc_pauld_light_b	metamesh	sk	mordor	mor	pauldron	light	b	Mordor	Mordor/morannon_armors/SK_MD_Mor_Pauldron_A_geo.tpac	Y	parsed
sk_md_mor_arc_pauld_med_a	metamesh	sk	mordor	mor	pauldron	med	a	Mordor	Mordor/morannon_armors/SK_MD_Mor_Pauldron_A_geo.tpac	Y	parsed
sk_md_mor_arc_pauld_med_b	metamesh	sk	mordor	mor	pauldron	med	b	Mordor	Mordor/morannon_armors/SK_MD_Mor_Pauldron_A_geo.tpac	Y	parsed
sk_md_mor_grvs_heavy_a	metamesh	sk	mordor	mor	greaves	heavy	a	Mordor	Mordor/morannon_armors/SK_MD_Mor_Greaves_A_geo.tpac	Y	parsed
sk_md_mor_grvs_heavy_b	metamesh	sk	mordor	mor	greaves	heavy	b	Mordor	Mordor/morannon_armors/SK_MD_Mor_Greaves_A_geo.tpac	Y	parsed
sk_md_mor_grvs_heavy_c	metamesh	sk	mordor	mor	greaves	heavy	c	Mordor	Mordor/morannon_armors/SK_MD_Mor_Greaves_A_geo.tpac	Y	parsed
sk_md_mor_grvs_light_a	metamesh	sk	mordor	mor	greaves	light	a	Mordor	Mordor/morannon_armors/SK_MD_Mor_Greaves_A_geo.tpac	Y	parsed
sk_md_mor_grvs_light_b	metamesh	sk	mordor	mor	greaves	light	b	Mordor	Mordor/morannon_armors/SK_MD_Mor_Greaves_A_geo.tpac	Y	parsed
sk_md_mor_grvs_light_c	metamesh	sk	mordor	mor	greaves	light	c	Mordor	Mordor/morannon_armors/SK_MD_Mor_Greaves_A_geo.tpac	Y	parsed
sk_md_mor_grvs_med_a	metamesh	sk	mordor	mor	greaves	med	a	Mordor	Mordor/morannon_armors/SK_MD_Mor_Greaves_A_geo.tpac	Y	parsed
sk_md_mor_grvs_med_b	metamesh	sk	mordor	mor	greaves	med	b	Mordor	Mordor/morannon_armors/SK_MD_Mor_Greaves_A_geo.tpac	Y	parsed
sk_md_mor_grvs_med_c	metamesh	sk	mordor	mor	greaves	med	c	Mordor	Mordor/morannon_armors/SK_MD_Mor_Greaves_A_geo.tpac	Y	parsed
sk_md_mor_inf_bracer_heavy_a	metamesh	sk	mordor	mor	bracer	heavy	a	Mordor	Mordor/morannon_armors/SK_MD_Mor_Bracer_A_geo.tpac	Y	parsed
sk_md_mor_inf_bracer_heavy_b	metamesh	sk	mordor	mor	bracer	heavy	b	Mordor	Mordor/morannon_armors/SK_MD_Mor_Bracer_A_geo.tpac	Y	parsed
sk_md_mor_inf_bracer_light_a	metamesh	sk	mordor	mor	bracer	light	a	Mordor	Mordor/morannon_armors/SK_MD_Mor_Bracer_A_geo.tpac	Y	parsed
sk_md_mor_inf_bracer_light_b	metamesh	sk	mordor	mor	bracer	light	b	Mordor	Mordor/morannon_armors/SK_MD_Mor_Bracer_A_geo.tpac	Y	parsed
sk_md_mor_inf_bracer_med_a	metamesh	sk	mordor	mor	bracer	med	a	Mordor	Mordor/morannon_armors/SK_MD_Mor_Bracer_A_geo.tpac	Y	parsed
sk_md_mor_inf_bracer_med_b	metamesh	sk	mordor	mor	bracer	med	b	Mordor	Mordor/morannon_armors/SK_MD_Mor_Bracer_A_geo.tpac	Y	parsed
sk_md_mor_inf_chest_heavy_a	metamesh	sk	mordor	mor	chest	heavy	a	Mordor	Mordor/morannon_armors/SK_MD_Mor_Inf_Chest_A_geo.tpac	Y	parsed
sk_md_mor_inf_chest_heavy_b	metamesh	sk	mordor	mor	chest	heavy	b	Mordor	Mordor/morannon_armors/SK_MD_Mor_Inf_Chest_A_geo.tpac	Y	parsed
sk_md_mor_inf_chest_heavy_c	metamesh	sk	mordor	mor	chest	heavy	c	Mordor	Mordor/morannon_armors/SK_MD_Mor_Inf_Chest_A_geo.tpac	Y	parsed
sk_md_mor_inf_chest_heavy_d	metamesh	sk	mordor	mor	chest	heavy	d	Mordor	Mordor/morannon_armors/SK_MD_Mor_Inf_Chest_A_geo.tpac	Y	parsed
sk_md_mor_inf_chest_light_a	metamesh	sk	mordor	mor	chest	light	a	Mordor	Mordor/morannon_armors/SK_MD_Mor_Inf_Chest_A_geo.tpac	Y	parsed
sk_md_mor_inf_chest_light_b	metamesh	sk	mordor	mor	chest	light	b	Mordor	Mordor/morannon_armors/SK_MD_Mor_Inf_Chest_A_geo.tpac	Y	parsed
sk_md_mor_inf_chest_med_a	metamesh	sk	mordor	mor	chest	med	a	Mordor	Mordor/morannon_armors/SK_MD_Mor_Inf_Chest_A_geo.tpac	Y	parsed
sk_md_mor_inf_chest_med_b	metamesh	sk	mordor	mor	chest	med	b	Mordor	Mordor/morannon_armors/SK_MD_Mor_Inf_Chest_A_geo.tpac	Y	parsed
sk_md_mor_inf_chest_med_c	metamesh	sk	mordor	mor	chest	med	c	Mordor	Mordor/morannon_armors/SK_MD_Mor_Inf_Chest_A_geo.tpac	Y	parsed
sk_md_mor_inf_chest_med_d	metamesh	sk	mordor	mor	chest	med	d	Mordor	Mordor/morannon_armors/SK_MD_Mor_Inf_Chest_A_geo.tpac	Y	parsed
sk_md_mor_inf_helmet_elite_a	metamesh	sk	mordor	mor	helmet	elite	a	Mordor	Mordor/morannon_armors/SK_MD_Mor_Helmets_A_geo.tpac	Y	parsed
sk_md_mor_inf_helmet_elite_b	metamesh	sk	mordor	mor	helmet	elite	b	Mordor	Mordor/morannon_armors/SK_MD_Mor_Helmets_A_geo.tpac	Y	parsed
sk_md_mor_inf_helmet_heavy_a	metamesh	sk	mordor	mor	helmet	heavy	a	Mordor	Mordor/morannon_armors/SK_MD_Mor_Helmets_A_geo.tpac	Y	parsed
sk_md_mor_inf_helmet_heavy_b	metamesh	sk	mordor	mor	helmet	heavy	b	Mordor	Mordor/morannon_armors/SK_MD_Mor_Helmets_A_geo.tpac	Y	parsed
sk_md_mor_inf_helmet_heavy_c	metamesh	sk	mordor	mor	helmet	heavy	c	Mordor	Mordor/morannon_armors/SK_MD_Mor_Helmets_A_geo.tpac	Y	parsed
sk_md_mor_inf_helmet_light_a	metamesh	sk	mordor	mor	helmet	light	a	Mordor	Mordor/morannon_armors/SK_MD_Mor_Helmets_A_geo.tpac	Y	parsed
sk_md_mor_inf_helmet_light_b	metamesh	sk	mordor	mor	helmet	light	b	Mordor	Mordor/morannon_armors/SK_MD_Mor_Helmets_A_geo.tpac	Y	parsed
sk_md_mor_inf_helmet_light_c	metamesh	sk	mordor	mor	helmet	light	c	Mordor	Mordor/morannon_armors/SK_MD_Mor_Helmets_A_geo.tpac	Y	parsed
sk_md_mor_inf_helmet_med_a	metamesh	sk	mordor	mor	helmet	med	a	Mordor	Mordor/morannon_armors/SK_MD_Mor_Helmets_A_geo.tpac	Y	parsed
sk_md_mor_inf_helmet_med_b	metamesh	sk	mordor	mor	helmet	med	b	Mordor	Mordor/morannon_armors/SK_MD_Mor_Helmets_A_geo.tpac	Y	parsed
sk_md_mor_inf_helmet_med_c	metamesh	sk	mordor	mor	helmet	med	c	Mordor	Mordor/morannon_armors/SK_MD_Mor_Helmets_A_geo.tpac	Y	parsed
sk_md_mor_inf_pauld_heavy_a	metamesh	sk	mordor	mor	pauldron	heavy	a	Mordor	Mordor/morannon_armors/SK_MD_Mor_Pauldron_A_geo.tpac	Y	parsed
sk_md_mor_inf_pauld_heavy_b	metamesh	sk	mordor	mor	pauldron	heavy	b	Mordor	Mordor/morannon_armors/SK_MD_Mor_Pauldron_A_geo.tpac	Y	parsed
sk_md_mor_inf_pauld_light_a	metamesh	sk	mordor	mor	pauldron	light	a	Mordor	Mordor/morannon_armors/SK_MD_Mor_Pauldron_A_geo.tpac	Y	parsed
sk_md_mor_inf_pauld_light_b	metamesh	sk	mordor	mor	pauldron	light	b	Mordor	Mordor/morannon_armors/SK_MD_Mor_Pauldron_A_geo.tpac	Y	parsed
sk_md_mor_inf_pauld_med_a	metamesh	sk	mordor	mor	pauldron	med	a	Mordor	Mordor/morannon_armors/SK_MD_Mor_Pauldron_A_geo.tpac	Y	parsed
sk_md_mor_inf_pauld_med_b	metamesh	sk	mordor	mor	pauldron	med	b	Mordor	Mordor/morannon_armors/SK_MD_Mor_Pauldron_A_geo.tpac	Y	parsed
sk_md_mor_pik_helmet_elite_a	metamesh	sk	mordor	mor	helmet	elite	a	Mordor	Mordor/morannon_armors/SK_MD_Mor_Helmets_A_geo.tpac	Y	parsed
sk_md_mor_pik_helmet_elite_b	metamesh	sk	mordor	mor	helmet	elite	b	Mordor	Mordor/morannon_armors/SK_MD_Mor_Helmets_A_geo.tpac	Y	parsed
sk_md_mor_pik_helmet_heavy_a	metamesh	sk	mordor	mor	helmet	heavy	a	Mordor	Mordor/morannon_armors/SK_MD_Mor_Helmets_A_geo.tpac	Y	parsed
sk_md_mor_pik_helmet_heavy_b	metamesh	sk	mordor	mor	helmet	heavy	b	Mordor	Mordor/morannon_armors/SK_MD_Mor_Helmets_A_geo.tpac	Y	parsed
sk_md_mor_pik_helmet_heavy_c	metamesh	sk	mordor	mor	helmet	heavy	c	Mordor	Mordor/morannon_armors/SK_MD_Mor_Helmets_A_geo.tpac	Y	parsed
sk_md_mor_pik_helmet_light_a	metamesh	sk	mordor	mor	helmet	light	a	Mordor	Mordor/morannon_armors/SK_MD_Mor_Helmets_A_geo.tpac	Y	parsed
sk_md_mor_pik_helmet_light_b	metamesh	sk	mordor	mor	helmet	light	b	Mordor	Mordor/morannon_armors/SK_MD_Mor_Helmets_A_geo.tpac	Y	parsed
sk_md_mor_pik_helmet_light_c	metamesh	sk	mordor	mor	helmet	light	c	Mordor	Mordor/morannon_armors/SK_MD_Mor_Helmets_A_geo.tpac	Y	parsed
sk_md_mor_pik_helmet_med_a	metamesh	sk	mordor	mor	helmet	med	a	Mordor	Mordor/morannon_armors/SK_MD_Mor_Helmets_A_geo.tpac	Y	parsed
sk_md_mor_pik_helmet_med_b	metamesh	sk	mordor	mor	helmet	med	b	Mordor	Mordor/morannon_armors/SK_MD_Mor_Helmets_A_geo.tpac	Y	parsed
sk_md_mor_pik_helmet_med_c	metamesh	sk	mordor	mor	helmet	med	c	Mordor	Mordor/morannon_armors/SK_MD_Mor_Helmets_A_geo.tpac	Y	parsed
sk_md_mor_pik_pauld_heavy_a	metamesh	sk	mordor	mor	pauldron	heavy	a	Mordor	Mordor/morannon_armors/SK_MD_Mor_Pauldron_A_geo.tpac	Y	parsed
sk_md_mor_pik_pauld_heavy_b	metamesh	sk	mordor	mor	pauldron	heavy	b	Mordor	Mordor/morannon_armors/SK_MD_Mor_Pauldron_A_geo.tpac	Y	parsed
sk_md_mor_pik_pauld_light_a	metamesh	sk	mordor	mor	pauldron	light	a	Mordor	Mordor/morannon_armors/SK_MD_Mor_Pauldron_A_geo.tpac	Y	parsed
sk_md_mor_pik_pauld_light_b	metamesh	sk	mordor	mor	pauldron	light	b	Mordor	Mordor/morannon_armors/SK_MD_Mor_Pauldron_A_geo.tpac	Y	parsed
sk_md_mor_pik_pauld_med_a	metamesh	sk	mordor	mor	pauldron	med	a	Mordor	Mordor/morannon_armors/SK_MD_Mor_Pauldron_A_geo.tpac	Y	parsed
sk_md_mor_pik_pauld_med_b	metamesh	sk	mordor	mor	pauldron	med	b	Mordor	Mordor/morannon_armors/SK_MD_Mor_Pauldron_A_geo.tpac	Y	parsed
sk_md_num_arc_bracer_elite_a	metamesh	sk	mordor	num	bracer	elite	a	Mordor	Mordor/black_num_armors/SK_MD_Num_Arc_Bracers_A_geo.tpac	Y	parsed
sk_md_num_arc_bracer_heavy_a	metamesh	sk	mordor	num	bracer	heavy	a	Mordor	Mordor/black_num_armors/SK_MD_Num_Arc_Bracers_A_geo.tpac	Y	parsed
sk_md_num_arc_bracer_lord_a	metamesh	sk	mordor	num	bracer	lord	a	Mordor	Mordor/black_num_armors/SK_MD_Num_Arc_Bracers_A_geo.tpac	Y	parsed
sk_md_num_arc_bracer_med_a	metamesh	sk	mordor	num	bracer	med	a	Mordor	Mordor/black_num_armors/SK_MD_Num_Arc_Bracers_A_geo.tpac	Y	parsed
sk_md_num_cav_helmet_elite_a	metamesh	sk	mordor	num	helmet	elite	a	Mordor	Mordor/black_num_armors/SK_MD_Num_Inf_Helmets_A_geo.tpac	Y	parsed
sk_md_num_cav_helmet_elite_b	metamesh	sk	mordor	num	helmet	elite	b	Mordor	Mordor/black_num_armors/SK_MD_Num_Inf_Helmets_A_geo.tpac	Y	parsed
sk_md_num_cav_helmet_heavy_a	metamesh	sk	mordor	num	helmet	heavy	a	Mordor	Mordor/black_num_armors/SK_MD_Num_Inf_Helmets_A_geo.tpac	Y	parsed
sk_md_num_cav_helmet_heavy_b	metamesh	sk	mordor	num	helmet	heavy	b	Mordor	Mordor/black_num_armors/SK_MD_Num_Inf_Helmets_A_geo.tpac	Y	parsed
sk_md_num_cav_helmet_lord_a	metamesh	sk	mordor	num	helmet	lord	a	Mordor	Mordor/black_num_armors/SK_MD_Num_Inf_Helmets_A_geo.tpac	Y	parsed
sk_md_num_cav_helmet_lord_b	metamesh	sk	mordor	num	helmet	lord	b	Mordor	Mordor/black_num_armors/SK_MD_Num_Inf_Helmets_A_geo.tpac	Y	parsed
sk_md_num_cav_helmet_med_a	metamesh	sk	mordor	num	helmet	med	a	Mordor	Mordor/black_num_armors/SK_MD_Num_Inf_Helmets_A_geo.tpac	Y	parsed
sk_md_num_hood_a	metamesh	sk	mordor	num	helmet	-	a	Mordor	Mordor/black_num_armors/SK_MD_Num_Arc_Helmets_A_geo.tpac	Y	parsed
sk_md_num_hood_b	metamesh	sk	mordor	num	helmet	-	b	Mordor	Mordor/black_num_armors/SK_MD_Num_Arc_Helmets_A_geo.tpac	Y	parsed
sk_md_num_hood_elite_a	metamesh	sk	mordor	num	helmet	elite	a	Mordor	Mordor/black_num_armors/SK_MD_Num_Arc_Helmets_A_geo.tpac	Y	parsed
sk_md_num_hood_elite_b	metamesh	sk	mordor	num	helmet	elite	b	Mordor	Mordor/black_num_armors/SK_MD_Num_Arc_Helmets_A_geo.tpac	Y	parsed
sk_md_num_hood_elite_c	metamesh	sk	mordor	num	helmet	elite	c	Mordor	Mordor/black_num_armors/SK_MD_Num_Arc_Helmets_A_geo.tpac	Y	parsed
sk_md_num_hood_elite_d	metamesh	sk	mordor	num	helmet	elite	d	Mordor	Mordor/black_num_armors/SK_MD_Num_Arc_Helmets_A_geo.tpac	Y	parsed
sk_md_num_hood_heavy_a	metamesh	sk	mordor	num	helmet	heavy	a	Mordor	Mordor/black_num_armors/SK_MD_Num_Arc_Helmets_A_geo.tpac	Y	parsed
sk_md_num_hood_heavy_b	metamesh	sk	mordor	num	helmet	heavy	b	Mordor	Mordor/black_num_armors/SK_MD_Num_Arc_Helmets_A_geo.tpac	Y	parsed
sk_md_num_hood_heavy_c	metamesh	sk	mordor	num	helmet	heavy	c	Mordor	Mordor/black_num_armors/SK_MD_Num_Arc_Helmets_A_geo.tpac	Y	parsed
sk_md_num_hood_heavy_d	metamesh	sk	mordor	num	helmet	heavy	d	Mordor	Mordor/black_num_armors/SK_MD_Num_Arc_Helmets_A_geo.tpac	Y	parsed
sk_md_num_hood_light_a	metamesh	sk	mordor	num	helmet	light	a	Mordor	Mordor/black_num_armors/SK_MD_Num_Arc_Helmets_A_geo.tpac	Y	parsed
sk_md_num_hood_light_b	metamesh	sk	mordor	num	helmet	light	b	Mordor	Mordor/black_num_armors/SK_MD_Num_Arc_Helmets_A_geo.tpac	Y	parsed
sk_md_num_hood_lord_a	metamesh	sk	mordor	num	helmet	lord	a	Mordor	Mordor/black_num_armors/SK_MD_Num_Arc_Helmets_A_geo.tpac	Y	parsed
sk_md_num_hood_lord_b	metamesh	sk	mordor	num	helmet	lord	b	Mordor	Mordor/black_num_armors/SK_MD_Num_Arc_Helmets_A_geo.tpac	Y	parsed
sk_md_num_hood_med_a	metamesh	sk	mordor	num	helmet	med	a	Mordor	Mordor/black_num_armors/SK_MD_Num_Arc_Helmets_A_geo.tpac	Y	parsed
sk_md_num_hood_med_b	metamesh	sk	mordor	num	helmet	med	b	Mordor	Mordor/black_num_armors/SK_MD_Num_Arc_Helmets_A_geo.tpac	Y	parsed
sk_md_num_inf_bracer_elite_a	metamesh	sk	mordor	num	bracer	elite	a	Mordor	Mordor/black_num_armors/SK_MD_Num_Inf_Bracers_A_geo.tpac	Y	parsed
sk_md_num_inf_bracer_heavy_a	metamesh	sk	mordor	num	bracer	heavy	a	Mordor	Mordor/black_num_armors/SK_MD_Num_Inf_Bracers_A_geo.tpac	Y	parsed
sk_md_num_inf_bracer_lord_a	metamesh	sk	mordor	num	bracer	lord	a	Mordor	Mordor/black_num_armors/SK_MD_Num_Inf_Bracers_A_geo.tpac	Y	parsed
sk_md_num_inf_bracer_med_a	metamesh	sk	mordor	num	bracer	med	a	Mordor	Mordor/black_num_armors/SK_MD_Num_Inf_Bracers_A_geo.tpac	Y	parsed
sk_md_num_inf_helmet_elite_a	metamesh	sk	mordor	num	helmet	elite	a	Mordor	Mordor/black_num_armors/SK_MD_Num_Inf_Helmets_A_geo.tpac	Y	parsed
sk_md_num_inf_helmet_elite_b	metamesh	sk	mordor	num	helmet	elite	b	Mordor	Mordor/black_num_armors/SK_MD_Num_Inf_Helmets_A_geo.tpac	Y	parsed
sk_md_num_inf_helmet_heavy_a	metamesh	sk	mordor	num	helmet	heavy	a	Mordor	Mordor/black_num_armors/SK_MD_Num_Inf_Helmets_A_geo.tpac	Y	parsed
sk_md_num_inf_helmet_heavy_b	metamesh	sk	mordor	num	helmet	heavy	b	Mordor	Mordor/black_num_armors/SK_MD_Num_Inf_Helmets_A_geo.tpac	Y	parsed
sk_md_num_inf_helmet_lord_a	metamesh	sk	mordor	num	helmet	lord	a	Mordor	Mordor/black_num_armors/SK_MD_Num_Inf_Helmets_A_geo.tpac	Y	parsed
sk_md_num_inf_helmet_lord_b	metamesh	sk	mordor	num	helmet	lord	b	Mordor	Mordor/black_num_armors/SK_MD_Num_Inf_Helmets_A_geo.tpac	Y	parsed
sk_md_num_inf_helmet_med_a	metamesh	sk	mordor	num	helmet	med	a	Mordor	Mordor/black_num_armors/SK_MD_Num_Inf_Helmets_A_geo.tpac	Y	parsed
sk_md_orc_arc_chest_heavy_a	metamesh	sk	mordor	orc	chest	heavy	a	Mordor	Mordor/orc_armors/SK_MD_Orc_Arc_Chest_A_geo.tpac	Y	parsed
sk_md_orc_arc_chest_heavy_b	metamesh	sk	mordor	orc	chest	heavy	b	Mordor	Mordor/orc_armors/SK_MD_Orc_Arc_Chest_A_geo.tpac	Y	parsed
sk_md_orc_arc_chest_heavy_c	metamesh	sk	mordor	orc	chest	heavy	c	Mordor	Mordor/orc_armors/SK_MD_Orc_Arc_Chest_A_geo.tpac	Y	parsed
sk_md_orc_arc_chest_heavy_d	metamesh	sk	mordor	orc	chest	heavy	d	Mordor	Mordor/orc_armors/SK_MD_Orc_Arc_Chest_A_geo.tpac	Y	parsed
sk_md_orc_arc_chest_heavy_e	metamesh	sk	mordor	orc	chest	heavy	e	Mordor	Mordor/orc_armors/SK_MD_Orc_Arc_Chest_A_geo.tpac	Y	parsed
sk_md_orc_arc_chest_heavy_f	metamesh	sk	mordor	orc	chest	heavy	f	Mordor	Mordor/orc_armors/SK_MD_Orc_Arc_Chest_A_geo.tpac	Y	parsed
sk_md_orc_arc_chest_light_a	metamesh	sk	mordor	orc	chest	light	a	Mordor	Mordor/orc_armors/SK_MD_Orc_Arc_Chest_A_geo.tpac	Y	parsed
sk_md_orc_arc_chest_light_b	metamesh	sk	mordor	orc	chest	light	b	Mordor	Mordor/orc_armors/SK_MD_Orc_Arc_Chest_A_geo.tpac	Y	parsed
sk_md_orc_arc_chest_light_c	metamesh	sk	mordor	orc	chest	light	c	Mordor	Mordor/orc_armors/SK_MD_Orc_Arc_Chest_A_geo.tpac	Y	parsed
sk_md_orc_arc_chest_med_a	metamesh	sk	mordor	orc	chest	med	a	Mordor	Mordor/orc_armors/SK_MD_Orc_Arc_Chest_A_geo.tpac	Y	parsed
sk_md_orc_arc_chest_med_b	metamesh	sk	mordor	orc	chest	med	b	Mordor	Mordor/orc_armors/SK_MD_Orc_Arc_Chest_A_geo.tpac	Y	parsed
sk_md_orc_arc_chest_med_c	metamesh	sk	mordor	orc	chest	med	c	Mordor	Mordor/orc_armors/SK_MD_Orc_Arc_Chest_A_geo.tpac	Y	parsed
sk_md_orc_arc_helmet_heavy_a	metamesh	sk	mordor	orc	helmet	heavy	a	Mordor	Mordor/orc_armors/SK_GN_Orc_Arc_Helmet_A_geo.tpac	Y	parsed
sk_md_orc_arc_helmet_med_a	metamesh	sk	mordor	orc	helmet	med	a	Mordor	Mordor/orc_armors/SK_GN_Orc_Arc_Helmet_A_geo.tpac	Y	parsed
sk_md_orc_boots_a	metamesh	sk	mordor	orc	boots	-	a	Mordor	Mordor/orc_armors/SK_MD_Orc_Boots_A_geo.tpac	Y	parsed
sk_md_orc_boots_heavy_a	metamesh	sk	mordor	orc	boots	heavy	a	Mordor	Mordor/orc_armors/SK_MD_Orc_Boots_A_geo.tpac	Y	parsed
sk_md_orc_boots_heavy_b	metamesh	sk	mordor	orc	boots	heavy	b	Mordor	Mordor/orc_armors/SK_MD_Orc_Boots_A_geo.tpac	Y	parsed
sk_md_orc_boots_light_a	metamesh	sk	mordor	orc	boots	light	a	Mordor	Mordor/orc_armors/SK_MD_Orc_Boots_A_geo.tpac	Y	parsed
sk_md_orc_boots_light_b	metamesh	sk	mordor	orc	boots	light	b	Mordor	Mordor/orc_armors/SK_MD_Orc_Boots_A_geo.tpac	Y	parsed
sk_md_orc_boots_med_a	metamesh	sk	mordor	orc	boots	med	a	Mordor	Mordor/orc_armors/SK_MD_Orc_Boots_A_geo.tpac	Y	parsed
sk_md_orc_boots_med_b	metamesh	sk	mordor	orc	boots	med	b	Mordor	Mordor/orc_armors/SK_MD_Orc_Boots_A_geo.tpac	Y	parsed
sk_md_orc_bracer_heavy_a	metamesh	sk	mordor	orc	bracer	heavy	a	Mordor	Mordor/orc_armors/SK_MD_Orc_Bracer_A_geo.tpac	Y	parsed
sk_md_orc_bracer_heavy_b	metamesh	sk	mordor	orc	bracer	heavy	b	Mordor	Mordor/orc_armors/SK_MD_Orc_Bracer_A_geo.tpac	Y	parsed
sk_md_orc_bracer_light_a	metamesh	sk	mordor	orc	bracer	light	a	Mordor	Mordor/orc_armors/SK_MD_Orc_Bracer_A_geo.tpac	Y	parsed
sk_md_orc_bracer_light_b	metamesh	sk	mordor	orc	bracer	light	b	Mordor	Mordor/orc_armors/SK_MD_Orc_Bracer_A_geo.tpac	Y	parsed
sk_md_orc_bracer_med_a	metamesh	sk	mordor	orc	bracer	med	a	Mordor	Mordor/orc_armors/SK_MD_Orc_Bracer_A_geo.tpac	Y	parsed
sk_md_orc_bracer_med_b	metamesh	sk	mordor	orc	bracer	med	b	Mordor	Mordor/orc_armors/SK_MD_Orc_Bracer_A_geo.tpac	Y	parsed
sk_md_orc_brt_helmet_heavy_a	metamesh	sk	mordor	orc	helmet	heavy	a	Mordor	Mordor/orc_armors/SK_GN_Orc_Brt_Helmet_A_geo.tpac	Y	parsed
sk_md_orc_brt_helmet_light_a	metamesh	sk	mordor	orc	helmet	light	a	Mordor	Mordor/orc_armors/SK_GN_Orc_Brt_Helmet_A_geo.tpac	Y	parsed
sk_md_orc_brt_helmet_med_a	metamesh	sk	mordor	orc	helmet	med	a	Mordor	Mordor/orc_armors/SK_GN_Orc_Brt_Helmet_A_geo.tpac	Y	parsed
sk_md_orc_inf_chainmail_light_a	metamesh	sk	mordor	orc	chest	light	a	Mordor	Mordor/orc_armors/SK_MD_Orc_Inf_Chest_A_geo.tpac	Y	parsed
sk_md_orc_inf_chainmail_med_a	metamesh	sk	mordor	orc	chest	med	a	Mordor	Mordor/orc_armors/SK_MD_Orc_Inf_Chest_A_geo.tpac	Y	parsed
sk_md_orc_inf_chainmail_med_b	metamesh	sk	mordor	orc	chest	med	b	Mordor	Mordor/orc_armors/SK_MD_Orc_Inf_Chest_A_geo.tpac	Y	parsed
sk_md_orc_inf_chest_elite_a	metamesh	sk	mordor	orc	chest	elite	a	Mordor	Mordor/orc_armors/SK_MD_Orc_Inf_Chest_A_geo.tpac	Y	parsed
sk_md_orc_inf_chest_heavy_a	metamesh	sk	mordor	orc	chest	heavy	a	Mordor	Mordor/orc_armors/SK_MD_Orc_Inf_Chest_A_geo.tpac	Y	parsed
sk_md_orc_inf_chest_heavy_b	metamesh	sk	mordor	orc	chest	heavy	b	Mordor	Mordor/orc_armors/SK_MD_Orc_Inf_Chest_A_geo.tpac	Y	parsed
sk_md_orc_inf_chest_heavy_c	metamesh	sk	mordor	orc	chest	heavy	c	Mordor	Mordor/orc_armors/SK_MD_Orc_Inf_Chest_A_geo.tpac	Y	parsed
sk_md_orc_inf_chest_heavy_d	metamesh	sk	mordor	orc	chest	heavy	d	Mordor	Mordor/orc_armors/SK_MD_Orc_Inf_Chest_A_geo.tpac	Y	parsed
sk_md_orc_inf_chest_heavy_e	metamesh	sk	mordor	orc	chest	heavy	e	Mordor	Mordor/orc_armors/SK_MD_Orc_Inf_Chest_A_geo.tpac	Y	parsed
sk_md_orc_inf_chest_heavy_f	metamesh	sk	mordor	orc	chest	heavy	f	Mordor	Mordor/orc_armors/SK_MD_Orc_Inf_Chest_A_geo.tpac	Y	parsed
sk_md_orc_inf_chest_med_a	metamesh	sk	mordor	orc	chest	med	a	Mordor	Mordor/orc_armors/SK_MD_Orc_Inf_Chest_A_geo.tpac	Y	parsed
sk_md_orc_inf_chest_med_b	metamesh	sk	mordor	orc	chest	med	b	Mordor	Mordor/orc_armors/SK_MD_Orc_Inf_Chest_A_geo.tpac	Y	parsed
sk_md_orc_inf_chest_med_c	metamesh	sk	mordor	orc	chest	med	c	Mordor	Mordor/orc_armors/SK_MD_Orc_Inf_Chest_A_geo.tpac	Y	parsed
sk_md_orc_inf_chest_med_d	metamesh	sk	mordor	orc	chest	med	d	Mordor	Mordor/orc_armors/SK_MD_Orc_Inf_Chest_A_geo.tpac	Y	parsed
sk_md_orc_inf_helmet_heavy_a	metamesh	sk	mordor	orc	helmet	heavy	a	Mordor	Mordor/orc_armors/SK_GN_Orc_Inf_Helmet_A_geo.tpac	Y	parsed
sk_md_orc_inf_helmet_med_a	metamesh	sk	mordor	orc	helmet	med	a	Mordor	Mordor/orc_armors/SK_GN_Orc_Inf_Helmet_A_geo.tpac	Y	parsed
sk_md_orc_pauldron_heavy_a	metamesh	sk	mordor	orc	pauldron	heavy	a	Mordor	Mordor/orc_armors/SK_MD_Orc_Pauldron_A_geo.tpac	Y	parsed
sk_md_orc_pauldron_heavy_b	metamesh	sk	mordor	orc	pauldron	heavy	b	Mordor	Mordor/orc_armors/SK_MD_Orc_Pauldron_A_geo.tpac	Y	parsed
sk_md_orc_pauldron_light_a	metamesh	sk	mordor	orc	pauldron	light	a	Mordor	Mordor/orc_armors/SK_MD_Orc_Pauldron_A_geo.tpac	Y	parsed
sk_md_orc_pauldron_light_b	metamesh	sk	mordor	orc	pauldron	light	b	Mordor	Mordor/orc_armors/SK_MD_Orc_Pauldron_A_geo.tpac	Y	parsed
sk_md_orc_pauldron_light_c	metamesh	sk	mordor	orc	pauldron	light	c	Mordor	Mordor/orc_armors/SK_MD_Orc_Pauldron_A_geo.tpac	Y	parsed
sk_md_orc_pauldron_med_a	metamesh	sk	mordor	orc	pauldron	med	a	Mordor	Mordor/orc_armors/SK_MD_Orc_Pauldron_A_geo.tpac	Y	parsed
sk_md_orc_pauldron_med_b	metamesh	sk	mordor	orc	pauldron	med	b	Mordor	Mordor/orc_armors/SK_MD_Orc_Pauldron_A_geo.tpac	Y	parsed
sk_md_orc_pik_helmet_heavy_a	metamesh	sk	mordor	orc	helmet	heavy	a	Mordor	Mordor/orc_armors/SK_GN_Orc_Pik_Helmet_A_geo.tpac	Y	parsed
sk_md_orc_pik_helmet_med_a	metamesh	sk	mordor	orc	helmet	med	a	Mordor	Mordor/orc_armors/SK_GN_Orc_Pik_Helmet_A_geo.tpac	Y	parsed
sk_md_orc_rdr_helmet_light_a	metamesh	sk	mordor	orc	helmet	light	a	Mordor	Mordor/orc_armors/SK_GN_Orc_Rdr_Helmet_A_geo.tpac	Y	parsed
sk_md_orc_rdr_helmet_med_a	metamesh	sk	mordor	orc	helmet	med	a	Mordor	Mordor/orc_armors/SK_GN_Orc_Rdr_Helmet_A_geo.tpac	Y	parsed
sk_md_orc_sct_helmet_heavy_a	metamesh	sk	mordor	orc	helmet	heavy	a	Mordor	Mordor/orc_armors/SK_GN_Orc_Sct_Helmet_A_geo.tpac	Y	parsed
sk_md_orc_sct_helmet_med_a	metamesh	sk	mordor	orc	helmet	med	a	Mordor	Mordor/orc_armors/SK_GN_Orc_Sct_Helmet_A_geo.tpac	Y	parsed
sk_md_orc_vgd_helmet_heavy_a	metamesh	sk	mordor	orc	helmet	heavy	a	Mordor	Mordor/orc_armors/SK_GN_Orc_Vgd_Helmet_A_geo.tpac	Y	parsed
sk_md_orc_vgd_helmet_med_a	metamesh	sk	mordor	orc	helmet	med	a	Mordor	Mordor/orc_armors/SK_GN_Orc_Vgd_Helmet_A_geo.tpac	Y	parsed
sk_mumakil_basemesh_a1	metamesh	sk	creature	-	body	-	a1	creature	creature/mumakil/sk_mumakil_harad_01_geo.tpac	Y	parsed
sk_mumakil_platform_a1	metamesh	sk	creature	-	prop	-	a1	creature	creature/mumakil/sk_mumakil_harad_01_geo.tpac	Y	parsed
sk_northern_armor_light_a	metamesh	sk	northern	-	chest	light	a	northern	northern/SK_Northern_Chests_A_geo.tpac	Y	parsed
sk_northern_armor_light_a_slim	metamesh	sk	northern	-	chest	light	-	northern	northern/SK_Northern_Chests_A_geo.tpac	SLIM	parsed
sk_northern_armor_light_b	metamesh	sk	northern	-	chest	light	b	northern	northern/SK_Northern_Chests_A_geo.tpac	Y	parsed
sk_northern_armor_light_b_slim	metamesh	sk	northern	-	chest	light	-	northern	northern/SK_Northern_Chests_A_geo.tpac	SLIM	parsed
sk_northern_armor_medium_a	metamesh	sk	northern	-	chest	medium	a	northern	northern/SK_Northern_Chests_A_geo.tpac	Y	parsed
sk_northern_armor_medium_a_slim	metamesh	sk	northern	-	chest	medium	-	northern	northern/SK_Northern_Chests_A_geo.tpac	SLIM	parsed
sk_northern_armor_medium_b	metamesh	sk	northern	-	chest	medium	b	northern	northern/SK_Northern_Chests_A_geo.tpac	Y	parsed
sk_northern_armor_medium_b_slim	metamesh	sk	northern	-	chest	medium	-	northern	northern/SK_Northern_Chests_A_geo.tpac	SLIM	parsed
sk_northern_boots_a	metamesh	sk	northern	-	boots	-	a	northern	northern/SK_Northern_Boots_A_geo.tpac	Y	parsed
sk_northern_boots_medium_a	metamesh	sk	northern	-	boots	medium	a	northern	northern/SK_Northern_Boots_A_geo.tpac	Y	parsed
sk_northern_bracers_gloves_a	metamesh	sk	northern	-	bracer	-	a	northern	northern/SK_Northern_Bracers_A_geo.tpac	Y	parsed
sk_northern_bracers_light_a	metamesh	sk	northern	-	bracer	light	a	northern	northern/SK_Northern_Bracers_A_geo.tpac	Y	parsed
sk_northern_bracers_medium_a	metamesh	sk	northern	-	bracer	medium	a	northern	northern/SK_Northern_Bracers_A_geo.tpac	Y	parsed
sk_northern_bracers_medium_b	metamesh	sk	northern	-	bracer	medium	b	northern	northern/SK_Northern_Bracers_A_geo.tpac	Y	parsed
sk_northern_bracers_medium_c	metamesh	sk	northern	-	bracer	medium	c	northern	northern/SK_Northern_Bracers_A_geo.tpac	Y	parsed
sk_northern_bracers_medium_d	metamesh	sk	northern	-	bracer	medium	d	northern	northern/SK_Northern_Bracers_A_geo.tpac	Y	parsed
sk_northern_head_mask_a	metamesh	sk	northern	-	body	-	a	northern	northern/SK_Northern_Helmets_A_geo.tpac	Y	parsed
sk_northern_helmet_light_a	metamesh	sk	northern	-	helmet	light	a	northern	northern/SK_Northern_Helmets_A_geo.tpac	Y	parsed
sk_northern_helmet_light_b	metamesh	sk	northern	-	helmet	light	b	northern	northern/SK_Northern_Helmets_A_geo.tpac	Y	parsed
sk_northern_helmet_medium_a	metamesh	sk	northern	-	helmet	medium	a	northern	northern/SK_Northern_Helmets_A_geo.tpac	Y	parsed
sk_northern_helmet_medium_b	metamesh	sk	northern	-	helmet	medium	b	northern	northern/SK_Northern_Helmets_A_geo.tpac	Y	parsed
sk_northern_helmet_medium_c	metamesh	sk	northern	-	helmet	medium	c	northern	northern/SK_Northern_Helmets_A_geo.tpac	Y	parsed
sk_northern_helmet_medium_d	metamesh	sk	northern	-	helmet	medium	d	northern	northern/SK_Northern_Helmets_A_geo.tpac	Y	parsed
sk_northern_pauldron_light_a	metamesh	sk	northern	-	pauldron	light	a	northern	northern/SK_Northern_Pauldrons_A_geo.tpac	Y	parsed
sk_northern_pauldron_light_b	metamesh	sk	northern	-	pauldron	light	b	northern	northern/SK_Northern_Pauldrons_A_geo.tpac	Y	parsed
sk_northern_pauldron_medium_a	metamesh	sk	northern	-	pauldron	medium	a	northern	northern/SK_Northern_Pauldrons_A_geo.tpac	Y	parsed
sk_northern_pauldron_medium_b	metamesh	sk	northern	-	pauldron	medium	b	northern	northern/SK_Northern_Pauldrons_A_geo.tpac	Y	parsed
sk_northern_pauldron_medium_c	metamesh	sk	northern	-	pauldron	medium	c	northern	northern/SK_Northern_Pauldrons_A_geo.tpac	Y	parsed
sk_northern_pauldron_medium_d	metamesh	sk	northern	-	pauldron	medium	d	northern	northern/SK_Northern_Pauldrons_A_geo.tpac	Y	parsed
sk_pale_uruk_bm_a_body	metamesh	sk	gundabad	uruk	body	-	-	Race Test	Race Test/Gundabad/SK_GB_Pale_Uruk_Basemesh_A_geo.tpac	Y	parsed
sk_pale_uruk_bm_a_full	metamesh	sk	gundabad	uruk	body	full	-	Race Test	Race Test/Gundabad/SK_GB_Pale_Uruk_Basemesh_A_geo.tpac	N	parsed
sk_pale_uruk_bm_a_hand	metamesh	sk	gundabad	uruk	body	-	-	Race Test	Race Test/Gundabad/SK_GB_Pale_Uruk_Basemesh_A_geo.tpac	Y	parsed
sk_pale_uruk_bm_a_head	metamesh	sk	gundabad	uruk	body	-	-	Race Test	Race Test/Gundabad/SK_GB_Pale_Uruk_Basemesh_A_geo.tpac	Y	parsed
sk_pale_uruk_bm_a_legs	metamesh	sk	gundabad	uruk	body	-	-	Race Test	Race Test/Gundabad/SK_GB_Pale_Uruk_Basemesh_A_geo.tpac	Y	parsed
sk_pale_uruk_bm_a_shoulder	metamesh	sk	gundabad	uruk	body	-	-	Race Test	Race Test/Gundabad/SK_GB_Pale_Uruk_Basemesh_A_geo.tpac	Y	parsed
sk_pale_uruk_underwear_a1	metamesh	sk	gundabad	uruk	body	-	a1	Race Test	Race Test/Gundabad/SK_GB_Pale_Uruk_Basemesh_A_geo.tpac	Y	parsed
sk_rh_drag_bracer_heavy_a	metamesh	sk	rhun	drag	bracer	heavy	a	rhun_armors	rhun_armors/dragon/SK_RH_Drag_Bracers_A_geo.tpac	Y	parsed
sk_rh_drag_bracer_heavy_b	metamesh	sk	rhun	drag	bracer	heavy	b	rhun_armors	rhun_armors/dragon/SK_RH_Drag_Bracers_A_geo.tpac	Y	parsed
sk_rh_drag_bracer_heavy_c	metamesh	sk	rhun	drag	bracer	heavy	c	rhun_armors	rhun_armors/dragon/SK_RH_Drag_Bracers_A_geo.tpac	Y	parsed
sk_rh_drag_bracer_hplate_heavy_a	metamesh	sk	rhun	drag	bracer	heavy	a	rhun_armors	rhun_armors/dragon/SK_RH_Drag_Bracers_A_geo.tpac	Y	parsed
sk_rh_drag_bracer_hplate_light_a	metamesh	sk	rhun	drag	bracer	light	a	rhun_armors	rhun_armors/dragon/SK_RH_Drag_Bracers_A_geo.tpac	Y	parsed
sk_rh_drag_bracer_hplate_med_a	metamesh	sk	rhun	drag	bracer	med	a	rhun_armors	rhun_armors/dragon/SK_RH_Drag_Bracers_A_geo.tpac	Y	parsed
sk_rh_drag_bracer_lam_heavy_a	metamesh	sk	rhun	drag	bracer	heavy	a	rhun_armors	rhun_armors/dragon/SK_RH_Drag_Bracers_A_geo.tpac	Y	parsed
sk_rh_drag_bracer_lam_light_a	metamesh	sk	rhun	drag	bracer	light	a	rhun_armors	rhun_armors/dragon/SK_RH_Drag_Bracers_A_geo.tpac	Y	parsed
sk_rh_drag_bracer_lam_med_a	metamesh	sk	rhun	drag	bracer	med	a	rhun_armors	rhun_armors/dragon/SK_RH_Drag_Bracers_A_geo.tpac	Y	parsed
sk_rh_drag_bracer_light_a	metamesh	sk	rhun	drag	bracer	light	a	rhun_armors	rhun_armors/dragon/SK_RH_Drag_Bracers_A_geo.tpac	Y	parsed
sk_rh_drag_bracer_med_a	metamesh	sk	rhun	drag	bracer	med	a	rhun_armors	rhun_armors/dragon/SK_RH_Drag_Bracers_A_geo.tpac	Y	parsed
sk_rh_drag_bracer_med_b	metamesh	sk	rhun	drag	bracer	med	b	rhun_armors	rhun_armors/dragon/SK_RH_Drag_Bracers_A_geo.tpac	Y	parsed
sk_rh_drag_bracer_med_c	metamesh	sk	rhun	drag	bracer	med	c	rhun_armors	rhun_armors/dragon/SK_RH_Drag_Bracers_A_geo.tpac	Y	parsed
sk_rh_drag_bracer_plate_heavy_a	metamesh	sk	rhun	drag	bracer	heavy	a	rhun_armors	rhun_armors/dragon/SK_RH_Drag_Bracers_A_geo.tpac	Y	parsed
sk_rh_drag_bracer_plate_light_a	metamesh	sk	rhun	drag	bracer	light	a	rhun_armors	rhun_armors/dragon/SK_RH_Drag_Bracers_A_geo.tpac	Y	parsed
sk_rh_drag_bracer_plate_med_a	metamesh	sk	rhun	drag	bracer	med	a	rhun_armors	rhun_armors/dragon/SK_RH_Drag_Bracers_A_geo.tpac	Y	parsed
sk_rh_drag_bracer_scale_heavy_a	metamesh	sk	rhun	drag	bracer	heavy	a	rhun_armors	rhun_armors/dragon/SK_RH_Drag_Bracers_A_geo.tpac	Y	parsed
sk_rh_drag_bracer_scale_med_a	metamesh	sk	rhun	drag	bracer	med	a	rhun_armors	rhun_armors/dragon/SK_RH_Drag_Bracers_A_geo.tpac	Y	parsed
sk_rh_drag_cape_a	metamesh	sk	rhun	drag	cape	-	a	rhun_armors	rhun_armors/dragon/SK_RH_Drag_Pauldrons_A_geo.tpac	Y	parsed
sk_rh_drag_cape_b	metamesh	sk	rhun	drag	cape	-	b	rhun_armors	rhun_armors/dragon/SK_RH_Drag_Pauldrons_A_geo.tpac	Y	parsed
sk_rh_drag_cape_heavy_a	metamesh	sk	rhun	drag	cape	heavy	a	rhun_armors	rhun_armors/dragon/SK_RH_Drag_Pauldrons_A_geo.tpac	Y	parsed
sk_rh_drag_cape_heavy_b	metamesh	sk	rhun	drag	cape	heavy	b	rhun_armors	rhun_armors/dragon/SK_RH_Drag_Pauldrons_A_geo.tpac	Y	parsed
sk_rh_drag_cape_hplate_heavy_a	metamesh	sk	rhun	drag	cape	heavy	a	rhun_armors	rhun_armors/dragon/SK_RH_Drag_Pauldrons_A_geo.tpac	Y	parsed
sk_rh_drag_cape_plate_heavy_a	metamesh	sk	rhun	drag	cape	heavy	a	rhun_armors	rhun_armors/dragon/SK_RH_Drag_Pauldrons_A_geo.tpac	Y	parsed
sk_rh_drag_cape_scale_heavy_a	metamesh	sk	rhun	drag	cape	heavy	a	rhun_armors	rhun_armors/dragon/SK_RH_Drag_Pauldrons_A_geo.tpac	Y	parsed
sk_rh_drag_chainmail_a	metamesh	sk	rhun	drag	chest	-	a	rhun_armors	rhun_armors/dragon/SK_RH_Drag_Chests_A_geo.tpac	Y	parsed
sk_rh_drag_chest_elite_a	metamesh	sk	rhun	drag	chest	elite	a	rhun_armors	rhun_armors/dragon/SK_RH_Drag_Chests_Lamellar_A_geo.tpac	Y	parsed
sk_rh_drag_chest_elite_b	metamesh	sk	rhun	drag	chest	elite	b	rhun_armors	rhun_armors/dragon/SK_RH_Drag_Chests_Lamellar_A_geo.tpac	Y	parsed
sk_rh_drag_chest_heavy_a	metamesh	sk	rhun	drag	chest	heavy	a	rhun_armors	rhun_armors/dragon/SK_RH_Drag_Chests_Lamellar_A_geo.tpac	Y	parsed
sk_rh_drag_chest_heavy_b	metamesh	sk	rhun	drag	chest	heavy	b	rhun_armors	rhun_armors/dragon/SK_RH_Drag_Chests_Lamellar_A_geo.tpac	Y	parsed
sk_rh_drag_chest_heavy_c	metamesh	sk	rhun	drag	chest	heavy	c	rhun_armors	rhun_armors/dragon/SK_RH_Drag_Chests_Spiky_A_geo.tpac	Y	parsed
sk_rh_drag_chest_heavy_d	metamesh	sk	rhun	drag	chest	heavy	d	rhun_armors	rhun_armors/dragon/SK_RH_Drag_Chests_Spiky_A_geo.tpac	Y	parsed
sk_rh_drag_chest_light_a	metamesh	sk	rhun	drag	chest	light	a	rhun_armors	rhun_armors/dragon/SK_RH_Drag_Chests_Lamellar_A_geo.tpac	Y	parsed
sk_rh_drag_chest_light_b	metamesh	sk	rhun	drag	chest	light	b	rhun_armors	rhun_armors/dragon/SK_RH_Drag_Chests_Lamellar_A_geo.tpac	Y	parsed
sk_rh_drag_chest_light_c	metamesh	sk	rhun	drag	chest	light	c	rhun_armors	rhun_armors/dragon/SK_RH_Drag_Chests_Spiky_A_geo.tpac	Y	parsed
sk_rh_drag_chest_light_d	metamesh	sk	rhun	drag	chest	light	d	rhun_armors	rhun_armors/dragon/SK_RH_Drag_Chests_Spiky_A_geo.tpac	Y	parsed
sk_rh_drag_chest_lord_a	metamesh	sk	rhun	drag	chest	lord	a	rhun_armors	rhun_armors/dragon/SK_RH_Drag_Chests_Lamellar_A_geo.tpac	Y	parsed
sk_rh_drag_chest_lord_b	metamesh	sk	rhun	drag	chest	lord	b	rhun_armors	rhun_armors/dragon/SK_RH_Drag_Chests_Lamellar_A_geo.tpac	Y	parsed
sk_rh_drag_chest_med_a	metamesh	sk	rhun	drag	chest	med	a	rhun_armors	rhun_armors/dragon/SK_RH_Drag_Chests_Lamellar_A_geo.tpac	Y	parsed
sk_rh_drag_chest_med_b	metamesh	sk	rhun	drag	chest	med	b	rhun_armors	rhun_armors/dragon/SK_RH_Drag_Chests_Lamellar_A_geo.tpac	Y	parsed
sk_rh_drag_chest_med_c	metamesh	sk	rhun	drag	chest	med	c	rhun_armors	rhun_armors/dragon/SK_RH_Drag_Chests_Spiky_A_geo.tpac	Y	parsed
sk_rh_drag_chest_med_d	metamesh	sk	rhun	drag	chest	med	d	rhun_armors	rhun_armors/dragon/SK_RH_Drag_Chests_Spiky_A_geo.tpac	Y	parsed
sk_rh_drag_grvs_heavy_a	metamesh	sk	rhun	drag	greaves	heavy	a	rhun_armors	rhun_armors/dragon/SK_RH_Drag_Boots_A_geo.tpac	Y	parsed
sk_rh_drag_grvs_heavy_b	metamesh	sk	rhun	drag	greaves	heavy	b	rhun_armors	rhun_armors/dragon/SK_RH_Drag_Boots_A_geo.tpac	Y	parsed
sk_rh_drag_grvs_hplate_heavy_a	metamesh	sk	rhun	drag	greaves	heavy	a	rhun_armors	rhun_armors/dragon/SK_RH_Drag_Boots_A_geo.tpac	Y	parsed
sk_rh_drag_grvs_hplate_light_a	metamesh	sk	rhun	drag	greaves	light	a	rhun_armors	rhun_armors/dragon/SK_RH_Drag_Boots_A_geo.tpac	Y	parsed
sk_rh_drag_grvs_light_a	metamesh	sk	rhun	drag	greaves	light	a	rhun_armors	rhun_armors/dragon/SK_RH_Drag_Boots_A_geo.tpac	Y	parsed
sk_rh_drag_grvs_light_b	metamesh	sk	rhun	drag	greaves	light	b	rhun_armors	rhun_armors/dragon/SK_RH_Drag_Boots_A_geo.tpac	Y	parsed
sk_rh_drag_grvs_plate_elite_a	metamesh	sk	rhun	drag	greaves	elite	a	rhun_armors	rhun_armors/dragon/SK_RH_Drag_Boots_A_geo.tpac	Y	parsed
sk_rh_drag_grvs_plate_heavy_a	metamesh	sk	rhun	drag	greaves	heavy	a	rhun_armors	rhun_armors/dragon/SK_RH_Drag_Boots_A_geo.tpac	Y	parsed
sk_rh_drag_grvs_plate_light_a	metamesh	sk	rhun	drag	greaves	light	a	rhun_armors	rhun_armors/dragon/SK_RH_Drag_Boots_A_geo.tpac	Y	parsed
sk_rh_drag_grvs_plate_med_a	metamesh	sk	rhun	drag	greaves	med	a	rhun_armors	rhun_armors/dragon/SK_RH_Drag_Boots_A_geo.tpac	Y	parsed
sk_rh_drag_grvs_scale_heavy_a	metamesh	sk	rhun	drag	greaves	heavy	a	rhun_armors	rhun_armors/dragon/SK_RH_Drag_Boots_A_geo.tpac	Y	parsed
sk_rh_drag_grvs_scale_light_a	metamesh	sk	rhun	drag	greaves	light	a	rhun_armors	rhun_armors/dragon/SK_RH_Drag_Boots_A_geo.tpac	Y	parsed
sk_rh_drag_helmet_arch_elite_a	metamesh	sk	rhun	drag	helmet	elite	a	rhun_armors	rhun_armors/dragon/SK_RH_Drag_Helmets_Arc_A_geo.tpac	Y	parsed
sk_rh_drag_helmet_arch_elite_b	metamesh	sk	rhun	drag	helmet	elite	b	rhun_armors	rhun_armors/dragon/SK_RH_Drag_Helmets_Arc_A_geo.tpac	Y	parsed
sk_rh_drag_helmet_arch_elite_c	metamesh	sk	rhun	drag	helmet	elite	c	rhun_armors	rhun_armors/dragon/SK_RH_Drag_Helmets_Arc_A_geo.tpac	Y	parsed
sk_rh_drag_helmet_arch_elite_d	metamesh	sk	rhun	drag	helmet	elite	d	rhun_armors	rhun_armors/dragon/SK_RH_Drag_Helmets_Arc_A_geo.tpac	Y	parsed
sk_rh_drag_helmet_arch_elite_e	metamesh	sk	rhun	drag	helmet	elite	e	rhun_armors	rhun_armors/dragon/SK_RH_Drag_Helmets_Arc_A_geo.tpac	Y	parsed
sk_rh_drag_helmet_arch_elite_f	metamesh	sk	rhun	drag	helmet	elite	f	rhun_armors	rhun_armors/dragon/SK_RH_Drag_Helmets_Arc_A_geo.tpac	Y	parsed
sk_rh_drag_helmet_arch_elite_g	metamesh	sk	rhun	drag	helmet	elite	g	rhun_armors	rhun_armors/dragon/SK_RH_Drag_Helmets_Arc_A_geo.tpac	Y	parsed
sk_rh_drag_helmet_arch_elite_h	metamesh	sk	rhun	drag	helmet	elite	h	rhun_armors	rhun_armors/dragon/SK_RH_Drag_Helmets_Arc_A_geo.tpac	Y	parsed
sk_rh_drag_helmet_arch_elite_i	metamesh	sk	rhun	drag	helmet	elite	i	rhun_armors	rhun_armors/dragon/SK_RH_Drag_Helmets_Arc_A_geo.tpac	Y	parsed
sk_rh_drag_helmet_arch_heavy_a	metamesh	sk	rhun	drag	helmet	heavy	a	rhun_armors	rhun_armors/dragon/SK_RH_Drag_Helmets_Arc_A_geo.tpac	Y	parsed
sk_rh_drag_helmet_arch_heavy_b	metamesh	sk	rhun	drag	helmet	heavy	b	rhun_armors	rhun_armors/dragon/SK_RH_Drag_Helmets_Arc_A_geo.tpac	Y	parsed
sk_rh_drag_helmet_arch_heavy_c	metamesh	sk	rhun	drag	helmet	heavy	c	rhun_armors	rhun_armors/dragon/SK_RH_Drag_Helmets_Arc_A_geo.tpac	Y	parsed
sk_rh_drag_helmet_arch_light_a	metamesh	sk	rhun	drag	helmet	light	a	rhun_armors	rhun_armors/dragon/SK_RH_Drag_Helmets_Arc_A_geo.tpac	Y	parsed
sk_rh_drag_helmet_arch_lord_a	metamesh	sk	rhun	drag	helmet	lord	a	rhun_armors	rhun_armors/dragon/SK_RH_Drag_Helmets_Arc_A_geo.tpac	Y	parsed
sk_rh_drag_helmet_arch_lord_b	metamesh	sk	rhun	drag	helmet	lord	b	rhun_armors	rhun_armors/dragon/SK_RH_Drag_Helmets_Arc_A_geo.tpac	Y	parsed
sk_rh_drag_helmet_arch_lord_c	metamesh	sk	rhun	drag	helmet	lord	c	rhun_armors	rhun_armors/dragon/SK_RH_Drag_Helmets_Arc_A_geo.tpac	Y	parsed
sk_rh_drag_helmet_arch_lord_d	metamesh	sk	rhun	drag	helmet	lord	d	rhun_armors	rhun_armors/dragon/SK_RH_Drag_Helmets_Arc_A_geo.tpac	Y	parsed
sk_rh_drag_helmet_arch_lord_e	metamesh	sk	rhun	drag	helmet	lord	e	rhun_armors	rhun_armors/dragon/SK_RH_Drag_Helmets_Arc_A_geo.tpac	Y	parsed
sk_rh_drag_helmet_arch_lord_f	metamesh	sk	rhun	drag	helmet	lord	f	rhun_armors	rhun_armors/dragon/SK_RH_Drag_Helmets_Arc_A_geo.tpac	Y	parsed
sk_rh_drag_helmet_arch_med_a	metamesh	sk	rhun	drag	helmet	med	a	rhun_armors	rhun_armors/dragon/SK_RH_Drag_Helmets_Arc_A_geo.tpac	Y	parsed
sk_rh_drag_helmet_arch_med_b	metamesh	sk	rhun	drag	helmet	med	b	rhun_armors	rhun_armors/dragon/SK_RH_Drag_Helmets_Arc_A_geo.tpac	Y	parsed
sk_rh_drag_helmet_arch_med_c	metamesh	sk	rhun	drag	helmet	med	c	rhun_armors	rhun_armors/dragon/SK_RH_Drag_Helmets_Arc_A_geo.tpac	Y	parsed
sk_rh_drag_helmet_cav_elite_a	metamesh	sk	rhun	drag	helmet	elite	a	rhun_armors	rhun_armors/dragon/SK_RH_Drag_Helmets_Cav_A_geo.tpac	Y	parsed
sk_rh_drag_helmet_cav_elite_b	metamesh	sk	rhun	drag	helmet	elite	b	rhun_armors	rhun_armors/dragon/SK_RH_Drag_Helmets_Cav_A_geo.tpac	Y	parsed
sk_rh_drag_helmet_cav_elite_c	metamesh	sk	rhun	drag	helmet	elite	c	rhun_armors	rhun_armors/dragon/SK_RH_Drag_Helmets_Cav_A_geo.tpac	Y	parsed
sk_rh_drag_helmet_cav_elite_d	metamesh	sk	rhun	drag	helmet	elite	d	rhun_armors	rhun_armors/dragon/SK_RH_Drag_Helmets_Cav_A_geo.tpac	Y	parsed
sk_rh_drag_helmet_cav_elite_e	metamesh	sk	rhun	drag	helmet	elite	e	rhun_armors	rhun_armors/dragon/SK_RH_Drag_Helmets_Cav_A_geo.tpac	Y	parsed
sk_rh_drag_helmet_cav_elite_f	metamesh	sk	rhun	drag	helmet	elite	f	rhun_armors	rhun_armors/dragon/SK_RH_Drag_Helmets_Cav_A_geo.tpac	Y	parsed
sk_rh_drag_helmet_cav_heavy_a	metamesh	sk	rhun	drag	helmet	heavy	a	rhun_armors	rhun_armors/dragon/SK_RH_Drag_Helmets_Cav_A_geo.tpac	Y	parsed
sk_rh_drag_helmet_cav_heavy_b	metamesh	sk	rhun	drag	helmet	heavy	b	rhun_armors	rhun_armors/dragon/SK_RH_Drag_Helmets_Cav_A_geo.tpac	Y	parsed
sk_rh_drag_helmet_cav_heavy_c	metamesh	sk	rhun	drag	helmet	heavy	c	rhun_armors	rhun_armors/dragon/SK_RH_Drag_Helmets_Cav_A_geo.tpac	Y	parsed
sk_rh_drag_helmet_cav_light_a	metamesh	sk	rhun	drag	helmet	light	a	rhun_armors	rhun_armors/dragon/SK_RH_Drag_Helmets_Cav_A_geo.tpac	Y	parsed
sk_rh_drag_helmet_cav_lord_a	metamesh	sk	rhun	drag	helmet	lord	a	rhun_armors	rhun_armors/dragon/SK_RH_Drag_Helmets_Cav_A_geo.tpac	Y	parsed
sk_rh_drag_helmet_cav_lord_b	metamesh	sk	rhun	drag	helmet	lord	b	rhun_armors	rhun_armors/dragon/SK_RH_Drag_Helmets_Cav_A_geo.tpac	Y	parsed
sk_rh_drag_helmet_cav_lord_c	metamesh	sk	rhun	drag	helmet	lord	c	rhun_armors	rhun_armors/dragon/SK_RH_Drag_Helmets_Cav_A_geo.tpac	Y	parsed
sk_rh_drag_helmet_cav_lord_d	metamesh	sk	rhun	drag	helmet	lord	d	rhun_armors	rhun_armors/dragon/SK_RH_Drag_Helmets_Cav_A_geo.tpac	Y	parsed
sk_rh_drag_helmet_cav_lord_e	metamesh	sk	rhun	drag	helmet	lord	e	rhun_armors	rhun_armors/dragon/SK_RH_Drag_Helmets_Cav_A_geo.tpac	Y	parsed
sk_rh_drag_helmet_cav_lord_f	metamesh	sk	rhun	drag	helmet	lord	f	rhun_armors	rhun_armors/dragon/SK_RH_Drag_Helmets_Cav_A_geo.tpac	Y	parsed
sk_rh_drag_helmet_cav_med_a	metamesh	sk	rhun	drag	helmet	med	a	rhun_armors	rhun_armors/dragon/SK_RH_Drag_Helmets_Cav_A_geo.tpac	Y	parsed
sk_rh_drag_helmet_cav_med_b	metamesh	sk	rhun	drag	helmet	med	b	rhun_armors	rhun_armors/dragon/SK_RH_Drag_Helmets_Cav_A_geo.tpac	Y	parsed
sk_rh_drag_helmet_cav_med_c	metamesh	sk	rhun	drag	helmet	med	c	rhun_armors	rhun_armors/dragon/SK_RH_Drag_Helmets_Cav_A_geo.tpac	Y	parsed
sk_rh_drag_helmet_cult_elite_a	metamesh	sk	rhun	drag	helmet	elite	a	rhun_armors	rhun_armors/dragon/SK_RH_Drag_Helmets_Cult_A_geo.tpac	Y	parsed
sk_rh_drag_helmet_cult_elite_b	metamesh	sk	rhun	drag	helmet	elite	b	rhun_armors	rhun_armors/dragon/SK_RH_Drag_Helmets_Cult_A_geo.tpac	Y	parsed
sk_rh_drag_helmet_cult_elite_c	metamesh	sk	rhun	drag	helmet	elite	c	rhun_armors	rhun_armors/dragon/SK_RH_Drag_Helmets_Cult_A_geo.tpac	Y	parsed
sk_rh_drag_helmet_cult_elite_d	metamesh	sk	rhun	drag	helmet	elite	d	rhun_armors	rhun_armors/dragon/SK_RH_Drag_Helmets_Cult_A_geo.tpac	Y	parsed
sk_rh_drag_helmet_cult_elite_e	metamesh	sk	rhun	drag	helmet	elite	e	rhun_armors	rhun_armors/dragon/SK_RH_Drag_Helmets_Cult_A_geo.tpac	Y	parsed
sk_rh_drag_helmet_cult_elite_f	metamesh	sk	rhun	drag	helmet	elite	f	rhun_armors	rhun_armors/dragon/SK_RH_Drag_Helmets_Cult_A_geo.tpac	Y	parsed
sk_rh_drag_helmet_cult_elite_g	metamesh	sk	rhun	drag	helmet	elite	g	rhun_armors	rhun_armors/dragon/SK_RH_Drag_Helmets_Cult_A_geo.tpac	Y	parsed
sk_rh_drag_helmet_cult_elite_h	metamesh	sk	rhun	drag	helmet	elite	h	rhun_armors	rhun_armors/dragon/SK_RH_Drag_Helmets_Cult_A_geo.tpac	Y	parsed
sk_rh_drag_helmet_cult_elite_i	metamesh	sk	rhun	drag	helmet	elite	i	rhun_armors	rhun_armors/dragon/SK_RH_Drag_Helmets_Cult_A_geo.tpac	Y	parsed
sk_rh_drag_helmet_cult_heavy_a	metamesh	sk	rhun	drag	helmet	heavy	a	rhun_armors	rhun_armors/dragon/SK_RH_Drag_Helmets_Cult_A_geo.tpac	Y	parsed
sk_rh_drag_helmet_cult_heavy_b	metamesh	sk	rhun	drag	helmet	heavy	b	rhun_armors	rhun_armors/dragon/SK_RH_Drag_Helmets_Cult_A_geo.tpac	Y	parsed
sk_rh_drag_helmet_cult_heavy_c	metamesh	sk	rhun	drag	helmet	heavy	c	rhun_armors	rhun_armors/dragon/SK_RH_Drag_Helmets_Cult_A_geo.tpac	Y	parsed
sk_rh_drag_helmet_cult_lord_a	metamesh	sk	rhun	drag	helmet	lord	a	rhun_armors	rhun_armors/dragon/SK_RH_Drag_Helmets_Cult_A_geo.tpac	Y	parsed
sk_rh_drag_helmet_cult_lord_b	metamesh	sk	rhun	drag	helmet	lord	b	rhun_armors	rhun_armors/dragon/SK_RH_Drag_Helmets_Cult_A_geo.tpac	Y	parsed
sk_rh_drag_helmet_cult_lord_c	metamesh	sk	rhun	drag	helmet	lord	c	rhun_armors	rhun_armors/dragon/SK_RH_Drag_Helmets_Cult_A_geo.tpac	Y	parsed
sk_rh_drag_helmet_cult_lord_d	metamesh	sk	rhun	drag	helmet	lord	d	rhun_armors	rhun_armors/dragon/SK_RH_Drag_Helmets_Cult_A_geo.tpac	Y	parsed
sk_rh_drag_helmet_cult_med_a	metamesh	sk	rhun	drag	helmet	med	a	rhun_armors	rhun_armors/dragon/SK_RH_Drag_Helmets_Cult_A_geo.tpac	Y	parsed
sk_rh_drag_helmet_east_elite_a	metamesh	sk	rhun	drag	helmet	elite	a	rhun_armors	rhun_armors/dragon/SK_RH_Drag_Helmets_East_A_geo.tpac	Y	parsed
sk_rh_drag_helmet_east_elite_b	metamesh	sk	rhun	drag	helmet	elite	b	rhun_armors	rhun_armors/dragon/SK_RH_Drag_Helmets_East_A_geo.tpac	Y	parsed
sk_rh_drag_helmet_east_elite_c	metamesh	sk	rhun	drag	helmet	elite	c	rhun_armors	rhun_armors/dragon/SK_RH_Drag_Helmets_East_A_geo.tpac	Y	parsed
sk_rh_drag_helmet_east_heavy_a	metamesh	sk	rhun	drag	helmet	heavy	a	rhun_armors	rhun_armors/dragon/SK_RH_Drag_Helmets_East_A_geo.tpac	Y	parsed
sk_rh_drag_helmet_east_heavy_b	metamesh	sk	rhun	drag	helmet	heavy	b	rhun_armors	rhun_armors/dragon/SK_RH_Drag_Helmets_East_A_geo.tpac	Y	parsed
sk_rh_drag_helmet_east_heavy_c	metamesh	sk	rhun	drag	helmet	heavy	c	rhun_armors	rhun_armors/dragon/SK_RH_Drag_Helmets_East_A_geo.tpac	Y	parsed
sk_rh_drag_helmet_east_light_a	metamesh	sk	rhun	drag	helmet	light	a	rhun_armors	rhun_armors/dragon/SK_RH_Drag_Helmets_East_A_geo.tpac	Y	parsed
sk_rh_drag_helmet_east_med_a	metamesh	sk	rhun	drag	helmet	med	a	rhun_armors	rhun_armors/dragon/SK_RH_Drag_Helmets_East_A_geo.tpac	Y	parsed
sk_rh_drag_helmet_east_med_b	metamesh	sk	rhun	drag	helmet	med	b	rhun_armors	rhun_armors/dragon/SK_RH_Drag_Helmets_East_A_geo.tpac	Y	parsed
sk_rh_drag_helmet_east_med_c	metamesh	sk	rhun	drag	helmet	med	c	rhun_armors	rhun_armors/dragon/SK_RH_Drag_Helmets_East_A_geo.tpac	Y	parsed
sk_rh_drag_helmet_inf_elite_a	metamesh	sk	rhun	drag	helmet	elite	a	rhun_armors	rhun_armors/dragon/SK_RH_Drag_Helmets_Inf_A_geo.tpac	Y	parsed
sk_rh_drag_helmet_inf_elite_b	metamesh	sk	rhun	drag	helmet	elite	b	rhun_armors	rhun_armors/dragon/SK_RH_Drag_Helmets_Inf_A_geo.tpac	Y	parsed
sk_rh_drag_helmet_inf_elite_c	metamesh	sk	rhun	drag	helmet	elite	c	rhun_armors	rhun_armors/dragon/SK_RH_Drag_Helmets_Inf_A_geo.tpac	Y	parsed
sk_rh_drag_helmet_inf_elite_d	metamesh	sk	rhun	drag	helmet	elite	d	rhun_armors	rhun_armors/dragon/SK_RH_Drag_Helmets_Inf_A_geo.tpac	Y	parsed
sk_rh_drag_helmet_inf_elite_e	metamesh	sk	rhun	drag	helmet	elite	e	rhun_armors	rhun_armors/dragon/SK_RH_Drag_Helmets_Inf_A_geo.tpac	Y	parsed
sk_rh_drag_helmet_inf_elite_f	metamesh	sk	rhun	drag	helmet	elite	f	rhun_armors	rhun_armors/dragon/SK_RH_Drag_Helmets_Inf_A_geo.tpac	Y	parsed
sk_rh_drag_helmet_inf_elite_g	metamesh	sk	rhun	drag	helmet	elite	g	rhun_armors	rhun_armors/dragon/SK_RH_Drag_Helmets_Inf_A_geo.tpac	Y	parsed
sk_rh_drag_helmet_inf_elite_h	metamesh	sk	rhun	drag	helmet	elite	h	rhun_armors	rhun_armors/dragon/SK_RH_Drag_Helmets_Inf_A_geo.tpac	Y	parsed
sk_rh_drag_helmet_inf_elite_i	metamesh	sk	rhun	drag	helmet	elite	i	rhun_armors	rhun_armors/dragon/SK_RH_Drag_Helmets_Inf_A_geo.tpac	Y	parsed
sk_rh_drag_helmet_inf_heavy_a	metamesh	sk	rhun	drag	helmet	heavy	a	rhun_armors	rhun_armors/dragon/SK_RH_Drag_Helmets_Inf_A_geo.tpac	Y	parsed
sk_rh_drag_helmet_inf_heavy_b	metamesh	sk	rhun	drag	helmet	heavy	b	rhun_armors	rhun_armors/dragon/SK_RH_Drag_Helmets_Inf_A_geo.tpac	Y	parsed
sk_rh_drag_helmet_inf_heavy_c	metamesh	sk	rhun	drag	helmet	heavy	c	rhun_armors	rhun_armors/dragon/SK_RH_Drag_Helmets_Inf_A_geo.tpac	Y	parsed
sk_rh_drag_helmet_inf_light_a	metamesh	sk	rhun	drag	helmet	light	a	rhun_armors	rhun_armors/dragon/SK_RH_Drag_Helmets_Inf_A_geo.tpac	Y	parsed
sk_rh_drag_helmet_inf_lord_a	metamesh	sk	rhun	drag	helmet	lord	a	rhun_armors	rhun_armors/dragon/SK_RH_Drag_Helmets_Inf_A_geo.tpac	Y	parsed
sk_rh_drag_helmet_inf_lord_b	metamesh	sk	rhun	drag	helmet	lord	b	rhun_armors	rhun_armors/dragon/SK_RH_Drag_Helmets_Inf_A_geo.tpac	Y	parsed
sk_rh_drag_helmet_inf_lord_c	metamesh	sk	rhun	drag	helmet	lord	c	rhun_armors	rhun_armors/dragon/SK_RH_Drag_Helmets_Inf_A_geo.tpac	Y	parsed
sk_rh_drag_helmet_inf_lord_d	metamesh	sk	rhun	drag	helmet	lord	d	rhun_armors	rhun_armors/dragon/SK_RH_Drag_Helmets_Inf_A_geo.tpac	Y	parsed
sk_rh_drag_helmet_inf_lord_e	metamesh	sk	rhun	drag	helmet	lord	e	rhun_armors	rhun_armors/dragon/SK_RH_Drag_Helmets_Inf_A_geo.tpac	Y	parsed
sk_rh_drag_helmet_inf_lord_f	metamesh	sk	rhun	drag	helmet	lord	f	rhun_armors	rhun_armors/dragon/SK_RH_Drag_Helmets_Inf_A_geo.tpac	Y	parsed
sk_rh_drag_helmet_inf_med_a	metamesh	sk	rhun	drag	helmet	med	a	rhun_armors	rhun_armors/dragon/SK_RH_Drag_Helmets_Inf_A_geo.tpac	Y	parsed
sk_rh_drag_helmet_inf_med_b	metamesh	sk	rhun	drag	helmet	med	b	rhun_armors	rhun_armors/dragon/SK_RH_Drag_Helmets_Inf_A_geo.tpac	Y	parsed
sk_rh_drag_helmet_inf_med_c	metamesh	sk	rhun	drag	helmet	med	c	rhun_armors	rhun_armors/dragon/SK_RH_Drag_Helmets_Inf_A_geo.tpac	Y	parsed
sk_rh_drag_hood_heavy_a	metamesh	sk	rhun	drag	helmet	heavy	a	rhun_armors	rhun_armors/dragon/SK_RH_Drag_Helmets_Hood_A_geo.tpac	Y	parsed
sk_rh_drag_hood_heavy_b	metamesh	sk	rhun	drag	helmet	heavy	b	rhun_armors	rhun_armors/dragon/SK_RH_Drag_Helmets_Hood_A_geo.tpac	Y	parsed
sk_rh_drag_hood_heavy_c	metamesh	sk	rhun	drag	helmet	heavy	c	rhun_armors	rhun_armors/dragon/SK_RH_Drag_Helmets_Hood_A_geo.tpac	Y	parsed
sk_rh_drag_hood_heavy_d	metamesh	sk	rhun	drag	helmet	heavy	d	rhun_armors	rhun_armors/dragon/SK_RH_Drag_Helmets_Hood_A_geo.tpac	Y	parsed
sk_rh_drag_hood_med_a	metamesh	sk	rhun	drag	helmet	med	a	rhun_armors	rhun_armors/dragon/SK_RH_Drag_Helmets_Hood_A_geo.tpac	Y	parsed
sk_rh_drag_hood_med_b	metamesh	sk	rhun	drag	helmet	med	b	rhun_armors	rhun_armors/dragon/SK_RH_Drag_Helmets_Hood_A_geo.tpac	Y	parsed
sk_rh_drag_hplate_elite_a	metamesh	sk	rhun	drag	chest	elite	a	rhun_armors	rhun_armors/dragon/SK_RH_Drag_Chests_HPlate_A_geo.tpac	Y	parsed
sk_rh_drag_hplate_elite_b	metamesh	sk	rhun	drag	chest	elite	b	rhun_armors	rhun_armors/dragon/SK_RH_Drag_Chests_HPlate_A_geo.tpac	Y	parsed
sk_rh_drag_hplate_elite_c	metamesh	sk	rhun	drag	chest	elite	c	rhun_armors	rhun_armors/dragon/SK_RH_Drag_Chests_HPlate_A_geo.tpac	Y	parsed
sk_rh_drag_hplate_heavy_a	metamesh	sk	rhun	drag	chest	heavy	a	rhun_armors	rhun_armors/dragon/SK_RH_Drag_Chests_HPlate_A_geo.tpac	Y	parsed
sk_rh_drag_hplate_heavy_b	metamesh	sk	rhun	drag	chest	heavy	b	rhun_armors	rhun_armors/dragon/SK_RH_Drag_Chests_HPlate_A_geo.tpac	Y	parsed
sk_rh_drag_hplate_light_a	metamesh	sk	rhun	drag	chest	light	a	rhun_armors	rhun_armors/dragon/SK_RH_Drag_Chests_HPlate_A_geo.tpac	Y	parsed
sk_rh_drag_hplate_med_a	metamesh	sk	rhun	drag	chest	med	a	rhun_armors	rhun_armors/dragon/SK_RH_Drag_Chests_HPlate_A_geo.tpac	Y	parsed
sk_rh_drag_hplate_med_b	metamesh	sk	rhun	drag	chest	med	b	rhun_armors	rhun_armors/dragon/SK_RH_Drag_Chests_HPlate_A_geo.tpac	Y	parsed
sk_rh_drag_pauldron_heavy_a	metamesh	sk	rhun	drag	pauldron	heavy	a	rhun_armors	rhun_armors/dragon/SK_RH_Drag_Pauldrons_A_geo.tpac	Y	parsed
sk_rh_drag_pauldron_heavy_b	metamesh	sk	rhun	drag	pauldron	heavy	b	rhun_armors	rhun_armors/dragon/SK_RH_Drag_Pauldrons_A_geo.tpac	Y	parsed
sk_rh_drag_pauldron_heavy_c	metamesh	sk	rhun	drag	pauldron	heavy	c	rhun_armors	rhun_armors/dragon/SK_RH_Drag_Pauldrons_A_geo.tpac	Y	parsed
sk_rh_drag_pauldron_hplate_heavy_a	metamesh	sk	rhun	drag	pauldron	heavy	a	rhun_armors	rhun_armors/dragon/SK_RH_Drag_Pauldrons_A_geo.tpac	Y	parsed
sk_rh_drag_pauldron_hplate_light_a	metamesh	sk	rhun	drag	pauldron	light	a	rhun_armors	rhun_armors/dragon/SK_RH_Drag_Pauldrons_A_geo.tpac	Y	parsed
sk_rh_drag_pauldron_hplate_med_a	metamesh	sk	rhun	drag	pauldron	med	a	rhun_armors	rhun_armors/dragon/SK_RH_Drag_Pauldrons_A_geo.tpac	Y	parsed
sk_rh_drag_pauldron_lam_heavy_a	metamesh	sk	rhun	drag	pauldron	heavy	a	rhun_armors	rhun_armors/dragon/SK_RH_Drag_Pauldrons_A_geo.tpac	Y	parsed
sk_rh_drag_pauldron_lam_light_a	metamesh	sk	rhun	drag	pauldron	light	a	rhun_armors	rhun_armors/dragon/SK_RH_Drag_Pauldrons_A_geo.tpac	Y	parsed
sk_rh_drag_pauldron_lam_med_a	metamesh	sk	rhun	drag	pauldron	med	a	rhun_armors	rhun_armors/dragon/SK_RH_Drag_Pauldrons_A_geo.tpac	Y	parsed
sk_rh_drag_pauldron_light_a	metamesh	sk	rhun	drag	pauldron	light	a	rhun_armors	rhun_armors/dragon/SK_RH_Drag_Pauldrons_A_geo.tpac	Y	parsed
sk_rh_drag_pauldron_light_b	metamesh	sk	rhun	drag	pauldron	light	b	rhun_armors	rhun_armors/dragon/SK_RH_Drag_Pauldrons_A_geo.tpac	Y	parsed
sk_rh_drag_pauldron_light_c	metamesh	sk	rhun	drag	pauldron	light	c	rhun_armors	rhun_armors/dragon/SK_RH_Drag_Pauldrons_A_geo.tpac	Y	parsed
sk_rh_drag_pauldron_med_a	metamesh	sk	rhun	drag	pauldron	med	a	rhun_armors	rhun_armors/dragon/SK_RH_Drag_Pauldrons_A_geo.tpac	Y	parsed
sk_rh_drag_pauldron_med_b	metamesh	sk	rhun	drag	pauldron	med	b	rhun_armors	rhun_armors/dragon/SK_RH_Drag_Pauldrons_A_geo.tpac	Y	parsed
sk_rh_drag_pauldron_med_c	metamesh	sk	rhun	drag	pauldron	med	c	rhun_armors	rhun_armors/dragon/SK_RH_Drag_Pauldrons_A_geo.tpac	Y	parsed
sk_rh_drag_pauldron_plate_heavy_a	metamesh	sk	rhun	drag	pauldron	heavy	a	rhun_armors	rhun_armors/dragon/SK_RH_Drag_Pauldrons_A_geo.tpac	Y	parsed
sk_rh_drag_pauldron_plate_heavy_b	metamesh	sk	rhun	drag	pauldron	heavy	b	rhun_armors	rhun_armors/dragon/SK_RH_Drag_Pauldrons_A_geo.tpac	Y	parsed
sk_rh_drag_pauldron_plate_light_a	metamesh	sk	rhun	drag	pauldron	light	a	rhun_armors	rhun_armors/dragon/SK_RH_Drag_Pauldrons_A_geo.tpac	Y	parsed
sk_rh_drag_pauldron_plate_light_b	metamesh	sk	rhun	drag	pauldron	light	b	rhun_armors	rhun_armors/dragon/SK_RH_Drag_Pauldrons_A_geo.tpac	Y	parsed
sk_rh_drag_pauldron_scale_heavy_a	metamesh	sk	rhun	drag	pauldron	heavy	a	rhun_armors	rhun_armors/dragon/SK_RH_Drag_Pauldrons_A_geo.tpac	Y	parsed
sk_rh_drag_plate_elite_a	metamesh	sk	rhun	drag	chest	elite	a	rhun_armors	rhun_armors/dragon/SK_RH_Drag_Chests_Plate_A_geo.tpac	Y	parsed
sk_rh_drag_plate_elite_b	metamesh	sk	rhun	drag	chest	elite	b	rhun_armors	rhun_armors/dragon/SK_RH_Drag_Chests_Plate_A_geo.tpac	Y	parsed
sk_rh_drag_plate_elite_c	metamesh	sk	rhun	drag	chest	elite	c	rhun_armors	rhun_armors/dragon/SK_RH_Drag_Chests_Plate_A_geo.tpac	Y	parsed
sk_rh_drag_plate_heavy_a	metamesh	sk	rhun	drag	chest	heavy	a	rhun_armors	rhun_armors/dragon/SK_RH_Drag_Chests_Plate_A_geo.tpac	Y	parsed
sk_rh_drag_plate_heavy_b	metamesh	sk	rhun	drag	chest	heavy	b	rhun_armors	rhun_armors/dragon/SK_RH_Drag_Chests_Plate_A_geo.tpac	Y	parsed
sk_rh_drag_plate_light_a	metamesh	sk	rhun	drag	chest	light	a	rhun_armors	rhun_armors/dragon/SK_RH_Drag_Chests_Plate_A_geo.tpac	Y	parsed
sk_rh_drag_plate_med_a	metamesh	sk	rhun	drag	chest	med	a	rhun_armors	rhun_armors/dragon/SK_RH_Drag_Chests_Plate_A_geo.tpac	Y	parsed
sk_rh_drag_scalemail_elite_a	metamesh	sk	rhun	drag	chest	elite	a	rhun_armors	rhun_armors/dragon/SK_RH_Drag_Chests_Scalemail_A_geo.tpac	Y	parsed
sk_rh_drag_scalemail_elite_b	metamesh	sk	rhun	drag	chest	elite	b	rhun_armors	rhun_armors/dragon/SK_RH_Drag_Chests_Scalemail_A_geo.tpac	Y	parsed
sk_rh_drag_scalemail_heav_a	metamesh	sk	rhun	drag	chest	-	a	rhun_armors	rhun_armors/dragon/SK_RH_Drag_Chests_Scalemail_A_geo.tpac	Y	parsed
sk_rh_drag_scalemail_heav_b	metamesh	sk	rhun	drag	chest	-	b	rhun_armors	rhun_armors/dragon/SK_RH_Drag_Chests_Scalemail_A_geo.tpac	Y	parsed
sk_rh_drag_scalemail_light_a	metamesh	sk	rhun	drag	chest	light	a	rhun_armors	rhun_armors/dragon/SK_RH_Drag_Chests_Scalemail_A_geo.tpac	Y	parsed
sk_rh_drag_scalemail_light_b	metamesh	sk	rhun	drag	chest	light	b	rhun_armors	rhun_armors/dragon/SK_RH_Drag_Chests_Scalemail_A_geo.tpac	Y	parsed
sk_rh_drag_scalemail_lord_a	metamesh	sk	rhun	drag	chest	lord	a	rhun_armors	rhun_armors/dragon/SK_RH_Drag_Chests_Scalemail_A_geo.tpac	Y	parsed
sk_rh_drag_scalemail_med_a	metamesh	sk	rhun	drag	chest	med	a	rhun_armors	rhun_armors/dragon/SK_RH_Drag_Chests_Scalemail_A_geo.tpac	Y	parsed
sk_rh_drag_scalemail_med_b	metamesh	sk	rhun	drag	chest	med	b	rhun_armors	rhun_armors/dragon/SK_RH_Drag_Chests_Scalemail_A_geo.tpac	Y	parsed
sk_rh_khml_barding_a	metamesh	sk	rhun	khml	barding	-	a	horse_armor	horse_armor/Rhun/sk_rh_khml_barding_a_geo.tpac	Y	parsed
sk_rh_khml_barding_b	metamesh	sk	rhun	khml	barding	-	b	horse_armor	horse_armor/Rhun/sk_rh_khml_barding_a_geo.tpac	Y	parsed
sk_rh_loke_boots_a	metamesh	sk	rhun	loke	boots	-	a	rhun_armors	rhun_armors/loke/SK_RH_Loke_Boots_A_geo.tpac	Y	parsed
sk_rh_loke_bracer_heavy_a	metamesh	sk	rhun	loke	bracer	heavy	a	rhun_armors	rhun_armors/loke/SK_RH_Loke_Bracers_A_geo.tpac	Y	parsed
sk_rh_loke_bracer_heavy_b	metamesh	sk	rhun	loke	bracer	heavy	b	rhun_armors	rhun_armors/loke/SK_RH_Loke_Bracers_A_geo.tpac	Y	parsed
sk_rh_loke_bracer_heavy_c	metamesh	sk	rhun	loke	bracer	heavy	c	rhun_armors	rhun_armors/loke/SK_RH_Loke_Bracers_A_geo.tpac	Y	parsed
sk_rh_loke_bracer_hplate_heavy_a	metamesh	sk	rhun	loke	bracer	heavy	a	rhun_armors	rhun_armors/loke/SK_RH_Loke_Bracers_A_geo.tpac	Y	parsed
sk_rh_loke_bracer_hplate_light_a	metamesh	sk	rhun	loke	bracer	light	a	rhun_armors	rhun_armors/loke/SK_RH_Loke_Bracers_A_geo.tpac	Y	parsed
sk_rh_loke_bracer_hplate_med_a	metamesh	sk	rhun	loke	bracer	med	a	rhun_armors	rhun_armors/loke/SK_RH_Loke_Bracers_A_geo.tpac	Y	parsed
sk_rh_loke_bracer_lam_heavy_a	metamesh	sk	rhun	loke	bracer	heavy	a	rhun_armors	rhun_armors/loke/SK_RH_Loke_Bracers_A_geo.tpac	Y	parsed
sk_rh_loke_bracer_lam_light_a	metamesh	sk	rhun	loke	bracer	light	a	rhun_armors	rhun_armors/loke/SK_RH_Loke_Bracers_A_geo.tpac	Y	parsed
sk_rh_loke_bracer_lam_med_a	metamesh	sk	rhun	loke	bracer	med	a	rhun_armors	rhun_armors/loke/SK_RH_Loke_Bracers_A_geo.tpac	Y	parsed
sk_rh_loke_bracer_light_a	metamesh	sk	rhun	loke	bracer	light	a	rhun_armors	rhun_armors/loke/SK_RH_Loke_Bracers_A_geo.tpac	Y	parsed
sk_rh_loke_bracer_med_a	metamesh	sk	rhun	loke	bracer	med	a	rhun_armors	rhun_armors/loke/SK_RH_Loke_Bracers_A_geo.tpac	Y	parsed
sk_rh_loke_bracer_med_b	metamesh	sk	rhun	loke	bracer	med	b	rhun_armors	rhun_armors/loke/SK_RH_Loke_Bracers_A_geo.tpac	Y	parsed
sk_rh_loke_bracer_med_c	metamesh	sk	rhun	loke	bracer	med	c	rhun_armors	rhun_armors/loke/SK_RH_Loke_Bracers_A_geo.tpac	Y	parsed
sk_rh_loke_bracer_plate_heavy_a	metamesh	sk	rhun	loke	bracer	heavy	a	rhun_armors	rhun_armors/loke/SK_RH_Loke_Bracers_A_geo.tpac	Y	parsed
sk_rh_loke_bracer_plate_light_a	metamesh	sk	rhun	loke	bracer	light	a	rhun_armors	rhun_armors/loke/SK_RH_Loke_Bracers_A_geo.tpac	Y	parsed
sk_rh_loke_bracer_plate_med_a	metamesh	sk	rhun	loke	bracer	med	a	rhun_armors	rhun_armors/loke/SK_RH_Loke_Bracers_A_geo.tpac	Y	parsed
sk_rh_loke_bracer_scale_heavy_a	metamesh	sk	rhun	loke	bracer	heavy	a	rhun_armors	rhun_armors/loke/SK_RH_Loke_Bracers_A_geo.tpac	Y	parsed
sk_rh_loke_bracer_scale_med_a	metamesh	sk	rhun	loke	bracer	med	a	rhun_armors	rhun_armors/loke/SK_RH_Loke_Bracers_A_geo.tpac	Y	parsed
sk_rh_loke_cape_a	metamesh	sk	rhun	loke	cape	-	a	rhun_armors	rhun_armors/loke/SK_RH_Loke_Pauldrons_A_geo.tpac	Y	parsed
sk_rh_loke_cape_b	metamesh	sk	rhun	loke	cape	-	b	rhun_armors	rhun_armors/loke/SK_RH_Loke_Pauldrons_A_geo.tpac	Y	parsed
sk_rh_loke_cape_heavy_a	metamesh	sk	rhun	loke	cape	heavy	a	rhun_armors	rhun_armors/loke/SK_RH_Loke_Pauldrons_A_geo.tpac	Y	parsed
sk_rh_loke_cape_heavy_b	metamesh	sk	rhun	loke	cape	heavy	b	rhun_armors	rhun_armors/loke/SK_RH_Loke_Pauldrons_A_geo.tpac	Y	parsed
sk_rh_loke_cape_hplate_heavy_a	metamesh	sk	rhun	loke	cape	heavy	a	rhun_armors	rhun_armors/loke/SK_RH_Loke_Pauldrons_A_geo.tpac	Y	parsed
sk_rh_loke_cape_plate_heavy_a	metamesh	sk	rhun	loke	cape	heavy	a	rhun_armors	rhun_armors/loke/SK_RH_Loke_Pauldrons_A_geo.tpac	Y	parsed
sk_rh_loke_cape_scale_heavy_a	metamesh	sk	rhun	loke	cape	heavy	a	rhun_armors	rhun_armors/loke/SK_RH_Loke_Pauldrons_A_geo.tpac	Y	parsed
sk_rh_loke_chainmail_a	metamesh	sk	rhun	loke	chest	-	a	rhun_armors	rhun_armors/loke/SK_RH_Loke_Chests_A_geo.tpac	N	parsed
sk_rh_loke_chest_elite_a	metamesh	sk	rhun	loke	chest	elite	a	rhun_armors	rhun_armors/loke/SK_RH_Loke_Chests_Lamellar_A_geo.tpac	Y	parsed
sk_rh_loke_chest_elite_b	metamesh	sk	rhun	loke	chest	elite	b	rhun_armors	rhun_armors/loke/SK_RH_Loke_Chests_Lamellar_A_geo.tpac	Y	parsed
sk_rh_loke_chest_heavy_a	metamesh	sk	rhun	loke	chest	heavy	a	rhun_armors	rhun_armors/loke/SK_RH_Loke_Chests_Lamellar_A_geo.tpac	Y	parsed
sk_rh_loke_chest_heavy_b	metamesh	sk	rhun	loke	chest	heavy	b	rhun_armors	rhun_armors/loke/SK_RH_Loke_Chests_Lamellar_A_geo.tpac	Y	parsed
sk_rh_loke_chest_heavy_c	metamesh	sk	rhun	loke	chest	heavy	c	rhun_armors	rhun_armors/loke/SK_RH_Loke_Chests_Spiky_A_geo.tpac	Y	parsed
sk_rh_loke_chest_heavy_d	metamesh	sk	rhun	loke	chest	heavy	d	rhun_armors	rhun_armors/loke/SK_RH_Loke_Chests_Spiky_A_geo.tpac	Y	parsed
sk_rh_loke_chest_light_a	metamesh	sk	rhun	loke	chest	light	a	rhun_armors	rhun_armors/loke/SK_RH_Loke_Chests_Lamellar_A_geo.tpac	Y	parsed
sk_rh_loke_chest_light_b	metamesh	sk	rhun	loke	chest	light	b	rhun_armors	rhun_armors/loke/SK_RH_Loke_Chests_Lamellar_A_geo.tpac	Y	parsed
sk_rh_loke_chest_light_c	metamesh	sk	rhun	loke	chest	light	c	rhun_armors	rhun_armors/loke/SK_RH_Loke_Chests_Spiky_A_geo.tpac	Y	parsed
sk_rh_loke_chest_light_d	metamesh	sk	rhun	loke	chest	light	d	rhun_armors	rhun_armors/loke/SK_RH_Loke_Chests_Spiky_A_geo.tpac	Y	parsed
sk_rh_loke_chest_lord_a	metamesh	sk	rhun	loke	chest	lord	a	rhun_armors	rhun_armors/loke/SK_RH_Loke_Chests_Lamellar_A_geo.tpac	Y	parsed
sk_rh_loke_chest_lord_b	metamesh	sk	rhun	loke	chest	lord	b	rhun_armors	rhun_armors/loke/SK_RH_Loke_Chests_Lamellar_A_geo.tpac	Y	parsed
sk_rh_loke_chest_med_a	metamesh	sk	rhun	loke	chest	med	a	rhun_armors	rhun_armors/loke/SK_RH_Loke_Chests_Lamellar_A_geo.tpac	Y	parsed
sk_rh_loke_chest_med_b	metamesh	sk	rhun	loke	chest	med	b	rhun_armors	rhun_armors/loke/SK_RH_Loke_Chests_Lamellar_A_geo.tpac	Y	parsed
sk_rh_loke_chest_med_c	metamesh	sk	rhun	loke	chest	med	c	rhun_armors	rhun_armors/loke/SK_RH_Loke_Chests_Spiky_A_geo.tpac	Y	parsed
sk_rh_loke_chest_med_d	metamesh	sk	rhun	loke	chest	med	d	rhun_armors	rhun_armors/loke/SK_RH_Loke_Chests_Spiky_A_geo.tpac	Y	parsed
sk_rh_loke_grvs_heavy_a	metamesh	sk	rhun	loke	greaves	heavy	a	rhun_armors	rhun_armors/loke/SK_RH_Loke_Boots_A_geo.tpac	Y	parsed
sk_rh_loke_grvs_heavy_b	metamesh	sk	rhun	loke	greaves	heavy	b	rhun_armors	rhun_armors/loke/SK_RH_Loke_Boots_A_geo.tpac	Y	parsed
sk_rh_loke_grvs_hplate_heavy_a	metamesh	sk	rhun	loke	greaves	heavy	a	rhun_armors	rhun_armors/loke/SK_RH_Loke_Boots_A_geo.tpac	Y	parsed
sk_rh_loke_grvs_hplate_light_a	metamesh	sk	rhun	loke	greaves	light	a	rhun_armors	rhun_armors/loke/SK_RH_Loke_Boots_A_geo.tpac	Y	parsed
sk_rh_loke_grvs_light_a	metamesh	sk	rhun	loke	greaves	light	a	rhun_armors	rhun_armors/loke/SK_RH_Loke_Boots_A_geo.tpac	Y	parsed
sk_rh_loke_grvs_light_b	metamesh	sk	rhun	loke	greaves	light	b	rhun_armors	rhun_armors/loke/SK_RH_Loke_Boots_A_geo.tpac	Y	parsed
sk_rh_loke_grvs_plate_elite_a	metamesh	sk	rhun	loke	greaves	elite	a	rhun_armors	rhun_armors/loke/SK_RH_Loke_Boots_A_geo.tpac	Y	parsed
sk_rh_loke_grvs_plate_heavy_a	metamesh	sk	rhun	loke	greaves	heavy	a	rhun_armors	rhun_armors/loke/SK_RH_Loke_Boots_A_geo.tpac	Y	parsed
sk_rh_loke_grvs_plate_light_a	metamesh	sk	rhun	loke	greaves	light	a	rhun_armors	rhun_armors/loke/SK_RH_Loke_Boots_A_geo.tpac	Y	parsed
sk_rh_loke_grvs_plate_med_a	metamesh	sk	rhun	loke	greaves	med	a	rhun_armors	rhun_armors/loke/SK_RH_Loke_Boots_A_geo.tpac	Y	parsed
sk_rh_loke_grvs_scale_heavy_a	metamesh	sk	rhun	loke	greaves	heavy	a	rhun_armors	rhun_armors/loke/SK_RH_Loke_Boots_A_geo.tpac	Y	parsed
sk_rh_loke_grvs_scale_light_a	metamesh	sk	rhun	loke	greaves	light	a	rhun_armors	rhun_armors/loke/SK_RH_Loke_Boots_A_geo.tpac	Y	parsed
sk_rh_loke_helmet_arch_elite_a	metamesh	sk	rhun	loke	helmet	elite	a	rhun_armors	rhun_armors/loke/SK_RH_Loke_Helmets_Arc_A_geo.tpac	Y	parsed
sk_rh_loke_helmet_arch_elite_b	metamesh	sk	rhun	loke	helmet	elite	b	rhun_armors	rhun_armors/loke/SK_RH_Loke_Helmets_Arc_A_geo.tpac	Y	parsed
sk_rh_loke_helmet_arch_elite_c	metamesh	sk	rhun	loke	helmet	elite	c	rhun_armors	rhun_armors/loke/SK_RH_Loke_Helmets_Arc_A_geo.tpac	Y	parsed
sk_rh_loke_helmet_arch_elite_d	metamesh	sk	rhun	loke	helmet	elite	d	rhun_armors	rhun_armors/loke/SK_RH_Loke_Helmets_Arc_A_geo.tpac	Y	parsed
sk_rh_loke_helmet_arch_elite_e	metamesh	sk	rhun	loke	helmet	elite	e	rhun_armors	rhun_armors/loke/SK_RH_Loke_Helmets_Arc_A_geo.tpac	Y	parsed
sk_rh_loke_helmet_arch_elite_f	metamesh	sk	rhun	loke	helmet	elite	f	rhun_armors	rhun_armors/loke/SK_RH_Loke_Helmets_Arc_A_geo.tpac	Y	parsed
sk_rh_loke_helmet_arch_elite_g	metamesh	sk	rhun	loke	helmet	elite	g	rhun_armors	rhun_armors/loke/SK_RH_Loke_Helmets_Arc_A_geo.tpac	Y	parsed
sk_rh_loke_helmet_arch_elite_h	metamesh	sk	rhun	loke	helmet	elite	h	rhun_armors	rhun_armors/loke/SK_RH_Loke_Helmets_Arc_A_geo.tpac	Y	parsed
sk_rh_loke_helmet_arch_elite_i	metamesh	sk	rhun	loke	helmet	elite	i	rhun_armors	rhun_armors/loke/SK_RH_Loke_Helmets_Arc_A_geo.tpac	Y	parsed
sk_rh_loke_helmet_arch_heavy_a	metamesh	sk	rhun	loke	helmet	heavy	a	rhun_armors	rhun_armors/loke/SK_RH_Loke_Helmets_Arc_A_geo.tpac	Y	parsed
sk_rh_loke_helmet_arch_heavy_b	metamesh	sk	rhun	loke	helmet	heavy	b	rhun_armors	rhun_armors/loke/SK_RH_Loke_Helmets_Arc_A_geo.tpac	Y	parsed
sk_rh_loke_helmet_arch_heavy_c	metamesh	sk	rhun	loke	helmet	heavy	c	rhun_armors	rhun_armors/loke/SK_RH_Loke_Helmets_Arc_A_geo.tpac	Y	parsed
sk_rh_loke_helmet_arch_light_a	metamesh	sk	rhun	loke	helmet	light	a	rhun_armors	rhun_armors/loke/SK_RH_Loke_Helmets_Arc_A_geo.tpac	Y	parsed
sk_rh_loke_helmet_arch_lord_a	metamesh	sk	rhun	loke	helmet	lord	a	rhun_armors	rhun_armors/loke/SK_RH_Loke_Helmets_Arc_A_geo.tpac	Y	parsed
sk_rh_loke_helmet_arch_lord_b	metamesh	sk	rhun	loke	helmet	lord	b	rhun_armors	rhun_armors/loke/SK_RH_Loke_Helmets_Arc_A_geo.tpac	Y	parsed
sk_rh_loke_helmet_arch_lord_c	metamesh	sk	rhun	loke	helmet	lord	c	rhun_armors	rhun_armors/loke/SK_RH_Loke_Helmets_Arc_A_geo.tpac	Y	parsed
sk_rh_loke_helmet_arch_lord_d	metamesh	sk	rhun	loke	helmet	lord	d	rhun_armors	rhun_armors/loke/SK_RH_Loke_Helmets_Arc_A_geo.tpac	Y	parsed
sk_rh_loke_helmet_arch_lord_e	metamesh	sk	rhun	loke	helmet	lord	e	rhun_armors	rhun_armors/loke/SK_RH_Loke_Helmets_Arc_A_geo.tpac	Y	parsed
sk_rh_loke_helmet_arch_lord_f	metamesh	sk	rhun	loke	helmet	lord	f	rhun_armors	rhun_armors/loke/SK_RH_Loke_Helmets_Arc_A_geo.tpac	Y	parsed
sk_rh_loke_helmet_arch_med_a	metamesh	sk	rhun	loke	helmet	med	a	rhun_armors	rhun_armors/loke/SK_RH_Loke_Helmets_Arc_A_geo.tpac	Y	parsed
sk_rh_loke_helmet_arch_med_b	metamesh	sk	rhun	loke	helmet	med	b	rhun_armors	rhun_armors/loke/SK_RH_Loke_Helmets_Arc_A_geo.tpac	Y	parsed
sk_rh_loke_helmet_arch_med_c	metamesh	sk	rhun	loke	helmet	med	c	rhun_armors	rhun_armors/loke/SK_RH_Loke_Helmets_Arc_A_geo.tpac	Y	parsed
sk_rh_loke_helmet_cav_elite_a	metamesh	sk	rhun	loke	helmet	elite	a	rhun_armors	rhun_armors/loke/SK_RH_Loke_Helmets_Cav_A_geo.tpac	Y	parsed
sk_rh_loke_helmet_cav_elite_b	metamesh	sk	rhun	loke	helmet	elite	b	rhun_armors	rhun_armors/loke/SK_RH_Loke_Helmets_Cav_A_geo.tpac	Y	parsed
sk_rh_loke_helmet_cav_elite_c	metamesh	sk	rhun	loke	helmet	elite	c	rhun_armors	rhun_armors/loke/SK_RH_Loke_Helmets_Cav_A_geo.tpac	Y	parsed
sk_rh_loke_helmet_cav_elite_d	metamesh	sk	rhun	loke	helmet	elite	d	rhun_armors	rhun_armors/loke/SK_RH_Loke_Helmets_Cav_A_geo.tpac	Y	parsed
sk_rh_loke_helmet_cav_elite_e	metamesh	sk	rhun	loke	helmet	elite	e	rhun_armors	rhun_armors/loke/SK_RH_Loke_Helmets_Cav_A_geo.tpac	Y	parsed
sk_rh_loke_helmet_cav_elite_f	metamesh	sk	rhun	loke	helmet	elite	f	rhun_armors	rhun_armors/loke/SK_RH_Loke_Helmets_Cav_A_geo.tpac	Y	parsed
sk_rh_loke_helmet_cav_heavy_a	metamesh	sk	rhun	loke	helmet	heavy	a	rhun_armors	rhun_armors/loke/SK_RH_Loke_Helmets_Cav_A_geo.tpac	Y	parsed
sk_rh_loke_helmet_cav_heavy_b	metamesh	sk	rhun	loke	helmet	heavy	b	rhun_armors	rhun_armors/loke/SK_RH_Loke_Helmets_Cav_A_geo.tpac	Y	parsed
sk_rh_loke_helmet_cav_heavy_c	metamesh	sk	rhun	loke	helmet	heavy	c	rhun_armors	rhun_armors/loke/SK_RH_Loke_Helmets_Cav_A_geo.tpac	Y	parsed
sk_rh_loke_helmet_cav_light_a	metamesh	sk	rhun	loke	helmet	light	a	rhun_armors	rhun_armors/loke/SK_RH_Loke_Helmets_Cav_A_geo.tpac	Y	parsed
sk_rh_loke_helmet_cav_lord_a	metamesh	sk	rhun	loke	helmet	lord	a	rhun_armors	rhun_armors/loke/SK_RH_Loke_Helmets_Cav_A_geo.tpac	Y	parsed
sk_rh_loke_helmet_cav_lord_b	metamesh	sk	rhun	loke	helmet	lord	b	rhun_armors	rhun_armors/loke/SK_RH_Loke_Helmets_Cav_A_geo.tpac	Y	parsed
sk_rh_loke_helmet_cav_lord_c	metamesh	sk	rhun	loke	helmet	lord	c	rhun_armors	rhun_armors/loke/SK_RH_Loke_Helmets_Cav_A_geo.tpac	Y	parsed
sk_rh_loke_helmet_cav_lord_d	metamesh	sk	rhun	loke	helmet	lord	d	rhun_armors	rhun_armors/loke/SK_RH_Loke_Helmets_Cav_A_geo.tpac	Y	parsed
sk_rh_loke_helmet_cav_lord_e	metamesh	sk	rhun	loke	helmet	lord	e	rhun_armors	rhun_armors/loke/SK_RH_Loke_Helmets_Cav_A_geo.tpac	Y	parsed
sk_rh_loke_helmet_cav_lord_f	metamesh	sk	rhun	loke	helmet	lord	f	rhun_armors	rhun_armors/loke/SK_RH_Loke_Helmets_Cav_A_geo.tpac	Y	parsed
sk_rh_loke_helmet_cav_med_a	metamesh	sk	rhun	loke	helmet	med	a	rhun_armors	rhun_armors/loke/SK_RH_Loke_Helmets_Cav_A_geo.tpac	Y	parsed
sk_rh_loke_helmet_cav_med_b	metamesh	sk	rhun	loke	helmet	med	b	rhun_armors	rhun_armors/loke/SK_RH_Loke_Helmets_Cav_A_geo.tpac	Y	parsed
sk_rh_loke_helmet_cav_med_c	metamesh	sk	rhun	loke	helmet	med	c	rhun_armors	rhun_armors/loke/SK_RH_Loke_Helmets_Cav_A_geo.tpac	Y	parsed
sk_rh_loke_helmet_cult_elite_a	metamesh	sk	rhun	loke	helmet	elite	a	rhun_armors	rhun_armors/loke/SK_RH_Loke_Helmets_Cult_A_geo.tpac	Y	parsed
sk_rh_loke_helmet_cult_elite_b	metamesh	sk	rhun	loke	helmet	elite	b	rhun_armors	rhun_armors/loke/SK_RH_Loke_Helmets_Cult_A_geo.tpac	Y	parsed
sk_rh_loke_helmet_cult_elite_c	metamesh	sk	rhun	loke	helmet	elite	c	rhun_armors	rhun_armors/loke/SK_RH_Loke_Helmets_Cult_A_geo.tpac	Y	parsed
sk_rh_loke_helmet_cult_elite_d	metamesh	sk	rhun	loke	helmet	elite	d	rhun_armors	rhun_armors/loke/SK_RH_Loke_Helmets_Cult_A_geo.tpac	Y	parsed
sk_rh_loke_helmet_cult_elite_e	metamesh	sk	rhun	loke	helmet	elite	e	rhun_armors	rhun_armors/loke/SK_RH_Loke_Helmets_Cult_A_geo.tpac	Y	parsed
sk_rh_loke_helmet_cult_elite_f	metamesh	sk	rhun	loke	helmet	elite	f	rhun_armors	rhun_armors/loke/SK_RH_Loke_Helmets_Cult_A_geo.tpac	Y	parsed
sk_rh_loke_helmet_cult_elite_g	metamesh	sk	rhun	loke	helmet	elite	g	rhun_armors	rhun_armors/loke/SK_RH_Loke_Helmets_Cult_A_geo.tpac	Y	parsed
sk_rh_loke_helmet_cult_elite_h	metamesh	sk	rhun	loke	helmet	elite	h	rhun_armors	rhun_armors/loke/SK_RH_Loke_Helmets_Cult_A_geo.tpac	Y	parsed
sk_rh_loke_helmet_cult_elite_i	metamesh	sk	rhun	loke	helmet	elite	i	rhun_armors	rhun_armors/loke/SK_RH_Loke_Helmets_Cult_A_geo.tpac	Y	parsed
sk_rh_loke_helmet_cult_heavy_a	metamesh	sk	rhun	loke	helmet	heavy	a	rhun_armors	rhun_armors/loke/SK_RH_Loke_Helmets_Cult_A_geo.tpac	Y	parsed
sk_rh_loke_helmet_cult_heavy_b	metamesh	sk	rhun	loke	helmet	heavy	b	rhun_armors	rhun_armors/loke/SK_RH_Loke_Helmets_Cult_A_geo.tpac	Y	parsed
sk_rh_loke_helmet_cult_heavy_c	metamesh	sk	rhun	loke	helmet	heavy	c	rhun_armors	rhun_armors/loke/SK_RH_Loke_Helmets_Cult_A_geo.tpac	Y	parsed
sk_rh_loke_helmet_cult_lord_a	metamesh	sk	rhun	loke	helmet	lord	a	rhun_armors	rhun_armors/loke/SK_RH_Loke_Helmets_Cult_A_geo.tpac	Y	parsed
sk_rh_loke_helmet_cult_lord_b	metamesh	sk	rhun	loke	helmet	lord	b	rhun_armors	rhun_armors/loke/SK_RH_Loke_Helmets_Cult_A_geo.tpac	Y	parsed
sk_rh_loke_helmet_cult_lord_c	metamesh	sk	rhun	loke	helmet	lord	c	rhun_armors	rhun_armors/loke/SK_RH_Loke_Helmets_Cult_A_geo.tpac	Y	parsed
sk_rh_loke_helmet_cult_lord_d	metamesh	sk	rhun	loke	helmet	lord	d	rhun_armors	rhun_armors/loke/SK_RH_Loke_Helmets_Cult_A_geo.tpac	Y	parsed
sk_rh_loke_helmet_cult_med_a	metamesh	sk	rhun	loke	helmet	med	a	rhun_armors	rhun_armors/loke/SK_RH_Loke_Helmets_Cult_A_geo.tpac	Y	parsed
sk_rh_loke_helmet_east_elite_a	metamesh	sk	rhun	loke	helmet	elite	a	rhun_armors	rhun_armors/loke/SK_RH_Loke_Helmets_East_A_geo.tpac	Y	parsed
sk_rh_loke_helmet_east_elite_b	metamesh	sk	rhun	loke	helmet	elite	b	rhun_armors	rhun_armors/loke/SK_RH_Loke_Helmets_East_A_geo.tpac	Y	parsed
sk_rh_loke_helmet_east_elite_c	metamesh	sk	rhun	loke	helmet	elite	c	rhun_armors	rhun_armors/loke/SK_RH_Loke_Helmets_East_A_geo.tpac	Y	parsed
sk_rh_loke_helmet_east_heavy_a	metamesh	sk	rhun	loke	helmet	heavy	a	rhun_armors	rhun_armors/loke/SK_RH_Loke_Helmets_East_A_geo.tpac	Y	parsed
sk_rh_loke_helmet_east_heavy_b	metamesh	sk	rhun	loke	helmet	heavy	b	rhun_armors	rhun_armors/loke/SK_RH_Loke_Helmets_East_A_geo.tpac	Y	parsed
sk_rh_loke_helmet_east_heavy_c	metamesh	sk	rhun	loke	helmet	heavy	c	rhun_armors	rhun_armors/loke/SK_RH_Loke_Helmets_East_A_geo.tpac	Y	parsed
sk_rh_loke_helmet_east_light_a	metamesh	sk	rhun	loke	helmet	light	a	rhun_armors	rhun_armors/loke/SK_RH_Loke_Helmets_East_A_geo.tpac	Y	parsed
sk_rh_loke_helmet_east_med_a	metamesh	sk	rhun	loke	helmet	med	a	rhun_armors	rhun_armors/loke/SK_RH_Loke_Helmets_East_A_geo.tpac	Y	parsed
sk_rh_loke_helmet_east_med_b	metamesh	sk	rhun	loke	helmet	med	b	rhun_armors	rhun_armors/loke/SK_RH_Loke_Helmets_East_A_geo.tpac	Y	parsed
sk_rh_loke_helmet_east_med_c	metamesh	sk	rhun	loke	helmet	med	c	rhun_armors	rhun_armors/loke/SK_RH_Loke_Helmets_East_A_geo.tpac	Y	parsed
sk_rh_loke_helmet_inf_elite_a	metamesh	sk	rhun	loke	helmet	elite	a	rhun_armors	rhun_armors/loke/SK_RH_Loke_Helmets_Inf_A_geo.tpac	Y	parsed
sk_rh_loke_helmet_inf_elite_b	metamesh	sk	rhun	loke	helmet	elite	b	rhun_armors	rhun_armors/loke/SK_RH_Loke_Helmets_Inf_A_geo.tpac	Y	parsed
sk_rh_loke_helmet_inf_elite_c	metamesh	sk	rhun	loke	helmet	elite	c	rhun_armors	rhun_armors/loke/SK_RH_Loke_Helmets_Inf_A_geo.tpac	Y	parsed
sk_rh_loke_helmet_inf_elite_d	metamesh	sk	rhun	loke	helmet	elite	d	rhun_armors	rhun_armors/loke/SK_RH_Loke_Helmets_Inf_A_geo.tpac	Y	parsed
sk_rh_loke_helmet_inf_elite_e	metamesh	sk	rhun	loke	helmet	elite	e	rhun_armors	rhun_armors/loke/SK_RH_Loke_Helmets_Inf_A_geo.tpac	Y	parsed
sk_rh_loke_helmet_inf_elite_f	metamesh	sk	rhun	loke	helmet	elite	f	rhun_armors	rhun_armors/loke/SK_RH_Loke_Helmets_Inf_A_geo.tpac	Y	parsed
sk_rh_loke_helmet_inf_elite_g	metamesh	sk	rhun	loke	helmet	elite	g	rhun_armors	rhun_armors/loke/SK_RH_Loke_Helmets_Inf_A_geo.tpac	Y	parsed
sk_rh_loke_helmet_inf_elite_h	metamesh	sk	rhun	loke	helmet	elite	h	rhun_armors	rhun_armors/loke/SK_RH_Loke_Helmets_Inf_A_geo.tpac	Y	parsed
sk_rh_loke_helmet_inf_elite_i	metamesh	sk	rhun	loke	helmet	elite	i	rhun_armors	rhun_armors/loke/SK_RH_Loke_Helmets_Inf_A_geo.tpac	Y	parsed
sk_rh_loke_helmet_inf_heavy_a	metamesh	sk	rhun	loke	helmet	heavy	a	rhun_armors	rhun_armors/loke/SK_RH_Loke_Helmets_Inf_A_geo.tpac	Y	parsed
sk_rh_loke_helmet_inf_heavy_b	metamesh	sk	rhun	loke	helmet	heavy	b	rhun_armors	rhun_armors/loke/SK_RH_Loke_Helmets_Inf_A_geo.tpac	Y	parsed
sk_rh_loke_helmet_inf_heavy_c	metamesh	sk	rhun	loke	helmet	heavy	c	rhun_armors	rhun_armors/loke/SK_RH_Loke_Helmets_Inf_A_geo.tpac	Y	parsed
sk_rh_loke_helmet_inf_light_a	metamesh	sk	rhun	loke	helmet	light	a	rhun_armors	rhun_armors/loke/SK_RH_Loke_Helmets_Inf_A_geo.tpac	Y	parsed
sk_rh_loke_helmet_inf_lord_a	metamesh	sk	rhun	loke	helmet	lord	a	rhun_armors	rhun_armors/loke/SK_RH_Loke_Helmets_Inf_A_geo.tpac	Y	parsed
sk_rh_loke_helmet_inf_lord_b	metamesh	sk	rhun	loke	helmet	lord	b	rhun_armors	rhun_armors/loke/SK_RH_Loke_Helmets_Inf_A_geo.tpac	Y	parsed
sk_rh_loke_helmet_inf_lord_c	metamesh	sk	rhun	loke	helmet	lord	c	rhun_armors	rhun_armors/loke/SK_RH_Loke_Helmets_Inf_A_geo.tpac	Y	parsed
sk_rh_loke_helmet_inf_lord_d	metamesh	sk	rhun	loke	helmet	lord	d	rhun_armors	rhun_armors/loke/SK_RH_Loke_Helmets_Inf_A_geo.tpac	Y	parsed
sk_rh_loke_helmet_inf_lord_e	metamesh	sk	rhun	loke	helmet	lord	e	rhun_armors	rhun_armors/loke/SK_RH_Loke_Helmets_Inf_A_geo.tpac	Y	parsed
sk_rh_loke_helmet_inf_lord_f	metamesh	sk	rhun	loke	helmet	lord	f	rhun_armors	rhun_armors/loke/SK_RH_Loke_Helmets_Inf_A_geo.tpac	Y	parsed
sk_rh_loke_helmet_inf_med_a	metamesh	sk	rhun	loke	helmet	med	a	rhun_armors	rhun_armors/loke/SK_RH_Loke_Helmets_Inf_A_geo.tpac	Y	parsed
sk_rh_loke_helmet_inf_med_b	metamesh	sk	rhun	loke	helmet	med	b	rhun_armors	rhun_armors/loke/SK_RH_Loke_Helmets_Inf_A_geo.tpac	Y	parsed
sk_rh_loke_helmet_inf_med_c	metamesh	sk	rhun	loke	helmet	med	c	rhun_armors	rhun_armors/loke/SK_RH_Loke_Helmets_Inf_A_geo.tpac	Y	parsed
sk_rh_loke_hood_heavy_a	metamesh	sk	rhun	loke	helmet	heavy	a	rhun_armors	rhun_armors/loke/SK_RH_Loke_Helmets_Hood_A_geo.tpac	Y	parsed
sk_rh_loke_hood_heavy_b	metamesh	sk	rhun	loke	helmet	heavy	b	rhun_armors	rhun_armors/loke/SK_RH_Loke_Helmets_Hood_A_geo.tpac	Y	parsed
sk_rh_loke_hood_heavy_c	metamesh	sk	rhun	loke	helmet	heavy	c	rhun_armors	rhun_armors/loke/SK_RH_Loke_Helmets_Hood_A_geo.tpac	Y	parsed
sk_rh_loke_hood_heavy_d	metamesh	sk	rhun	loke	helmet	heavy	d	rhun_armors	rhun_armors/loke/SK_RH_Loke_Helmets_Hood_A_geo.tpac	Y	parsed
sk_rh_loke_hood_light_a	metamesh	sk	rhun	loke	helmet	light	a	rhun_armors	rhun_armors/loke/SK_RH_Loke_Helmets_Hood_A_geo.tpac	Y	parsed
sk_rh_loke_hood_light_b	metamesh	sk	rhun	loke	helmet	light	b	rhun_armors	rhun_armors/loke/SK_RH_Loke_Helmets_Hood_A_geo.tpac	Y	parsed
sk_rh_loke_hood_light_c	metamesh	sk	rhun	loke	helmet	light	c	rhun_armors	rhun_armors/loke/SK_RH_Loke_Helmets_Hood_A_geo.tpac	Y	parsed
sk_rh_loke_hood_med_a	metamesh	sk	rhun	loke	helmet	med	a	rhun_armors	rhun_armors/loke/SK_RH_Loke_Helmets_Hood_A_geo.tpac	Y	parsed
sk_rh_loke_hood_med_b	metamesh	sk	rhun	loke	helmet	med	b	rhun_armors	rhun_armors/loke/SK_RH_Loke_Helmets_Hood_A_geo.tpac	Y	parsed
sk_rh_loke_hplate_elite_a	metamesh	sk	rhun	loke	chest	elite	a	rhun_armors	rhun_armors/loke/SK_RH_Loke_Chests_HPlate_A_geo.tpac	Y	parsed
sk_rh_loke_hplate_elite_b	metamesh	sk	rhun	loke	chest	elite	b	rhun_armors	rhun_armors/loke/SK_RH_Loke_Chests_HPlate_A_geo.tpac	Y	parsed
sk_rh_loke_hplate_elite_c	metamesh	sk	rhun	loke	chest	elite	c	rhun_armors	rhun_armors/loke/SK_RH_Loke_Chests_HPlate_A_geo.tpac	Y	parsed
sk_rh_loke_hplate_heavy_a	metamesh	sk	rhun	loke	chest	heavy	a	rhun_armors	rhun_armors/loke/SK_RH_Loke_Chests_HPlate_A_geo.tpac	Y	parsed
sk_rh_loke_hplate_heavy_b	metamesh	sk	rhun	loke	chest	heavy	b	rhun_armors	rhun_armors/loke/SK_RH_Loke_Chests_HPlate_A_geo.tpac	Y	parsed
sk_rh_loke_hplate_light_a	metamesh	sk	rhun	loke	chest	light	a	rhun_armors	rhun_armors/loke/SK_RH_Loke_Chests_HPlate_A_geo.tpac	Y	parsed
sk_rh_loke_hplate_med_a	metamesh	sk	rhun	loke	chest	med	a	rhun_armors	rhun_armors/loke/SK_RH_Loke_Chests_HPlate_A_geo.tpac	Y	parsed
sk_rh_loke_hplate_med_b	metamesh	sk	rhun	loke	chest	med	b	rhun_armors	rhun_armors/loke/SK_RH_Loke_Chests_HPlate_A_geo.tpac	Y	parsed
sk_rh_loke_pauldron_heavy_a	metamesh	sk	rhun	loke	pauldron	heavy	a	rhun_armors	rhun_armors/loke/SK_RH_Loke_Pauldrons_A_geo.tpac	Y	parsed
sk_rh_loke_pauldron_heavy_b	metamesh	sk	rhun	loke	pauldron	heavy	b	rhun_armors	rhun_armors/loke/SK_RH_Loke_Pauldrons_A_geo.tpac	Y	parsed
sk_rh_loke_pauldron_heavy_c	metamesh	sk	rhun	loke	pauldron	heavy	c	rhun_armors	rhun_armors/loke/SK_RH_Loke_Pauldrons_A_geo.tpac	Y	parsed
sk_rh_loke_pauldron_hplate_heavy_a	metamesh	sk	rhun	loke	pauldron	heavy	a	rhun_armors	rhun_armors/loke/SK_RH_Loke_Pauldrons_A_geo.tpac	Y	parsed
sk_rh_loke_pauldron_hplate_light_a	metamesh	sk	rhun	loke	pauldron	light	a	rhun_armors	rhun_armors/loke/SK_RH_Loke_Pauldrons_A_geo.tpac	Y	parsed
sk_rh_loke_pauldron_hplate_med_a	metamesh	sk	rhun	loke	pauldron	med	a	rhun_armors	rhun_armors/loke/SK_RH_Loke_Pauldrons_A_geo.tpac	Y	parsed
sk_rh_loke_pauldron_lam_heavy_a	metamesh	sk	rhun	loke	pauldron	heavy	a	rhun_armors	rhun_armors/loke/SK_RH_Loke_Pauldrons_A_geo.tpac	Y	parsed
sk_rh_loke_pauldron_lam_light_a	metamesh	sk	rhun	loke	pauldron	light	a	rhun_armors	rhun_armors/loke/SK_RH_Loke_Pauldrons_A_geo.tpac	Y	parsed
sk_rh_loke_pauldron_lam_med_a	metamesh	sk	rhun	loke	pauldron	med	a	rhun_armors	rhun_armors/loke/SK_RH_Loke_Pauldrons_A_geo.tpac	Y	parsed
sk_rh_loke_pauldron_light_a	metamesh	sk	rhun	loke	pauldron	light	a	rhun_armors	rhun_armors/loke/SK_RH_Loke_Pauldrons_A_geo.tpac	Y	parsed
sk_rh_loke_pauldron_light_b	metamesh	sk	rhun	loke	pauldron	light	b	rhun_armors	rhun_armors/loke/SK_RH_Loke_Pauldrons_A_geo.tpac	Y	parsed
sk_rh_loke_pauldron_light_c	metamesh	sk	rhun	loke	pauldron	light	c	rhun_armors	rhun_armors/loke/SK_RH_Loke_Pauldrons_A_geo.tpac	Y	parsed
sk_rh_loke_pauldron_med_a	metamesh	sk	rhun	loke	pauldron	med	a	rhun_armors	rhun_armors/loke/SK_RH_Loke_Pauldrons_A_geo.tpac	Y	parsed
sk_rh_loke_pauldron_med_b	metamesh	sk	rhun	loke	pauldron	med	b	rhun_armors	rhun_armors/loke/SK_RH_Loke_Pauldrons_A_geo.tpac	Y	parsed
sk_rh_loke_pauldron_med_c	metamesh	sk	rhun	loke	pauldron	med	c	rhun_armors	rhun_armors/loke/SK_RH_Loke_Pauldrons_A_geo.tpac	Y	parsed
sk_rh_loke_pauldron_plate_heavy_a	metamesh	sk	rhun	loke	pauldron	heavy	a	rhun_armors	rhun_armors/loke/SK_RH_Loke_Pauldrons_A_geo.tpac	Y	parsed
sk_rh_loke_pauldron_plate_heavy_b	metamesh	sk	rhun	loke	pauldron	heavy	b	rhun_armors	rhun_armors/loke/SK_RH_Loke_Pauldrons_A_geo.tpac	Y	parsed
sk_rh_loke_pauldron_plate_light_a	metamesh	sk	rhun	loke	pauldron	light	a	rhun_armors	rhun_armors/loke/SK_RH_Loke_Pauldrons_A_geo.tpac	Y	parsed
sk_rh_loke_pauldron_plate_light_b	metamesh	sk	rhun	loke	pauldron	light	b	rhun_armors	rhun_armors/loke/SK_RH_Loke_Pauldrons_A_geo.tpac	Y	parsed
sk_rh_loke_pauldron_scale_heavy_a	metamesh	sk	rhun	loke	pauldron	heavy	a	rhun_armors	rhun_armors/loke/SK_RH_Loke_Pauldrons_A_geo.tpac	Y	parsed
sk_rh_loke_plate_elite_a	metamesh	sk	rhun	loke	chest	elite	a	rhun_armors	rhun_armors/loke/SK_RH_Loke_Chests_Plate_A_geo.tpac	Y	parsed
sk_rh_loke_plate_elite_b	metamesh	sk	rhun	loke	chest	elite	b	rhun_armors	rhun_armors/loke/SK_RH_Loke_Chests_Plate_A_geo.tpac	Y	parsed
sk_rh_loke_plate_elite_c	metamesh	sk	rhun	loke	chest	elite	c	rhun_armors	rhun_armors/loke/SK_RH_Loke_Chests_Plate_A_geo.tpac	Y	parsed
sk_rh_loke_plate_heavy_a	metamesh	sk	rhun	loke	chest	heavy	a	rhun_armors	rhun_armors/loke/SK_RH_Loke_Chests_Plate_A_geo.tpac	Y	parsed
sk_rh_loke_plate_heavy_b	metamesh	sk	rhun	loke	chest	heavy	b	rhun_armors	rhun_armors/loke/SK_RH_Loke_Chests_Plate_A_geo.tpac	Y	parsed
sk_rh_loke_plate_light_a	metamesh	sk	rhun	loke	chest	light	a	rhun_armors	rhun_armors/loke/SK_RH_Loke_Chests_Plate_A_geo.tpac	Y	parsed
sk_rh_loke_plate_med_a	metamesh	sk	rhun	loke	chest	med	a	rhun_armors	rhun_armors/loke/SK_RH_Loke_Chests_Plate_A_geo.tpac	Y	parsed
sk_rh_loke_scalemail_elite_a	metamesh	sk	rhun	loke	chest	elite	a	rhun_armors	rhun_armors/loke/SK_RH_Loke_Chests_Scalemail_A_geo.tpac	Y	parsed
sk_rh_loke_scalemail_elite_b	metamesh	sk	rhun	loke	chest	elite	b	rhun_armors	rhun_armors/loke/SK_RH_Loke_Chests_Scalemail_A_geo.tpac	Y	parsed
sk_rh_loke_scalemail_heavy_a	metamesh	sk	rhun	loke	chest	heavy	a	rhun_armors	rhun_armors/loke/SK_RH_Loke_Chests_Scalemail_A_geo.tpac	Y	parsed
sk_rh_loke_scalemail_heavy_b	metamesh	sk	rhun	loke	chest	heavy	b	rhun_armors	rhun_armors/loke/SK_RH_Loke_Chests_Scalemail_A_geo.tpac	Y	parsed
sk_rh_loke_scalemail_light_a	metamesh	sk	rhun	loke	chest	light	a	rhun_armors	rhun_armors/loke/SK_RH_Loke_Chests_Scalemail_A_geo.tpac	Y	parsed
sk_rh_loke_scalemail_light_b	metamesh	sk	rhun	loke	chest	light	b	rhun_armors	rhun_armors/loke/SK_RH_Loke_Chests_Scalemail_A_geo.tpac	Y	parsed
sk_rh_loke_scalemail_lord_a	metamesh	sk	rhun	loke	chest	lord	a	rhun_armors	rhun_armors/loke/SK_RH_Loke_Chests_Scalemail_A_geo.tpac	Y	parsed
sk_rh_loke_scalemail_med_a	metamesh	sk	rhun	loke	chest	med	a	rhun_armors	rhun_armors/loke/SK_RH_Loke_Chests_Scalemail_A_geo.tpac	Y	parsed
sk_rh_loke_scalemail_med_b	metamesh	sk	rhun	loke	chest	med	b	rhun_armors	rhun_armors/loke/SK_RH_Loke_Chests_Scalemail_A_geo.tpac	Y	parsed
sk_rh_loke_tunic_a	metamesh	sk	rhun	loke	chest	-	a	rhun_armors	rhun_armors/loke/SK_RH_Loke_Chests_A_geo.tpac	Y	parsed
sk_rhun_mask_a	metamesh	sk	rhun	-	helmet	-	a	rhun_armors	rhun_armors/loke/SK_RH_Loke_Helmets_Hood_A_geo.tpac	Y	parsed
sk_rhun_mask_b	metamesh	sk	rhun	-	helmet	-	b	rhun_armors	rhun_armors/loke/SK_RH_Loke_Helmets_Hood_A_geo.tpac	Y	parsed
sk_saruman_beard	metamesh	sk	isengard	-	beard	-	-	Race Test	Race Test/Saruman/saruman_delivery_2026.03.16_geo.tpac	N	parsed
sk_saruman_hair	metamesh	sk	isengard	-	hair	-	-	Race Test	Race Test/Saruman/saruman_delivery_2026.03.16_geo.tpac	N	parsed
sk_saruman_head	metamesh	sk	isengard	-	body	-	-	Race Test	Race Test/Saruman/saruman_delivery_2026.03.16_geo.tpac	Y	parsed
sk_spider_forest_c	metamesh	sk	creature	forest	body	-	c	creature	creature/spider/animations/spider_correct_geo.tpac	Y	parsed
sk_spider_forest_c_2	metamesh	sk	creature	forest	body	-	2	creature	creature/spider/animations/spider_correct_geo.tpac	Y	parsed
sk_uruk_basemesh_a_arms	metamesh	sk	uruk	-	body	-	-	Race Test	Race Test/Mordor/Black Uruk/lome_uruk_geo.tpac	Y	parsed
sk_uruk_basemesh_a_body	metamesh	sk	uruk	-	body	-	-	Race Test	Race Test/Mordor/Black Uruk/lome_uruk_geo.tpac	Y	parsed
sk_uruk_basemesh_a_head	metamesh	sk	uruk	-	body	-	-	Race Test	Race Test/Mordor/Black Uruk/lome_uruk_geo.tpac	Y	parsed
sk_uruk_basemesh_a_legs	metamesh	sk	uruk	-	body	-	-	Race Test	Race Test/Mordor/Black Uruk/lome_uruk_geo.tpac	Y	parsed
sk_uruk_hai_bm_a_arms	metamesh	sk	uruk	hai	body	-	-	Race Test	Race Test/Isengard/SK_Uruk_Hai_BM_A_geo.tpac	Y	parsed
sk_uruk_hai_bm_a_body	metamesh	sk	uruk	hai	body	-	-	Race Test	Race Test/Isengard/SK_Uruk_Hai_BM_A_geo.tpac	Y	parsed
sk_uruk_hai_bm_a_full	metamesh	sk	uruk	hai	body	full	-	Race Test	Race Test/Isengard/SK_Uruk_Hai_BM_A_geo.tpac	N	parsed
sk_uruk_hai_bm_a_head	metamesh	sk	uruk	hai	body	-	-	Race Test	Race Test/Isengard/SK_Uruk_Hai_BM_A_geo.tpac	Y	parsed
sk_uruk_hai_bm_a_legs	metamesh	sk	uruk	hai	body	-	-	Race Test	Race Test/Isengard/SK_Uruk_Hai_BM_A_geo.tpac	Y	parsed
sk_uruk_hai_bm_a_shoulder	metamesh	sk	uruk	hai	body	-	-	Race Test	Race Test/Isengard/SK_Uruk_Hai_BM_A_geo.tpac	Y	parsed
sk_uruk_hai_bm_b_arms	metamesh	sk	uruk	hai	body	-	-	Race Test	Race Test/Isengard/SK_Uruk_Hai_BM_B_geo.tpac	Y	parsed
sk_uruk_hai_bm_b_body	metamesh	sk	uruk	hai	body	-	-	Race Test	Race Test/Isengard/SK_Uruk_Hai_BM_B_geo.tpac	Y	parsed
sk_uruk_hai_bm_b_full	metamesh	sk	uruk	hai	body	full	-	Race Test	Race Test/Isengard/SK_Uruk_Hai_BM_B_geo.tpac	N	parsed
sk_uruk_hai_bm_b_head	metamesh	sk	uruk	hai	body	-	-	Race Test	Race Test/Isengard/SK_Uruk_Hai_BM_B_geo.tpac	Y	parsed
sk_uruk_hai_bm_b_legs	metamesh	sk	uruk	hai	body	-	-	Race Test	Race Test/Isengard/SK_Uruk_Hai_BM_B_geo.tpac	Y	parsed
sk_uruk_hai_bm_b_shoulder	metamesh	sk	uruk	hai	body	-	-	Race Test	Race Test/Isengard/SK_Uruk_Hai_BM_B_geo.tpac	Y	parsed
sk_uruk_hai_bracer_elite_a1	metamesh	sk	uruk	hai	bracer	elite	a1	Isengard	Isengard/isengard_armors/SK_Uruk_Hai_Bracers_A_geo.tpac	Y	parsed
sk_uruk_hai_bracer_elite_a2	metamesh	sk	uruk	hai	bracer	elite	a2	Isengard	Isengard/isengard_armors/SK_Uruk_Hai_Bracers_A_geo.tpac	Y	parsed
sk_uruk_hai_bracer_elite_a3	metamesh	sk	uruk	hai	bracer	elite	a3	Isengard	Isengard/isengard_armors/SK_Uruk_Hai_Bracers_A_geo.tpac	Y	parsed
sk_uruk_hai_bracer_elite_ar2	metamesh	sk	uruk	hai	bracer	elite	ar2	Isengard	Isengard/isengard_armors/isengard_red_geo.tpac	Y	parsed
sk_uruk_hai_bracer_elite_b1	metamesh	sk	uruk	hai	bracer	elite	b1	Isengard	Isengard/isengard_armors/SK_Uruk_Hai_Bracers_A_geo.tpac	Y	parsed
sk_uruk_hai_bracer_elite_b2	metamesh	sk	uruk	hai	bracer	elite	b2	Isengard	Isengard/isengard_armors/SK_Uruk_Hai_Bracers_A_geo.tpac	Y	parsed
sk_uruk_hai_bracer_elite_b3	metamesh	sk	uruk	hai	bracer	elite	b3	Isengard	Isengard/isengard_armors/SK_Uruk_Hai_Bracers_A_geo.tpac	Y	parsed
sk_uruk_hai_bracer_elite_br2	metamesh	sk	uruk	hai	bracer	elite	br2	Isengard	Isengard/isengard_armors/isengard_red_geo.tpac	Y	parsed
sk_uruk_hai_bracer_heavy_a1	metamesh	sk	uruk	hai	bracer	heavy	a1	Isengard	Isengard/isengard_armors/SK_Uruk_Hai_Bracers_A_geo.tpac	Y	parsed
sk_uruk_hai_bracer_heavy_a2	metamesh	sk	uruk	hai	bracer	heavy	a2	Isengard	Isengard/isengard_armors/SK_Uruk_Hai_Bracers_A_geo.tpac	Y	parsed
sk_uruk_hai_bracer_heavy_a3	metamesh	sk	uruk	hai	bracer	heavy	a3	Isengard	Isengard/isengard_armors/SK_Uruk_Hai_Bracers_A_geo.tpac	Y	parsed
sk_uruk_hai_bracer_heavy_b1	metamesh	sk	uruk	hai	bracer	heavy	b1	Isengard	Isengard/isengard_armors/SK_Uruk_Hai_Bracers_A_geo.tpac	Y	parsed
sk_uruk_hai_bracer_heavy_b2	metamesh	sk	uruk	hai	bracer	heavy	b2	Isengard	Isengard/isengard_armors/SK_Uruk_Hai_Bracers_A_geo.tpac	Y	parsed
sk_uruk_hai_bracer_heavy_b3	metamesh	sk	uruk	hai	bracer	heavy	b3	Isengard	Isengard/isengard_armors/SK_Uruk_Hai_Bracers_A_geo.tpac	Y	parsed
sk_uruk_hai_bracer_light_a1	metamesh	sk	uruk	hai	bracer	light	a1	Isengard	Isengard/isengard_armors/SK_Uruk_Hai_Bracers_A_geo.tpac	Y	parsed
sk_uruk_hai_bracer_light_a2	metamesh	sk	uruk	hai	bracer	light	a2	Isengard	Isengard/isengard_armors/SK_Uruk_Hai_Bracers_A_geo.tpac	Y	parsed
sk_uruk_hai_bracer_light_b1	metamesh	sk	uruk	hai	bracer	light	b1	Isengard	Isengard/isengard_armors/SK_Uruk_Hai_Bracers_A_geo.tpac	Y	parsed
sk_uruk_hai_bracer_medium_a1	metamesh	sk	uruk	hai	bracer	medium	a1	Isengard	Isengard/isengard_armors/SK_Uruk_Hai_Bracers_A_geo.tpac	Y	parsed
sk_uruk_hai_bracer_medium_a2	metamesh	sk	uruk	hai	bracer	medium	a2	Isengard	Isengard/isengard_armors/SK_Uruk_Hai_Bracers_A_geo.tpac	Y	parsed
sk_uruk_hai_bracer_medium_a3	metamesh	sk	uruk	hai	bracer	medium	a3	Isengard	Isengard/isengard_armors/SK_Uruk_Hai_Bracers_A_geo.tpac	Y	parsed
sk_uruk_hai_bracer_medium_b1	metamesh	sk	uruk	hai	bracer	medium	b1	Isengard	Isengard/isengard_armors/SK_Uruk_Hai_Bracers_A_geo.tpac	Y	parsed
sk_uruk_hai_bracer_medium_b2	metamesh	sk	uruk	hai	bracer	medium	b2	Isengard	Isengard/isengard_armors/SK_Uruk_Hai_Bracers_A_geo.tpac	Y	parsed
sk_uruk_hai_bracer_medium_b3	metamesh	sk	uruk	hai	bracer	medium	b3	Isengard	Isengard/isengard_armors/SK_Uruk_Hai_Bracers_A_geo.tpac	Y	parsed
sk_uruk_hai_chainmail_a1	metamesh	sk	uruk	hai	chest	-	a1	Isengard	Isengard/isengard_armors/SK_Uruk_Hai_Chainmail_A_geo.tpac	Y	parsed
sk_uruk_hai_chainmail_a2	metamesh	sk	uruk	hai	chest	-	a2	Isengard	Isengard/isengard_armors/SK_Uruk_Hai_Chainmail_A_geo.tpac	Y	parsed
sk_uruk_hai_gloves_a1	metamesh	sk	uruk	hai	bracer	-	a1	Isengard	Isengard/isengard_armors/SK_Uruk_Hai_Bracers_A_geo.tpac	Y	parsed
sk_uruk_hai_greaves_heavy_a1	metamesh	sk	uruk	hai	greaves	heavy	a1	Isengard	Isengard/isengard_armors/SK_Uruk_Hai_Boots_A_geo.tpac	Y	parsed
sk_uruk_hai_greaves_heavy_a2	metamesh	sk	uruk	hai	greaves	heavy	a2	Isengard	Isengard/isengard_armors/SK_Uruk_Hai_Boots_A_geo.tpac	Y	parsed
sk_uruk_hai_greaves_heavy_a3	metamesh	sk	uruk	hai	greaves	heavy	a3	Isengard	Isengard/isengard_armors/SK_Uruk_Hai_Boots_A_geo.tpac	Y	parsed
sk_uruk_hai_greaves_heavy_ar2	metamesh	sk	uruk	hai	greaves	heavy	ar2	Isengard	Isengard/isengard_armors/isengard_red_geo.tpac	Y	parsed
sk_uruk_hai_greaves_heavy_ar3	metamesh	sk	uruk	hai	greaves	heavy	ar3	Isengard	Isengard/isengard_armors/isengard_red_geo.tpac	Y	parsed
sk_uruk_hai_greaves_medium_a1	metamesh	sk	uruk	hai	greaves	medium	a1	Isengard	Isengard/isengard_armors/SK_Uruk_Hai_Boots_A_geo.tpac	Y	parsed
sk_uruk_hai_greaves_medium_a2	metamesh	sk	uruk	hai	greaves	medium	a2	Isengard	Isengard/isengard_armors/SK_Uruk_Hai_Boots_A_geo.tpac	Y	parsed
sk_uruk_hai_greaves_medium_a3	metamesh	sk	uruk	hai	greaves	medium	a3	Isengard	Isengard/isengard_armors/SK_Uruk_Hai_Boots_A_geo.tpac	Y	parsed
sk_uruk_hai_greaves_medium_b1	metamesh	sk	uruk	hai	greaves	medium	b1	Isengard	Isengard/isengard_armors/SK_Uruk_Hai_Boots_A_geo.tpac	Y	parsed
sk_uruk_hai_greaves_medium_b2	metamesh	sk	uruk	hai	greaves	medium	b2	Isengard	Isengard/isengard_armors/SK_Uruk_Hai_Boots_A_geo.tpac	Y	parsed
sk_uruk_hai_greaves_medium_b3	metamesh	sk	uruk	hai	greaves	medium	b3	Isengard	Isengard/isengard_armors/SK_Uruk_Hai_Boots_A_geo.tpac	Y	parsed
sk_uruk_hai_helmet_bers_a1	metamesh	sk	uruk	hai	helmet	-	a1	Isengard	Isengard/isengard_armors/SK_Uruk_Hai_Helmets_A_geo.tpac	Y	parsed
sk_uruk_hai_helmet_bers_a2	metamesh	sk	uruk	hai	helmet	-	a2	Isengard	Isengard/isengard_armors/SK_Uruk_Hai_Helmets_A_geo.tpac	Y	parsed
sk_uruk_hai_helmet_bers_a3	metamesh	sk	uruk	hai	helmet	-	a3	Isengard	Isengard/isengard_armors/SK_Uruk_Hai_Helmets_A_geo.tpac	Y	parsed
sk_uruk_hai_helmet_bers_a4	metamesh	sk	uruk	hai	helmet	-	a4	Isengard	Isengard/isengard_armors/SK_Uruk_Hai_Helmets_A_geo.tpac	Y	parsed
sk_uruk_hai_helmet_bers_ar1	metamesh	sk	uruk	hai	helmet	-	ar1	Isengard	Isengard/isengard_armors/SK_Uruk_Hai_Helmets_B_geo.tpac	Y	parsed
sk_uruk_hai_helmet_captain_a1	metamesh	sk	uruk	hai	helmet	captain	a1	Isengard	Isengard/isengard_armors/SK_Uruk_Hai_Helmets_A_geo.tpac	Y	parsed
sk_uruk_hai_helmet_captain_a2	metamesh	sk	uruk	hai	helmet	captain	a2	Isengard	Isengard/isengard_armors/SK_Uruk_Hai_Helmets_A_geo.tpac	Y	parsed
sk_uruk_hai_helmet_captain_a3	metamesh	sk	uruk	hai	helmet	captain	a3	Isengard	Isengard/isengard_armors/SK_Uruk_Hai_Helmets_A_geo.tpac	Y	parsed
sk_uruk_hai_helmet_captain_a4	metamesh	sk	uruk	hai	helmet	captain	a4	Isengard	Isengard/isengard_armors/SK_Uruk_Hai_Helmets_A_geo.tpac	Y	parsed
sk_uruk_hai_helmet_captain_ar1	metamesh	sk	uruk	hai	helmet	captain	ar1	Isengard	Isengard/isengard_armors/SK_Uruk_Hai_Helmets_B_geo.tpac	Y	parsed
sk_uruk_hai_helmet_command_a1	metamesh	sk	uruk	hai	helmet	-	a1	Isengard	Isengard/isengard_armors/SK_Uruk_Hai_Helmets_A_geo.tpac	Y	parsed
sk_uruk_hai_helmet_command_a2	metamesh	sk	uruk	hai	helmet	-	a2	Isengard	Isengard/isengard_armors/SK_Uruk_Hai_Helmets_A_geo.tpac	Y	parsed
sk_uruk_hai_helmet_command_a3	metamesh	sk	uruk	hai	helmet	-	a3	Isengard	Isengard/isengard_armors/SK_Uruk_Hai_Helmets_A_geo.tpac	Y	parsed
sk_uruk_hai_helmet_command_ar1	metamesh	sk	uruk	hai	helmet	-	ar1	Isengard	Isengard/isengard_armors/SK_Uruk_Hai_Helmets_B_geo.tpac	Y	parsed
sk_uruk_hai_helmet_command_b1	metamesh	sk	uruk	hai	helmet	-	b1	Isengard	Isengard/isengard_armors/SK_Uruk_Hai_Helmets_A_geo.tpac	Y	parsed
sk_uruk_hai_helmet_command_b2	metamesh	sk	uruk	hai	helmet	-	b2	Isengard	Isengard/isengard_armors/SK_Uruk_Hai_Helmets_A_geo.tpac	Y	parsed
sk_uruk_hai_helmet_command_b3	metamesh	sk	uruk	hai	helmet	-	b3	Isengard	Isengard/isengard_armors/SK_Uruk_Hai_Helmets_A_geo.tpac	Y	parsed
sk_uruk_hai_helmet_command_br1	metamesh	sk	uruk	hai	helmet	-	br1	Isengard	Isengard/isengard_armors/SK_Uruk_Hai_Helmets_B_geo.tpac	Y	parsed
sk_uruk_hai_helmet_command_br2	metamesh	sk	uruk	hai	helmet	-	br2	Isengard	Isengard/isengard_armors/SK_Uruk_Hai_Helmets_B_geo.tpac	Y	parsed
sk_uruk_hai_helmet_cross_a1	metamesh	sk	uruk	hai	helmet	-	a1	Isengard	Isengard/isengard_armors/SK_Uruk_Hai_Helmets_A_geo.tpac	Y	parsed
sk_uruk_hai_helmet_cross_a2	metamesh	sk	uruk	hai	helmet	-	a2	Isengard	Isengard/isengard_armors/SK_Uruk_Hai_Helmets_A_geo.tpac	Y	parsed
sk_uruk_hai_helmet_cross_a3	metamesh	sk	uruk	hai	helmet	-	a3	Isengard	Isengard/isengard_armors/SK_Uruk_Hai_Helmets_A_geo.tpac	Y	parsed
sk_uruk_hai_helmet_cross_a4	metamesh	sk	uruk	hai	helmet	-	a4	Isengard	Isengard/isengard_armors/SK_Uruk_Hai_Helmets_A_geo.tpac	Y	parsed
sk_uruk_hai_helmet_nazg_a1	metamesh	sk	uruk	hai	helmet	-	a1	Isengard	Isengard/isengard_armors/SK_Uruk_Hai_Helmets_A_geo.tpac	Y	parsed
sk_uruk_hai_helmet_nazg_a2	metamesh	sk	uruk	hai	helmet	-	a2	Isengard	Isengard/isengard_armors/SK_Uruk_Hai_Helmets_A_geo.tpac	Y	parsed
sk_uruk_hai_helmet_nazg_a3	metamesh	sk	uruk	hai	helmet	-	a3	Isengard	Isengard/isengard_armors/SK_Uruk_Hai_Helmets_A_geo.tpac	Y	parsed
sk_uruk_hai_helmet_nazg_a4	metamesh	sk	uruk	hai	helmet	-	a4	Isengard	Isengard/isengard_armors/SK_Uruk_Hai_Helmets_A_geo.tpac	Y	parsed
sk_uruk_hai_helmet_nazg_ar1	metamesh	sk	uruk	hai	helmet	-	ar1	Isengard	Isengard/isengard_armors/SK_Uruk_Hai_Helmets_B_geo.tpac	Y	parsed
sk_uruk_hai_helmet_officer_a1	metamesh	sk	uruk	hai	helmet	-	a1	Isengard	Isengard/isengard_armors/SK_Uruk_Hai_Helmets_A_geo.tpac	Y	parsed
sk_uruk_hai_helmet_officer_a2	metamesh	sk	uruk	hai	helmet	-	a2	Isengard	Isengard/isengard_armors/SK_Uruk_Hai_Helmets_A_geo.tpac	Y	parsed
sk_uruk_hai_helmet_officer_a3	metamesh	sk	uruk	hai	helmet	-	a3	Isengard	Isengard/isengard_armors/SK_Uruk_Hai_Helmets_A_geo.tpac	Y	parsed
sk_uruk_hai_helmet_officer_a4	metamesh	sk	uruk	hai	helmet	-	a4	Isengard	Isengard/isengard_armors/SK_Uruk_Hai_Helmets_A_geo.tpac	Y	parsed
sk_uruk_hai_helmet_sapper_a1	metamesh	sk	uruk	hai	helmet	-	a1	Isengard	Isengard/isengard_armors/SK_Uruk_Hai_Helmets_A_geo.tpac	Y	parsed
sk_uruk_hai_helmet_sapper_a2	metamesh	sk	uruk	hai	helmet	-	a2	Isengard	Isengard/isengard_armors/SK_Uruk_Hai_Helmets_A_geo.tpac	Y	parsed
sk_uruk_hai_helmet_sapper_a3	metamesh	sk	uruk	hai	helmet	-	a3	Isengard	Isengard/isengard_armors/SK_Uruk_Hai_Helmets_A_geo.tpac	Y	parsed
sk_uruk_hai_helmet_sapper_a4	metamesh	sk	uruk	hai	helmet	-	a4	Isengard	Isengard/isengard_armors/SK_Uruk_Hai_Helmets_A_geo.tpac	Y	parsed
sk_uruk_hai_helmet_skir_a1	metamesh	sk	uruk	hai	helmet	-	a1	Isengard	Isengard/isengard_armors/SK_Uruk_Hai_Helmets_A_geo.tpac	Y	parsed
sk_uruk_hai_helmet_skir_a2	metamesh	sk	uruk	hai	helmet	-	a2	Isengard	Isengard/isengard_armors/SK_Uruk_Hai_Helmets_A_geo.tpac	Y	parsed
sk_uruk_hai_helmet_skir_a3	metamesh	sk	uruk	hai	helmet	-	a3	Isengard	Isengard/isengard_armors/SK_Uruk_Hai_Helmets_A_geo.tpac	Y	parsed
sk_uruk_hai_helmet_skir_a4	metamesh	sk	uruk	hai	helmet	-	a4	Isengard	Isengard/isengard_armors/SK_Uruk_Hai_Helmets_A_geo.tpac	Y	parsed
sk_uruk_hai_helmet_spear_heavy_a1	metamesh	sk	uruk	hai	helmet	heavy	a1	Isengard	Isengard/isengard_armors/SK_Uruk_Hai_Helmets_A_geo.tpac	Y	parsed
sk_uruk_hai_helmet_spear_heavy_a2	metamesh	sk	uruk	hai	helmet	heavy	a2	Isengard	Isengard/isengard_armors/SK_Uruk_Hai_Helmets_A_geo.tpac	Y	parsed
sk_uruk_hai_helmet_spear_heavy_a3	metamesh	sk	uruk	hai	helmet	heavy	a3	Isengard	Isengard/isengard_armors/SK_Uruk_Hai_Helmets_A_geo.tpac	Y	parsed
sk_uruk_hai_helmet_spear_heavy_a4	metamesh	sk	uruk	hai	helmet	heavy	a4	Isengard	Isengard/isengard_armors/SK_Uruk_Hai_Helmets_A_geo.tpac	Y	parsed
sk_uruk_hai_helmet_spear_light_a1	metamesh	sk	uruk	hai	helmet	light	a1	Isengard	Isengard/isengard_armors/SK_Uruk_Hai_Helmets_A_geo.tpac	Y	parsed
sk_uruk_hai_helmet_spear_light_a2	metamesh	sk	uruk	hai	helmet	light	a2	Isengard	Isengard/isengard_armors/SK_Uruk_Hai_Helmets_A_geo.tpac	Y	parsed
sk_uruk_hai_helmet_spear_light_a3	metamesh	sk	uruk	hai	helmet	light	a3	Isengard	Isengard/isengard_armors/SK_Uruk_Hai_Helmets_A_geo.tpac	Y	parsed
sk_uruk_hai_helmet_spear_light_a4	metamesh	sk	uruk	hai	helmet	light	a4	Isengard	Isengard/isengard_armors/SK_Uruk_Hai_Helmets_A_geo.tpac	Y	parsed
sk_uruk_hai_helmet_spear_med_a1	metamesh	sk	uruk	hai	helmet	med	a1	Isengard	Isengard/isengard_armors/SK_Uruk_Hai_Helmets_A_geo.tpac	Y	parsed
sk_uruk_hai_helmet_spear_med_a2	metamesh	sk	uruk	hai	helmet	med	a2	Isengard	Isengard/isengard_armors/SK_Uruk_Hai_Helmets_A_geo.tpac	Y	parsed
sk_uruk_hai_helmet_spear_med_a3	metamesh	sk	uruk	hai	helmet	med	a3	Isengard	Isengard/isengard_armors/SK_Uruk_Hai_Helmets_A_geo.tpac	Y	parsed
sk_uruk_hai_helmet_spear_med_a4	metamesh	sk	uruk	hai	helmet	med	a4	Isengard	Isengard/isengard_armors/SK_Uruk_Hai_Helmets_A_geo.tpac	Y	parsed
sk_uruk_hai_helmet_sword_heavy_a1	metamesh	sk	uruk	hai	helmet	heavy	a1	Isengard	Isengard/isengard_armors/SK_Uruk_Hai_Helmets_A_geo.tpac	Y	parsed
sk_uruk_hai_helmet_sword_heavy_a2	metamesh	sk	uruk	hai	helmet	heavy	a2	Isengard	Isengard/isengard_armors/SK_Uruk_Hai_Helmets_A_geo.tpac	Y	parsed
sk_uruk_hai_helmet_sword_heavy_a3	metamesh	sk	uruk	hai	helmet	heavy	a3	Isengard	Isengard/isengard_armors/SK_Uruk_Hai_Helmets_A_geo.tpac	Y	parsed
sk_uruk_hai_helmet_sword_heavy_a4	metamesh	sk	uruk	hai	helmet	heavy	a4	Isengard	Isengard/isengard_armors/SK_Uruk_Hai_Helmets_A_geo.tpac	Y	parsed
sk_uruk_hai_helmet_sword_light_a1	metamesh	sk	uruk	hai	helmet	light	a1	Isengard	Isengard/isengard_armors/SK_Uruk_Hai_Helmets_A_geo.tpac	Y	parsed
sk_uruk_hai_helmet_sword_light_a2	metamesh	sk	uruk	hai	helmet	light	a2	Isengard	Isengard/isengard_armors/SK_Uruk_Hai_Helmets_A_geo.tpac	Y	parsed
sk_uruk_hai_helmet_sword_light_a3	metamesh	sk	uruk	hai	helmet	light	a3	Isengard	Isengard/isengard_armors/SK_Uruk_Hai_Helmets_A_geo.tpac	Y	parsed
sk_uruk_hai_helmet_sword_light_a4	metamesh	sk	uruk	hai	helmet	light	a4	Isengard	Isengard/isengard_armors/SK_Uruk_Hai_Helmets_A_geo.tpac	Y	parsed
sk_uruk_hai_helmet_sword_med_a1	metamesh	sk	uruk	hai	helmet	med	a1	Isengard	Isengard/isengard_armors/SK_Uruk_Hai_Helmets_A_geo.tpac	Y	parsed
sk_uruk_hai_helmet_sword_med_a2	metamesh	sk	uruk	hai	helmet	med	a2	Isengard	Isengard/isengard_armors/SK_Uruk_Hai_Helmets_A_geo.tpac	Y	parsed
sk_uruk_hai_helmet_sword_med_a3	metamesh	sk	uruk	hai	helmet	med	a3	Isengard	Isengard/isengard_armors/SK_Uruk_Hai_Helmets_A_geo.tpac	Y	parsed
sk_uruk_hai_helmet_sword_med_a4	metamesh	sk	uruk	hai	helmet	med	a4	Isengard	Isengard/isengard_armors/SK_Uruk_Hai_Helmets_A_geo.tpac	Y	parsed
sk_uruk_hai_pauldron_heavy_a1	metamesh	sk	uruk	hai	pauldron	heavy	a1	Isengard	Isengard/isengard_armors/SK_Uruk_Hai_Pauldron_A_geo.tpac	Y	parsed
sk_uruk_hai_pauldron_heavy_a2	metamesh	sk	uruk	hai	pauldron	heavy	a2	Isengard	Isengard/isengard_armors/SK_Uruk_Hai_Pauldron_A_geo.tpac	Y	parsed
sk_uruk_hai_pauldron_heavy_a3	metamesh	sk	uruk	hai	pauldron	heavy	a3	Isengard	Isengard/isengard_armors/SK_Uruk_Hai_Pauldron_A_geo.tpac	Y	parsed
sk_uruk_hai_pauldron_heavy_b1	metamesh	sk	uruk	hai	pauldron	heavy	b1	Isengard	Isengard/isengard_armors/SK_Uruk_Hai_Pauldron_A_geo.tpac	Y	parsed
sk_uruk_hai_pauldron_heavy_b2	metamesh	sk	uruk	hai	pauldron	heavy	b2	Isengard	Isengard/isengard_armors/SK_Uruk_Hai_Pauldron_A_geo.tpac	Y	parsed
sk_uruk_hai_pauldron_heavy_b3	metamesh	sk	uruk	hai	pauldron	heavy	b3	Isengard	Isengard/isengard_armors/SK_Uruk_Hai_Pauldron_A_geo.tpac	Y	parsed
sk_uruk_hai_pauldron_heavy_br2	metamesh	sk	uruk	hai	pauldron	heavy	br2	Isengard	Isengard/isengard_armors/isengard_red_geo.tpac	Y	parsed
sk_uruk_hai_pauldron_heavy_br3	metamesh	sk	uruk	hai	pauldron	heavy	br3	Isengard	Isengard/isengard_armors/isengard_red_geo.tpac	Y	parsed
sk_uruk_hai_pauldron_light_a1	metamesh	sk	uruk	hai	pauldron	light	a1	Isengard	Isengard/isengard_armors/SK_Uruk_Hai_Pauldron_A_geo.tpac	Y	parsed
sk_uruk_hai_pauldron_light_a2	metamesh	sk	uruk	hai	pauldron	light	a2	Isengard	Isengard/isengard_armors/SK_Uruk_Hai_Pauldron_A_geo.tpac	Y	parsed
sk_uruk_hai_pauldron_light_a3	metamesh	sk	uruk	hai	pauldron	light	a3	Isengard	Isengard/isengard_armors/SK_Uruk_Hai_Pauldron_A_geo.tpac	Y	parsed
sk_uruk_hai_pauldron_med_a1	metamesh	sk	uruk	hai	pauldron	med	a1	Isengard	Isengard/isengard_armors/SK_Uruk_Hai_Pauldron_A_geo.tpac	Y	parsed
sk_uruk_hai_pauldron_med_a2	metamesh	sk	uruk	hai	pauldron	med	a2	Isengard	Isengard/isengard_armors/SK_Uruk_Hai_Pauldron_A_geo.tpac	Y	parsed
sk_uruk_hai_pauldron_med_a3	metamesh	sk	uruk	hai	pauldron	med	a3	Isengard	Isengard/isengard_armors/SK_Uruk_Hai_Pauldron_A_geo.tpac	Y	parsed
sk_uruk_hai_plate_elite_a1	metamesh	sk	uruk	hai	chest	elite	a1	Isengard	Isengard/isengard_armors/SK_Uruk_Hai_Chainmail_A_geo.tpac	Y	parsed
sk_uruk_hai_plate_elite_a2	metamesh	sk	uruk	hai	chest	elite	a2	Isengard	Isengard/isengard_armors/SK_Uruk_Hai_Chainmail_A_geo.tpac	Y	parsed
sk_uruk_hai_plate_elite_a3	metamesh	sk	uruk	hai	chest	elite	a3	Isengard	Isengard/isengard_armors/SK_Uruk_Hai_Chainmail_B_geo.tpac	Y	parsed
sk_uruk_hai_plate_elite_b1	metamesh	sk	uruk	hai	chest	elite	b1	Isengard	Isengard/isengard_armors/SK_Uruk_Hai_Chainmail_A_geo.tpac	Y	parsed
sk_uruk_hai_plate_elite_b2	metamesh	sk	uruk	hai	chest	elite	b2	Isengard	Isengard/isengard_armors/SK_Uruk_Hai_Chainmail_A_geo.tpac	Y	parsed
sk_uruk_hai_plate_elite_b3	metamesh	sk	uruk	hai	chest	elite	b3	Isengard	Isengard/isengard_armors/SK_Uruk_Hai_Chainmail_B_geo.tpac	Y	parsed
sk_uruk_hai_plate_heavy_a1	metamesh	sk	uruk	hai	chest	heavy	a1	Isengard	Isengard/isengard_armors/SK_Uruk_Hai_Chainmail_A_geo.tpac	Y	parsed
sk_uruk_hai_plate_heavy_a2	metamesh	sk	uruk	hai	chest	heavy	a2	Isengard	Isengard/isengard_armors/SK_Uruk_Hai_Chainmail_A_geo.tpac	Y	parsed
sk_uruk_hai_plate_heavy_b1	metamesh	sk	uruk	hai	chest	heavy	b1	Isengard	Isengard/isengard_armors/SK_Uruk_Hai_Chainmail_A_geo.tpac	Y	parsed
sk_uruk_hai_plate_heavy_b2	metamesh	sk	uruk	hai	chest	heavy	b2	Isengard	Isengard/isengard_armors/SK_Uruk_Hai_Chainmail_A_geo.tpac	Y	parsed
sk_uruk_hai_plate_light_a1	metamesh	sk	uruk	hai	chest	light	a1	Isengard	Isengard/isengard_armors/SK_Uruk_Hai_Chainmail_A_geo.tpac	Y	parsed
sk_uruk_hai_plate_light_a2	metamesh	sk	uruk	hai	chest	light	a2	Isengard	Isengard/isengard_armors/SK_Uruk_Hai_Chainmail_A_geo.tpac	Y	parsed
sk_uruk_hai_plate_light_b1	metamesh	sk	uruk	hai	chest	light	b1	Isengard	Isengard/isengard_armors/SK_Uruk_Hai_Chainmail_A_geo.tpac	Y	parsed
sk_uruk_hai_plate_light_b2	metamesh	sk	uruk	hai	chest	light	b2	Isengard	Isengard/isengard_armors/SK_Uruk_Hai_Chainmail_A_geo.tpac	Y	parsed
sk_uruk_hai_plate_med_a1	metamesh	sk	uruk	hai	chest	med	a1	Isengard	Isengard/isengard_armors/SK_Uruk_Hai_Chainmail_A_geo.tpac	Y	parsed
sk_uruk_hai_plate_med_a2	metamesh	sk	uruk	hai	chest	med	a2	Isengard	Isengard/isengard_armors/SK_Uruk_Hai_Chainmail_A_geo.tpac	Y	parsed
sk_uruk_hai_plate_med_b1	metamesh	sk	uruk	hai	chest	med	b1	Isengard	Isengard/isengard_armors/SK_Uruk_Hai_Chainmail_A_geo.tpac	Y	parsed
sk_uruk_hai_plate_med_b2	metamesh	sk	uruk	hai	chest	med	b2	Isengard	Isengard/isengard_armors/SK_Uruk_Hai_Chainmail_A_geo.tpac	Y	parsed
sk_uruk_hai_shoes_a1	metamesh	sk	uruk	hai	boots	-	a1	Isengard	Isengard/isengard_armors/SK_Uruk_Hai_Boots_A_geo.tpac	Y	parsed
sk_uruk_hai_skirt_a1	metamesh	sk	uruk	hai	chest	-	a1	Isengard	Isengard/isengard_armors/SK_Uruk_Hai_Skirt_A_geo.tpac	Y	parsed
sk_uruk_hai_tunic_a1	metamesh	sk	uruk	hai	chest	-	a1	Isengard	Isengard/isengard_armors/SK_Uruk_Hai_Chainmail_A_geo.tpac	Y	parsed
sk_uruk_hai_tunic_a2	metamesh	sk	uruk	hai	chest	-	a2	Isengard	Isengard/isengard_armors/SK_Uruk_Hai_Chainmail_A_geo.tpac	Y	parsed
sk_uruk_hai_underwear_a1	metamesh	sk	uruk	hai	body	-	a1	Isengard	Isengard/isengard_armors/SK_Uruk_Hai_Underwear_A_geo.tpac	Y	parsed
sk_uruk_mordor_boots_a	metamesh	sk	uruk	mordor	boots	-	a	Mordor	Mordor/mordor_armors/mordor_boots_geo.tpac	Y	parsed
sk_uruk_mordor_bracer_heavy_a	metamesh	sk	uruk	mordor	bracer	heavy	a	Mordor	Mordor/mordor_armors/mordor_bracers_geo.tpac	Y	parsed
sk_uruk_mordor_bracer_heavy_b	metamesh	sk	uruk	mordor	bracer	heavy	b	Mordor	Mordor/mordor_armors/mordor_bracers_geo.tpac	Y	parsed
sk_uruk_mordor_bracer_heavy_c	metamesh	sk	uruk	mordor	bracer	heavy	c	Mordor	Mordor/mordor_armors/mordor_bracers_geo.tpac	Y	parsed
sk_uruk_mordor_bracer_heavy_d	metamesh	sk	uruk	mordor	bracer	heavy	d	Mordor	Mordor/mordor_armors/mordor_bracers_geo.tpac	Y	parsed
sk_uruk_mordor_bracer_heavy_e	metamesh	sk	uruk	mordor	bracer	heavy	e	Mordor	Mordor/mordor_armors/mordor_bracers_geo.tpac	Y	parsed
sk_uruk_mordor_bracer_heavy_f	metamesh	sk	uruk	mordor	bracer	heavy	f	Mordor	Mordor/mordor_armors/mordor_bracers_geo.tpac	Y	parsed
sk_uruk_mordor_bracer_medium_a	metamesh	sk	uruk	mordor	bracer	medium	a	Mordor	Mordor/mordor_armors/mordor_bracers_geo.tpac	Y	parsed
sk_uruk_mordor_bracer_medium_b	metamesh	sk	uruk	mordor	bracer	medium	b	Mordor	Mordor/mordor_armors/mordor_bracers_geo.tpac	Y	parsed
sk_uruk_mordor_bracer_medium_c	metamesh	sk	uruk	mordor	bracer	medium	c	Mordor	Mordor/mordor_armors/mordor_bracers_geo.tpac	Y	parsed
sk_uruk_mordor_bracer_medium_d	metamesh	sk	uruk	mordor	bracer	medium	d	Mordor	Mordor/mordor_armors/mordor_bracers_geo.tpac	Y	parsed
sk_uruk_mordor_chainmail_captain_a1	metamesh	sk	uruk	mordor	chest	captain	a1	Mordor	Mordor/mordor_armors/mordor_captain_geo.tpac	Y	parsed
sk_uruk_mordor_chainmail_captain_a2	metamesh	sk	uruk	mordor	chest	captain	a2	Mordor	Mordor/mordor_armors/mordor_captain_geo.tpac	Y	parsed
sk_uruk_mordor_chainmail_captain_b1	metamesh	sk	uruk	mordor	chest	captain	b1	Mordor	Mordor/mordor_armors/mordor_captain_geo.tpac	Y	parsed
sk_uruk_mordor_chainmail_captain_b2	metamesh	sk	uruk	mordor	chest	captain	b2	Mordor	Mordor/mordor_armors/mordor_captain_geo.tpac	Y	parsed
sk_uruk_mordor_chainmail_captain_c1	metamesh	sk	uruk	mordor	chest	captain	c1	Mordor	Mordor/mordor_armors/mordor_captain_geo.tpac	Y	parsed
sk_uruk_mordor_chainmail_captain_c2	metamesh	sk	uruk	mordor	chest	captain	c2	Mordor	Mordor/mordor_armors/mordor_captain_geo.tpac	Y	parsed
sk_uruk_mordor_chainmail_captain_d1	metamesh	sk	uruk	mordor	chest	captain	d1	Mordor	Mordor/mordor_armors/mordor_captain_geo.tpac	Y	parsed
sk_uruk_mordor_chainmail_captain_d2	metamesh	sk	uruk	mordor	chest	captain	d2	Mordor	Mordor/mordor_armors/mordor_captain_geo.tpac	Y	parsed
sk_uruk_mordor_chainmail_elite_a1	metamesh	sk	uruk	mordor	chest	elite	a1	Mordor	Mordor/mordor_armors/mordor_elite_geo.tpac	Y	parsed
sk_uruk_mordor_chainmail_elite_a2	metamesh	sk	uruk	mordor	chest	elite	a2	Mordor	Mordor/mordor_armors/mordor_elite_geo.tpac	Y	parsed
sk_uruk_mordor_chainmail_elite_b1	metamesh	sk	uruk	mordor	chest	elite	b1	Mordor	Mordor/mordor_armors/mordor_elite_geo.tpac	Y	parsed
sk_uruk_mordor_chainmail_elite_b2	metamesh	sk	uruk	mordor	chest	elite	b2	Mordor	Mordor/mordor_armors/mordor_elite_geo.tpac	Y	parsed
sk_uruk_mordor_chainmail_elite_c1	metamesh	sk	uruk	mordor	chest	elite	c1	Mordor	Mordor/mordor_armors/mordor_elite_geo.tpac	Y	parsed
sk_uruk_mordor_chainmail_elite_c2	metamesh	sk	uruk	mordor	chest	elite	c2	Mordor	Mordor/mordor_armors/mordor_elite_geo.tpac	Y	parsed
sk_uruk_mordor_chainmail_elite_d1	metamesh	sk	uruk	mordor	chest	elite	d1	Mordor	Mordor/mordor_armors/mordor_elite_geo.tpac	Y	parsed
sk_uruk_mordor_chainmail_elite_d2	metamesh	sk	uruk	mordor	chest	elite	d2	Mordor	Mordor/mordor_armors/mordor_elite_geo.tpac	Y	parsed
sk_uruk_mordor_chainmail_heavy_a1	metamesh	sk	uruk	mordor	chest	heavy	a1	Mordor	Mordor/mordor_armors/mordor_heavy_geo.tpac	Y	parsed
sk_uruk_mordor_chainmail_heavy_a2	metamesh	sk	uruk	mordor	chest	heavy	a2	Mordor	Mordor/mordor_armors/mordor_heavy_geo.tpac	Y	parsed
sk_uruk_mordor_chainmail_heavy_b1	metamesh	sk	uruk	mordor	chest	heavy	b1	Mordor	Mordor/mordor_armors/mordor_heavy_geo.tpac	Y	parsed
sk_uruk_mordor_chainmail_heavy_b2	metamesh	sk	uruk	mordor	chest	heavy	b2	Mordor	Mordor/mordor_armors/mordor_heavy_geo.tpac	Y	parsed
sk_uruk_mordor_chainmail_heavy_c1	metamesh	sk	uruk	mordor	chest	heavy	c1	Mordor	Mordor/mordor_armors/mordor_heavy_geo.tpac	Y	parsed
sk_uruk_mordor_chainmail_heavy_c2	metamesh	sk	uruk	mordor	chest	heavy	c2	Mordor	Mordor/mordor_armors/mordor_heavy_geo.tpac	Y	parsed
sk_uruk_mordor_chainmail_heavy_d1	metamesh	sk	uruk	mordor	chest	heavy	d1	Mordor	Mordor/mordor_armors/mordor_heavy_geo.tpac	Y	parsed
sk_uruk_mordor_chainmail_heavy_d2	metamesh	sk	uruk	mordor	chest	heavy	d2	Mordor	Mordor/mordor_armors/mordor_heavy_geo.tpac	Y	parsed
sk_uruk_mordor_chainmail_light_a	metamesh	sk	uruk	mordor	chest	light	a	Mordor	Mordor/mordor_armors/mordor_light_geo.tpac	Y	parsed
sk_uruk_mordor_chainmail_light_b	metamesh	sk	uruk	mordor	chest	light	b	Mordor	Mordor/mordor_armors/mordor_light_geo.tpac	Y	parsed
sk_uruk_mordor_chainmail_light_c	metamesh	sk	uruk	mordor	chest	light	c	Mordor	Mordor/mordor_armors/mordor_light_geo.tpac	Y	parsed
sk_uruk_mordor_chainmail_medium_a1	metamesh	sk	uruk	mordor	chest	medium	a1	Mordor	Mordor/mordor_armors/mordor_medium_geo.tpac	Y	parsed
sk_uruk_mordor_chainmail_medium_a2	metamesh	sk	uruk	mordor	chest	medium	a2	Mordor	Mordor/mordor_armors/mordor_medium_geo.tpac	Y	parsed
sk_uruk_mordor_chainmail_medium_b1	metamesh	sk	uruk	mordor	chest	medium	b1	Mordor	Mordor/mordor_armors/mordor_medium_geo.tpac	Y	parsed
sk_uruk_mordor_chainmail_medium_b2	metamesh	sk	uruk	mordor	chest	medium	b2	Mordor	Mordor/mordor_armors/mordor_medium_geo.tpac	Y	parsed
sk_uruk_mordor_chainmail_medium_c1	metamesh	sk	uruk	mordor	chest	medium	c1	Mordor	Mordor/mordor_armors/mordor_medium_geo.tpac	Y	parsed
sk_uruk_mordor_chainmail_medium_c2	metamesh	sk	uruk	mordor	chest	medium	c2	Mordor	Mordor/mordor_armors/mordor_medium_geo.tpac	Y	parsed
sk_uruk_mordor_chainmail_medium_d1	metamesh	sk	uruk	mordor	chest	medium	d1	Mordor	Mordor/mordor_armors/mordor_medium_geo.tpac	Y	parsed
sk_uruk_mordor_chainmail_medium_d2	metamesh	sk	uruk	mordor	chest	medium	d2	Mordor	Mordor/mordor_armors/mordor_medium_geo.tpac	Y	parsed
sk_uruk_mordor_greaves_heavy_a	metamesh	sk	uruk	mordor	greaves	heavy	a	Mordor	Mordor/mordor_armors/mordor_boots_geo.tpac	Y	parsed
sk_uruk_mordor_greaves_heavy_b	metamesh	sk	uruk	mordor	greaves	heavy	b	Mordor	Mordor/mordor_armors/mordor_boots_geo.tpac	Y	parsed
sk_uruk_mordor_greaves_heavy_c	metamesh	sk	uruk	mordor	greaves	heavy	c	Mordor	Mordor/mordor_armors/mordor_boots_geo.tpac	Y	parsed
sk_uruk_mordor_greaves_heavy_d	metamesh	sk	uruk	mordor	greaves	heavy	d	Mordor	Mordor/mordor_armors/mordor_boots_geo.tpac	Y	parsed
sk_uruk_mordor_greaves_heavy_e	metamesh	sk	uruk	mordor	greaves	heavy	e	Mordor	Mordor/mordor_armors/mordor_boots_geo.tpac	Y	parsed
sk_uruk_mordor_greaves_heavy_f	metamesh	sk	uruk	mordor	greaves	heavy	f	Mordor	Mordor/mordor_armors/mordor_boots_geo.tpac	Y	parsed
sk_uruk_mordor_greaves_medium_a	metamesh	sk	uruk	mordor	greaves	medium	a	Mordor	Mordor/mordor_armors/mordor_boots_geo.tpac	Y	parsed
sk_uruk_mordor_greaves_medium_b	metamesh	sk	uruk	mordor	greaves	medium	b	Mordor	Mordor/mordor_armors/mordor_boots_geo.tpac	Y	parsed
sk_uruk_mordor_greaves_medium_c	metamesh	sk	uruk	mordor	greaves	medium	c	Mordor	Mordor/mordor_armors/mordor_boots_geo.tpac	Y	parsed
sk_uruk_mordor_helmet_elite_a1	metamesh	sk	uruk	mordor	helmet	elite	a1	Mordor	Mordor/mordor_armors/mordor_elite_helmets_geo.tpac	Y	parsed
sk_uruk_mordor_helmet_elite_a2	metamesh	sk	uruk	mordor	helmet	elite	a2	Mordor	Mordor/mordor_armors/mordor_elite_helmets_geo.tpac	Y	parsed
sk_uruk_mordor_helmet_elite_b1	metamesh	sk	uruk	mordor	helmet	elite	b1	Mordor	Mordor/mordor_armors/mordor_elite_helmets_geo.tpac	Y	parsed
sk_uruk_mordor_helmet_elite_b2	metamesh	sk	uruk	mordor	helmet	elite	b2	Mordor	Mordor/mordor_armors/mordor_elite_helmets_geo.tpac	Y	parsed
sk_uruk_mordor_helmet_elite_c1	metamesh	sk	uruk	mordor	helmet	elite	c1	Mordor	Mordor/mordor_armors/mordor_elite_helmets_geo.tpac	Y	parsed
sk_uruk_mordor_helmet_elite_c2	metamesh	sk	uruk	mordor	helmet	elite	c2	Mordor	Mordor/mordor_armors/mordor_elite_helmets_geo.tpac	Y	parsed
sk_uruk_mordor_helmet_elite_d1	metamesh	sk	uruk	mordor	helmet	elite	d1	Mordor	Mordor/mordor_armors/mordor_elite_helmets_geo.tpac	Y	parsed
sk_uruk_mordor_helmet_elite_d2	metamesh	sk	uruk	mordor	helmet	elite	d2	Mordor	Mordor/mordor_armors/mordor_elite_helmets_geo.tpac	Y	parsed
sk_uruk_mordor_helmet_heavy_a1	metamesh	sk	uruk	mordor	helmet	heavy	a1	Mordor	Mordor/mordor_armors/mordor_heavy_helmets_geo.tpac	Y	parsed
sk_uruk_mordor_helmet_heavy_a2	metamesh	sk	uruk	mordor	helmet	heavy	a2	Mordor	Mordor/mordor_armors/mordor_heavy_helmets_geo.tpac	Y	parsed
sk_uruk_mordor_helmet_heavy_b1	metamesh	sk	uruk	mordor	helmet	heavy	b1	Mordor	Mordor/mordor_armors/mordor_heavy_helmets_geo.tpac	Y	parsed
sk_uruk_mordor_helmet_heavy_b2	metamesh	sk	uruk	mordor	helmet	heavy	b2	Mordor	Mordor/mordor_armors/mordor_heavy_helmets_geo.tpac	Y	parsed
sk_uruk_mordor_helmet_heavy_c1	metamesh	sk	uruk	mordor	helmet	heavy	c1	Mordor	Mordor/mordor_armors/mordor_heavy_helmets_geo.tpac	Y	parsed
sk_uruk_mordor_helmet_heavy_c2	metamesh	sk	uruk	mordor	helmet	heavy	c2	Mordor	Mordor/mordor_armors/mordor_heavy_helmets_geo.tpac	Y	parsed
sk_uruk_mordor_helmet_heavy_d1	metamesh	sk	uruk	mordor	helmet	heavy	d1	Mordor	Mordor/mordor_armors/mordor_heavy_helmets_geo.tpac	Y	parsed
sk_uruk_mordor_helmet_heavy_d2	metamesh	sk	uruk	mordor	helmet	heavy	d2	Mordor	Mordor/mordor_armors/mordor_heavy_helmets_geo.tpac	Y	parsed
sk_uruk_mordor_helmet_medium_a1	metamesh	sk	uruk	mordor	helmet	medium	a1	Mordor	Mordor/mordor_armors/mordor_medium_helmets_geo.tpac	Y	parsed
sk_uruk_mordor_helmet_medium_a2	metamesh	sk	uruk	mordor	helmet	medium	a2	Mordor	Mordor/mordor_armors/mordor_medium_helmets_geo.tpac	Y	parsed
sk_uruk_mordor_helmet_medium_b1	metamesh	sk	uruk	mordor	helmet	medium	b1	Mordor	Mordor/mordor_armors/mordor_medium_helmets_geo.tpac	Y	parsed
sk_uruk_mordor_helmet_medium_b2	metamesh	sk	uruk	mordor	helmet	medium	b2	Mordor	Mordor/mordor_armors/mordor_medium_helmets_geo.tpac	Y	parsed
sk_uruk_mordor_helmet_medium_c1	metamesh	sk	uruk	mordor	helmet	medium	c1	Mordor	Mordor/mordor_armors/mordor_medium_helmets_geo.tpac	Y	parsed
sk_uruk_mordor_helmet_medium_c2	metamesh	sk	uruk	mordor	helmet	medium	c2	Mordor	Mordor/mordor_armors/mordor_medium_helmets_geo.tpac	Y	parsed
sk_uruk_mordor_helmet_medium_d1	metamesh	sk	uruk	mordor	helmet	medium	d1	Mordor	Mordor/mordor_armors/mordor_medium_helmets_geo.tpac	Y	parsed
sk_uruk_mordor_pauldron_heavy_a	metamesh	sk	uruk	mordor	pauldron	heavy	a	Mordor	Mordor/mordor_armors/mordor_pauldrons_geo.tpac	Y	parsed
sk_uruk_mordor_pauldron_heavy_b	metamesh	sk	uruk	mordor	pauldron	heavy	b	Mordor	Mordor/mordor_armors/mordor_pauldrons_geo.tpac	Y	parsed
sk_uruk_mordor_pauldron_heavy_c	metamesh	sk	uruk	mordor	pauldron	heavy	c	Mordor	Mordor/mordor_armors/mordor_pauldrons_geo.tpac	Y	parsed
sk_uruk_mordor_pauldron_heavy_d	metamesh	sk	uruk	mordor	pauldron	heavy	d	Mordor	Mordor/mordor_armors/mordor_pauldrons_geo.tpac	Y	parsed
sk_uruk_mordor_pauldron_heavy_e	metamesh	sk	uruk	mordor	pauldron	heavy	e	Mordor	Mordor/mordor_armors/mordor_pauldrons_geo.tpac	Y	parsed
sk_uruk_mordor_pauldron_heavy_f	metamesh	sk	uruk	mordor	pauldron	heavy	f	Mordor	Mordor/mordor_armors/mordor_pauldrons_geo.tpac	Y	parsed
sk_uruk_mordor_pauldron_heavy_g	metamesh	sk	uruk	mordor	pauldron	heavy	g	Mordor	Mordor/mordor_armors/mordor_pauldrons_geo.tpac	Y	parsed
sk_uruk_mordor_pauldron_heavy_h	metamesh	sk	uruk	mordor	pauldron	heavy	h	Mordor	Mordor/mordor_armors/mordor_pauldrons_geo.tpac	Y	parsed
sk_uruk_mordor_pauldron_medium_a	metamesh	sk	uruk	mordor	pauldron	medium	a	Mordor	Mordor/mordor_armors/mordor_pauldrons_geo.tpac	Y	parsed
sk_uruk_mordor_pauldron_medium_b	metamesh	sk	uruk	mordor	pauldron	medium	b	Mordor	Mordor/mordor_armors/mordor_pauldrons_geo.tpac	Y	parsed
sk_uruk_mordor_pauldron_medium_c	metamesh	sk	uruk	mordor	pauldron	medium	c	Mordor	Mordor/mordor_armors/mordor_pauldrons_geo.tpac	Y	parsed
sk_uruk_mordor_pauldron_medium_d	metamesh	sk	uruk	mordor	pauldron	medium	d	Mordor	Mordor/mordor_armors/mordor_pauldrons_geo.tpac	Y	parsed
sm_ar_art_poleaxe_blade_a	metamesh	sm	arnor	art	weapon	-	a	arnor_weapons	arnor_weapons/SM_AR_Art_Poleaxe_A_geo.tpac	N	parsed
sm_ar_art_poleaxe_blade_b	metamesh	sm	arnor	art	weapon	-	b	arnor_weapons	arnor_weapons/SM_AR_Art_Poleaxe_A_geo.tpac	N	parsed
sm_ar_art_poleaxe_handle_a	metamesh	sm	arnor	art	weapon	-	a	arnor_weapons	arnor_weapons/SM_AR_Art_Poleaxe_A_geo.tpac	N	parsed
sm_ar_art_poleaxe_pommel_a	metamesh	sm	arnor	art	weapon	-	a	arnor_weapons	arnor_weapons/SM_AR_Art_Poleaxe_A_geo.tpac	N	parsed
sm_dg_khml_axe_blade_1h_a	metamesh	sm	dol_guldur	khml	weapon	-	a	rhun_weapons	rhun_weapons/khamul/SK_DG_Khml_Weapons_A_geo.tpac	Y	parsed
sm_dg_khml_axe_blade_1h_b	metamesh	sm	dol_guldur	khml	weapon	-	b	rhun_weapons	rhun_weapons/khamul/SK_DG_Khml_Weapons_A_geo.tpac	Y	parsed
sm_dg_khml_axe_blade_2h_a	metamesh	sm	dol_guldur	khml	weapon	-	a	rhun_weapons	rhun_weapons/khamul/SK_DG_Khml_Weapons_A_geo.tpac	Y	parsed
sm_dg_khml_axe_blade_2h_b	metamesh	sm	dol_guldur	khml	weapon	-	b	rhun_weapons	rhun_weapons/khamul/SK_DG_Khml_Weapons_A_geo.tpac	Y	parsed
sm_dg_khml_axe_blade_2h_c	metamesh	sm	dol_guldur	khml	weapon	-	c	rhun_weapons	rhun_weapons/khamul/SK_DG_Khml_Weapons_A_geo.tpac	Y	parsed
sm_dg_khml_axe_blade_2h_d	metamesh	sm	dol_guldur	khml	weapon	-	d	rhun_weapons	rhun_weapons/khamul/SK_DG_Khml_Weapons_A_geo.tpac	Y	parsed
sm_dg_khml_axe_handle_a	metamesh	sm	dol_guldur	khml	weapon	-	a	rhun_weapons	rhun_weapons/khamul/SK_DG_Khml_Weapons_A_geo.tpac	Y	parsed
sm_dg_khml_axe_handle_b	metamesh	sm	dol_guldur	khml	weapon	-	b	rhun_weapons	rhun_weapons/khamul/SK_DG_Khml_Weapons_A_geo.tpac	Y	parsed
sm_dg_khml_axe_handle_c	metamesh	sm	dol_guldur	khml	weapon	-	c	rhun_weapons	rhun_weapons/khamul/SK_DG_Khml_Weapons_A_geo.tpac	Y	parsed
sm_dg_khml_axe_handle_d	metamesh	sm	dol_guldur	khml	weapon	-	d	rhun_weapons	rhun_weapons/khamul/SK_DG_Khml_Weapons_A_geo.tpac	Y	parsed
sm_dg_khml_longbow_a	metamesh	sm	dol_guldur	khml	weapon	-	a	rhun_weapons	rhun_weapons/khamul/SK_DG_Khml_Weapons_A_geo.tpac	Y	parsed
sm_dg_khml_mace_blade_1h_a	metamesh	sm	dol_guldur	khml	weapon	-	a	rhun_weapons	rhun_weapons/khamul/SK_DG_Khml_Weapons_A_geo.tpac	Y	parsed
sm_dg_khml_mace_blade_1h_b	metamesh	sm	dol_guldur	khml	weapon	-	b	rhun_weapons	rhun_weapons/khamul/SK_DG_Khml_Weapons_A_geo.tpac	Y	parsed
sm_dg_khml_mace_blade_1h_c	metamesh	sm	dol_guldur	khml	weapon	-	c	rhun_weapons	rhun_weapons/khamul/SK_DG_Khml_Weapons_A_geo.tpac	Y	parsed
sm_dg_khml_mace_blade_2h_a	metamesh	sm	dol_guldur	khml	weapon	-	a	rhun_weapons	rhun_weapons/khamul/SK_DG_Khml_Weapons_A_geo.tpac	Y	parsed
sm_dg_khml_mace_blade_2h_b	metamesh	sm	dol_guldur	khml	weapon	-	b	rhun_weapons	rhun_weapons/khamul/SK_DG_Khml_Weapons_A_geo.tpac	Y	parsed
sm_dg_khml_mace_blade_2h_c	metamesh	sm	dol_guldur	khml	weapon	-	c	rhun_weapons	rhun_weapons/khamul/SK_DG_Khml_Weapons_A_geo.tpac	Y	parsed
sm_dg_khml_shield_cav_hevy_a	metamesh	sm	dol_guldur	khml	shield	-	a	rhun_weapons	rhun_weapons/khamul/SK_DG_Khml_Shields_A_geo.tpac	Y	parsed
sm_dg_khml_shield_cav_med_a	metamesh	sm	dol_guldur	khml	shield	med	a	rhun_weapons	rhun_weapons/khamul/SK_DG_Khml_Shields_A_geo.tpac	Y	parsed
sm_dg_khml_shield_cav_med_b	metamesh	sm	dol_guldur	khml	shield	med	b	rhun_weapons	rhun_weapons/khamul/SK_DG_Khml_Shields_A_geo.tpac	Y	parsed
sm_dg_khml_shield_heavy_a	metamesh	sm	dol_guldur	khml	shield	heavy	a	rhun_weapons	rhun_weapons/khamul/SK_DG_Khml_Shields_A_geo.tpac	Y	parsed
sm_dg_khml_shield_heavy_b	metamesh	sm	dol_guldur	khml	shield	heavy	b	rhun_weapons	rhun_weapons/khamul/SK_DG_Khml_Shields_A_geo.tpac	Y	parsed
sm_dg_khml_shield_heavy_c	metamesh	sm	dol_guldur	khml	shield	heavy	c	rhun_weapons	rhun_weapons/khamul/SK_DG_Khml_Shields_A_geo.tpac	Y	parsed
sm_dg_khml_shield_heavy_d	metamesh	sm	dol_guldur	khml	shield	heavy	d	rhun_weapons	rhun_weapons/khamul/SK_DG_Khml_Shields_A_geo.tpac	Y	parsed
sm_dg_khml_shield_med_a	metamesh	sm	dol_guldur	khml	shield	med	a	rhun_weapons	rhun_weapons/khamul/SK_DG_Khml_Shields_A_geo.tpac	Y	parsed
sm_dg_khml_shield_med_b	metamesh	sm	dol_guldur	khml	shield	med	b	rhun_weapons	rhun_weapons/khamul/SK_DG_Khml_Shields_A_geo.tpac	Y	parsed
sm_dg_khml_shield_tower_heavy_a	metamesh	sm	dol_guldur	khml	shield	heavy	a	rhun_weapons	rhun_weapons/khamul/SK_DG_Khml_Shields_A_geo.tpac	Y	parsed
sm_dg_khml_shield_tower_heavy_b	metamesh	sm	dol_guldur	khml	shield	heavy	b	rhun_weapons	rhun_weapons/khamul/SK_DG_Khml_Shields_A_geo.tpac	Y	parsed
sm_dg_khml_shield_tower_med_a	metamesh	sm	dol_guldur	khml	shield	med	a	rhun_weapons	rhun_weapons/khamul/SK_DG_Khml_Shields_A_geo.tpac	Y	parsed
sm_dg_khml_shield_tower_med_b	metamesh	sm	dol_guldur	khml	shield	med	b	rhun_weapons	rhun_weapons/khamul/SK_DG_Khml_Shields_A_geo.tpac	Y	parsed
sm_dg_khml_spear_blade_a	metamesh	sm	dol_guldur	khml	weapon	-	a	rhun_weapons	rhun_weapons/khamul/SK_DG_Khml_Weapons_A_geo.tpac	Y	parsed
sm_dg_khml_sword_blade_a	metamesh	sm	dol_guldur	khml	weapon	-	a	rhun_weapons	rhun_weapons/khamul/SK_DG_Khml_Weapons_A_geo.tpac	Y	parsed
sm_dg_khml_sword_blade_b	metamesh	sm	dol_guldur	khml	weapon	-	b	rhun_weapons	rhun_weapons/khamul/SK_DG_Khml_Weapons_A_geo.tpac	Y	parsed
sm_dg_khml_sword_guard_a	metamesh	sm	dol_guldur	khml	weapon	-	a	rhun_weapons	rhun_weapons/khamul/SK_DG_Khml_Weapons_A_geo.tpac	Y	parsed
sm_dg_khml_sword_handle_a	metamesh	sm	dol_guldur	khml	weapon	-	a	rhun_weapons	rhun_weapons/khamul/SK_DG_Khml_Weapons_A_geo.tpac	Y	parsed
sm_dg_khml_sword_pommel_a	metamesh	sm	dol_guldur	khml	weapon	-	a	rhun_weapons	rhun_weapons/khamul/SK_DG_Khml_Weapons_A_geo.tpac	Y	parsed
sm_dg_khml_sword_pommel_b	metamesh	sm	dol_guldur	khml	weapon	-	b	rhun_weapons	rhun_weapons/khamul/SK_DG_Khml_Weapons_A_geo.tpac	Y	parsed
sm_dwarf_basemesh_a1_arms	metamesh	sm	dwarf	-	body	-	-	Race Test	Race Test/keyforce_dwarf_geo.tpac	Y	parsed
sm_dwarf_basemesh_a1_body	metamesh	sm	dwarf	-	body	-	-	Race Test	Race Test/keyforce_dwarf_geo.tpac	Y	parsed
sm_dwarf_basemesh_a1_full	metamesh	sm	dwarf	-	body	full	-	Race Test	Race Test/keyforce_dwarf_geo.tpac	N	parsed
sm_dwarf_basemesh_a1_head	metamesh	sm	dwarf	-	body	-	-	Race Test	Race Test/keyforce_dwarf_geo.tpac	Y	parsed
sm_dwarf_basemesh_a1_legs	metamesh	sm	dwarf	-	body	-	-	Race Test	Race Test/keyforce_dwarf_geo.tpac	Y	parsed
sm_dwarf_basemesh_a1_shoulder	metamesh	sm	dwarf	-	body	-	-	Race Test	Race Test/keyforce_dwarf_geo.tpac	Y	parsed
sm_dwarf_dain_axe_blade_a	metamesh	sm	dwarf	dain	weapon	-	a	erebor_armor	erebor_armor/Dain/SM_Dwarf_Dain_Weapons_geo.tpac	Y	parsed
sm_dwarf_dain_axe_handle_a	metamesh	sm	dwarf	dain	weapon	-	a	erebor_armor	erebor_armor/Dain/SM_Dwarf_Dain_Weapons_geo.tpac	Y	parsed
sm_dwarf_dain_axe_pommel_a	metamesh	sm	dwarf	dain	weapon	-	a	erebor_armor	erebor_armor/Dain/SM_Dwarf_Dain_Weapons_geo.tpac	N	parsed
sm_dwarf_dain_hammer_blade_a	metamesh	sm	dwarf	dain	weapon	-	a	erebor_armor	erebor_armor/Dain/SM_Dwarf_Dain_Weapons_geo.tpac	Y	parsed
sm_dwarf_dain_hammer_handle_a	metamesh	sm	dwarf	dain	weapon	-	a	erebor_armor	erebor_armor/Dain/SM_Dwarf_Dain_Weapons_geo.tpac	Y	parsed
sm_dwarf_dain_hammer_pommel_a	metamesh	sm	dwarf	dain	weapon	-	a	erebor_armor	erebor_armor/Dain/SM_Dwarf_Dain_Weapons_geo.tpac	Y	parsed
sm_dwarf_erebor_axe_blade_1h_a	metamesh	sm	dwarf	erebor	weapon	-	a	erebor_weapons	erebor_weapons/erebor_weapons/SM_Dwarf_Erebor_Weapons_geo.tpac	Y	parsed
sm_dwarf_erebor_axe_blade_1h_b	metamesh	sm	dwarf	erebor	weapon	-	b	erebor_weapons	erebor_weapons/erebor_weapons/SM_Dwarf_Erebor_Weapons_geo.tpac	Y	parsed
sm_dwarf_erebor_axe_blade_2h_a	metamesh	sm	dwarf	erebor	weapon	-	a	erebor_weapons	erebor_weapons/erebor_weapons/SM_Dwarf_Erebor_Weapons_geo.tpac	Y	parsed
sm_dwarf_erebor_axe_blade_2h_a2	metamesh	sm	dwarf	erebor	weapon	-	a2	erebor_weapons	erebor_weapons/erebor_weapons/SM_Dwarf_Erebor_Weapons_geo.tpac	Y	parsed
sm_dwarf_erebor_axe_blade_2h_b	metamesh	sm	dwarf	erebor	weapon	-	b	erebor_weapons	erebor_weapons/erebor_weapons/SM_Dwarf_Erebor_Weapons_geo.tpac	Y	parsed
sm_dwarf_erebor_axe_blade_2h_b2	metamesh	sm	dwarf	erebor	weapon	-	b2	erebor_weapons	erebor_weapons/erebor_weapons/SM_Dwarf_Erebor_Weapons_geo.tpac	Y	parsed
sm_dwarf_erebor_axe_blade_2h_c	metamesh	sm	dwarf	erebor	weapon	-	c	erebor_weapons	erebor_weapons/erebor_weapons/SM_Dwarf_Erebor_Weapons_geo.tpac	Y	parsed
sm_dwarf_erebor_axe_blade_2h_c2	metamesh	sm	dwarf	erebor	weapon	-	c2	erebor_weapons	erebor_weapons/erebor_weapons/SM_Dwarf_Erebor_Weapons_geo.tpac	Y	parsed
sm_dwarf_erebor_axe_blade_2h_d	metamesh	sm	dwarf	erebor	weapon	-	d	erebor_weapons	erebor_weapons/erebor_weapons/SM_Dwarf_Erebor_Weapons_geo.tpac	Y	parsed
sm_dwarf_erebor_axe_blade_2h_d2	metamesh	sm	dwarf	erebor	weapon	-	d2	erebor_weapons	erebor_weapons/erebor_weapons/SM_Dwarf_Erebor_Weapons_geo.tpac	Y	parsed
sm_dwarf_erebor_axe_handle_1h_a	metamesh	sm	dwarf	erebor	weapon	-	a	erebor_weapons	erebor_weapons/erebor_weapons/SM_Dwarf_Erebor_Weapons_geo.tpac	Y	parsed
sm_dwarf_erebor_axe_handle_1h_b	metamesh	sm	dwarf	erebor	weapon	-	b	erebor_weapons	erebor_weapons/erebor_weapons/SM_Dwarf_Erebor_Weapons_geo.tpac	Y	parsed
sm_dwarf_erebor_axe_handle_2h_a	metamesh	sm	dwarf	erebor	weapon	-	a	erebor_weapons	erebor_weapons/erebor_weapons/SM_Dwarf_Erebor_Weapons_geo.tpac	Y	parsed
sm_dwarf_erebor_axe_handle_2h_a2	metamesh	sm	dwarf	erebor	weapon	-	a2	erebor_weapons	erebor_weapons/erebor_weapons/SM_Dwarf_Erebor_Weapons_geo.tpac	Y	parsed
sm_dwarf_erebor_axe_handle_2h_b	metamesh	sm	dwarf	erebor	weapon	-	b	erebor_weapons	erebor_weapons/erebor_weapons/SM_Dwarf_Erebor_Weapons_geo.tpac	Y	parsed
sm_dwarf_erebor_axe_handle_2h_b2	metamesh	sm	dwarf	erebor	weapon	-	b2	erebor_weapons	erebor_weapons/erebor_weapons/SM_Dwarf_Erebor_Weapons_geo.tpac	Y	parsed
sm_dwarf_erebor_axe_pommel_1h_a	metamesh	sm	dwarf	erebor	weapon	-	a	erebor_weapons	erebor_weapons/erebor_weapons/SM_Dwarf_Erebor_Weapons_geo.tpac	Y	parsed
sm_dwarf_erebor_axe_pommel_2h_a	metamesh	sm	dwarf	erebor	weapon	-	a	erebor_weapons	erebor_weapons/erebor_weapons/SM_Dwarf_Erebor_Weapons_geo.tpac	Y	parsed
sm_dwarf_erebor_axe_pommel_2h_a2	metamesh	sm	dwarf	erebor	weapon	-	a2	erebor_weapons	erebor_weapons/erebor_weapons/SM_Dwarf_Erebor_Weapons_geo.tpac	Y	parsed
sm_dwarf_erebor_axe_pommel_2h_b	metamesh	sm	dwarf	erebor	weapon	-	b	erebor_weapons	erebor_weapons/erebor_weapons/SM_Dwarf_Erebor_Weapons_geo.tpac	Y	parsed
sm_dwarf_erebor_axe_pommel_2h_b2	metamesh	sm	dwarf	erebor	weapon	-	b2	erebor_weapons	erebor_weapons/erebor_weapons/SM_Dwarf_Erebor_Weapons_geo.tpac	Y	parsed
sm_dwarf_erebor_bow_a	metamesh	sm	dwarf	erebor	weapon	-	a	erebor_weapons	erebor_weapons/erebor_weapons/SM_Dwarf_Erebor_Bows_geo.tpac	Y	parsed
sm_dwarf_erebor_bow_b	metamesh	sm	dwarf	erebor	weapon	-	b	erebor_weapons	erebor_weapons/erebor_weapons/SM_Dwarf_Erebor_Bows_geo.tpac	Y	parsed
sm_dwarf_erebor_hammer_blade_2h_a	metamesh	sm	dwarf	erebor	weapon	-	a	erebor_weapons	erebor_weapons/erebor_weapons/SM_Dwarf_Erebor_Weapons_geo.tpac	Y	parsed
sm_dwarf_erebor_hammer_blade_2h_a2	metamesh	sm	dwarf	erebor	weapon	-	a2	erebor_weapons	erebor_weapons/erebor_weapons/SM_Dwarf_Erebor_Weapons_geo.tpac	Y	parsed
sm_dwarf_erebor_quiver_a	metamesh	sm	dwarf	erebor	quiver	-	a	erebor_weapons	erebor_weapons/erebor_weapons/SM_Dwarf_Erebor_Bows_geo.tpac	Y	parsed
sm_dwarf_erebor_shield_leather_a	metamesh	sm	dwarf	erebor	shield	-	a	erebor_weapons	erebor_weapons/erebor_weapons/SM_Dwarf_Erebor_Shields_geo.tpac	Y	parsed
sm_dwarf_erebor_shield_leather_b	metamesh	sm	dwarf	erebor	shield	-	b	erebor_weapons	erebor_weapons/erebor_weapons/SM_Dwarf_Erebor_Shields_geo.tpac	Y	parsed
sm_dwarf_erebor_shield_leather_c	metamesh	sm	dwarf	erebor	shield	-	c	erebor_weapons	erebor_weapons/erebor_weapons/SM_Dwarf_Erebor_Shields_geo.tpac	Y	parsed
sm_dwarf_erebor_shield_leather_d	metamesh	sm	dwarf	erebor	shield	-	d	erebor_weapons	erebor_weapons/erebor_weapons/SM_Dwarf_Erebor_Shields_geo.tpac	Y	parsed
sm_dwarf_erebor_shield_metal_a	metamesh	sm	dwarf	erebor	shield	-	a	erebor_weapons	erebor_weapons/erebor_weapons/SM_Dwarf_Erebor_Shields_geo.tpac	Y	parsed
sm_dwarf_erebor_shield_metal_a2	metamesh	sm	dwarf	erebor	shield	-	a2	erebor_weapons	erebor_weapons/erebor_weapons/SM_Dwarf_Erebor_Shields_geo.tpac	Y	parsed
sm_dwarf_erebor_shield_metal_b	metamesh	sm	dwarf	erebor	shield	-	b	erebor_weapons	erebor_weapons/erebor_weapons/SM_Dwarf_Erebor_Shields_geo.tpac	Y	parsed
sm_dwarf_erebor_shield_metal_b2	metamesh	sm	dwarf	erebor	shield	-	b2	erebor_weapons	erebor_weapons/erebor_weapons/SM_Dwarf_Erebor_Shields_geo.tpac	Y	parsed
sm_dwarf_erebor_shield_metal_c	metamesh	sm	dwarf	erebor	shield	-	c	erebor_weapons	erebor_weapons/erebor_weapons/SM_Dwarf_Erebor_Shields_geo.tpac	Y	parsed
sm_dwarf_erebor_shield_metal_c2	metamesh	sm	dwarf	erebor	shield	-	c2	erebor_weapons	erebor_weapons/erebor_weapons/SM_Dwarf_Erebor_Shields_geo.tpac	Y	parsed
sm_dwarf_erebor_shield_metal_d	metamesh	sm	dwarf	erebor	shield	-	d	erebor_weapons	erebor_weapons/erebor_weapons/SM_Dwarf_Erebor_Shields_geo.tpac	Y	parsed
sm_dwarf_erebor_shield_metal_d2	metamesh	sm	dwarf	erebor	shield	-	d2	erebor_weapons	erebor_weapons/erebor_weapons/SM_Dwarf_Erebor_Shields_geo.tpac	Y	parsed
sm_dwarf_erebor_shield_tower_a	metamesh	sm	dwarf	erebor	shield	-	a	erebor_weapons	erebor_weapons/erebor_weapons/SM_Dwarf_Erebor_Shields_geo.tpac	Y	parsed
sm_dwarf_erebor_shield_tower_b	metamesh	sm	dwarf	erebor	shield	-	b	erebor_weapons	erebor_weapons/erebor_weapons/SM_Dwarf_Erebor_Shields_geo.tpac	Y	parsed
sm_dwarf_erebor_shield_tower_c	metamesh	sm	dwarf	erebor	shield	-	c	erebor_weapons	erebor_weapons/erebor_weapons/SM_Dwarf_Erebor_Shields_geo.tpac	Y	parsed
sm_dwarf_erebor_shield_tower_d	metamesh	sm	dwarf	erebor	shield	-	d	erebor_weapons	erebor_weapons/erebor_weapons/SM_Dwarf_Erebor_Shields_geo.tpac	Y	parsed
sm_dwarf_erebor_shield_tower_e	metamesh	sm	dwarf	erebor	shield	-	e	erebor_weapons	erebor_weapons/erebor_weapons/SM_Dwarf_Erebor_Shields_geo.tpac	Y	parsed
sm_dwarf_erebor_shield_tower_f	metamesh	sm	dwarf	erebor	shield	-	f	erebor_weapons	erebor_weapons/erebor_weapons/SM_Dwarf_Erebor_Shields_geo.tpac	Y	parsed
sm_dwarf_erebor_spear_blade_a	metamesh	sm	dwarf	erebor	weapon	-	a	erebor_weapons	erebor_weapons/erebor_weapons/SM_Dwarf_Erebor_Weapons_geo.tpac	Y	parsed
sm_dwarf_erebor_spear_blade_b	metamesh	sm	dwarf	erebor	weapon	-	b	erebor_weapons	erebor_weapons/erebor_weapons/SM_Dwarf_Erebor_Weapons_geo.tpac	Y	parsed
sm_dwarf_erebor_spear_handle_a	metamesh	sm	dwarf	erebor	weapon	-	a	erebor_weapons	erebor_weapons/erebor_weapons/SM_Dwarf_Erebor_Weapons_geo.tpac	Y	parsed
sm_dwarf_erebor_spear_handle_b	metamesh	sm	dwarf	erebor	weapon	-	b	erebor_weapons	erebor_weapons/erebor_weapons/SM_Dwarf_Erebor_Weapons_geo.tpac	Y	parsed
sm_dwarf_erebor_spear_pommel_a	metamesh	sm	dwarf	erebor	weapon	-	a	erebor_weapons	erebor_weapons/erebor_weapons/SM_Dwarf_Erebor_Weapons_geo.tpac	Y	parsed
sm_dwarf_erebor_spear_pommel_b	metamesh	sm	dwarf	erebor	weapon	-	b	erebor_weapons	erebor_weapons/erebor_weapons/SM_Dwarf_Erebor_Weapons_geo.tpac	Y	parsed
sm_dwarf_iron_axe_blade_a	metamesh	sm	dwarf	iron	weapon	-	a	erebor_weapons	erebor_weapons/iron_hills_weapons/SM_Dwarf_Iron_Weapons_geo.tpac	Y	parsed
sm_dwarf_iron_axe_blade_b	metamesh	sm	dwarf	iron	weapon	-	b	erebor_weapons	erebor_weapons/iron_hills_weapons/SM_Dwarf_Iron_Weapons_geo.tpac	Y	parsed
sm_dwarf_iron_axe_handle_a	metamesh	sm	dwarf	iron	weapon	-	a	erebor_weapons	erebor_weapons/iron_hills_weapons/SM_Dwarf_Iron_Weapons_geo.tpac	Y	parsed
sm_dwarf_iron_axe_handle_b	metamesh	sm	dwarf	iron	weapon	-	b	erebor_weapons	erebor_weapons/iron_hills_weapons/SM_Dwarf_Iron_Weapons_geo.tpac	Y	parsed
sm_dwarf_iron_axe_pommel_a	metamesh	sm	dwarf	iron	weapon	-	a	erebor_weapons	erebor_weapons/iron_hills_weapons/SM_Dwarf_Iron_Weapons_geo.tpac	Y	parsed
sm_dwarf_iron_bolt_a	metamesh	sm	dwarf	iron	weapon	-	a	erebor_weapons	erebor_weapons/iron_hills_weapons/SM_Dwarf_Iron_Crossbows_geo.tpac	Y	parsed
sm_dwarf_iron_crossbow_heavy_a	metamesh	sm	dwarf	iron	weapon	heavy	a	erebor_weapons	erebor_weapons/iron_hills_weapons/SM_Dwarf_Iron_Crossbows_geo.tpac	Y	parsed
sm_dwarf_iron_crossbow_heavy_b	metamesh	sm	dwarf	iron	weapon	heavy	b	erebor_weapons	erebor_weapons/iron_hills_weapons/SM_Dwarf_Iron_Crossbows_geo.tpac	Y	parsed
sm_dwarf_iron_hammer_blade_a	metamesh	sm	dwarf	iron	weapon	-	a	erebor_weapons	erebor_weapons/iron_hills_weapons/SM_Dwarf_Iron_Weapons_geo.tpac	Y	parsed
sm_dwarf_iron_hammer_blade_b	metamesh	sm	dwarf	iron	weapon	-	b	erebor_weapons	erebor_weapons/iron_hills_weapons/SM_Dwarf_Iron_Weapons_geo.tpac	Y	parsed
sm_dwarf_iron_hammer_blade_c	metamesh	sm	dwarf	iron	weapon	-	c	erebor_weapons	erebor_weapons/iron_hills_weapons/SM_Dwarf_Iron_Weapons_geo.tpac	Y	parsed
sm_dwarf_iron_hammer_blade_d	metamesh	sm	dwarf	iron	weapon	-	d	erebor_weapons	erebor_weapons/iron_hills_weapons/SM_Dwarf_Iron_Weapons_geo.tpac	Y	parsed
sm_dwarf_iron_hammer_blade_e	metamesh	sm	dwarf	iron	weapon	-	e	erebor_weapons	erebor_weapons/iron_hills_weapons/SM_Dwarf_Iron_Weapons_geo.tpac	Y	parsed
sm_dwarf_iron_mattock_blade_a	metamesh	sm	dwarf	iron	weapon	-	a	erebor_weapons	erebor_weapons/iron_hills_weapons/SM_Dwarf_Iron_Weapons_geo.tpac	Y	parsed
sm_dwarf_iron_mattock_blade_b	metamesh	sm	dwarf	iron	weapon	-	b	erebor_weapons	erebor_weapons/iron_hills_weapons/SM_Dwarf_Iron_Weapons_geo.tpac	Y	parsed
sm_dwarf_iron_mattock_blade_c	metamesh	sm	dwarf	iron	weapon	-	c	erebor_weapons	erebor_weapons/iron_hills_weapons/SM_Dwarf_Iron_Weapons_geo.tpac	Y	parsed
sm_dwarf_iron_mattock_blade_d	metamesh	sm	dwarf	iron	weapon	-	d	erebor_weapons	erebor_weapons/iron_hills_weapons/SM_Dwarf_Iron_Weapons_geo.tpac	Y	parsed
sm_dwarf_iron_mattock_handle_a	metamesh	sm	dwarf	iron	weapon	-	a	erebor_weapons	erebor_weapons/iron_hills_weapons/SM_Dwarf_Iron_Weapons_geo.tpac	Y	parsed
sm_dwarf_iron_mattock_handle_b	metamesh	sm	dwarf	iron	weapon	-	b	erebor_weapons	erebor_weapons/iron_hills_weapons/SM_Dwarf_Iron_Weapons_geo.tpac	Y	parsed
sm_dwarf_iron_mattock_pommel_a	metamesh	sm	dwarf	iron	weapon	-	a	erebor_weapons	erebor_weapons/iron_hills_weapons/SM_Dwarf_Iron_Weapons_geo.tpac	Y	parsed
sm_dwarf_iron_mattock_pommel_b	metamesh	sm	dwarf	iron	weapon	-	b	erebor_weapons	erebor_weapons/iron_hills_weapons/SM_Dwarf_Iron_Weapons_geo.tpac	Y	parsed
sm_dwarf_iron_mattock_pommel_c	metamesh	sm	dwarf	iron	weapon	-	c	erebor_weapons	erebor_weapons/iron_hills_weapons/SM_Dwarf_Iron_Weapons_geo.tpac	Y	parsed
sm_dwarf_iron_quiver_a	metamesh	sm	dwarf	iron	quiver	-	a	erebor_weapons	erebor_weapons/iron_hills_weapons/SM_Dwarf_Iron_Crossbows_geo.tpac	Y	parsed
sm_dwarf_iron_sword_blade_a	metamesh	sm	dwarf	iron	weapon	-	a	erebor_weapons	erebor_weapons/iron_hills_weapons/SM_Dwarf_Iron_Weapons_geo.tpac	Y	parsed
sm_dwarf_iron_sword_blade_b	metamesh	sm	dwarf	iron	weapon	-	b	erebor_weapons	erebor_weapons/iron_hills_weapons/SM_Dwarf_Iron_Weapons_geo.tpac	Y	parsed
sm_dwarf_iron_sword_guard_a	metamesh	sm	dwarf	iron	weapon	-	a	erebor_weapons	erebor_weapons/iron_hills_weapons/SM_Dwarf_Iron_Weapons_geo.tpac	Y	parsed
sm_dwarf_iron_sword_guard_b	metamesh	sm	dwarf	iron	weapon	-	b	erebor_weapons	erebor_weapons/iron_hills_weapons/SM_Dwarf_Iron_Weapons_geo.tpac	Y	parsed
sm_dwarf_iron_sword_handle_a	metamesh	sm	dwarf	iron	weapon	-	a	erebor_weapons	erebor_weapons/iron_hills_weapons/SM_Dwarf_Iron_Weapons_geo.tpac	Y	parsed
sm_dwarf_iron_sword_handle_b	metamesh	sm	dwarf	iron	weapon	-	b	erebor_weapons	erebor_weapons/iron_hills_weapons/SM_Dwarf_Iron_Weapons_geo.tpac	Y	parsed
sm_dwarf_iron_sword_pommel_a	metamesh	sm	dwarf	iron	weapon	-	a	erebor_weapons	erebor_weapons/iron_hills_weapons/SM_Dwarf_Iron_Weapons_geo.tpac	Y	parsed
sm_dwarf_iron_sword_pommel_b	metamesh	sm	dwarf	iron	weapon	-	b	erebor_weapons	erebor_weapons/iron_hills_weapons/SM_Dwarf_Iron_Weapons_geo.tpac	Y	parsed
sm_dwarf_iron_sword_scabbard_a	metamesh	sm	dwarf	iron	weapon	-	a	erebor_weapons	erebor_weapons/iron_hills_weapons/SM_Dwarf_Iron_Weapons_geo.tpac	Y	parsed
sm_dwarf_iron_sword_scabbard_b	metamesh	sm	dwarf	iron	weapon	-	b	erebor_weapons	erebor_weapons/iron_hills_weapons/SM_Dwarf_Iron_Weapons_geo.tpac	Y	parsed
sm_gd_shield_a1	metamesh	sm	gondor	-	shield	-	a1	gondor_weapons	gondor_weapons/shields/SM_GD_Shield_A_geo.tpac	Y	parsed
sm_gd_shield_a2	metamesh	sm	gondor	-	shield	-	a2	gondor_weapons	gondor_weapons/shields/SM_GD_Shield_A_geo.tpac	Y	parsed
sm_gd_shield_a3	metamesh	sm	gondor	-	shield	-	a3	gondor_weapons	gondor_weapons/shields/SM_GD_Shield_A_geo.tpac	Y	parsed
sm_gd_shield_a4	metamesh	sm	gondor	-	shield	-	a4	gondor_weapons	gondor_weapons/shields/SM_GD_Shield_A_geo.tpac	Y	parsed
sm_iron_shield_a	metamesh	sm	dwarf	-	shield	-	a	erebor_weapons	erebor_weapons/iron_hills_weapons/SM_Dwarf_Iron_Shields_geo.tpac	Y	parsed
sm_iron_shield_b	metamesh	sm	dwarf	-	shield	-	b	erebor_weapons	erebor_weapons/iron_hills_weapons/SM_Dwarf_Iron_Shields_geo.tpac	Y	parsed
sm_iron_shield_gold	metamesh	sm	dwarf	-	shield	-	-	erebor_weapons	erebor_weapons/iron_hills_weapons/SM_Dwarf_Iron_Shields_geo.tpac	Y	parsed
sm_iron_shield_tower_a	metamesh	sm	dwarf	-	shield	-	a	erebor_weapons	erebor_weapons/iron_hills_weapons/SM_Dwarf_Iron_Shields_geo.tpac	Y	parsed
sm_iron_shield_tower_b	metamesh	sm	dwarf	-	shield	-	b	erebor_weapons	erebor_weapons/iron_hills_weapons/SM_Dwarf_Iron_Shields_geo.tpac	Y	parsed
sm_iron_shield_tower_c	metamesh	sm	dwarf	-	shield	-	c	erebor_weapons	erebor_weapons/iron_hills_weapons/SM_Dwarf_Iron_Shields_geo.tpac	Y	parsed
sm_iron_shield_tower_d	metamesh	sm	dwarf	-	shield	-	d	erebor_weapons	erebor_weapons/iron_hills_weapons/SM_Dwarf_Iron_Shields_geo.tpac	Y	parsed
sm_md_mor_arrow_a	metamesh	sm	mordor	mor	weapon	-	a	mordor_props	mordor_props/morannon_weapons/SK_MD_Mor_Weapon_Bow_A_geo.tpac	N	parsed
sm_md_mor_bow_heavy_a	metamesh	sm	mordor	mor	weapon	heavy	a	mordor_props	mordor_props/morannon_weapons/SK_MD_Mor_Weapon_Bow_A_geo.tpac	N	parsed
sm_md_mor_bow_heavy_b	metamesh	sm	mordor	mor	weapon	heavy	b	mordor_props	mordor_props/morannon_weapons/SK_MD_Mor_Weapon_Bow_A_geo.tpac	N	parsed
sm_md_mor_bow_light_a	metamesh	sm	mordor	mor	weapon	light	a	mordor_props	mordor_props/morannon_weapons/SK_MD_Mor_Weapon_Bow_A_geo.tpac	N	parsed
sm_md_mor_bow_med_a	metamesh	sm	mordor	mor	weapon	med	a	mordor_props	mordor_props/morannon_weapons/SK_MD_Mor_Weapon_Bow_A_geo.tpac	N	parsed
sm_md_mor_bow_med_b	metamesh	sm	mordor	mor	weapon	med	b	mordor_props	mordor_props/morannon_weapons/SK_MD_Mor_Weapon_Bow_A_geo.tpac	N	parsed
sm_md_mor_halberd_blade_a	metamesh	sm	mordor	mor	weapon	-	a	mordor_props	mordor_props/morannon_weapons/SK_MD_Mor_Weapon_A_geo.tpac	N	parsed
sm_md_mor_halberd_blade_b	metamesh	sm	mordor	mor	weapon	-	b	mordor_props	mordor_props/morannon_weapons/SK_MD_Mor_Weapon_A_geo.tpac	N	parsed
sm_md_mor_halberd_blade_c	metamesh	sm	mordor	mor	weapon	-	c	mordor_props	mordor_props/morannon_weapons/SK_MD_Mor_Weapon_A_geo.tpac	N	parsed
sm_md_mor_quiver_a	metamesh	sm	mordor	mor	quiver	-	a	mordor_props	mordor_props/morannon_weapons/SK_MD_Mor_Weapon_Bow_A_geo.tpac	N	parsed
sm_md_mor_quiver_b	metamesh	sm	mordor	mor	quiver	-	b	mordor_props	mordor_props/morannon_weapons/SK_MD_Mor_Weapon_Bow_A_geo.tpac	N	parsed
sm_md_mor_shield_heavy_a	metamesh	sm	mordor	mor	shield	heavy	a	mordor_props	mordor_props/morannon_weapons/SK_MD_Mor_Weapon_Shield_A_geo.tpac	N	parsed
sm_md_mor_shield_heavy_b	metamesh	sm	mordor	mor	shield	heavy	b	mordor_props	mordor_props/morannon_weapons/SK_MD_Mor_Weapon_Shield_A_geo.tpac	N	parsed
sm_md_mor_shield_heavy_c	metamesh	sm	mordor	mor	shield	heavy	c	mordor_props	mordor_props/morannon_weapons/SK_MD_Mor_Weapon_Shield_A_geo.tpac	N	parsed
sm_md_mor_shield_heavy_d	metamesh	sm	mordor	mor	shield	heavy	d	mordor_props	mordor_props/morannon_weapons/SK_MD_Mor_Weapon_Shield_A_geo.tpac	N	parsed
sm_md_mor_shield_light_a	metamesh	sm	mordor	mor	shield	light	a	mordor_props	mordor_props/morannon_weapons/SK_MD_Mor_Weapon_Shield_A_geo.tpac	N	parsed
sm_md_mor_shield_light_b	metamesh	sm	mordor	mor	shield	light	b	mordor_props	mordor_props/morannon_weapons/SK_MD_Mor_Weapon_Shield_A_geo.tpac	N	parsed
sm_md_mor_shield_light_c	metamesh	sm	mordor	mor	shield	light	c	mordor_props	mordor_props/morannon_weapons/SK_MD_Mor_Weapon_Shield_A_geo.tpac	N	parsed
sm_md_mor_shield_light_d	metamesh	sm	mordor	mor	shield	light	d	mordor_props	mordor_props/morannon_weapons/SK_MD_Mor_Weapon_Shield_A_geo.tpac	N	parsed
sm_md_mor_shield_med_a	metamesh	sm	mordor	mor	shield	med	a	mordor_props	mordor_props/morannon_weapons/SK_MD_Mor_Weapon_Shield_A_geo.tpac	N	parsed
sm_md_mor_shield_med_b	metamesh	sm	mordor	mor	shield	med	b	mordor_props	mordor_props/morannon_weapons/SK_MD_Mor_Weapon_Shield_A_geo.tpac	N	parsed
sm_md_mor_shield_med_c	metamesh	sm	mordor	mor	shield	med	c	mordor_props	mordor_props/morannon_weapons/SK_MD_Mor_Weapon_Shield_A_geo.tpac	N	parsed
sm_md_mor_shield_med_d	metamesh	sm	mordor	mor	shield	med	d	mordor_props	mordor_props/morannon_weapons/SK_MD_Mor_Weapon_Shield_A_geo.tpac	N	parsed
sm_md_mor_spear_blade_a	metamesh	sm	mordor	mor	weapon	-	a	mordor_props	mordor_props/morannon_weapons/SK_MD_Mor_Weapon_A_geo.tpac	N	parsed
sm_md_mor_spear_blade_b	metamesh	sm	mordor	mor	weapon	-	b	mordor_props	mordor_props/morannon_weapons/SK_MD_Mor_Weapon_A_geo.tpac	N	parsed
sm_md_mor_spear_handle_a	metamesh	sm	mordor	mor	weapon	-	a	mordor_props	mordor_props/morannon_weapons/SK_MD_Mor_Weapon_A_geo.tpac	N	parsed
sm_md_mor_spear_handle_b	metamesh	sm	mordor	mor	weapon	-	b	mordor_props	mordor_props/morannon_weapons/SK_MD_Mor_Weapon_A_geo.tpac	N	parsed
sm_md_mor_sword_1h_blade_a	metamesh	sm	mordor	mor	weapon	-	a	mordor_props	mordor_props/morannon_weapons/SK_MD_Mor_Weapon_A_geo.tpac	N	parsed
sm_md_mor_sword_1h_blade_b	metamesh	sm	mordor	mor	weapon	-	b	mordor_props	mordor_props/morannon_weapons/SK_MD_Mor_Weapon_A_geo.tpac	N	parsed
sm_md_mor_sword_1h_guard_a	metamesh	sm	mordor	mor	weapon	-	a	mordor_props	mordor_props/morannon_weapons/SK_MD_Mor_Weapon_A_geo.tpac	N	parsed
sm_md_mor_sword_1h_guard_b	metamesh	sm	mordor	mor	weapon	-	b	mordor_props	mordor_props/morannon_weapons/SK_MD_Mor_Weapon_A_geo.tpac	N	parsed
sm_md_mor_sword_1h_handle_a	metamesh	sm	mordor	mor	weapon	-	a	mordor_props	mordor_props/morannon_weapons/SK_MD_Mor_Weapon_A_geo.tpac	N	parsed
sm_md_mor_sword_1h_pommel_a	metamesh	sm	mordor	mor	weapon	-	a	mordor_props	mordor_props/morannon_weapons/SK_MD_Mor_Weapon_A_geo.tpac	N	parsed
sm_md_mor_sword_1h_pommel_b	metamesh	sm	mordor	mor	weapon	-	b	mordor_props	mordor_props/morannon_weapons/SK_MD_Mor_Weapon_A_geo.tpac	N	parsed
sm_md_mor_sword_2h_blade_a	metamesh	sm	mordor	mor	weapon	-	a	mordor_props	mordor_props/morannon_weapons/SK_MD_Mor_Weapon_A_geo.tpac	N	parsed
sm_md_mor_sword_2h_blade_b	metamesh	sm	mordor	mor	weapon	-	b	mordor_props	mordor_props/morannon_weapons/SK_MD_Mor_Weapon_A_geo.tpac	N	parsed
sm_md_mor_sword_2h_guard_a	metamesh	sm	mordor	mor	weapon	-	a	mordor_props	mordor_props/morannon_weapons/SK_MD_Mor_Weapon_A_geo.tpac	N	parsed
sm_md_mor_sword_2h_guard_b	metamesh	sm	mordor	mor	weapon	-	b	mordor_props	mordor_props/morannon_weapons/SK_MD_Mor_Weapon_A_geo.tpac	N	parsed
sm_md_mor_sword_2h_handle_a	metamesh	sm	mordor	mor	weapon	-	a	mordor_props	mordor_props/morannon_weapons/SK_MD_Mor_Weapon_A_geo.tpac	N	parsed
sm_md_mor_sword_2h_pommel_a	metamesh	sm	mordor	mor	weapon	-	a	mordor_props	mordor_props/morannon_weapons/SK_MD_Mor_Weapon_A_geo.tpac	N	parsed
sm_md_mor_sword_2h_pommel_b	metamesh	sm	mordor	mor	weapon	-	b	mordor_props	mordor_props/morannon_weapons/SK_MD_Mor_Weapon_A_geo.tpac	N	parsed
sm_md_num_arc_chest_elite_a	metamesh	sm	mordor	num	chest	elite	a	Mordor	Mordor/black_num_armors/SK_MD_Num_Arc_Chests_A_geo.tpac	Y	parsed
sm_md_num_arc_chest_elite_a_slim	metamesh	sm	mordor	num	chest	elite	-	Mordor	Mordor/black_num_armors/SK_MD_Num_Arc_Chests_A_geo.tpac	SLIM	parsed
sm_md_num_arc_chest_elite_b	metamesh	sm	mordor	num	chest	elite	b	Mordor	Mordor/black_num_armors/SK_MD_Num_Arc_Chests_A_geo.tpac	Y	parsed
sm_md_num_arc_chest_elite_b_slim	metamesh	sm	mordor	num	chest	elite	-	Mordor	Mordor/black_num_armors/SK_MD_Num_Arc_Chests_A_geo.tpac	SLIM	parsed
sm_md_num_arc_chest_heavy_a	metamesh	sm	mordor	num	chest	heavy	a	Mordor	Mordor/black_num_armors/SK_MD_Num_Arc_Chests_A_geo.tpac	Y	parsed
sm_md_num_arc_chest_heavy_a_slim	metamesh	sm	mordor	num	chest	heavy	-	Mordor	Mordor/black_num_armors/SK_MD_Num_Arc_Chests_A_geo.tpac	SLIM	parsed
sm_md_num_arc_chest_heavy_b	metamesh	sm	mordor	num	chest	heavy	b	Mordor	Mordor/black_num_armors/SK_MD_Num_Arc_Chests_A_geo.tpac	Y	parsed
sm_md_num_arc_chest_heavy_b_slim	metamesh	sm	mordor	num	chest	heavy	-	Mordor	Mordor/black_num_armors/SK_MD_Num_Arc_Chests_A_geo.tpac	SLIM	parsed
sm_md_num_arc_chest_med_a	metamesh	sm	mordor	num	chest	med	a	Mordor	Mordor/black_num_armors/SK_MD_Num_Arc_Chests_A_geo.tpac	Y	parsed
sm_md_num_arc_chest_med_a_slim	metamesh	sm	mordor	num	chest	med	-	Mordor	Mordor/black_num_armors/SK_MD_Num_Arc_Chests_A_geo.tpac	SLIM	parsed
sm_md_num_arc_chest_med_b	metamesh	sm	mordor	num	chest	med	b	Mordor	Mordor/black_num_armors/SK_MD_Num_Arc_Chests_A_geo.tpac	Y	parsed
sm_md_num_arc_chest_med_b_slim	metamesh	sm	mordor	num	chest	med	-	Mordor	Mordor/black_num_armors/SK_MD_Num_Arc_Chests_A_geo.tpac	SLIM	parsed
sm_md_num_arc_pauld_elite_a	metamesh	sm	mordor	num	pauldron	elite	a	Mordor	Mordor/black_num_armors/SK_MD_Num_Arc_Pauldrons_A_geo.tpac	Y	parsed
sm_md_num_arc_pauld_elite_b	metamesh	sm	mordor	num	pauldron	elite	b	Mordor	Mordor/black_num_armors/SK_MD_Num_Arc_Pauldrons_A_geo.tpac	Y	parsed
sm_md_num_arc_pauld_heavy_a	metamesh	sm	mordor	num	pauldron	heavy	a	Mordor	Mordor/black_num_armors/SK_MD_Num_Arc_Pauldrons_A_geo.tpac	Y	parsed
sm_md_num_arc_pauld_heavy_b	metamesh	sm	mordor	num	pauldron	heavy	b	Mordor	Mordor/black_num_armors/SK_MD_Num_Arc_Pauldrons_A_geo.tpac	Y	parsed
sm_md_num_arc_pauld_med_a	metamesh	sm	mordor	num	pauldron	med	a	Mordor	Mordor/black_num_armors/SK_MD_Num_Arc_Pauldrons_A_geo.tpac	Y	parsed
sm_md_num_cav_chest_elite_a	metamesh	sm	mordor	num	chest	elite	a	Mordor	Mordor/black_num_armors/SK_MD_Num_Cav_Chests_A_geo.tpac	Y	parsed
sm_md_num_cav_chest_elite_a_slim	metamesh	sm	mordor	num	chest	elite	-	Mordor	Mordor/black_num_armors/SK_MD_Num_Cav_Chests_A_geo.tpac	SLIM	parsed
sm_md_num_cav_chest_elite_b	metamesh	sm	mordor	num	chest	elite	b	Mordor	Mordor/black_num_armors/SK_MD_Num_Cav_Chests_A_geo.tpac	Y	parsed
sm_md_num_cav_chest_elite_b_slim	metamesh	sm	mordor	num	chest	elite	-	Mordor	Mordor/black_num_armors/SK_MD_Num_Cav_Chests_A_geo.tpac	SLIM	parsed
sm_md_num_cav_chest_heavy_a	metamesh	sm	mordor	num	chest	heavy	a	Mordor	Mordor/black_num_armors/SK_MD_Num_Cav_Chests_A_geo.tpac	Y	parsed
sm_md_num_cav_chest_heavy_a_slim	metamesh	sm	mordor	num	chest	heavy	-	Mordor	Mordor/black_num_armors/SK_MD_Num_Cav_Chests_A_geo.tpac	SLIM	parsed
sm_md_num_cav_chest_heavy_b	metamesh	sm	mordor	num	chest	heavy	b	Mordor	Mordor/black_num_armors/SK_MD_Num_Cav_Chests_A_geo.tpac	Y	parsed
sm_md_num_cav_chest_heavy_b_slim	metamesh	sm	mordor	num	chest	heavy	-	Mordor	Mordor/black_num_armors/SK_MD_Num_Cav_Chests_A_geo.tpac	SLIM	parsed
sm_md_num_cav_chest_med_a	metamesh	sm	mordor	num	chest	med	a	Mordor	Mordor/black_num_armors/SK_MD_Num_Cav_Chests_A_geo.tpac	Y	parsed
sm_md_num_cav_chest_med_a_slim	metamesh	sm	mordor	num	chest	med	-	Mordor	Mordor/black_num_armors/SK_MD_Num_Cav_Chests_A_geo.tpac	SLIM	parsed
sm_md_num_cav_chest_med_b	metamesh	sm	mordor	num	chest	med	b	Mordor	Mordor/black_num_armors/SK_MD_Num_Cav_Chests_A_geo.tpac	Y	parsed
sm_md_num_cav_chest_med_b_slim	metamesh	sm	mordor	num	chest	med	-	Mordor	Mordor/black_num_armors/SK_MD_Num_Cav_Chests_A_geo.tpac	SLIM	parsed
sm_md_num_cav_pauld_cape_elite_a	metamesh	sm	mordor	num	pauldron	elite	a	Mordor	Mordor/black_num_armors/SK_MD_Num_Cav_Pauldrons_A_geo.tpac	Y	parsed
sm_md_num_cav_pauld_cape_heavy_a	metamesh	sm	mordor	num	pauldron	heavy	a	Mordor	Mordor/black_num_armors/SK_MD_Num_Cav_Pauldrons_A_geo.tpac	Y	parsed
sm_md_num_cav_pauld_elite_a	metamesh	sm	mordor	num	pauldron	elite	a	Mordor	Mordor/black_num_armors/SK_MD_Num_Cav_Pauldrons_A_geo.tpac	Y	parsed
sm_md_num_cav_pauld_heavy_a	metamesh	sm	mordor	num	pauldron	heavy	a	Mordor	Mordor/black_num_armors/SK_MD_Num_Cav_Pauldrons_A_geo.tpac	Y	parsed
sm_md_num_cav_pauld_med_a	metamesh	sm	mordor	num	pauldron	med	a	Mordor	Mordor/black_num_armors/SK_MD_Num_Cav_Pauldrons_A_geo.tpac	Y	parsed
sm_md_num_cav_shield_heavy_a	metamesh	sm	mordor	num	shield	heavy	a	mordor_props	mordor_props/black_num_weapons/SK_MD_Num_Shields_A_geo.tpac	Y	parsed
sm_md_num_cav_shield_med_a	metamesh	sm	mordor	num	shield	med	a	mordor_props	mordor_props/black_num_weapons/SK_MD_Num_Shields_A_geo.tpac	Y	parsed
sm_md_num_chest_light_a	metamesh	sm	mordor	num	chest	light	a	Mordor	Mordor/black_num_armors/SK_MD_Num_Inf_Chests_A_geo.tpac	Y	parsed
sm_md_num_grvs_elite_a	metamesh	sm	mordor	num	greaves	elite	a	Mordor	Mordor/black_num_armors/SK_MD_Num_Greaves_A_geo.tpac	Y	parsed
sm_md_num_grvs_heavy_a	metamesh	sm	mordor	num	greaves	heavy	a	Mordor	Mordor/black_num_armors/SK_MD_Num_Greaves_A_geo.tpac	Y	parsed
sm_md_num_grvs_light_a	metamesh	sm	mordor	num	greaves	light	a	Mordor	Mordor/black_num_armors/SK_MD_Num_Greaves_A_geo.tpac	Y	parsed
sm_md_num_grvs_med_a	metamesh	sm	mordor	num	greaves	med	a	Mordor	Mordor/black_num_armors/SK_MD_Num_Greaves_A_geo.tpac	Y	parsed
sm_md_num_inf_chest_elite_a	metamesh	sm	mordor	num	chest	elite	a	Mordor	Mordor/black_num_armors/SK_MD_Num_Inf_Chests_A_geo.tpac	Y	parsed
sm_md_num_inf_chest_elite_a_slim	metamesh	sm	mordor	num	chest	elite	-	Mordor	Mordor/black_num_armors/SK_MD_Num_Inf_Chests_A_geo.tpac	SLIM	parsed
sm_md_num_inf_chest_elite_b	metamesh	sm	mordor	num	chest	elite	b	Mordor	Mordor/black_num_armors/SK_MD_Num_Inf_Chests_A_geo.tpac	Y	parsed
sm_md_num_inf_chest_elite_b_slim	metamesh	sm	mordor	num	chest	elite	-	Mordor	Mordor/black_num_armors/SK_MD_Num_Inf_Chests_A_geo.tpac	SLIM	parsed
sm_md_num_inf_chest_heavy_a	metamesh	sm	mordor	num	chest	heavy	a	Mordor	Mordor/black_num_armors/SK_MD_Num_Inf_Chests_A_geo.tpac	Y	parsed
sm_md_num_inf_chest_heavy_a_slim	metamesh	sm	mordor	num	chest	heavy	-	Mordor	Mordor/black_num_armors/SK_MD_Num_Inf_Chests_A_geo.tpac	SLIM	parsed
sm_md_num_inf_chest_heavy_b	metamesh	sm	mordor	num	chest	heavy	b	Mordor	Mordor/black_num_armors/SK_MD_Num_Inf_Chests_A_geo.tpac	Y	parsed
sm_md_num_inf_chest_heavy_b_slim	metamesh	sm	mordor	num	chest	heavy	-	Mordor	Mordor/black_num_armors/SK_MD_Num_Inf_Chests_A_geo.tpac	SLIM	parsed
sm_md_num_inf_chest_med_a	metamesh	sm	mordor	num	chest	med	a	Mordor	Mordor/black_num_armors/SK_MD_Num_Inf_Chests_A_geo.tpac	Y	parsed
sm_md_num_inf_chest_med_a_slim	metamesh	sm	mordor	num	chest	med	-	Mordor	Mordor/black_num_armors/SK_MD_Num_Inf_Chests_A_geo.tpac	SLIM	parsed
sm_md_num_inf_chest_med_b	metamesh	sm	mordor	num	chest	med	b	Mordor	Mordor/black_num_armors/SK_MD_Num_Inf_Chests_A_geo.tpac	Y	parsed
sm_md_num_inf_chest_med_b_slim	metamesh	sm	mordor	num	chest	med	-	Mordor	Mordor/black_num_armors/SK_MD_Num_Inf_Chests_A_geo.tpac	SLIM	parsed
sm_md_num_inf_pauld_cape_elite_a	metamesh	sm	mordor	num	pauldron	elite	a	Mordor	Mordor/black_num_armors/SK_MD_Num_Inf_Pauldrons_A_geo.tpac	Y	parsed
sm_md_num_inf_pauld_cape_elite_b	metamesh	sm	mordor	num	pauldron	elite	b	Mordor	Mordor/black_num_armors/SK_MD_Num_Inf_Pauldrons_A_geo.tpac	Y	parsed
sm_md_num_inf_pauld_cape_heavy_a	metamesh	sm	mordor	num	pauldron	heavy	a	Mordor	Mordor/black_num_armors/SK_MD_Num_Inf_Pauldrons_A_geo.tpac	Y	parsed
sm_md_num_inf_pauld_elite_a	metamesh	sm	mordor	num	pauldron	elite	a	Mordor	Mordor/black_num_armors/SK_MD_Num_Inf_Pauldrons_A_geo.tpac	Y	parsed
sm_md_num_inf_pauld_elite_b	metamesh	sm	mordor	num	pauldron	elite	b	Mordor	Mordor/black_num_armors/SK_MD_Num_Inf_Pauldrons_A_geo.tpac	Y	parsed
sm_md_num_inf_pauld_heavy_a	metamesh	sm	mordor	num	pauldron	heavy	a	Mordor	Mordor/black_num_armors/SK_MD_Num_Inf_Pauldrons_A_geo.tpac	Y	parsed
sm_md_num_inf_pauld_med_a	metamesh	sm	mordor	num	pauldron	med	a	Mordor	Mordor/black_num_armors/SK_MD_Num_Inf_Pauldrons_A_geo.tpac	Y	parsed
sm_md_num_inf_shield_heavy_a	metamesh	sm	mordor	num	shield	heavy	a	mordor_props	mordor_props/black_num_weapons/SK_MD_Num_Shields_A_geo.tpac	Y	parsed
sm_md_num_inf_shield_heavy_b	metamesh	sm	mordor	num	shield	heavy	b	mordor_props	mordor_props/black_num_weapons/SK_MD_Num_Shields_A_geo.tpac	Y	parsed
sm_md_num_inf_shield_med_a	metamesh	sm	mordor	num	shield	med	a	mordor_props	mordor_props/black_num_weapons/SK_MD_Num_Shields_A_geo.tpac	Y	parsed
sm_md_num_inf_shield_med_b	metamesh	sm	mordor	num	shield	med	b	mordor_props	mordor_props/black_num_weapons/SK_MD_Num_Shields_A_geo.tpac	Y	parsed
sm_md_num_lance_blade_a	metamesh	sm	mordor	num	weapon	-	a	mordor_props	mordor_props/black_num_weapons/SK_MD_Num_Spears_A_geo.tpac	Y	parsed
sm_md_num_lance_handle_a	metamesh	sm	mordor	num	weapon	-	a	mordor_props	mordor_props/black_num_weapons/SK_MD_Num_Spears_A_geo.tpac	Y	parsed
sm_md_num_sword_1h_blade_a	metamesh	sm	mordor	num	weapon	-	a	mordor_props	mordor_props/black_num_weapons/SM_MD_Num_Swords_A_geo.tpac	Y	parsed
sm_md_num_sword_1h_blade_b	metamesh	sm	mordor	num	weapon	-	b	mordor_props	mordor_props/black_num_weapons/SM_MD_Num_Swords_A_geo.tpac	Y	parsed
sm_md_num_sword_1h_blade_c	metamesh	sm	mordor	num	weapon	-	c	mordor_props	mordor_props/black_num_weapons/SM_MD_Num_Swords_A_geo.tpac	Y	parsed
sm_md_num_sword_1h_guard_a	metamesh	sm	mordor	num	weapon	-	a	mordor_props	mordor_props/black_num_weapons/SM_MD_Num_Swords_A_geo.tpac	Y	parsed
sm_md_num_sword_1h_guard_b	metamesh	sm	mordor	num	weapon	-	b	mordor_props	mordor_props/black_num_weapons/SM_MD_Num_Swords_A_geo.tpac	Y	parsed
sm_md_num_sword_1h_handle_a	metamesh	sm	mordor	num	weapon	-	a	mordor_props	mordor_props/black_num_weapons/SM_MD_Num_Swords_A_geo.tpac	Y	parsed
sm_md_num_sword_1h_handle_b	metamesh	sm	mordor	num	weapon	-	b	mordor_props	mordor_props/black_num_weapons/SM_MD_Num_Swords_A_geo.tpac	Y	parsed
sm_md_num_sword_1h_pommel_a	metamesh	sm	mordor	num	weapon	-	a	mordor_props	mordor_props/black_num_weapons/SM_MD_Num_Swords_A_geo.tpac	Y	parsed
sm_md_num_sword_1h_pommel_b	metamesh	sm	mordor	num	weapon	-	b	mordor_props	mordor_props/black_num_weapons/SM_MD_Num_Swords_A_geo.tpac	Y	parsed
sm_md_num_sword_2h_blade_a	metamesh	sm	mordor	num	weapon	-	a	mordor_props	mordor_props/black_num_weapons/SM_MD_Num_Swords_A_geo.tpac	Y	parsed
sm_md_num_sword_2h_blade_b	metamesh	sm	mordor	num	weapon	-	b	mordor_props	mordor_props/black_num_weapons/SM_MD_Num_Swords_A_geo.tpac	Y	parsed
sm_md_num_sword_2h_blade_c	metamesh	sm	mordor	num	weapon	-	c	mordor_props	mordor_props/black_num_weapons/SM_MD_Num_Swords_A_geo.tpac	Y	parsed
sm_md_num_sword_2h_guard_a	metamesh	sm	mordor	num	weapon	-	a	mordor_props	mordor_props/black_num_weapons/SM_MD_Num_Swords_A_geo.tpac	Y	parsed
sm_md_num_sword_2h_guard_b	metamesh	sm	mordor	num	weapon	-	b	mordor_props	mordor_props/black_num_weapons/SM_MD_Num_Swords_A_geo.tpac	Y	parsed
sm_md_num_sword_2h_guard_c	metamesh	sm	mordor	num	weapon	-	c	mordor_props	mordor_props/black_num_weapons/SM_MD_Num_Swords_A_geo.tpac	Y	parsed
sm_md_num_sword_2h_handle_a	metamesh	sm	mordor	num	weapon	-	a	mordor_props	mordor_props/black_num_weapons/SM_MD_Num_Swords_A_geo.tpac	Y	parsed
sm_md_num_sword_2h_handle_b	metamesh	sm	mordor	num	weapon	-	b	mordor_props	mordor_props/black_num_weapons/SM_MD_Num_Swords_A_geo.tpac	Y	parsed
sm_md_num_sword_2h_handle_c	metamesh	sm	mordor	num	weapon	-	c	mordor_props	mordor_props/black_num_weapons/SM_MD_Num_Swords_A_geo.tpac	Y	parsed
sm_md_num_sword_2h_pommel_a	metamesh	sm	mordor	num	weapon	-	a	mordor_props	mordor_props/black_num_weapons/SM_MD_Num_Swords_A_geo.tpac	Y	parsed
sm_md_num_sword_2h_pommel_b	metamesh	sm	mordor	num	weapon	-	b	mordor_props	mordor_props/black_num_weapons/SM_MD_Num_Swords_A_geo.tpac	Y	parsed
sm_md_orc_shield_heavy_a	metamesh	sm	mordor	orc	shield	heavy	a	mordor_props	mordor_props/orc_weapons/SK_MD_Orc_Weapon_Shield_A_geo.tpac	N	parsed
sm_md_orc_shield_heavy_b	metamesh	sm	mordor	orc	shield	heavy	b	mordor_props	mordor_props/orc_weapons/SK_MD_Orc_Weapon_Shield_A_geo.tpac	N	parsed
sm_md_orc_shield_heavy_c	metamesh	sm	mordor	orc	shield	heavy	c	mordor_props	mordor_props/orc_weapons/SK_MD_Orc_Weapon_Shield_A_geo.tpac	N	parsed
sm_md_orc_shield_heavy_d	metamesh	sm	mordor	orc	shield	heavy	d	mordor_props	mordor_props/orc_weapons/SK_MD_Orc_Weapon_Shield_B_geo.tpac	N	parsed
sm_md_orc_shield_heavy_e	metamesh	sm	mordor	orc	shield	heavy	e	mordor_props	mordor_props/orc_weapons/SK_MD_Orc_Weapon_Shield_B_geo.tpac	N	parsed
sm_md_orc_shield_light_a	metamesh	sm	mordor	orc	shield	light	a	mordor_props	mordor_props/orc_weapons/SK_MD_Orc_Weapon_Shield_A_geo.tpac	N	parsed
sm_md_orc_shield_light_b	metamesh	sm	mordor	orc	shield	light	b	mordor_props	mordor_props/orc_weapons/SK_MD_Orc_Weapon_Shield_A_geo.tpac	N	parsed
sm_md_orc_shield_light_c	metamesh	sm	mordor	orc	shield	light	c	mordor_props	mordor_props/orc_weapons/SK_MD_Orc_Weapon_Shield_B_geo.tpac	N	parsed
sm_md_orc_shield_light_d	metamesh	sm	mordor	orc	shield	light	d	mordor_props	mordor_props/orc_weapons/SK_MD_Orc_Weapon_Shield_B_geo.tpac	N	parsed
sm_md_orc_shield_med_a	metamesh	sm	mordor	orc	shield	med	a	mordor_props	mordor_props/orc_weapons/SK_MD_Orc_Weapon_Shield_A_geo.tpac	N	parsed
sm_md_orc_shield_med_b	metamesh	sm	mordor	orc	shield	med	b	mordor_props	mordor_props/orc_weapons/SK_MD_Orc_Weapon_Shield_A_geo.tpac	N	parsed
sm_md_orc_shield_med_c	metamesh	sm	mordor	orc	shield	med	c	mordor_props	mordor_props/orc_weapons/SK_MD_Orc_Weapon_Shield_A_geo.tpac	N	parsed
sm_md_orc_shield_med_d	metamesh	sm	mordor	orc	shield	med	d	mordor_props	mordor_props/orc_weapons/SK_MD_Orc_Weapon_Shield_A_geo.tpac	N	parsed
sm_md_orc_shield_med_e	metamesh	sm	mordor	orc	shield	med	e	mordor_props	mordor_props/orc_weapons/SK_MD_Orc_Weapon_Shield_B_geo.tpac	N	parsed
sm_md_orc_shield_med_f	metamesh	sm	mordor	orc	shield	med	f	mordor_props	mordor_props/orc_weapons/SK_MD_Orc_Weapon_Shield_B_geo.tpac	N	parsed
sm_mordor_shield_mid_a	metamesh	sm	mordor	-	shield	-	a	mordor_props	mordor_props/black_uruk_weapons/SM_Uruk_Weapons_B_geo.tpac	Y	parsed
sm_mordor_shield_small_a	metamesh	sm	mordor	-	shield	-	a	mordor_props	mordor_props/black_uruk_weapons/SM_Uruk_Weapons_B_geo.tpac	Y	parsed
sm_mordor_shield_small_b	metamesh	sm	mordor	-	shield	-	b	mordor_props	mordor_props/black_uruk_weapons/SM_Uruk_Weapons_B_geo.tpac	Y	parsed
sm_mordor_shield_tower_a	metamesh	sm	mordor	-	shield	-	a	mordor_props	mordor_props/black_uruk_weapons/SM_Uruk_Weapons_B_geo.tpac	Y	parsed
sm_mordor_shield_tower_b	metamesh	sm	mordor	-	shield	-	b	mordor_props	mordor_props/black_uruk_weapons/SM_Uruk_Weapons_B_geo.tpac	Y	parsed
sm_mordor_shield_tower_c	metamesh	sm	mordor	-	shield	-	c	mordor_props	mordor_props/black_uruk_weapons/SM_Uruk_Weapons_B_geo.tpac	Y	parsed
sm_rh_drag_axe_blade_1h_a	metamesh	sm	rhun	drag	weapon	-	a	rhun_weapons	rhun_weapons/dragon/SK_RH_Drag_Weapons_A_geo.tpac	Y	parsed
sm_rh_drag_axe_blade_1h_b	metamesh	sm	rhun	drag	weapon	-	b	rhun_weapons	rhun_weapons/dragon/SK_RH_Drag_Weapons_A_geo.tpac	Y	parsed
sm_rh_drag_axe_blade_2h_a	metamesh	sm	rhun	drag	weapon	-	a	rhun_weapons	rhun_weapons/dragon/SK_RH_Drag_Weapons_A_geo.tpac	Y	parsed
sm_rh_drag_axe_blade_2h_b	metamesh	sm	rhun	drag	weapon	-	b	rhun_weapons	rhun_weapons/dragon/SK_RH_Drag_Weapons_A_geo.tpac	Y	parsed
sm_rh_drag_axe_blade_2h_c	metamesh	sm	rhun	drag	weapon	-	c	rhun_weapons	rhun_weapons/dragon/SK_RH_Drag_Weapons_A_geo.tpac	Y	parsed
sm_rh_drag_axe_blade_2h_d	metamesh	sm	rhun	drag	weapon	-	d	rhun_weapons	rhun_weapons/dragon/SK_RH_Drag_Weapons_A_geo.tpac	Y	parsed
sm_rh_drag_axe_handle_a	metamesh	sm	rhun	drag	weapon	-	a	rhun_weapons	rhun_weapons/dragon/SK_RH_Drag_Weapons_A_geo.tpac	Y	parsed
sm_rh_drag_axe_handle_b	metamesh	sm	rhun	drag	weapon	-	b	rhun_weapons	rhun_weapons/dragon/SK_RH_Drag_Weapons_A_geo.tpac	Y	parsed
sm_rh_drag_axe_handle_c	metamesh	sm	rhun	drag	weapon	-	c	rhun_weapons	rhun_weapons/dragon/SK_RH_Drag_Weapons_A_geo.tpac	Y	parsed
sm_rh_drag_axe_handle_d	metamesh	sm	rhun	drag	weapon	-	d	rhun_weapons	rhun_weapons/dragon/SK_RH_Drag_Weapons_A_geo.tpac	Y	parsed
sm_rh_drag_longbow_a	metamesh	sm	rhun	drag	weapon	-	a	rhun_weapons	rhun_weapons/dragon/SK_RH_Drag_Weapons_A_geo.tpac	Y	parsed
sm_rh_drag_mace_blade_1h_a	metamesh	sm	rhun	drag	weapon	-	a	rhun_weapons	rhun_weapons/dragon/SK_RH_Drag_Weapons_A_geo.tpac	Y	parsed
sm_rh_drag_mace_blade_1h_b	metamesh	sm	rhun	drag	weapon	-	b	rhun_weapons	rhun_weapons/dragon/SK_RH_Drag_Weapons_A_geo.tpac	Y	parsed
sm_rh_drag_mace_blade_1h_c	metamesh	sm	rhun	drag	weapon	-	c	rhun_weapons	rhun_weapons/dragon/SK_RH_Drag_Weapons_A_geo.tpac	Y	parsed
sm_rh_drag_mace_blade_2h_a	metamesh	sm	rhun	drag	weapon	-	a	rhun_weapons	rhun_weapons/dragon/SK_RH_Drag_Weapons_A_geo.tpac	Y	parsed
sm_rh_drag_mace_blade_2h_b	metamesh	sm	rhun	drag	weapon	-	b	rhun_weapons	rhun_weapons/dragon/SK_RH_Drag_Weapons_A_geo.tpac	Y	parsed
sm_rh_drag_mace_blade_2h_c	metamesh	sm	rhun	drag	weapon	-	c	rhun_weapons	rhun_weapons/dragon/SK_RH_Drag_Weapons_A_geo.tpac	Y	parsed
sm_rh_drag_shield_cav_heavy_a	metamesh	sm	rhun	drag	shield	heavy	a	rhun_weapons	rhun_weapons/dragon/SK_RH_Drag_Shields_A_geo.tpac	Y	parsed
sm_rh_drag_shield_cav_med_a	metamesh	sm	rhun	drag	shield	med	a	rhun_weapons	rhun_weapons/dragon/SK_RH_Drag_Shields_A_geo.tpac	Y	parsed
sm_rh_drag_shield_cav_med_b	metamesh	sm	rhun	drag	shield	med	b	rhun_weapons	rhun_weapons/dragon/SK_RH_Drag_Shields_A_geo.tpac	Y	parsed
sm_rh_drag_shield_heavy_a	metamesh	sm	rhun	drag	shield	heavy	a	rhun_weapons	rhun_weapons/dragon/SK_RH_Drag_Shields_A_geo.tpac	Y	parsed
sm_rh_drag_shield_heavy_b	metamesh	sm	rhun	drag	shield	heavy	b	rhun_weapons	rhun_weapons/dragon/SK_RH_Drag_Shields_A_geo.tpac	Y	parsed
sm_rh_drag_shield_heavy_c	metamesh	sm	rhun	drag	shield	heavy	c	rhun_weapons	rhun_weapons/dragon/SK_RH_Drag_Shields_A_geo.tpac	Y	parsed
sm_rh_drag_shield_heavy_d	metamesh	sm	rhun	drag	shield	heavy	d	rhun_weapons	rhun_weapons/dragon/SK_RH_Drag_Shields_A_geo.tpac	Y	parsed
sm_rh_drag_shield_med_a	metamesh	sm	rhun	drag	shield	med	a	rhun_weapons	rhun_weapons/dragon/SK_RH_Drag_Shields_A_geo.tpac	Y	parsed
sm_rh_drag_shield_med_b	metamesh	sm	rhun	drag	shield	med	b	rhun_weapons	rhun_weapons/dragon/SK_RH_Drag_Shields_A_geo.tpac	Y	parsed
sm_rh_drag_shield_tower_heavy_a	metamesh	sm	rhun	drag	shield	heavy	a	rhun_weapons	rhun_weapons/dragon/SK_RH_Drag_Shields_A_geo.tpac	Y	parsed
sm_rh_drag_shield_tower_heavy_b	metamesh	sm	rhun	drag	shield	heavy	b	rhun_weapons	rhun_weapons/dragon/SK_RH_Drag_Shields_A_geo.tpac	Y	parsed
sm_rh_drag_shield_tower_med_a	metamesh	sm	rhun	drag	shield	med	a	rhun_weapons	rhun_weapons/dragon/SK_RH_Drag_Shields_A_geo.tpac	Y	parsed
sm_rh_drag_shield_tower_med_b	metamesh	sm	rhun	drag	shield	med	b	rhun_weapons	rhun_weapons/dragon/SK_RH_Drag_Shields_A_geo.tpac	Y	parsed
sm_rh_drag_spear_blade_a	metamesh	sm	rhun	drag	weapon	-	a	rhun_weapons	rhun_weapons/dragon/SK_RH_Drag_Weapons_A_geo.tpac	Y	parsed
sm_rh_drag_sword_blade_a	metamesh	sm	rhun	drag	weapon	-	a	rhun_weapons	rhun_weapons/dragon/SK_RH_Drag_Weapons_A_geo.tpac	Y	parsed
sm_rh_drag_sword_blade_b	metamesh	sm	rhun	drag	weapon	-	b	rhun_weapons	rhun_weapons/dragon/SK_RH_Drag_Weapons_A_geo.tpac	Y	parsed
sm_rh_drag_sword_guard_a	metamesh	sm	rhun	drag	weapon	-	a	rhun_weapons	rhun_weapons/dragon/SK_RH_Drag_Weapons_A_geo.tpac	Y	parsed
sm_rh_drag_sword_handle_a	metamesh	sm	rhun	drag	weapon	-	a	rhun_weapons	rhun_weapons/dragon/SK_RH_Drag_Weapons_A_geo.tpac	Y	parsed
sm_rh_drag_sword_pommel_a	metamesh	sm	rhun	drag	weapon	-	a	rhun_weapons	rhun_weapons/dragon/SK_RH_Drag_Weapons_A_geo.tpac	Y	parsed
sm_rh_drag_sword_pommel_b	metamesh	sm	rhun	drag	weapon	-	b	rhun_weapons	rhun_weapons/dragon/SK_RH_Drag_Weapons_A_geo.tpac	Y	parsed
sm_rh_loke_axe_blade_1h_a	metamesh	sm	rhun	loke	weapon	-	a	rhun_weapons	rhun_weapons/loke/SK_RH_Loke_Weapons_A_geo.tpac	Y	parsed
sm_rh_loke_axe_blade_1h_b	metamesh	sm	rhun	loke	weapon	-	b	rhun_weapons	rhun_weapons/loke/SK_RH_Loke_Weapons_A_geo.tpac	Y	parsed
sm_rh_loke_axe_blade_2h_a	metamesh	sm	rhun	loke	weapon	-	a	rhun_weapons	rhun_weapons/loke/SK_RH_Loke_Weapons_A_geo.tpac	Y	parsed
sm_rh_loke_axe_blade_2h_b	metamesh	sm	rhun	loke	weapon	-	b	rhun_weapons	rhun_weapons/loke/SK_RH_Loke_Weapons_A_geo.tpac	Y	parsed
sm_rh_loke_axe_blade_2h_c	metamesh	sm	rhun	loke	weapon	-	c	rhun_weapons	rhun_weapons/loke/SK_RH_Loke_Weapons_A_geo.tpac	Y	parsed
sm_rh_loke_axe_blade_2h_d	metamesh	sm	rhun	loke	weapon	-	d	rhun_weapons	rhun_weapons/loke/SK_RH_Loke_Weapons_A_geo.tpac	Y	parsed
sm_rh_loke_axe_handle_a	metamesh	sm	rhun	loke	weapon	-	a	rhun_weapons	rhun_weapons/loke/SK_RH_Loke_Weapons_A_geo.tpac	Y	parsed
sm_rh_loke_axe_handle_b	metamesh	sm	rhun	loke	weapon	-	b	rhun_weapons	rhun_weapons/loke/SK_RH_Loke_Weapons_A_geo.tpac	Y	parsed
sm_rh_loke_axe_handle_c	metamesh	sm	rhun	loke	weapon	-	c	rhun_weapons	rhun_weapons/loke/SK_RH_Loke_Weapons_A_geo.tpac	Y	parsed
sm_rh_loke_axe_handle_d	metamesh	sm	rhun	loke	weapon	-	d	rhun_weapons	rhun_weapons/loke/SK_RH_Loke_Weapons_A_geo.tpac	Y	parsed
sm_rh_loke_longbow_a	metamesh	sm	rhun	loke	weapon	-	a	rhun_weapons	rhun_weapons/loke/SK_RH_Loke_Weapons_A_geo.tpac	Y	parsed
sm_rh_loke_mace_blade_1h_a	metamesh	sm	rhun	loke	weapon	-	a	rhun_weapons	rhun_weapons/loke/SK_RH_Loke_Weapons_A_geo.tpac	Y	parsed
sm_rh_loke_mace_blade_1h_b	metamesh	sm	rhun	loke	weapon	-	b	rhun_weapons	rhun_weapons/loke/SK_RH_Loke_Weapons_A_geo.tpac	Y	parsed
sm_rh_loke_mace_blade_1h_c	metamesh	sm	rhun	loke	weapon	-	c	rhun_weapons	rhun_weapons/loke/SK_RH_Loke_Weapons_A_geo.tpac	Y	parsed
sm_rh_loke_mace_blade_2h_a	metamesh	sm	rhun	loke	weapon	-	a	rhun_weapons	rhun_weapons/loke/SK_RH_Loke_Weapons_A_geo.tpac	Y	parsed
sm_rh_loke_mace_blade_2h_b	metamesh	sm	rhun	loke	weapon	-	b	rhun_weapons	rhun_weapons/loke/SK_RH_Loke_Weapons_A_geo.tpac	Y	parsed
sm_rh_loke_mace_blade_2h_c	metamesh	sm	rhun	loke	weapon	-	c	rhun_weapons	rhun_weapons/loke/SK_RH_Loke_Weapons_A_geo.tpac	Y	parsed
sm_rh_loke_shield_cav_heavy_a	metamesh	sm	rhun	loke	shield	heavy	a	rhun_weapons	rhun_weapons/loke/SK_RH_Loke_Shields_A_geo.tpac	Y	parsed
sm_rh_loke_shield_cav_med_a	metamesh	sm	rhun	loke	shield	med	a	rhun_weapons	rhun_weapons/loke/SK_RH_Loke_Shields_A_geo.tpac	Y	parsed
sm_rh_loke_shield_cav_med_b	metamesh	sm	rhun	loke	shield	med	b	rhun_weapons	rhun_weapons/loke/SK_RH_Loke_Shields_A_geo.tpac	Y	parsed
sm_rh_loke_shield_heavy_a	metamesh	sm	rhun	loke	shield	heavy	a	rhun_weapons	rhun_weapons/loke/SK_RH_Loke_Shields_A_geo.tpac	Y	parsed
sm_rh_loke_shield_heavy_b	metamesh	sm	rhun	loke	shield	heavy	b	rhun_weapons	rhun_weapons/loke/SK_RH_Loke_Shields_A_geo.tpac	Y	parsed
sm_rh_loke_shield_heavy_c	metamesh	sm	rhun	loke	shield	heavy	c	rhun_weapons	rhun_weapons/loke/SK_RH_Loke_Shields_A_geo.tpac	Y	parsed
sm_rh_loke_shield_heavy_d	metamesh	sm	rhun	loke	shield	heavy	d	rhun_weapons	rhun_weapons/loke/SK_RH_Loke_Shields_A_geo.tpac	Y	parsed
sm_rh_loke_shield_med_a	metamesh	sm	rhun	loke	shield	med	a	rhun_weapons	rhun_weapons/loke/SK_RH_Loke_Shields_A_geo.tpac	Y	parsed
sm_rh_loke_shield_med_b	metamesh	sm	rhun	loke	shield	med	b	rhun_weapons	rhun_weapons/loke/SK_RH_Loke_Shields_A_geo.tpac	Y	parsed
sm_rh_loke_shield_tower_heavy_a	metamesh	sm	rhun	loke	shield	heavy	a	rhun_weapons	rhun_weapons/loke/SK_RH_Loke_Shields_A_geo.tpac	Y	parsed
sm_rh_loke_shield_tower_heavy_b	metamesh	sm	rhun	loke	shield	heavy	b	rhun_weapons	rhun_weapons/loke/SK_RH_Loke_Shields_A_geo.tpac	Y	parsed
sm_rh_loke_shield_tower_med_a	metamesh	sm	rhun	loke	shield	med	a	rhun_weapons	rhun_weapons/loke/SK_RH_Loke_Shields_A_geo.tpac	Y	parsed
sm_rh_loke_shield_tower_med_b	metamesh	sm	rhun	loke	shield	med	b	rhun_weapons	rhun_weapons/loke/SK_RH_Loke_Shields_A_geo.tpac	Y	parsed
sm_rh_loke_spear_blade_a	metamesh	sm	rhun	loke	weapon	-	a	rhun_weapons	rhun_weapons/loke/SK_RH_Loke_Weapons_A_geo.tpac	Y	parsed
sm_rh_loke_sword_blade_a	metamesh	sm	rhun	loke	weapon	-	a	rhun_weapons	rhun_weapons/loke/SK_RH_Loke_Weapons_A_geo.tpac	Y	parsed
sm_rh_loke_sword_blade_b	metamesh	sm	rhun	loke	weapon	-	b	rhun_weapons	rhun_weapons/loke/SK_RH_Loke_Weapons_A_geo.tpac	Y	parsed
sm_rh_loke_sword_guard_a	metamesh	sm	rhun	loke	weapon	-	a	rhun_weapons	rhun_weapons/loke/SK_RH_Loke_Weapons_A_geo.tpac	Y	parsed
sm_rh_loke_sword_handle_a	metamesh	sm	rhun	loke	weapon	-	a	rhun_weapons	rhun_weapons/loke/SK_RH_Loke_Weapons_A_geo.tpac	Y	parsed
sm_rh_loke_sword_pommel_a	metamesh	sm	rhun	loke	weapon	-	a	rhun_weapons	rhun_weapons/loke/SK_RH_Loke_Weapons_A_geo.tpac	Y	parsed
sm_rh_loke_sword_pommel_b	metamesh	sm	rhun	loke	weapon	-	b	rhun_weapons	rhun_weapons/loke/SK_RH_Loke_Weapons_A_geo.tpac	Y	parsed
sm_ro_rohan_spear_blade_a	metamesh	sm	rohan	-	weapon	-	a	rohan_weapons	rohan_weapons/spears/SM_Ro_Rohan_Spear_A_geo.tpac	Y	parsed
sm_ro_rohan_spear_blade_b	metamesh	sm	rohan	-	weapon	-	b	rohan_weapons	rohan_weapons/spears/SM_Ro_Rohan_Spear_A_geo.tpac	Y	parsed
sm_ro_rohan_spear_handle_a	metamesh	sm	rohan	-	weapon	-	a	rohan_weapons	rohan_weapons/spears/SM_Ro_Rohan_Spear_A_geo.tpac	Y	parsed
sm_ro_rohan_spear_handle_b	metamesh	sm	rohan	-	weapon	-	b	rohan_weapons	rohan_weapons/spears/SM_Ro_Rohan_Spear_A_geo.tpac	Y	parsed
sm_uruk_arrow_a	metamesh	sm	uruk	-	weapon	-	a	mordor_props	mordor_props/black_uruk_weapons/SM_Uruk_Weapons_A_geo.tpac	N	parsed
sm_uruk_bow_a	metamesh	sm	uruk	-	weapon	-	a	mordor_props	mordor_props/black_uruk_weapons/SM_Uruk_Weapons_A_geo.tpac	Y	parsed
sm_uruk_halberd_blade_a1	metamesh	sm	uruk	halberd	weapon	-	a1	mordor_props	mordor_props/black_uruk_weapons/SM_Uruk_Weapons_A_geo.tpac	Y	parsed
sm_uruk_halberd_blade_a2	metamesh	sm	uruk	halberd	weapon	-	a2	mordor_props	mordor_props/black_uruk_weapons/SM_Uruk_Weapons_A_geo.tpac	Y	parsed
sm_uruk_halberd_blade_a3	metamesh	sm	uruk	halberd	weapon	-	a3	mordor_props	mordor_props/black_uruk_weapons/SM_Uruk_Weapons_A_geo.tpac	Y	parsed
sm_uruk_halberd_guard_a1	metamesh	sm	uruk	halberd	weapon	-	a1	mordor_props	mordor_props/black_uruk_weapons/SM_Uruk_Weapons_A_geo.tpac	Y	parsed
sm_uruk_halberd_guard_a2	metamesh	sm	uruk	halberd	weapon	-	a2	mordor_props	mordor_props/black_uruk_weapons/SM_Uruk_Weapons_A_geo.tpac	Y	parsed
sm_uruk_halberd_handle_a1	metamesh	sm	uruk	halberd	weapon	-	a1	mordor_props	mordor_props/black_uruk_weapons/SM_Uruk_Weapons_A_geo.tpac	Y	parsed
sm_uruk_halberd_handle_a2	metamesh	sm	uruk	halberd	weapon	-	a2	mordor_props	mordor_props/black_uruk_weapons/SM_Uruk_Weapons_A_geo.tpac	Y	parsed
sm_uruk_halberd_pommel_a1	metamesh	sm	uruk	halberd	weapon	-	a1	mordor_props	mordor_props/black_uruk_weapons/SM_Uruk_Weapons_A_geo.tpac	Y	parsed
sm_uruk_halberd_pommel_a2	metamesh	sm	uruk	halberd	weapon	-	a2	mordor_props	mordor_props/black_uruk_weapons/SM_Uruk_Weapons_A_geo.tpac	Y	parsed
sm_uruk_halberd_pommel_a3	metamesh	sm	uruk	halberd	weapon	-	a3	mordor_props	mordor_props/black_uruk_weapons/SM_Uruk_Weapons_A_geo.tpac	Y	parsed
sm_uruk_quiver_a	metamesh	sm	uruk	-	quiver	-	a	mordor_props	mordor_props/black_uruk_weapons/SM_Uruk_Weapons_A_geo.tpac	N	parsed
sm_uruk_sword_blade_a1	metamesh	sm	uruk	-	weapon	-	a1	mordor_props	mordor_props/black_uruk_weapons/SM_Uruk_Weapons_A_geo.tpac	Y	parsed
sm_uruk_sword_blade_a2	metamesh	sm	uruk	-	weapon	-	a2	mordor_props	mordor_props/black_uruk_weapons/SM_Uruk_Weapons_A_geo.tpac	Y	parsed
sm_uruk_sword_blade_a3	metamesh	sm	uruk	-	weapon	-	a3	mordor_props	mordor_props/black_uruk_weapons/SM_Uruk_Weapons_A_geo.tpac	Y	parsed
sm_uruk_sword_guard_a1	metamesh	sm	uruk	-	weapon	-	a1	mordor_props	mordor_props/black_uruk_weapons/SM_Uruk_Weapons_A_geo.tpac	Y	parsed
sm_uruk_sword_guard_a2	metamesh	sm	uruk	-	weapon	-	a2	mordor_props	mordor_props/black_uruk_weapons/SM_Uruk_Weapons_A_geo.tpac	Y	parsed
sm_uruk_sword_guard_a3	metamesh	sm	uruk	-	weapon	-	a3	mordor_props	mordor_props/black_uruk_weapons/SM_Uruk_Weapons_A_geo.tpac	Y	parsed
sm_uruk_sword_handle_a1	metamesh	sm	uruk	-	weapon	-	a1	mordor_props	mordor_props/black_uruk_weapons/SM_Uruk_Weapons_A_geo.tpac	Y	parsed
sm_uruk_sword_handle_a2	metamesh	sm	uruk	-	weapon	-	a2	mordor_props	mordor_props/black_uruk_weapons/SM_Uruk_Weapons_A_geo.tpac	Y	parsed
sm_uruk_sword_pommel_a1	metamesh	sm	uruk	-	weapon	-	a1	mordor_props	mordor_props/black_uruk_weapons/SM_Uruk_Weapons_A_geo.tpac	Y	parsed
sm_uruk_sword_pommel_a2	metamesh	sm	uruk	-	weapon	-	a2	mordor_props	mordor_props/black_uruk_weapons/SM_Uruk_Weapons_A_geo.tpac	Y	parsed
spider_saddle	metamesh	-	creature	-	body	-	-	creature	creature/spider/meshes/spider_saddle_geo.tpac	N	parsed
thenn_armor1	metamesh	-	thenn	-	chest	-	-	Thenn	Thenn/thenn_geo.tpac	Y	parsed
thenn_armor2	metamesh	-	thenn	-	chest	-	-	Thenn	Thenn/thenn_geo.tpac	Y	parsed
thenn_armor3	metamesh	-	thenn	-	chest	-	-	Thenn	Thenn/thenn_geo.tpac	Y	parsed
thenn_armor4	metamesh	-	thenn	-	chest	-	-	Thenn	Thenn/thenn_geo.tpac	Y	parsed
thenn_armor5	metamesh	-	thenn	-	chest	-	-	Thenn	Thenn/thenn_geo.tpac	Y	parsed
thenn_armor6	metamesh	-	thenn	-	chest	-	-	Thenn	Thenn/thenn_geo.tpac	Y	parsed
thenn_armor7	metamesh	-	thenn	-	chest	-	-	Thenn	Thenn/thenn_geo.tpac	Y	parsed
thenn_armor8	metamesh	-	thenn	-	chest	-	-	Thenn	Thenn/thenn_geo.tpac	Y	parsed
thenn_armor_heavy1	metamesh	-	thenn	-	chest	-	-	Thenn	Thenn/thenn_geo.tpac	Y	parsed
thenn_armor_heavy2	metamesh	-	thenn	-	chest	-	-	Thenn	Thenn/thenn_geo.tpac	Y	parsed
thenn_armor_med1	metamesh	-	thenn	-	chest	-	-	Thenn	Thenn/thenn_geo.tpac	Y	parsed
thenn_armor_med2	metamesh	-	thenn	-	chest	-	-	Thenn	Thenn/thenn_geo.tpac	Y	parsed
thenn_armor_med3	metamesh	-	thenn	-	chest	-	-	Thenn	Thenn/thenn_geo.tpac	Y	parsed
thenn_boots	metamesh	-	thenn	-	boots	-	-	Thenn	Thenn/thenn_geo.tpac	Y	parsed
thenn_boots_fur	metamesh	-	thenn	-	boots	-	-	Thenn	Thenn/thenn_geo.tpac	Y	parsed
thenn_cloak	metamesh	-	thenn	-	cape	-	-	Thenn	Thenn/thenn_geo.tpac	Y	parsed
thenn_glv	metamesh	-	thenn	-	bracer	-	-	Thenn	Thenn/thenn_geo.tpac	Y	parsed
thenn_glv2	metamesh	-	thenn	-	bracer	-	-	Thenn	Thenn/thenn_geo.tpac	Y	parsed
thenn_helm1	metamesh	-	thenn	-	helmet	-	-	Thenn	Thenn/thenn_geo.tpac	Y	parsed
thenn_helm2	metamesh	-	thenn	-	helmet	-	-	Thenn	Thenn/thenn_geo.tpac	Y	parsed
thenn_helm3	metamesh	-	thenn	-	helmet	-	-	Thenn	Thenn/thenn_geo.tpac	Y	parsed
thenn_helm4	metamesh	-	thenn	-	helmet	-	-	Thenn	Thenn/thenn_geo.tpac	Y	parsed
thenn_helm5	metamesh	-	thenn	-	helmet	-	-	Thenn	Thenn/thenn_geo.tpac	Y	parsed
thenn_helm6	metamesh	-	thenn	-	helmet	-	-	Thenn	Thenn/thenn_geo.tpac	Y	parsed
thenn_helm7	metamesh	-	thenn	-	helmet	-	-	Thenn	Thenn/thenn_geo.tpac	Y	parsed
thenn_necklace	metamesh	-	thenn	-	prop	-	-	Thenn	Thenn/thenn_geo.tpac	Y	parsed
theoden_boots	metamesh	-	rohan	-	boots	-	-	rohan_assets	rohan_assets/theoden/Theoden_geo.tpac	Y	parsed
theoden_glove	metamesh	-	rohan	-	bracer	-	-	rohan_assets	rohan_assets/theoden/Theoden_geo.tpac	Y	parsed
theoden_helmet	metamesh	-	rohan	-	helmet	-	-	rohan_assets	rohan_assets/theoden/Theoden_geo.tpac	Y	parsed
theoden_shoulder	metamesh	-	rohan	-	pauldron	-	-	rohan_assets	rohan_assets/theoden/Theoden_geo.tpac	Y	parsed
theoden_torso	metamesh	-	rohan	-	chest	-	-	rohan_assets	rohan_assets/theoden/Theoden_geo.tpac	Y	parsed
theodred_armour	metamesh	-	rohan	-	chest	-	-	rohan_assets	rohan_assets/theodred/Prince_Theodred_geo.tpac	Y	parsed
theodred_armour_slim	metamesh	-	rohan	-	chest	-	-	rohan_assets	rohan_assets/theodred/Prince_Theodred_geo.tpac	SLIM	parsed
theodred_boots	metamesh	-	rohan	-	boots	-	-	rohan_assets	rohan_assets/theodred/Prince_Theodred_geo.tpac	Y	parsed
theodred_bracers	metamesh	-	rohan	-	bracer	-	-	rohan_assets	rohan_assets/theodred/Prince_Theodred_geo.tpac	Y	parsed
theodred_helmet	metamesh	-	rohan	-	helmet	-	-	rohan_assets	rohan_assets/theodred/Prince_Theodred_geo.tpac	Y	parsed
theodred_pauldrons	metamesh	-	rohan	-	pauldron	-	-	rohan_assets	rohan_assets/theodred/Prince_Theodred_geo.tpac	Y	parsed
thranduil_body	metamesh	-	mirkwood	-	body	-	-	mirkwood_assets	mirkwood_assets/Thranduil/thranduil_geo.tpac	Y	parsed
thranduil_body_slim	metamesh	-	mirkwood	-	body	-	-	mirkwood_assets	mirkwood_assets/Thranduil/thranduil_geo.tpac	SLIM	parsed
thranduil_boots	metamesh	-	mirkwood	-	boots	-	-	mirkwood_assets	mirkwood_assets/Thranduil/thranduil_geo.tpac	Y	parsed
thranduil_gloves	metamesh	-	mirkwood	-	bracer	-	-	mirkwood_assets	mirkwood_assets/Thranduil/thranduil_geo.tpac	Y	parsed
thranduil_helmet	metamesh	-	mirkwood	-	helmet	-	-	mirkwood_assets	mirkwood_assets/Thranduil/thranduil_geo.tpac	Y	parsed
thranduil_shoulder	metamesh	-	mirkwood	-	pauldron	-	-	mirkwood_assets	mirkwood_assets/Thranduil/thranduil_geo.tpac	Y	parsed
troll_hill_body_a	metamesh	-	creature	hill	body	-	a	Race Test	Race Test/Mordor/Trolls/Hill Troll/troll_skeleton_export_geo.tpac	N	parsed
urukscout_body	metamesh	-	isengard	-	body	-	-	Isengard	Isengard/Uruk_Scout/Uruk Scout_geo.tpac	Y	parsed
urukscout_boots	metamesh	-	isengard	-	boots	-	-	Isengard	Isengard/Uruk_Scout/Uruk Scout_geo.tpac	Y	parsed
urukscout_gloves	metamesh	-	isengard	-	bracer	-	-	Isengard	Isengard/Uruk_Scout/Uruk Scout_geo.tpac	Y	parsed
urukscout_helmet	metamesh	-	isengard	-	helmet	-	-	Isengard	Isengard/Uruk_Scout/Uruk Scout_geo.tpac	Y	parsed
warg_low	metamesh	-	creature	-	body	-	-	creature	creature/warg/mesh/Warg_Rig_V5_geo.tpac	Y	parsed
warg_low_fur	metamesh	-	creature	low	body	-	-	creature	creature/warg/mesh/Warg_Rig_V5_geo.tpac	N	parsed
warg_low_fur_with_saddle	metamesh	-	creature	low	body	-	-	creature	creature/warg/mesh/Warg_Rig_V5_geo.tpac	Y	parsed
warg_low_fur_with_saddle_2	metamesh	-	creature	low	body	-	2	creature	creature/warg/mesh/Warg_Rig_V5_geo.tpac	Y	parsed
warg_low_fur_with_saddle_3	metamesh	-	creature	low	body	-	3	creature	creature/warg/mesh/Warg_Rig_V5_geo.tpac	Y	parsed
whiterun_armor	metamesh	-	rohan	-	chest	-	-	rohan_assets	rohan_assets/royal_armor/whiterun_geo.tpac	Y	parsed
whiterun_armor_slim	metamesh	-	rohan	-	chest	-	-	rohan_assets	rohan_assets/royal_armor/whiterun_geo.tpac	SLIM	parsed
whiterun_boots	metamesh	-	rohan	-	boots	-	-	rohan_assets	rohan_assets/royal_armor/whiterun_geo.tpac	Y	parsed
whiterun_bracers	metamesh	-	rohan	-	bracer	-	-	rohan_assets	rohan_assets/royal_armor/whiterun_geo.tpac	Y	parsed
whiterun_cloak	metamesh	-	rohan	-	cape	-	-	rohan_assets	rohan_assets/royal_armor/whiterun_geo.tpac	Y	parsed
whiterun_helm	metamesh	-	rohan	-	helmet	-	-	rohan_assets	rohan_assets/royal_armor/whiterun_geo.tpac	Y	parsed
witch_king	metamesh	-	nazgul	-	body	-	-	Mordor	Mordor/Witch_King/Witch_King_geo.tpac	Y	override
witch_king_boots	metamesh	-	nazgul	king	boots	-	-	Mordor	Mordor/Witch_King/Witch_King_geo.tpac	Y	parsed
witch_king_gloves	metamesh	-	nazgul	king	bracer	-	-	Mordor	Mordor/Witch_King/Witch_King_geo.tpac	Y	parsed
witch_king_helmet	metamesh	-	nazgul	king	helmet	-	-	Mordor	Mordor/Witch_King/Witch_King_geo.tpac	Y	parsed
witch_king_pauldrons	metamesh	-	nazgul	king	pauldron	-	-	Mordor	Mordor/Witch_King/Witch_King_geo.tpac	Y	parsed
wm_anduril_sword_blade	metamesh	wm	gondor	-	weapon	-	-	weapons	weapons/swords/Theoden_Aragorn/wm_theoden_anduril_strider_geo.tpac	Y	parsed
wm_anduril_sword_guard	metamesh	wm	gondor	-	weapon	-	-	weapons	weapons/swords/Theoden_Aragorn/wm_theoden_anduril_strider_geo.tpac	Y	parsed
wm_anduril_sword_handle	metamesh	wm	gondor	-	weapon	-	-	weapons	weapons/swords/Theoden_Aragorn/wm_theoden_anduril_strider_geo.tpac	Y	parsed
wm_anduril_sword_pommel	metamesh	wm	gondor	-	weapon	-	-	weapons	weapons/swords/Theoden_Aragorn/wm_theoden_anduril_strider_geo.tpac	Y	parsed
wm_aranruth_sword_blade	metamesh	wm	elf	-	weapon	-	-	weapons	weapons/Lothlorien/Anranruth_Galadriel_Legolas/wm_aranruth_legolas_galadriel_geo.tpac	Y	parsed
wm_aranruth_sword_guard	metamesh	wm	elf	-	weapon	-	-	weapons	weapons/Lothlorien/Anranruth_Galadriel_Legolas/wm_aranruth_legolas_galadriel_geo.tpac	Y	parsed
wm_aranruth_sword_handle	metamesh	wm	elf	-	weapon	-	-	weapons	weapons/Lothlorien/Anranruth_Galadriel_Legolas/wm_aranruth_legolas_galadriel_geo.tpac	Y	parsed
wm_aranruth_sword_pommel	metamesh	wm	elf	-	weapon	-	-	weapons	weapons/Lothlorien/Anranruth_Galadriel_Legolas/wm_aranruth_legolas_galadriel_geo.tpac	Y	parsed
wm_aranruth_sword_ruby_blade	metamesh	wm	elf	-	weapon	-	-	weapons	weapons/Lothlorien/Anranruth_Galadriel_Legolas/wm_aranruth_legolas_galadriel_geo.tpac	Y	parsed
wm_aranruth_sword_ruby_guard	metamesh	wm	elf	-	weapon	-	-	weapons	weapons/Lothlorien/Anranruth_Galadriel_Legolas/wm_aranruth_legolas_galadriel_geo.tpac	Y	parsed
wm_aranruth_sword_ruby_handle	metamesh	wm	elf	-	weapon	-	-	weapons	weapons/Lothlorien/Anranruth_Galadriel_Legolas/wm_aranruth_legolas_galadriel_geo.tpac	Y	parsed
wm_aranruth_sword_ruby_pommel	metamesh	wm	elf	-	weapon	-	-	weapons	weapons/Lothlorien/Anranruth_Galadriel_Legolas/wm_aranruth_legolas_galadriel_geo.tpac	Y	parsed
wm_aranruth_sword_topaz_blade	metamesh	wm	elf	-	weapon	-	-	weapons	weapons/Lothlorien/Anranruth_Galadriel_Legolas/wm_aranruth_legolas_galadriel_geo.tpac	Y	parsed
wm_aranruth_sword_topaz_guard	metamesh	wm	elf	-	weapon	-	-	weapons	weapons/Lothlorien/Anranruth_Galadriel_Legolas/wm_aranruth_legolas_galadriel_geo.tpac	Y	parsed
wm_aranruth_sword_topaz_handle	metamesh	wm	elf	-	weapon	-	-	weapons	weapons/Lothlorien/Anranruth_Galadriel_Legolas/wm_aranruth_legolas_galadriel_geo.tpac	Y	parsed
wm_aranruth_sword_topaz_pommel	metamesh	wm	elf	-	weapon	-	-	weapons	weapons/Lothlorien/Anranruth_Galadriel_Legolas/wm_aranruth_legolas_galadriel_geo.tpac	Y	parsed
wm_boromir_shield	metamesh	wm	gondor	-	shield	-	-	gondor_weapons	gondor_weapons/shields/wm_boromir_shield_horn_geo.tpac	Y	parsed
wm_boromir_sword_blade	metamesh	wm	gondor	-	weapon	-	-	gondor_weapons	gondor_weapons/swords/wm_gondorian_1h_swords_geo.tpac	Y	parsed
wm_boromir_sword_guard	metamesh	wm	gondor	-	weapon	-	-	gondor_weapons	gondor_weapons/swords/wm_gondorian_1h_swords_geo.tpac	Y	parsed
wm_boromir_sword_hilt	metamesh	wm	gondor	-	weapon	-	-	gondor_weapons	gondor_weapons/swords/wm_gondorian_1h_swords_geo.tpac	Y	parsed
wm_boromir_sword_pommel	metamesh	wm	gondor	-	weapon	-	-	gondor_weapons	gondor_weapons/swords/wm_gondorian_1h_swords_geo.tpac	Y	parsed
wm_cave_troll_1h_mace_a01_handle	metamesh	wm	creature	1h	body	-	-	weapons	weapons/Mordor/troll/wm_cave_troll_ws_1_geo.tpac	Y	parsed
wm_cave_troll_1h_mace_a01_head	metamesh	wm	creature	1h	body	-	-	weapons	weapons/Mordor/troll/wm_cave_troll_ws_1_geo.tpac	Y	parsed
wm_cave_troll_1h_mace_a02_handle	metamesh	wm	creature	1h	body	-	-	weapons	weapons/Mordor/troll/wm_cave_troll_ws_1_geo.tpac	Y	parsed
wm_cave_troll_1h_mace_a02_head	metamesh	wm	creature	1h	body	-	-	weapons	weapons/Mordor/troll/wm_cave_troll_ws_1_geo.tpac	Y	parsed
wm_cave_troll_1h_mace_a03_handle	metamesh	wm	creature	1h	body	-	-	weapons	weapons/Mordor/troll/wm_cave_troll_ws_1_geo.tpac	Y	parsed
wm_cave_troll_1h_mace_a03_head	metamesh	wm	creature	1h	body	-	-	weapons	weapons/Mordor/troll/wm_cave_troll_ws_1_geo.tpac	Y	parsed
wm_cave_troll_2h_mace_handle	metamesh	wm	creature	2h	body	-	-	weapons	weapons/Mordor/troll/wm_cave_troll_ws_1_geo.tpac	Y	parsed
wm_cave_troll_2h_mace_head	metamesh	wm	creature	2h	body	-	-	weapons	weapons/Mordor/troll/wm_cave_troll_ws_1_geo.tpac	Y	parsed
wm_cave_troll_shield_a01	metamesh	wm	creature	-	body	-	a01	weapons	weapons/Mordor/troll/wm_cave_troll_ws_1_geo.tpac	Y	parsed
wm_cave_troll_spear_a01_blade	metamesh	wm	creature	-	body	-	-	weapons	weapons/Mordor/troll/wm_cave_troll_ws_1_geo.tpac	Y	parsed
wm_cave_troll_spear_a01_handle	metamesh	wm	creature	-	body	-	-	weapons	weapons/Mordor/troll/wm_cave_troll_ws_1_geo.tpac	Y	parsed
wm_celegorm_sword_blade	metamesh	wm	elf	-	weapon	-	-	weapons	weapons/Rivendell/Thyrell Elf/wm_elven_sword_weapon_set_a_geo.tpac	Y	parsed
wm_celegorm_sword_guard	metamesh	wm	elf	-	weapon	-	-	weapons	weapons/Rivendell/Thyrell Elf/wm_elven_sword_weapon_set_a_geo.tpac	Y	parsed
wm_celegorm_sword_handle	metamesh	wm	elf	-	weapon	-	-	weapons	weapons/Rivendell/Thyrell Elf/wm_elven_sword_weapon_set_a_geo.tpac	Y	parsed
wm_celegorm_sword_pommel	metamesh	wm	elf	-	weapon	-	-	weapons	weapons/Rivendell/Thyrell Elf/wm_elven_sword_weapon_set_a_geo.tpac	Y	parsed
wm_dale_shield_a01	metamesh	wm	dale	-	shield	-	a01	shield	shield/dale/wm_dale_kingdom_ws_1_shields_geo.tpac	Y	parsed
wm_dale_shield_a02	metamesh	wm	dale	-	shield	-	a02	shield	shield/dale/wm_dale_kingdom_ws_1_shields_geo.tpac	Y	parsed
wm_dale_shield_a03	metamesh	wm	dale	-	shield	-	a03	shield	shield/dale/wm_dale_kingdom_ws_1_shields_geo.tpac	Y	parsed
wm_dale_shield_a04	metamesh	wm	dale	-	shield	-	a04	shield	shield/dale/wm_dale_kingdom_ws_1_shields_geo.tpac	Y	parsed
wm_dale_shield_a05	metamesh	wm	dale	-	shield	-	a05	shield	shield/dale/wm_dale_kingdom_ws_1_shields_geo.tpac	Y	parsed
wm_dale_shield_a06	metamesh	wm	dale	-	shield	-	a06	shield	shield/dale/wm_dale_kingdom_ws_1_shields_geo.tpac	Y	parsed
wm_dale_shield_a07	metamesh	wm	dale	-	shield	-	a07	shield	shield/dale/wm_dale_kingdom_ws_1_shields_geo.tpac	Y	parsed
wm_dale_shield_a08	metamesh	wm	dale	-	shield	-	a08	shield	shield/dale/wm_dale_kingdom_ws_1_shields_geo.tpac	Y	parsed
wm_dale_shield_a09	metamesh	wm	dale	-	shield	-	a09	shield	shield/dale/wm_dale_kingdom_ws_1_shields_geo.tpac	Y	parsed
wm_dale_shield_b01	metamesh	wm	dale	-	shield	-	b01	shield	shield/dale/wm_dale_kingdom_ws_1_shields_geo.tpac	Y	parsed
wm_dale_shield_b02	metamesh	wm	dale	-	shield	-	b02	shield	shield/dale/wm_dale_kingdom_ws_1_shields_geo.tpac	Y	parsed
wm_dale_shield_b03	metamesh	wm	dale	-	shield	-	b03	shield	shield/dale/wm_dale_kingdom_ws_1_shields_geo.tpac	Y	parsed
wm_dale_shield_b04	metamesh	wm	dale	-	shield	-	b04	shield	shield/dale/wm_dale_kingdom_ws_1_shields_geo.tpac	Y	parsed
wm_dale_shield_b05	metamesh	wm	dale	-	shield	-	b05	shield	shield/dale/wm_dale_kingdom_ws_1_shields_geo.tpac	Y	parsed
wm_dale_shield_b06	metamesh	wm	dale	-	shield	-	b06	shield	shield/dale/wm_dale_kingdom_ws_1_shields_geo.tpac	Y	parsed
wm_dale_ws_1h_axe_a01_blade	metamesh	wm	dale	ws	weapon	-	-	weapons	weapons/dale/wm_dale_kingdom_ws_1_geo.tpac	Y	parsed
wm_dale_ws_1h_axe_a02_blade	metamesh	wm	dale	ws	weapon	-	-	weapons	weapons/dale/wm_dale_kingdom_ws_1_geo.tpac	Y	parsed
wm_dale_ws_1h_axe_a02_handle	metamesh	wm	dale	ws	weapon	-	-	weapons	weapons/dale/wm_dale_kingdom_ws_1_geo.tpac	Y	parsed
wm_dale_ws_1h_axe_a03_blade	metamesh	wm	dale	ws	weapon	-	-	weapons	weapons/dale/wm_dale_kingdom_ws_1_geo.tpac	Y	parsed
wm_dale_ws_1h_axe_a03_handle	metamesh	wm	dale	ws	weapon	-	-	weapons	weapons/dale/wm_dale_kingdom_ws_1_geo.tpac	Y	parsed
wm_dale_ws_2h_axe_a01_blade	metamesh	wm	dale	ws	weapon	-	-	weapons	weapons/dale/wm_dale_kingdom_ws_1_geo.tpac	Y	parsed
wm_dale_ws_2h_axe_a01_handle	metamesh	wm	dale	ws	weapon	-	-	weapons	weapons/dale/wm_dale_kingdom_ws_1_geo.tpac	Y	parsed
wm_dale_ws_longbow_a01	metamesh	wm	dale	ws	weapon	-	a01	weapons	weapons/dale/wm_dale_kingdom_ws_1_geo.tpac	Y	parsed
wm_dale_ws_polearm_a01_handle	metamesh	wm	dale	ws	weapon	-	-	weapons	weapons/dale/wm_dale_kingdom_ws_1_geo.tpac	Y	parsed
wm_dale_ws_polearm_head_a01	metamesh	wm	dale	ws	weapon	-	a01	weapons	weapons/dale/wm_dale_kingdom_ws_1_geo.tpac	Y	parsed
wm_dale_ws_polearm_head_a02	metamesh	wm	dale	ws	weapon	-	a02	weapons	weapons/dale/wm_dale_kingdom_ws_1_geo.tpac	Y	parsed
wm_dale_ws_polearm_head_a03	metamesh	wm	dale	ws	weapon	-	a03	weapons	weapons/dale/wm_dale_kingdom_ws_1_geo.tpac	Y	parsed
wm_dale_ws_polearm_head_a04	metamesh	wm	dale	ws	weapon	-	a04	weapons	weapons/dale/wm_dale_kingdom_ws_1_geo.tpac	Y	parsed
wm_dale_ws_polearm_head_a05	metamesh	wm	dale	ws	weapon	-	a05	weapons	weapons/dale/wm_dale_kingdom_ws_1_geo.tpac	Y	parsed
wm_dale_ws_polearm_head_a06	metamesh	wm	dale	ws	weapon	-	a06	weapons	weapons/dale/wm_dale_kingdom_ws_1_geo.tpac	Y	parsed
wm_dale_ws_recurve_bow_a01	metamesh	wm	dale	ws	weapon	-	a01	weapons	weapons/dale/wm_dale_kingdom_ws_1_geo.tpac	Y	parsed
wm_dale_ws_spear_a01_blade	metamesh	wm	dale	ws	weapon	-	-	weapons	weapons/dale/wm_dale_kingdom_ws_1_geo.tpac	Y	parsed
wm_dale_ws_spear_a01_handle	metamesh	wm	dale	ws	weapon	-	-	weapons	weapons/dale/wm_dale_kingdom_ws_1_geo.tpac	Y	parsed
wm_dale_ws_spear_a02_blade	metamesh	wm	dale	ws	weapon	-	-	weapons	weapons/dale/wm_dale_kingdom_ws_1_geo.tpac	Y	parsed
wm_dale_ws_spear_a02_handle	metamesh	wm	dale	ws	weapon	-	-	weapons	weapons/dale/wm_dale_kingdom_ws_1_geo.tpac	Y	parsed
wm_dale_ws_sword_a01_blade	metamesh	wm	dale	ws	weapon	-	-	weapons	weapons/dale/wm_dale_kingdom_ws_1_geo.tpac	Y	parsed
wm_dale_ws_sword_a01_guard	metamesh	wm	dale	ws	weapon	-	-	weapons	weapons/dale/wm_dale_kingdom_ws_1_geo.tpac	Y	parsed
wm_dale_ws_sword_a01_handle	metamesh	wm	dale	ws	weapon	-	-	weapons	weapons/dale/wm_dale_kingdom_ws_1_geo.tpac	Y	parsed
wm_dale_ws_sword_a01_pommel	metamesh	wm	dale	ws	weapon	-	-	weapons	weapons/dale/wm_dale_kingdom_ws_1_geo.tpac	Y	parsed
wm_dale_ws_sword_a02_blade	metamesh	wm	dale	ws	weapon	-	-	weapons	weapons/dale/wm_dale_kingdom_ws_1_geo.tpac	Y	parsed
wm_dale_ws_sword_a02_guard	metamesh	wm	dale	ws	weapon	-	-	weapons	weapons/dale/wm_dale_kingdom_ws_1_geo.tpac	Y	parsed
wm_dale_ws_sword_a02_handle	metamesh	wm	dale	ws	weapon	-	-	weapons	weapons/dale/wm_dale_kingdom_ws_1_geo.tpac	Y	parsed
wm_dale_ws_sword_a02_pommel	metamesh	wm	dale	ws	weapon	-	-	weapons	weapons/dale/wm_dale_kingdom_ws_1_geo.tpac	Y	parsed
wm_dale_ws_sword_a03_blade	metamesh	wm	dale	ws	weapon	-	-	weapons	weapons/dale/wm_dale_kingdom_ws_1_geo.tpac	Y	parsed
wm_dale_ws_sword_a03_guard	metamesh	wm	dale	ws	weapon	-	-	weapons	weapons/dale/wm_dale_kingdom_ws_1_geo.tpac	Y	parsed
wm_dale_ws_sword_a03_handle	metamesh	wm	dale	ws	weapon	-	-	weapons	weapons/dale/wm_dale_kingdom_ws_1_geo.tpac	Y	parsed
wm_dale_ws_sword_a03_pommel	metamesh	wm	dale	ws	weapon	-	-	weapons	weapons/dale/wm_dale_kingdom_ws_1_geo.tpac	Y	parsed
wm_dol_goldur_1h_mace_a01_blade	metamesh	wm	dol_guldur	-	weapon	-	-	dol_guldur_weapons	dol_guldur_weapons/dol_goldur_ws_geo.tpac	Y	parsed
wm_dol_goldur_1h_mace_a01_handle	metamesh	wm	dol_guldur	-	weapon	-	-	dol_guldur_weapons	dol_guldur_weapons/dol_goldur_ws_geo.tpac	Y	parsed
wm_dol_goldur_1h_mace_a02_blade	metamesh	wm	dol_guldur	-	weapon	-	-	dol_guldur_weapons	dol_guldur_weapons/dol_goldur_ws_geo.tpac	Y	parsed
wm_dol_goldur_1h_mace_a02_handle	metamesh	wm	dol_guldur	-	weapon	-	-	dol_guldur_weapons	dol_guldur_weapons/dol_goldur_ws_geo.tpac	Y	parsed
wm_dol_goldur_1h_mace_a03_blade	metamesh	wm	dol_guldur	-	weapon	-	-	dol_guldur_weapons	dol_guldur_weapons/dol_goldur_ws_geo.tpac	Y	parsed
wm_dol_goldur_1h_mace_a03_handle	metamesh	wm	dol_guldur	-	weapon	-	-	dol_guldur_weapons	dol_guldur_weapons/dol_goldur_ws_geo.tpac	Y	parsed
wm_dol_goldur_1h_sword_a01_blade	metamesh	wm	dol_guldur	-	weapon	-	-	dol_guldur_weapons	dol_guldur_weapons/dol_goldur_ws_geo.tpac	Y	parsed
wm_dol_goldur_1h_sword_a01_guard	metamesh	wm	dol_guldur	-	weapon	-	-	dol_guldur_weapons	dol_guldur_weapons/dol_goldur_ws_geo.tpac	Y	parsed
wm_dol_goldur_1h_sword_a01_handle	metamesh	wm	dol_guldur	-	weapon	-	-	dol_guldur_weapons	dol_guldur_weapons/dol_goldur_ws_geo.tpac	Y	parsed
wm_dol_goldur_1h_sword_a01_pommel	metamesh	wm	dol_guldur	-	weapon	-	-	dol_guldur_weapons	dol_guldur_weapons/dol_goldur_ws_geo.tpac	Y	parsed
wm_dol_goldur_1h_sword_a02_blade	metamesh	wm	dol_guldur	-	weapon	-	-	dol_guldur_weapons	dol_guldur_weapons/dol_goldur_ws_geo.tpac	Y	parsed
wm_dol_goldur_1h_sword_a02_guard	metamesh	wm	dol_guldur	-	weapon	-	-	dol_guldur_weapons	dol_guldur_weapons/dol_goldur_ws_geo.tpac	Y	parsed
wm_dol_goldur_1h_sword_a02_handle	metamesh	wm	dol_guldur	-	weapon	-	-	dol_guldur_weapons	dol_guldur_weapons/dol_goldur_ws_geo.tpac	Y	parsed
wm_dol_goldur_1h_sword_a02_pommel	metamesh	wm	dol_guldur	-	weapon	-	-	dol_guldur_weapons	dol_guldur_weapons/dol_goldur_ws_geo.tpac	Y	parsed
wm_dol_goldur_1h_sword_a03_blade	metamesh	wm	dol_guldur	-	weapon	-	-	dol_guldur_weapons	dol_guldur_weapons/dol_goldur_ws_geo.tpac	Y	parsed
wm_dol_goldur_1h_sword_a03_guard	metamesh	wm	dol_guldur	-	weapon	-	-	dol_guldur_weapons	dol_guldur_weapons/dol_goldur_ws_geo.tpac	Y	parsed
wm_dol_goldur_1h_sword_a03_handle	metamesh	wm	dol_guldur	-	weapon	-	-	dol_guldur_weapons	dol_guldur_weapons/dol_goldur_ws_geo.tpac	Y	parsed
wm_dol_goldur_1h_sword_a03_pommel	metamesh	wm	dol_guldur	-	weapon	-	-	dol_guldur_weapons	dol_guldur_weapons/dol_goldur_ws_geo.tpac	Y	parsed
wm_dol_goldur_2h_axe_a01_blade	metamesh	wm	dol_guldur	-	weapon	-	-	dol_guldur_weapons	dol_guldur_weapons/dol_goldur_ws_geo.tpac	Y	parsed
wm_dol_goldur_2h_axe_a01_handle	metamesh	wm	dol_guldur	-	weapon	-	-	dol_guldur_weapons	dol_guldur_weapons/dol_goldur_ws_geo.tpac	Y	parsed
wm_dol_goldur_2h_axe_a02_blade	metamesh	wm	dol_guldur	-	weapon	-	-	dol_guldur_weapons	dol_guldur_weapons/dol_goldur_ws_geo.tpac	Y	parsed
wm_dol_goldur_2h_axe_a02_handle	metamesh	wm	dol_guldur	-	weapon	-	-	dol_guldur_weapons	dol_guldur_weapons/dol_goldur_ws_geo.tpac	Y	parsed
wm_dol_goldur_2h_axe_a03_blade	metamesh	wm	dol_guldur	-	weapon	-	-	dol_guldur_weapons	dol_guldur_weapons/dol_goldur_ws_geo.tpac	Y	parsed
wm_dol_goldur_2h_axe_a04_blade	metamesh	wm	dol_guldur	-	weapon	-	-	dol_guldur_weapons	dol_guldur_weapons/dol_goldur_ws_geo.tpac	Y	parsed
wm_dol_goldur_2h_mace_a01_blade	metamesh	wm	dol_guldur	-	weapon	-	-	dol_guldur_weapons	dol_guldur_weapons/dol_goldur_ws_geo.tpac	Y	parsed
wm_dol_goldur_2h_mace_a01_handle	metamesh	wm	dol_guldur	-	weapon	-	-	dol_guldur_weapons	dol_guldur_weapons/dol_goldur_ws_geo.tpac	Y	parsed
wm_dol_goldur_2h_mace_a02_blade	metamesh	wm	dol_guldur	-	weapon	-	-	dol_guldur_weapons	dol_guldur_weapons/dol_goldur_ws_geo.tpac	Y	parsed
wm_dol_goldur_2h_mace_a02_handle	metamesh	wm	dol_guldur	-	weapon	-	-	dol_guldur_weapons	dol_guldur_weapons/dol_goldur_ws_geo.tpac	Y	parsed
wm_dol_goldur_2h_mace_a03_blade	metamesh	wm	dol_guldur	-	weapon	-	-	dol_guldur_weapons	dol_guldur_weapons/dol_goldur_ws_geo.tpac	Y	parsed
wm_dol_goldur_2h_mace_a04_blade	metamesh	wm	dol_guldur	-	weapon	-	-	dol_guldur_weapons	dol_guldur_weapons/dol_goldur_ws_geo.tpac	Y	parsed
wm_dol_goldur_halberd_a01_blade	metamesh	wm	dol_guldur	-	weapon	-	-	dol_guldur_weapons	dol_guldur_weapons/dol_goldur_ws_geo.tpac	Y	parsed
wm_dol_goldur_halberd_a01_handle	metamesh	wm	dol_guldur	-	weapon	-	-	dol_guldur_weapons	dol_guldur_weapons/dol_goldur_ws_geo.tpac	Y	parsed
wm_dol_goldur_halberd_a02_blade	metamesh	wm	dol_guldur	-	weapon	-	-	dol_guldur_weapons	dol_guldur_weapons/dol_goldur_ws_geo.tpac	Y	parsed
wm_dol_goldur_halberd_a02_handle	metamesh	wm	dol_guldur	-	weapon	-	-	dol_guldur_weapons	dol_guldur_weapons/dol_goldur_ws_geo.tpac	Y	parsed
wm_dol_goldur_halberd_a03_blade	metamesh	wm	dol_guldur	-	weapon	-	-	dol_guldur_weapons	dol_guldur_weapons/dol_goldur_ws_geo.tpac	Y	parsed
wm_dol_goldur_halberd_a04_blade	metamesh	wm	dol_guldur	-	weapon	-	-	dol_guldur_weapons	dol_guldur_weapons/dol_goldur_ws_geo.tpac	Y	parsed
wm_elven_bow_v1	metamesh	wm	elf	-	weapon	-	v1	weapons	weapons/bow/High Elven/wm_elven_bows_geo.tpac	Y	parsed
wm_elven_bow_v2	metamesh	wm	elf	-	weapon	-	v2	weapons	weapons/bow/High Elven/wm_elven_bows_geo.tpac	Y	parsed
wm_elven_bow_v3	metamesh	wm	elf	-	weapon	-	v3	weapons	weapons/bow/High Elven/wm_elven_bows_geo.tpac	Y	parsed
wm_elven_bow_v4	metamesh	wm	elf	-	weapon	-	v4	weapons	weapons/bow/High Elven/wm_elven_bows_geo.tpac	Y	parsed
wm_elven_quiver_1_v1	metamesh	wm	elf	-	quiver	-	v1	weapons	weapons/bow/High Elven/wm_elven_quivers_geo.tpac	Y	parsed
wm_elven_quiver_1_v2	metamesh	wm	elf	-	quiver	-	v2	weapons	weapons/bow/High Elven/wm_elven_quivers_geo.tpac	Y	parsed
wm_elven_quiver_1_v3	metamesh	wm	elf	-	quiver	-	v3	weapons	weapons/bow/High Elven/wm_elven_quivers_geo.tpac	Y	parsed
wm_elven_quiver_1_v4	metamesh	wm	elf	-	quiver	-	v4	weapons	weapons/bow/High Elven/wm_elven_quivers_geo.tpac	Y	parsed
wm_elven_quiver_2_v1	metamesh	wm	elf	-	quiver	-	v1	weapons	weapons/bow/High Elven/wm_elven_quivers_geo.tpac	Y	parsed
wm_elven_quiver_2_v2	metamesh	wm	elf	-	quiver	-	v2	weapons	weapons/bow/High Elven/wm_elven_quivers_geo.tpac	Y	parsed
wm_elven_quiver_2_v3	metamesh	wm	elf	-	quiver	-	v3	weapons	weapons/bow/High Elven/wm_elven_quivers_geo.tpac	Y	parsed
wm_elven_quiver_2_v4	metamesh	wm	elf	-	quiver	-	v4	weapons	weapons/bow/High Elven/wm_elven_quivers_geo.tpac	Y	parsed
wm_elven_quiver_3_v1	metamesh	wm	elf	-	quiver	-	v1	weapons	weapons/bow/High Elven/wm_elven_quivers_geo.tpac	Y	parsed
wm_elven_quiver_3_v2	metamesh	wm	elf	-	quiver	-	v2	weapons	weapons/bow/High Elven/wm_elven_quivers_geo.tpac	Y	parsed
wm_elven_quiver_3_v3	metamesh	wm	elf	-	quiver	-	v3	weapons	weapons/bow/High Elven/wm_elven_quivers_geo.tpac	Y	parsed
wm_elven_quiver_3_v4	metamesh	wm	elf	-	quiver	-	v4	weapons	weapons/bow/High Elven/wm_elven_quivers_geo.tpac	Y	parsed
wm_elven_quiver_4_v1	metamesh	wm	elf	-	quiver	-	v1	weapons	weapons/bow/High Elven/wm_elven_quivers_geo.tpac	Y	parsed
wm_elven_quiver_4_v2	metamesh	wm	elf	-	quiver	-	v2	weapons	weapons/bow/High Elven/wm_elven_quivers_geo.tpac	Y	parsed
wm_elven_quiver_4_v3	metamesh	wm	elf	-	quiver	-	v3	weapons	weapons/bow/High Elven/wm_elven_quivers_geo.tpac	Y	parsed
wm_elven_quiver_4_v4	metamesh	wm	elf	-	quiver	-	v4	weapons	weapons/bow/High Elven/wm_elven_quivers_geo.tpac	Y	parsed
wm_elven_shield_a	metamesh	wm	elf	-	shield	-	a	shield	shield/High Elven/wm_elven_shield_a_geo.tpac	Y	parsed
wm_elven_shield_b	metamesh	wm	elf	-	shield	-	b	shield	shield/High Elven/wm_elven_shield_a_geo.tpac	Y	parsed
wm_elven_spear_blade	metamesh	wm	elf	-	weapon	-	-	elven_weapons	elven_weapons/wm_elven_spear_galad_sword_geo.tpac	Y	parsed
wm_elven_spear_shaft	metamesh	wm	elf	-	weapon	-	-	elven_weapons	elven_weapons/wm_elven_spear_galad_sword_geo.tpac	Y	parsed
wm_elven_sword_a_blade	metamesh	wm	elf	-	weapon	-	-	elven_weapons	elven_weapons/wm_elven_spear_galad_sword_geo.tpac	Y	parsed
wm_elven_sword_a_handguard	metamesh	wm	elf	-	weapon	-	-	elven_weapons	elven_weapons/wm_elven_spear_galad_sword_geo.tpac	Y	parsed
wm_elven_sword_a_hilt	metamesh	wm	elf	-	weapon	-	-	elven_weapons	elven_weapons/wm_elven_spear_galad_sword_geo.tpac	Y	parsed
wm_elven_sword_a_pommel	metamesh	wm	elf	-	weapon	-	-	elven_weapons	elven_weapons/wm_elven_spear_galad_sword_geo.tpac	Y	parsed
wm_eomer_blade	metamesh	wm	rohan	-	weapon	-	-	rohan_weapons	rohan_weapons/wm_glam_eow_eom_geo.tpac	Y	parsed
wm_eomer_guard	metamesh	wm	rohan	-	weapon	-	-	rohan_weapons	rohan_weapons/wm_glam_eow_eom_geo.tpac	Y	parsed
wm_eomer_handle	metamesh	wm	rohan	-	weapon	-	-	rohan_weapons	rohan_weapons/wm_glam_eow_eom_geo.tpac	Y	parsed
wm_eomer_pommel	metamesh	wm	rohan	-	weapon	-	-	rohan_weapons	rohan_weapons/wm_glam_eow_eom_geo.tpac	Y	parsed
wm_eowyn_blade	metamesh	wm	rohan	-	weapon	-	-	rohan_weapons	rohan_weapons/wm_glam_eow_eom_geo.tpac	Y	parsed
wm_eowyn_guard	metamesh	wm	rohan	-	weapon	-	-	rohan_weapons	rohan_weapons/wm_glam_eow_eom_geo.tpac	Y	parsed
wm_eowyn_handle	metamesh	wm	rohan	-	weapon	-	-	rohan_weapons	rohan_weapons/wm_glam_eow_eom_geo.tpac	Y	parsed
wm_eowyn_pommel	metamesh	wm	rohan	-	weapon	-	-	rohan_weapons	rohan_weapons/wm_glam_eow_eom_geo.tpac	Y	parsed
wm_faramir_sword_blade	metamesh	wm	gondor	-	weapon	-	-	gondor_weapons	gondor_weapons/swords/wm_gondorian_1h_swords_geo.tpac	Y	parsed
wm_faramir_sword_guard	metamesh	wm	gondor	-	weapon	-	-	gondor_weapons	gondor_weapons/swords/wm_gondorian_1h_swords_geo.tpac	Y	parsed
wm_faramir_sword_hilt	metamesh	wm	gondor	-	weapon	-	-	gondor_weapons	gondor_weapons/swords/wm_gondorian_1h_swords_geo.tpac	Y	parsed
wm_faramir_sword_pommel	metamesh	wm	gondor	-	weapon	-	-	gondor_weapons	gondor_weapons/swords/wm_gondorian_1h_swords_geo.tpac	Y	parsed
wm_finarin_sword_blade	metamesh	wm	elf	-	weapon	-	-	weapons	weapons/Rivendell/Thyrell Elf/wm_elven_sword_weapon_set_a_geo.tpac	Y	parsed
wm_finarin_sword_guard	metamesh	wm	elf	-	weapon	-	-	weapons	weapons/Rivendell/Thyrell Elf/wm_elven_sword_weapon_set_a_geo.tpac	Y	parsed
wm_finarin_sword_handle	metamesh	wm	elf	-	weapon	-	-	weapons	weapons/Rivendell/Thyrell Elf/wm_elven_sword_weapon_set_a_geo.tpac	Y	parsed
wm_finarin_sword_pommel	metamesh	wm	elf	-	weapon	-	-	weapons	weapons/Rivendell/Thyrell Elf/wm_elven_sword_weapon_set_a_geo.tpac	Y	parsed
wm_fingon_sword_blade	metamesh	wm	elf	-	weapon	-	-	weapons	weapons/Rivendell/Thyrell Elf/wm_elven_sword_weapon_set_a_geo.tpac	Y	parsed
wm_fingon_sword_guard	metamesh	wm	elf	-	weapon	-	-	weapons	weapons/Rivendell/Thyrell Elf/wm_elven_sword_weapon_set_a_geo.tpac	Y	parsed
wm_fingon_sword_handle	metamesh	wm	elf	-	weapon	-	-	weapons	weapons/Rivendell/Thyrell Elf/wm_elven_sword_weapon_set_a_geo.tpac	Y	parsed
wm_fingon_sword_pommel	metamesh	wm	elf	-	weapon	-	-	weapons	weapons/Rivendell/Thyrell Elf/wm_elven_sword_weapon_set_a_geo.tpac	Y	parsed
wm_finwe_sword_blade	metamesh	wm	elf	-	weapon	-	-	weapons	weapons/Rivendell/Thyrell Elf/wm_elven_sword_weapon_set_a_geo.tpac	Y	parsed
wm_finwe_sword_guard	metamesh	wm	elf	-	weapon	-	-	weapons	weapons/Rivendell/Thyrell Elf/wm_elven_sword_weapon_set_a_geo.tpac	Y	parsed
wm_finwe_sword_handle	metamesh	wm	elf	-	weapon	-	-	weapons	weapons/Rivendell/Thyrell Elf/wm_elven_sword_weapon_set_a_geo.tpac	Y	parsed
wm_finwe_sword_pommel	metamesh	wm	elf	-	weapon	-	-	weapons	weapons/Rivendell/Thyrell Elf/wm_elven_sword_weapon_set_a_geo.tpac	Y	parsed
wm_galadriel_sword_blade	metamesh	wm	elf	-	weapon	-	-	weapons	weapons/Lothlorien/Anranruth_Galadriel_Legolas/wm_aranruth_legolas_galadriel_geo.tpac	Y	parsed
wm_galadriel_sword_guard	metamesh	wm	elf	-	weapon	-	-	weapons	weapons/Lothlorien/Anranruth_Galadriel_Legolas/wm_aranruth_legolas_galadriel_geo.tpac	Y	parsed
wm_galadriel_sword_handle	metamesh	wm	elf	-	weapon	-	-	weapons	weapons/Lothlorien/Anranruth_Galadriel_Legolas/wm_aranruth_legolas_galadriel_geo.tpac	Y	parsed
wm_galadriel_sword_pommel	metamesh	wm	elf	-	weapon	-	-	weapons	weapons/Lothlorien/Anranruth_Galadriel_Legolas/wm_aranruth_legolas_galadriel_geo.tpac	Y	parsed
wm_gf_knight_broadsword_blade	metamesh	wm	rivendell	knight	weapon	-	-	weapons	weapons/Rivendell/Flower Knights/wm_flower_knights_ws_geo.tpac	Y	parsed
wm_gf_knight_broadsword_guard	metamesh	wm	rivendell	knight	weapon	-	-	weapons	weapons/Rivendell/Flower Knights/wm_flower_knights_ws_geo.tpac	Y	parsed
wm_gf_knight_broadsword_handle	metamesh	wm	rivendell	knight	weapon	-	-	weapons	weapons/Rivendell/Flower Knights/wm_flower_knights_ws_geo.tpac	Y	parsed
wm_gf_knight_broadsword_pommel	metamesh	wm	rivendell	knight	weapon	-	-	weapons	weapons/Rivendell/Flower Knights/wm_flower_knights_ws_geo.tpac	Y	parsed
wm_gf_knight_longsword_blade	metamesh	wm	rivendell	knight	weapon	-	-	weapons	weapons/Rivendell/Flower Knights/wm_flower_knights_ws_geo.tpac	Y	parsed
wm_gf_knight_longsword_guard	metamesh	wm	rivendell	knight	weapon	-	-	weapons	weapons/Rivendell/Flower Knights/wm_flower_knights_ws_geo.tpac	Y	parsed
wm_gf_knight_longsword_handle	metamesh	wm	rivendell	knight	weapon	-	-	weapons	weapons/Rivendell/Flower Knights/wm_flower_knights_ws_geo.tpac	Y	parsed
wm_gf_knight_longsword_pommel	metamesh	wm	rivendell	knight	weapon	-	-	weapons	weapons/Rivendell/Flower Knights/wm_flower_knights_ws_geo.tpac	Y	parsed
wm_gf_knight_shield	metamesh	wm	rivendell	knight	shield	-	-	weapons	weapons/Rivendell/Flower Knights/wm_flower_knights_ws_geo.tpac	Y	parsed
wm_gf_knight_shield_cloth	metamesh	wm	rivendell	knight	shield	-	-	weapons	weapons/Rivendell/Flower Knights/wm_flower_knights_ws_geo.tpac	Y	parsed
wm_gf_knight_spear_blade	metamesh	wm	rivendell	knight	weapon	-	-	weapons	weapons/Rivendell/Flower Knights/wm_flower_knights_ws_geo.tpac	Y	parsed
wm_gf_knight_spear_handle	metamesh	wm	rivendell	knight	weapon	-	-	weapons	weapons/Rivendell/Flower Knights/wm_flower_knights_ws_geo.tpac	Y	parsed
wm_glamdring_blade	metamesh	wm	rohan	-	weapon	-	-	rohan_weapons	rohan_weapons/wm_glam_eow_eom_geo.tpac	Y	parsed
wm_glamdring_guard	metamesh	wm	rohan	-	weapon	-	-	rohan_weapons	rohan_weapons/wm_glam_eow_eom_geo.tpac	Y	parsed
wm_glamdring_handle	metamesh	wm	rohan	-	weapon	-	-	rohan_weapons	rohan_weapons/wm_glam_eow_eom_geo.tpac	Y	parsed
wm_glamdring_pommel	metamesh	wm	rohan	-	weapon	-	-	rohan_weapons	rohan_weapons/wm_glam_eow_eom_geo.tpac	Y	parsed
wm_gondor_shield_aa	metamesh	wm	gondor	-	shield	-	aa	shield	shield/Gondor/gondorsheilds2_geo.tpac	N	parsed
wm_gondor_shield_b	metamesh	wm	gondor	-	shield	-	b	shield	shield/Gondor/wm_gondor_shield_b_geo.tpac	Y	parsed
wm_gondor_shield_bb	metamesh	wm	gondor	-	shield	-	bb	shield	shield/Gondor/gondorsheilds2_geo.tpac	N	parsed
wm_gondor_shield_c	metamesh	wm	gondor	-	shield	-	c	shield	shield/Gondor/wm_gondor_shield_c_geo.tpac	Y	parsed
wm_gondor_shield_cc	metamesh	wm	gondor	-	shield	-	cc	shield	shield/Gondor/gondorsheilds2_geo.tpac	Y	parsed
wm_gondor_shield_dd	metamesh	wm	gondor	-	shield	-	dd	shield	shield/Gondor/gondorsheilds2_geo.tpac	N	parsed
wm_gondor_spear_a_blade	metamesh	wm	gondor	-	weapon	-	-	weapons	weapons/spears/Gondor/wm_gondor_spears_geo.tpac	Y	parsed
wm_gondor_spear_a_shaft	metamesh	wm	gondor	-	weapon	-	-	weapons	weapons/spears/Gondor/wm_gondor_spears_geo.tpac	Y	parsed
wm_gondor_spear_b_blade	metamesh	wm	gondor	-	weapon	-	-	weapons	weapons/spears/Gondor/wm_gondor_spears_geo.tpac	Y	parsed
wm_gondor_spear_b_shaft	metamesh	wm	gondor	-	weapon	-	-	weapons	weapons/spears/Gondor/wm_gondor_spears_geo.tpac	N	parsed
wm_gondor_spear_blade	metamesh	wm	gondor	-	weapon	-	-	weapons	weapons/spears/wm_gondor_spear_a_geo.tpac	Y	parsed
wm_gondor_spear_shaft	metamesh	wm	gondor	-	weapon	-	-	weapons	weapons/spears/wm_gondor_spear_a_geo.tpac	Y	parsed
wm_gondor_sword_a01_blade	metamesh	wm	gondor	-	weapon	-	-	gondor_weapons	gondor_weapons/swords/wm_gondorian_1h_swords_geo.tpac	Y	parsed
wm_gondor_sword_a01_guard	metamesh	wm	gondor	-	weapon	-	-	gondor_weapons	gondor_weapons/swords/wm_gondorian_1h_swords_geo.tpac	Y	parsed
wm_gondor_sword_a01_hilt	metamesh	wm	gondor	-	weapon	-	-	gondor_weapons	gondor_weapons/swords/wm_gondorian_1h_swords_geo.tpac	Y	parsed
wm_gondor_sword_a01_pommel	metamesh	wm	gondor	-	weapon	-	-	gondor_weapons	gondor_weapons/swords/wm_gondorian_1h_swords_geo.tpac	Y	parsed
wm_gondor_sword_a02_blade	metamesh	wm	gondor	-	weapon	-	-	gondor_weapons	gondor_weapons/swords/wm_gondorian_1h_swords_geo.tpac	Y	parsed
wm_gondor_sword_a02_guard	metamesh	wm	gondor	-	weapon	-	-	gondor_weapons	gondor_weapons/swords/wm_gondorian_1h_swords_geo.tpac	Y	parsed
wm_gondor_sword_a02_hilt	metamesh	wm	gondor	-	weapon	-	-	gondor_weapons	gondor_weapons/swords/wm_gondorian_1h_swords_geo.tpac	Y	parsed
wm_gondor_sword_a02_pommel	metamesh	wm	gondor	-	weapon	-	-	gondor_weapons	gondor_weapons/swords/wm_gondorian_1h_swords_geo.tpac	Y	parsed
wm_gondor_sword_a03_blade	metamesh	wm	gondor	-	weapon	-	-	gondor_weapons	gondor_weapons/swords/wm_gondorian_1h_swords_geo.tpac	Y	parsed
wm_gondor_sword_a03_guard	metamesh	wm	gondor	-	weapon	-	-	gondor_weapons	gondor_weapons/swords/wm_gondorian_1h_swords_geo.tpac	Y	parsed
wm_gondor_sword_a03_hilt	metamesh	wm	gondor	-	weapon	-	-	gondor_weapons	gondor_weapons/swords/wm_gondorian_1h_swords_geo.tpac	Y	parsed
wm_gondor_sword_a03_pommel	metamesh	wm	gondor	-	weapon	-	-	gondor_weapons	gondor_weapons/swords/wm_gondorian_1h_swords_geo.tpac	Y	parsed
wm_gondor_sword_a07_blade	metamesh	wm	gondor	-	weapon	-	-	gondor_weapons	gondor_weapons/swords/wm_gondorian_1h_swords_geo.tpac	Y	parsed
wm_gondor_sword_a07_guard	metamesh	wm	gondor	-	weapon	-	-	gondor_weapons	gondor_weapons/swords/wm_gondorian_1h_swords_geo.tpac	Y	parsed
wm_gondor_sword_a07_hilt	metamesh	wm	gondor	-	weapon	-	-	gondor_weapons	gondor_weapons/swords/wm_gondorian_1h_swords_geo.tpac	Y	parsed
wm_gondor_sword_a07_pommel	metamesh	wm	gondor	-	weapon	-	-	gondor_weapons	gondor_weapons/swords/wm_gondorian_1h_swords_geo.tpac	Y	parsed
wm_gundabad_axe_a01_blade	metamesh	wm	gundabad	-	weapon	-	-	gundabad_weapons	gundabad_weapons/wm_gundabad_ws_geo.tpac	Y	parsed
wm_gundabad_axe_a01_handle	metamesh	wm	gundabad	-	weapon	-	-	gundabad_weapons	gundabad_weapons/wm_gundabad_ws_geo.tpac	Y	parsed
wm_gundabad_axe_a02_blade	metamesh	wm	gundabad	-	weapon	-	-	gundabad_weapons	gundabad_weapons/wm_gundabad_ws_geo.tpac	Y	parsed
wm_gundabad_axe_a02_handle	metamesh	wm	gundabad	-	weapon	-	-	gundabad_weapons	gundabad_weapons/wm_gundabad_ws_geo.tpac	Y	parsed
wm_gundabad_axe_a03_blade	metamesh	wm	gundabad	-	weapon	-	-	gundabad_weapons	gundabad_weapons/wm_gundabad_ws_geo.tpac	Y	parsed
wm_gundabad_axe_a03_handle	metamesh	wm	gundabad	-	weapon	-	-	gundabad_weapons	gundabad_weapons/wm_gundabad_ws_geo.tpac	Y	parsed
wm_gundabad_javelin_a01_blade	metamesh	wm	gundabad	javelin	weapon	-	-	gundabad_weapons	gundabad_weapons/wm_gundabad_ws_geo.tpac	Y	parsed
wm_gundabad_javelin_a01_handle	metamesh	wm	gundabad	javelin	weapon	-	-	gundabad_weapons	gundabad_weapons/wm_gundabad_ws_geo.tpac	Y	parsed
wm_gundabad_javelin_a02_blade	metamesh	wm	gundabad	javelin	weapon	-	-	gundabad_weapons	gundabad_weapons/wm_gundabad_ws_geo.tpac	Y	parsed
wm_gundabad_javelin_a02_handle	metamesh	wm	gundabad	javelin	weapon	-	-	gundabad_weapons	gundabad_weapons/wm_gundabad_ws_geo.tpac	Y	parsed
wm_gundabad_mace_a01_blade	metamesh	wm	gundabad	-	weapon	-	-	gundabad_weapons	gundabad_weapons/wm_gundabad_ws_geo.tpac	Y	parsed
wm_gundabad_mace_a01_handle	metamesh	wm	gundabad	-	weapon	-	-	gundabad_weapons	gundabad_weapons/wm_gundabad_ws_geo.tpac	Y	parsed
wm_gundabad_mace_a02_blade	metamesh	wm	gundabad	-	weapon	-	-	gundabad_weapons	gundabad_weapons/wm_gundabad_ws_geo.tpac	Y	parsed
wm_gundabad_mace_a02_handle	metamesh	wm	gundabad	-	weapon	-	-	gundabad_weapons	gundabad_weapons/wm_gundabad_ws_geo.tpac	Y	parsed
wm_gundabad_mace_b01_blade	metamesh	wm	gundabad	-	weapon	-	-	gundabad_weapons	gundabad_weapons/wm_gundabad_ws_geo.tpac	Y	parsed
wm_gundabad_mace_b01_handle	metamesh	wm	gundabad	-	weapon	-	-	gundabad_weapons	gundabad_weapons/wm_gundabad_ws_geo.tpac	Y	parsed
wm_gundabad_mace_b02_blade	metamesh	wm	gundabad	-	weapon	-	-	gundabad_weapons	gundabad_weapons/wm_gundabad_ws_geo.tpac	N	parsed
wm_gundabad_mace_b02_handle	metamesh	wm	gundabad	-	weapon	-	-	gundabad_weapons	gundabad_weapons/wm_gundabad_ws_geo.tpac	Y	parsed
wm_gundabad_shield_a01	metamesh	wm	gundabad	-	shield	-	a01	gundabad_weapons	gundabad_weapons/wm_gundabad_ws_geo.tpac	Y	parsed
wm_gundabad_shield_a02	metamesh	wm	gundabad	-	shield	-	a02	gundabad_weapons	gundabad_weapons/wm_gundabad_ws_geo.tpac	Y	parsed
wm_gundabad_shield_a03	metamesh	wm	gundabad	-	shield	-	a03	gundabad_weapons	gundabad_weapons/wm_gundabad_ws_geo.tpac	Y	parsed
wm_gundabad_spear_a01_blade	metamesh	wm	gundabad	-	weapon	-	-	gundabad_weapons	gundabad_weapons/wm_gundabad_ws_geo.tpac	Y	parsed
wm_gundabad_spear_a01_handle	metamesh	wm	gundabad	-	weapon	-	-	gundabad_weapons	gundabad_weapons/wm_gundabad_ws_geo.tpac	Y	parsed
wm_gundabad_spear_a02_blade	metamesh	wm	gundabad	-	weapon	-	-	gundabad_weapons	gundabad_weapons/wm_gundabad_ws_geo.tpac	Y	parsed
wm_gundabad_spear_a02_handle	metamesh	wm	gundabad	-	weapon	-	-	gundabad_weapons	gundabad_weapons/wm_gundabad_ws_geo.tpac	Y	parsed
wm_gundabad_spear_a03_blade	metamesh	wm	gundabad	-	weapon	-	-	gundabad_weapons	gundabad_weapons/wm_gundabad_ws_geo.tpac	Y	parsed
wm_gundabad_spear_a03_handle	metamesh	wm	gundabad	-	weapon	-	-	gundabad_weapons	gundabad_weapons/wm_gundabad_ws_geo.tpac	Y	parsed
wm_gundabad_sword_a01_blade	metamesh	wm	gundabad	-	weapon	-	-	gundabad_weapons	gundabad_weapons/wm_gundabad_ws_geo.tpac	Y	parsed
wm_gundabad_sword_a01_guard	metamesh	wm	gundabad	-	weapon	-	-	gundabad_weapons	gundabad_weapons/wm_gundabad_ws_geo.tpac	Y	parsed
wm_gundabad_sword_a01_handle	metamesh	wm	gundabad	-	weapon	-	-	gundabad_weapons	gundabad_weapons/wm_gundabad_ws_geo.tpac	Y	parsed
wm_gundabad_sword_a01_pommel	metamesh	wm	gundabad	-	weapon	-	-	gundabad_weapons	gundabad_weapons/wm_gundabad_ws_geo.tpac	Y	parsed
wm_gundabad_sword_a02_blade	metamesh	wm	gundabad	-	weapon	-	-	gundabad_weapons	gundabad_weapons/wm_gundabad_ws_geo.tpac	Y	parsed
wm_gundabad_sword_a02_guard	metamesh	wm	gundabad	-	weapon	-	-	gundabad_weapons	gundabad_weapons/wm_gundabad_ws_geo.tpac	Y	parsed
wm_gundabad_sword_a02_handle	metamesh	wm	gundabad	-	weapon	-	-	gundabad_weapons	gundabad_weapons/wm_gundabad_ws_geo.tpac	Y	parsed
wm_gundabad_sword_a02_pommel	metamesh	wm	gundabad	-	weapon	-	-	gundabad_weapons	gundabad_weapons/wm_gundabad_ws_geo.tpac	Y	parsed
wm_gundabad_sword_a03_blade	metamesh	wm	gundabad	-	weapon	-	-	gundabad_weapons	gundabad_weapons/wm_gundabad_ws_geo.tpac	Y	parsed
wm_gundabad_sword_a03_guard	metamesh	wm	gundabad	-	weapon	-	-	gundabad_weapons	gundabad_weapons/wm_gundabad_ws_geo.tpac	Y	parsed
wm_gundabad_sword_a03_handle	metamesh	wm	gundabad	-	weapon	-	-	gundabad_weapons	gundabad_weapons/wm_gundabad_ws_geo.tpac	Y	parsed
wm_gundabad_sword_a03_pommel	metamesh	wm	gundabad	-	weapon	-	-	gundabad_weapons	gundabad_weapons/wm_gundabad_ws_geo.tpac	Y	parsed
wm_gundabad_sword_a04_blade	metamesh	wm	gundabad	-	weapon	-	-	gundabad_weapons	gundabad_weapons/wm_gundabad_ws_geo.tpac	Y	parsed
wm_gundabad_sword_a04_guard	metamesh	wm	gundabad	-	weapon	-	-	gundabad_weapons	gundabad_weapons/wm_gundabad_ws_geo.tpac	Y	parsed
wm_gundabad_sword_a04_handle	metamesh	wm	gundabad	-	weapon	-	-	gundabad_weapons	gundabad_weapons/wm_gundabad_ws_geo.tpac	Y	parsed
wm_gundabad_sword_a04_pommel	metamesh	wm	gundabad	-	weapon	-	-	gundabad_weapons	gundabad_weapons/wm_gundabad_ws_geo.tpac	Y	parsed
wm_harad_bow_a01	metamesh	wm	harad	-	weapon	-	a01	weapons	weapons/Harad/wm_harad_ws_v1_geo.tpac	Y	parsed
wm_harad_bow_a02	metamesh	wm	harad	-	weapon	-	a02	weapons	weapons/Harad/wm_harad_ws_v1_geo.tpac	Y	parsed
wm_harad_glaive_a01_blade	metamesh	wm	harad	glaive	weapon	-	-	weapons	weapons/Harad/wm_harad_ws_v1_geo.tpac	Y	parsed
wm_harad_glaive_a01_handle	metamesh	wm	harad	glaive	weapon	-	-	weapons	weapons/Harad/wm_harad_ws_v1_geo.tpac	Y	parsed
wm_harad_spear_a01_handle	metamesh	wm	harad	-	weapon	-	-	weapons	weapons/Harad/wm_harad_ws_v1_geo.tpac	Y	parsed
wm_harad_spear_a01_head	metamesh	wm	harad	-	weapon	-	-	weapons	weapons/Harad/wm_harad_ws_v1_geo.tpac	Y	parsed
wm_harad_spear_a02_handle	metamesh	wm	harad	-	weapon	-	-	weapons	weapons/Harad/wm_harad_ws_v1_geo.tpac	Y	parsed
wm_harad_spear_a02_head	metamesh	wm	harad	-	weapon	-	-	weapons	weapons/Harad/wm_harad_ws_v1_geo.tpac	Y	parsed
wm_harad_spear_b01_handle	metamesh	wm	harad	-	weapon	-	-	weapons	weapons/Harad/wm_harad_ws_v1_geo.tpac	N	parsed
wm_harad_spear_b01_head	metamesh	wm	harad	-	weapon	-	-	weapons	weapons/Harad/wm_harad_ws_v1_geo.tpac	Y	parsed
wm_harad_spear_b02_handle	metamesh	wm	harad	-	weapon	-	-	weapons	weapons/Harad/wm_harad_ws_v1_geo.tpac	N	parsed
wm_harad_spear_b02_head	metamesh	wm	harad	-	weapon	-	-	weapons	weapons/Harad/wm_harad_ws_v1_geo.tpac	Y	parsed
wm_harad_sword_a01_blade	metamesh	wm	harad	-	weapon	-	-	weapons	weapons/Harad/wm_harad_ws_v1_geo.tpac	Y	parsed
wm_harad_sword_a01_guard	metamesh	wm	harad	-	weapon	-	-	weapons	weapons/Harad/wm_harad_ws_v1_geo.tpac	Y	parsed
wm_harad_sword_a01_handle	metamesh	wm	harad	-	weapon	-	-	weapons	weapons/Harad/wm_harad_ws_v1_geo.tpac	Y	parsed
wm_harad_sword_a01_pommel	metamesh	wm	harad	-	weapon	-	-	weapons	weapons/Harad/wm_harad_ws_v1_geo.tpac	Y	parsed
wm_harad_sword_a02_blade	metamesh	wm	harad	-	weapon	-	-	weapons	weapons/Harad/wm_harad_ws_v1_geo.tpac	Y	parsed
wm_harad_sword_a02_guard	metamesh	wm	harad	-	weapon	-	-	weapons	weapons/Harad/wm_harad_ws_v1_geo.tpac	Y	parsed
wm_harad_sword_a02_handle	metamesh	wm	harad	-	weapon	-	-	weapons	weapons/Harad/wm_harad_ws_v1_geo.tpac	Y	parsed
wm_horn_gondor_base	metamesh	wm	gondor	-	prop	-	-	gondor_weapons	gondor_weapons/shields/wm_boromir_shield_horn_geo.tpac	N	parsed
wm_ingwe_sword_blade	metamesh	wm	elf	-	weapon	-	-	weapons	weapons/Rivendell/Thyrell Elf/wm_elven_sword_weapon_set_a_geo.tpac	Y	parsed
wm_ingwe_sword_guard	metamesh	wm	elf	-	weapon	-	-	weapons	weapons/Rivendell/Thyrell Elf/wm_elven_sword_weapon_set_a_geo.tpac	Y	parsed
wm_ingwe_sword_handle	metamesh	wm	elf	-	weapon	-	-	weapons	weapons/Rivendell/Thyrell Elf/wm_elven_sword_weapon_set_a_geo.tpac	Y	parsed
wm_ingwe_sword_pommel	metamesh	wm	elf	-	weapon	-	-	weapons	weapons/Rivendell/Thyrell Elf/wm_elven_sword_weapon_set_a_geo.tpac	Y	parsed
wm_isengard_1h_pike_a01_blade	metamesh	wm	isengard	1h	weapon	-	-	weapons	weapons/Isengard/wm_isengard_weapon_pack_geo.tpac	Y	parsed
wm_isengard_1h_pike_a01_handle	metamesh	wm	isengard	1h	weapon	-	-	weapons	weapons/Isengard/wm_isengard_weapon_pack_geo.tpac	Y	parsed
wm_isengard_1h_pike_b01_blade	metamesh	wm	isengard	1h	weapon	-	-	weapons	weapons/Isengard/wm_isengard_weapon_pack_geo.tpac	Y	parsed
wm_isengard_1h_pike_b01_handle	metamesh	wm	isengard	1h	weapon	-	-	weapons	weapons/Isengard/wm_isengard_weapon_pack_geo.tpac	Y	parsed
wm_isengard_1h_spear_a01_blade	metamesh	wm	isengard	1h	weapon	-	-	weapons	weapons/Isengard/wm_isengard_weapon_pack_geo.tpac	Y	parsed
wm_isengard_1h_spear_a01_handle	metamesh	wm	isengard	1h	weapon	-	-	weapons	weapons/Isengard/wm_isengard_weapon_pack_geo.tpac	Y	parsed
wm_isengard_1h_spear_b01_blade	metamesh	wm	isengard	1h	weapon	-	-	weapons	weapons/Isengard/wm_isengard_weapon_pack_geo.tpac	Y	parsed
wm_isengard_1h_spear_b01_handle	metamesh	wm	isengard	1h	weapon	-	-	weapons	weapons/Isengard/wm_isengard_weapon_pack_geo.tpac	Y	parsed
wm_isengard_1h_sword_a01_blade	metamesh	wm	isengard	1h	weapon	-	-	weapons	weapons/Isengard/wm_isengard_weapon_pack_geo.tpac	Y	parsed
wm_isengard_1h_sword_a01_guard	metamesh	wm	isengard	1h	weapon	-	-	weapons	weapons/Isengard/wm_isengard_weapon_pack_geo.tpac	Y	parsed
wm_isengard_1h_sword_a01_handle	metamesh	wm	isengard	1h	weapon	-	-	weapons	weapons/Isengard/wm_isengard_weapon_pack_geo.tpac	Y	parsed
wm_isengard_1h_sword_a01_pommel	metamesh	wm	isengard	1h	weapon	-	-	weapons	weapons/Isengard/wm_isengard_weapon_pack_geo.tpac	Y	parsed
wm_isengard_1h_sword_a02_blade	metamesh	wm	isengard	1h	weapon	-	-	weapons	weapons/Isengard/wm_isengard_weapon_pack_geo.tpac	Y	parsed
wm_isengard_1h_sword_a02_guard	metamesh	wm	isengard	1h	weapon	-	-	weapons	weapons/Isengard/wm_isengard_weapon_pack_geo.tpac	Y	parsed
wm_isengard_1h_sword_a02_handle	metamesh	wm	isengard	1h	weapon	-	-	weapons	weapons/Isengard/wm_isengard_weapon_pack_geo.tpac	Y	parsed
wm_isengard_1h_sword_a02_pommel	metamesh	wm	isengard	1h	weapon	-	-	weapons	weapons/Isengard/wm_isengard_weapon_pack_geo.tpac	Y	parsed
wm_isengard_2h_axe_a01_blade	metamesh	wm	isengard	2h	weapon	-	-	weapons	weapons/Isengard/wm_isengard_weapon_pack_geo.tpac	Y	parsed
wm_isengard_2h_axe_a01_handle	metamesh	wm	isengard	2h	weapon	-	-	weapons	weapons/Isengard/wm_isengard_weapon_pack_geo.tpac	Y	parsed
wm_isengard_2h_axe_b01_blade	metamesh	wm	isengard	2h	weapon	-	-	weapons	weapons/Isengard/wm_isengard_weapon_pack_geo.tpac	Y	parsed
wm_isengard_2h_axe_b01_handle	metamesh	wm	isengard	2h	weapon	-	-	weapons	weapons/Isengard/wm_isengard_weapon_pack_geo.tpac	Y	parsed
wm_isengard_2h_axe_c01_blade	metamesh	wm	isengard	2h	weapon	-	-	weapons	weapons/Isengard/wm_isengard_weapon_pack_geo.tpac	Y	parsed
wm_isengard_2h_axe_c01_handle	metamesh	wm	isengard	2h	weapon	-	-	weapons	weapons/Isengard/wm_isengard_weapon_pack_geo.tpac	Y	parsed
wm_isengard_arrow_a01	metamesh	wm	isengard	-	weapon	-	a01	weapons	weapons/Isengard/wm_isengard_weapon_pack_geo.tpac	Y	parsed
wm_isengard_berserker_sword_a01_blade	metamesh	wm	isengard	berserker	weapon	-	-	weapons	weapons/Isengard/wm_isengard_weapon_pack_geo.tpac	Y	parsed
wm_isengard_berserker_sword_a01_guard	metamesh	wm	isengard	berserker	weapon	-	-	weapons	weapons/Isengard/wm_isengard_weapon_pack_geo.tpac	Y	parsed
wm_isengard_berserker_sword_a01_handle	metamesh	wm	isengard	berserker	weapon	-	-	weapons	weapons/Isengard/wm_isengard_weapon_pack_geo.tpac	Y	parsed
wm_isengard_bolt_a01	metamesh	wm	isengard	-	weapon	-	a01	weapons	weapons/Isengard/wm_isengard_weapon_pack_geo.tpac	Y	parsed
wm_isengard_bow_a01	metamesh	wm	isengard	-	weapon	-	a01	weapons	weapons/Isengard/wm_isengard_weapon_pack_geo.tpac	Y	parsed
wm_isengard_bow_a02	metamesh	wm	isengard	-	weapon	-	a02	weapons	weapons/Isengard/wm_isengard_weapon_pack_geo.tpac	Y	parsed
wm_isengard_bow_quiver_a01	metamesh	wm	isengard	-	weapon	-	a01	weapons	weapons/Isengard/wm_isengard_weapon_pack_geo.tpac	Y	parsed
wm_isengard_crossbow_a01	metamesh	wm	isengard	-	weapon	-	a01	weapons	weapons/Isengard/wm_isengard_weapon_pack_geo.tpac	Y	parsed
wm_isengard_crossbow_quiver_a01	metamesh	wm	isengard	-	weapon	-	a01	weapons	weapons/Isengard/wm_isengard_weapon_pack_geo.tpac	Y	parsed
wm_isengard_shield_a01	metamesh	wm	isengard	-	shield	-	a01	weapons	weapons/Isengard/wm_isengard_weapon_pack_geo.tpac	Y	parsed
wm_isengard_shield_a01_clean	metamesh	wm	isengard	-	shield	-	-	weapons	weapons/Isengard/Shields No Hand/t_isengard_weapon_set4_nohand_geo.tpac	Y	parsed
wm_isengard_shield_a02	metamesh	wm	isengard	-	shield	-	a02	weapons	weapons/Isengard/wm_isengard_weapon_pack_geo.tpac	Y	parsed
wm_isengard_shield_a02_clean	metamesh	wm	isengard	-	shield	-	-	weapons	weapons/Isengard/Shields No Hand/t_isengard_weapon_set4_nohand_geo.tpac	Y	parsed
wm_isengard_shield_c01	metamesh	wm	isengard	-	shield	-	c01	weapons	weapons/Isengard/Isengard_Shield_Red_geo.tpac	Y	parsed
wm_isengard_shield_c02	metamesh	wm	isengard	-	shield	-	c02	weapons	weapons/Isengard/Isengard_Shield_Red_geo.tpac	Y	parsed
wm_ithilien_bow	metamesh	wm	gondor	-	weapon	-	-	weapons	weapons/bow/Gondor/wm_ithilien_bow_geo.tpac	Y	parsed
wm_lamedon_1h_sword_a_blade	metamesh	wm	gondor	-	weapon	-	-	gondor_weapons	gondor_weapons/swords/wm_lamedon_swords_geo.tpac	Y	parsed
wm_lamedon_1h_sword_a_guard	metamesh	wm	gondor	-	weapon	-	-	gondor_weapons	gondor_weapons/swords/wm_lamedon_swords_geo.tpac	Y	parsed
wm_lamedon_1h_sword_a_hilt	metamesh	wm	gondor	-	weapon	-	-	gondor_weapons	gondor_weapons/swords/wm_lamedon_swords_geo.tpac	Y	parsed
wm_lamedon_1h_sword_a_pommel	metamesh	wm	gondor	-	weapon	-	-	gondor_weapons	gondor_weapons/swords/wm_lamedon_swords_geo.tpac	Y	parsed
wm_lamedon_2h_sword_a_blade	metamesh	wm	gondor	-	weapon	-	-	gondor_weapons	gondor_weapons/swords/wm_lamedon_swords_geo.tpac	Y	parsed
wm_lamedon_2h_sword_a_guard	metamesh	wm	gondor	-	weapon	-	-	gondor_weapons	gondor_weapons/swords/wm_lamedon_swords_geo.tpac	Y	parsed
wm_lamedon_2h_sword_a_hilt	metamesh	wm	gondor	-	weapon	-	-	gondor_weapons	gondor_weapons/swords/wm_lamedon_swords_geo.tpac	Y	parsed
wm_lamedon_2h_sword_a_pommel	metamesh	wm	gondor	-	weapon	-	-	gondor_weapons	gondor_weapons/swords/wm_lamedon_swords_geo.tpac	Y	parsed
wm_legolas_sword_blade	metamesh	wm	mirkwood	-	weapon	-	-	weapons	weapons/Lothlorien/Anranruth_Galadriel_Legolas/wm_aranruth_legolas_galadriel_geo.tpac	Y	parsed
wm_legolas_sword_guard	metamesh	wm	mirkwood	-	weapon	-	-	weapons	weapons/Lothlorien/Anranruth_Galadriel_Legolas/wm_aranruth_legolas_galadriel_geo.tpac	Y	parsed
wm_legolas_sword_handle	metamesh	wm	mirkwood	-	weapon	-	-	weapons	weapons/Lothlorien/Anranruth_Galadriel_Legolas/wm_aranruth_legolas_galadriel_geo.tpac	Y	parsed
wm_legolas_sword_pommel	metamesh	wm	mirkwood	-	weapon	-	-	weapons	weapons/Lothlorien/Anranruth_Galadriel_Legolas/wm_aranruth_legolas_galadriel_geo.tpac	Y	parsed
wm_lossarnach_1h_axe__blade	metamesh	wm	gondor	1h	weapon	-	-	weapons	weapons/Axes/Gondor/wm_lossarnach_axes_geo.tpac	Y	parsed
wm_lossarnach_1h_axe_black_ash_blade	metamesh	wm	gondor	1h	weapon	-	-	weapons	weapons/Axes/Gondor/wm_lossarnach_axes_geo.tpac	Y	parsed
wm_lossarnach_1h_axe_black_ash_handle	metamesh	wm	gondor	1h	weapon	-	-	weapons	weapons/Axes/Gondor/wm_lossarnach_axes_geo.tpac	Y	parsed
wm_lossarnach_1h_axe_black_ash_pommel	metamesh	wm	gondor	1h	weapon	-	-	weapons	weapons/Axes/Gondor/wm_lossarnach_axes_geo.tpac	Y	parsed
wm_lossarnach_1h_axe_handle	metamesh	wm	gondor	1h	weapon	-	-	weapons	weapons/Axes/Gondor/wm_lossarnach_axes_geo.tpac	Y	parsed
wm_lossarnach_1h_axe_pommel	metamesh	wm	gondor	1h	weapon	-	-	weapons	weapons/Axes/Gondor/wm_lossarnach_axes_geo.tpac	Y	parsed
wm_lossarnach_1h_axe_silver_blade	metamesh	wm	gondor	1h	weapon	-	-	weapons	weapons/Thyrell/wm_lossarnach_axes_geo.tpac	Y	parsed
wm_lossarnach_1h_axe_silver_handle	metamesh	wm	gondor	1h	weapon	-	-	weapons	weapons/Thyrell/wm_lossarnach_axes_geo.tpac	Y	parsed
wm_lossarnach_1h_axe_silver_pommel	metamesh	wm	gondor	1h	weapon	-	-	weapons	weapons/Thyrell/wm_lossarnach_axes_geo.tpac	Y	parsed
wm_lossarnach_2h_axe_black_ash_blade	metamesh	wm	gondor	2h	weapon	-	-	weapons	weapons/Axes/Gondor/wm_lossarnach_axes_geo.tpac	Y	parsed
wm_lossarnach_2h_axe_black_ash_handle	metamesh	wm	gondor	2h	weapon	-	-	weapons	weapons/Axes/Gondor/wm_lossarnach_axes_geo.tpac	Y	parsed
wm_lossarnach_2h_axe_black_ash_pommel	metamesh	wm	gondor	2h	weapon	-	-	weapons	weapons/Axes/Gondor/wm_lossarnach_axes_geo.tpac	Y	parsed
wm_lossarnach_2h_axe_blade	metamesh	wm	gondor	2h	weapon	-	-	weapons	weapons/Axes/Gondor/wm_lossarnach_axes_geo.tpac	Y	parsed
wm_lossarnach_2h_axe_handle	metamesh	wm	gondor	2h	weapon	-	-	weapons	weapons/Axes/Gondor/wm_lossarnach_axes_geo.tpac	Y	parsed
wm_lossarnach_2h_axe_pommel	metamesh	wm	gondor	2h	weapon	-	-	weapons	weapons/Axes/Gondor/wm_lossarnach_axes_geo.tpac	Y	parsed
wm_lossarnach_2h_axe_silver_blade	metamesh	wm	gondor	2h	weapon	-	-	weapons	weapons/Thyrell/wm_lossarnach_axes_geo.tpac	Y	parsed
wm_lossarnach_2h_axe_silver_handle	metamesh	wm	gondor	2h	weapon	-	-	weapons	weapons/Thyrell/wm_lossarnach_axes_geo.tpac	Y	parsed
wm_lossarnach_2h_axe_silver_pommel	metamesh	wm	gondor	2h	weapon	-	-	weapons	weapons/Thyrell/wm_lossarnach_axes_geo.tpac	Y	parsed
wm_mirkwood_arrow_a01	metamesh	wm	mirkwood	-	weapon	-	a01	weapons	weapons/Mirkwood/wm_mirkwood_weapon_set1_geo.tpac	Y	parsed
wm_mirkwood_arrow_a02	metamesh	wm	mirkwood	-	weapon	-	a02	weapons	weapons/Mirkwood/wm_mirkwood_weapon_set1_geo.tpac	Y	parsed
wm_mirkwood_arrow_a03	metamesh	wm	mirkwood	-	weapon	-	a03	weapons	weapons/Mirkwood/wm_mirkwood_weapon_set1_geo.tpac	Y	parsed
wm_mirkwood_bow_a01	metamesh	wm	mirkwood	-	weapon	-	a01	weapons	weapons/Mirkwood/wm_mirkwood_weapon_set1_geo.tpac	Y	parsed
wm_mirkwood_glaive_a01_blade	metamesh	wm	mirkwood	glaive	weapon	-	-	weapons	weapons/Mirkwood/wm_mirkwood_weapon_set1_geo.tpac	Y	parsed
wm_mirkwood_glaive_a01_handle	metamesh	wm	mirkwood	glaive	weapon	-	-	weapons	weapons/Mirkwood/wm_mirkwood_weapon_set1_geo.tpac	Y	parsed
wm_mirkwood_glaive_a01_pommel	metamesh	wm	mirkwood	glaive	weapon	-	-	weapons	weapons/Mirkwood/wm_mirkwood_weapon_set1_geo.tpac	Y	parsed
wm_mirkwood_shield_a01	metamesh	wm	mirkwood	-	shield	-	a01	weapons	weapons/Mirkwood/wm_mirkwood_weapon_set1_geo.tpac	Y	parsed
wm_mirkwood_shield_a02	metamesh	wm	mirkwood	-	shield	-	a02	weapons	weapons/Mirkwood/wm_mirkwood_weapon_set1_geo.tpac	Y	parsed
wm_mirkwood_shield_a03	metamesh	wm	mirkwood	-	shield	-	a03	weapons	weapons/Mirkwood/wm_mirkwood_weapon_set1_geo.tpac	Y	parsed
wm_mirkwood_spear_a01_blade	metamesh	wm	mirkwood	-	weapon	-	-	weapons	weapons/Mirkwood/wm_mirkwood_weapon_set1_geo.tpac	Y	parsed
wm_mirkwood_spear_a01_handle	metamesh	wm	mirkwood	-	weapon	-	-	weapons	weapons/Mirkwood/wm_mirkwood_weapon_set1_geo.tpac	Y	parsed
wm_mirkwood_spear_a02_blade	metamesh	wm	mirkwood	-	weapon	-	-	weapons	weapons/Mirkwood/wm_mirkwood_weapon_set1_geo.tpac	Y	parsed
wm_mirkwood_spear_a02_handle	metamesh	wm	mirkwood	-	weapon	-	-	weapons	weapons/Mirkwood/wm_mirkwood_weapon_set1_geo.tpac	Y	parsed
wm_mirkwood_sword_a01_blade	metamesh	wm	mirkwood	-	weapon	-	-	weapons	weapons/Mirkwood/wm_mirkwood_weapon_set1_geo.tpac	Y	parsed
wm_mirkwood_sword_a01_guard	metamesh	wm	mirkwood	-	weapon	-	-	weapons	weapons/Mirkwood/wm_mirkwood_weapon_set1_geo.tpac	Y	parsed
wm_mirkwood_sword_a01_handle	metamesh	wm	mirkwood	-	weapon	-	-	weapons	weapons/Mirkwood/wm_mirkwood_weapon_set1_geo.tpac	Y	parsed
wm_mirkwood_sword_a01_pommel	metamesh	wm	mirkwood	-	weapon	-	-	weapons	weapons/Mirkwood/wm_mirkwood_weapon_set1_geo.tpac	Y	parsed
wm_mordor_set1_axe_a01_blade	metamesh	wm	mordor	set1	weapon	-	-	mordor_props	mordor_props/orc_weapons/wm_mordor_set1_geo.tpac	Y	parsed
wm_mordor_set1_axe_a01_handle	metamesh	wm	mordor	set1	weapon	-	-	mordor_props	mordor_props/orc_weapons/wm_mordor_set1_geo.tpac	Y	parsed
wm_mordor_set1_axe_a02_blade	metamesh	wm	mordor	set1	weapon	-	-	mordor_props	mordor_props/orc_weapons/wm_mordor_set1_geo.tpac	Y	parsed
wm_mordor_set1_axe_a02_handle	metamesh	wm	mordor	set1	weapon	-	-	mordor_props	mordor_props/orc_weapons/wm_mordor_set1_geo.tpac	Y	parsed
wm_mordor_set1_mace_a01_blade	metamesh	wm	mordor	set1	weapon	-	-	mordor_props	mordor_props/orc_weapons/wm_mordor_set1_geo.tpac	Y	parsed
wm_mordor_set1_mace_a01_handle	metamesh	wm	mordor	set1	weapon	-	-	mordor_props	mordor_props/orc_weapons/wm_mordor_set1_geo.tpac	Y	parsed
wm_mordor_set1_mace_a02_blade	metamesh	wm	mordor	set1	weapon	-	-	mordor_props	mordor_props/orc_weapons/wm_mordor_set1_geo.tpac	Y	parsed
wm_mordor_set1_mace_a02_handle	metamesh	wm	mordor	set1	weapon	-	-	mordor_props	mordor_props/orc_weapons/wm_mordor_set1_geo.tpac	Y	parsed
wm_mordor_set1_polearm_a01_blade	metamesh	wm	mordor	set1	weapon	-	-	mordor_props	mordor_props/orc_weapons/wm_mordor_set1_geo.tpac	Y	parsed
wm_mordor_set1_polearm_a01_handle	metamesh	wm	mordor	set1	weapon	-	-	mordor_props	mordor_props/orc_weapons/wm_mordor_set1_geo.tpac	Y	parsed
wm_mordor_set1_polearm_a02_blade	metamesh	wm	mordor	set1	weapon	-	-	mordor_props	mordor_props/orc_weapons/wm_mordor_set1_geo.tpac	Y	parsed
wm_mordor_set1_polearm_a02_handle	metamesh	wm	mordor	set1	weapon	-	-	mordor_props	mordor_props/orc_weapons/wm_mordor_set1_geo.tpac	Y	parsed
wm_mordor_set1_polearm_a03_blade	metamesh	wm	mordor	set1	weapon	-	-	mordor_props	mordor_props/orc_weapons/wm_mordor_set1_geo.tpac	Y	parsed
wm_mordor_set1_polearm_a03_handle	metamesh	wm	mordor	set1	weapon	-	-	mordor_props	mordor_props/orc_weapons/wm_mordor_set1_geo.tpac	Y	parsed
wm_mordor_set1_polearm_a04_blade	metamesh	wm	mordor	set1	weapon	-	-	mordor_props	mordor_props/orc_weapons/wm_mordor_set1_geo.tpac	Y	parsed
wm_mordor_set1_polearm_a04_handle	metamesh	wm	mordor	set1	weapon	-	-	mordor_props	mordor_props/orc_weapons/wm_mordor_set1_geo.tpac	Y	parsed
wm_mordor_set1_sword_a01_blade	metamesh	wm	mordor	set1	weapon	-	-	mordor_props	mordor_props/orc_weapons/wm_mordor_set1_geo.tpac	Y	parsed
wm_mordor_set1_sword_a01_guard	metamesh	wm	mordor	set1	weapon	-	-	mordor_props	mordor_props/orc_weapons/wm_mordor_set1_geo.tpac	Y	parsed
wm_mordor_set1_sword_a01_handle	metamesh	wm	mordor	set1	weapon	-	-	mordor_props	mordor_props/orc_weapons/wm_mordor_set1_geo.tpac	Y	parsed
wm_mordor_set1_sword_a01_pommel	metamesh	wm	mordor	set1	weapon	-	-	mordor_props	mordor_props/orc_weapons/wm_mordor_set1_geo.tpac	Y	parsed
wm_mordor_set1_sword_a02_blade	metamesh	wm	mordor	set1	weapon	-	-	mordor_props	mordor_props/orc_weapons/wm_mordor_set1_geo.tpac	Y	parsed
wm_mordor_set1_sword_a02_guard	metamesh	wm	mordor	set1	weapon	-	-	mordor_props	mordor_props/orc_weapons/wm_mordor_set1_geo.tpac	Y	parsed
wm_mordor_set1_sword_a02_handle	metamesh	wm	mordor	set1	weapon	-	-	mordor_props	mordor_props/orc_weapons/wm_mordor_set1_geo.tpac	Y	parsed
wm_mordor_set1_sword_a02_pommel	metamesh	wm	mordor	set1	weapon	-	-	mordor_props	mordor_props/orc_weapons/wm_mordor_set1_geo.tpac	Y	parsed
wm_nazgul_sword_blade	metamesh	wm	nazgul	-	weapon	-	-	weapons	weapons/swords/Mordor/Nazgul/wm_nazgul_sword_geo.tpac	Y	parsed
wm_nazgul_sword_guard	metamesh	wm	nazgul	-	weapon	-	-	weapons	weapons/swords/Mordor/Nazgul/wm_nazgul_sword_geo.tpac	Y	parsed
wm_nazgul_sword_hilt	metamesh	wm	nazgul	-	weapon	-	-	weapons	weapons/swords/Mordor/Nazgul/wm_nazgul_sword_geo.tpac	Y	parsed
wm_nazgul_sword_pommel	metamesh	wm	nazgul	-	weapon	-	-	weapons	weapons/swords/Mordor/Nazgul/wm_nazgul_sword_geo.tpac	Y	parsed
wm_pavise_shield_tolfalas	metamesh	wm	gondor	-	shield	-	-	weapons	weapons/Thyrell/wm_sk_shields_lances_geo.tpac	Y	parsed
wm_pelagir_spear_blade	metamesh	wm	gondor	-	weapon	-	-	gondor_weapons	gondor_weapons/swords/wm_pelagir_set_geo.tpac	Y	parsed
wm_pelagir_spear_cloth	metamesh	wm	gondor	-	weapon	-	-	gondor_weapons	gondor_weapons/swords/wm_pelagir_set_geo.tpac	Y	parsed
wm_pelagir_spear_handle	metamesh	wm	gondor	-	weapon	-	-	gondor_weapons	gondor_weapons/swords/wm_pelagir_set_geo.tpac	Y	parsed
wm_pelagir_sword_a01_blade	metamesh	wm	gondor	-	weapon	-	-	gondor_weapons	gondor_weapons/swords/wm_pelagir_set_geo.tpac	Y	parsed
wm_pelagir_sword_a01_guard	metamesh	wm	gondor	-	weapon	-	-	gondor_weapons	gondor_weapons/swords/wm_pelagir_set_geo.tpac	Y	parsed
wm_pelagir_sword_a01_handle	metamesh	wm	gondor	-	weapon	-	-	gondor_weapons	gondor_weapons/swords/wm_pelagir_set_geo.tpac	Y	parsed
wm_pelagir_sword_a01_pommel	metamesh	wm	gondor	-	weapon	-	-	gondor_weapons	gondor_weapons/swords/wm_pelagir_set_geo.tpac	Y	parsed
wm_pelagir_sword_a02_blade	metamesh	wm	gondor	-	weapon	-	-	gondor_weapons	gondor_weapons/swords/wm_pelagir_set_geo.tpac	Y	parsed
wm_pelagir_sword_a02_guard	metamesh	wm	gondor	-	weapon	-	-	gondor_weapons	gondor_weapons/swords/wm_pelagir_set_geo.tpac	Y	parsed
wm_pelagir_sword_a02_handle	metamesh	wm	gondor	-	weapon	-	-	gondor_weapons	gondor_weapons/swords/wm_pelagir_set_geo.tpac	Y	parsed
wm_pelagir_sword_a02_pommel	metamesh	wm	gondor	-	weapon	-	-	gondor_weapons	gondor_weapons/swords/wm_pelagir_set_geo.tpac	Y	parsed
wm_pelargir_shield_a	metamesh	wm	gondor	-	shield	-	a	weapons	weapons/Thyrell/wm_sk_shields_lances_geo.tpac	Y	parsed
wm_pelargir_shield_b	metamesh	wm	gondor	-	shield	-	b	weapons	weapons/Thyrell/wm_sk_shields_lances_geo.tpac	Y	parsed
wm_rivendell_shield_a02	metamesh	wm	rivendell	-	shield	-	a02	shield	shield/High Elven/Rivendell_2/wm_rivendell_ws_1_geo.tpac	Y	parsed
wm_rivendell_shield_a02_black	metamesh	wm	rivendell	-	shield	-	-	shield	shield/High Elven/Rivendell_2/wm_rivendell_ws_1_geo.tpac	Y	parsed
wm_rivendell_shield_a02_silver	metamesh	wm	rivendell	-	shield	-	-	shield	shield/High Elven/Rivendell_2/wm_rivendell_ws_1_geo.tpac	Y	parsed
wm_rivendell_spear_a01_black_blade	metamesh	wm	rivendell	-	weapon	-	-	shield	shield/High Elven/Rivendell_2/wm_rivendell_ws_1_geo.tpac	Y	parsed
wm_rivendell_spear_a01_black_handle	metamesh	wm	rivendell	-	weapon	-	-	shield	shield/High Elven/Rivendell_2/wm_rivendell_ws_1_geo.tpac	Y	parsed
wm_rivendell_spear_a01_blade	metamesh	wm	rivendell	-	weapon	-	-	shield	shield/High Elven/Rivendell_2/wm_rivendell_ws_1_geo.tpac	Y	parsed
wm_rivendell_spear_a01_handle	metamesh	wm	rivendell	-	weapon	-	-	shield	shield/High Elven/Rivendell_2/wm_rivendell_ws_1_geo.tpac	Y	parsed
wm_rivendell_spear_a01_silver_blade	metamesh	wm	rivendell	-	weapon	-	-	shield	shield/High Elven/Rivendell_2/wm_rivendell_ws_1_geo.tpac	Y	parsed
wm_rivendell_spear_a01_silver_handle	metamesh	wm	rivendell	-	weapon	-	-	shield	shield/High Elven/Rivendell_2/wm_rivendell_ws_1_geo.tpac	Y	parsed
wm_rivendell_sword_a01_black_blade	metamesh	wm	rivendell	-	weapon	-	-	shield	shield/High Elven/Rivendell_2/wm_rivendell_ws_1_geo.tpac	Y	parsed
wm_rivendell_sword_a01_black_guard	metamesh	wm	rivendell	-	weapon	-	-	shield	shield/High Elven/Rivendell_2/wm_rivendell_ws_1_geo.tpac	Y	parsed
wm_rivendell_sword_a01_black_handle	metamesh	wm	rivendell	-	weapon	-	-	shield	shield/High Elven/Rivendell_2/wm_rivendell_ws_1_geo.tpac	Y	parsed
wm_rivendell_sword_a01_black_pommel	metamesh	wm	rivendell	-	weapon	-	-	shield	shield/High Elven/Rivendell_2/wm_rivendell_ws_1_geo.tpac	Y	parsed
wm_rivendell_sword_a01_blade	metamesh	wm	rivendell	-	weapon	-	-	shield	shield/High Elven/Rivendell_2/wm_rivendell_ws_1_geo.tpac	Y	parsed
wm_rivendell_sword_a01_guard	metamesh	wm	rivendell	-	weapon	-	-	shield	shield/High Elven/Rivendell_2/wm_rivendell_ws_1_geo.tpac	Y	parsed
wm_rivendell_sword_a01_handle	metamesh	wm	rivendell	-	weapon	-	-	shield	shield/High Elven/Rivendell_2/wm_rivendell_ws_1_geo.tpac	Y	parsed
wm_rivendell_sword_a01_pommel	metamesh	wm	rivendell	-	weapon	-	-	shield	shield/High Elven/Rivendell_2/wm_rivendell_ws_1_geo.tpac	Y	parsed
wm_rivendell_sword_a01_silver_blade	metamesh	wm	rivendell	-	weapon	-	-	shield	shield/High Elven/Rivendell_2/wm_rivendell_ws_1_geo.tpac	Y	parsed
wm_rivendell_sword_a01_silver_guard	metamesh	wm	rivendell	-	weapon	-	-	shield	shield/High Elven/Rivendell_2/wm_rivendell_ws_1_geo.tpac	Y	parsed
wm_rivendell_sword_a01_silver_handle	metamesh	wm	rivendell	-	weapon	-	-	shield	shield/High Elven/Rivendell_2/wm_rivendell_ws_1_geo.tpac	Y	parsed
wm_rivendell_sword_a01_silver_pommel	metamesh	wm	rivendell	-	weapon	-	-	shield	shield/High Elven/Rivendell_2/wm_rivendell_ws_1_geo.tpac	Y	parsed
wm_rivendell_sword_a02_black_blade	metamesh	wm	rivendell	-	weapon	-	-	shield	shield/High Elven/Rivendell_2/wm_rivendell_ws_1_geo.tpac	Y	parsed
wm_rivendell_sword_a02_black_guard	metamesh	wm	rivendell	-	weapon	-	-	shield	shield/High Elven/Rivendell_2/wm_rivendell_ws_1_geo.tpac	Y	parsed
wm_rivendell_sword_a02_black_handle	metamesh	wm	rivendell	-	weapon	-	-	shield	shield/High Elven/Rivendell_2/wm_rivendell_ws_1_geo.tpac	Y	parsed
wm_rivendell_sword_a02_black_pommel	metamesh	wm	rivendell	-	weapon	-	-	shield	shield/High Elven/Rivendell_2/wm_rivendell_ws_1_geo.tpac	Y	parsed
wm_rivendell_sword_a02_blade	metamesh	wm	rivendell	-	weapon	-	-	shield	shield/High Elven/Rivendell_2/wm_rivendell_ws_1_geo.tpac	Y	parsed
wm_rivendell_sword_a02_guard	metamesh	wm	rivendell	-	weapon	-	-	shield	shield/High Elven/Rivendell_2/wm_rivendell_ws_1_geo.tpac	Y	parsed
wm_rivendell_sword_a02_handle	metamesh	wm	rivendell	-	weapon	-	-	shield	shield/High Elven/Rivendell_2/wm_rivendell_ws_1_geo.tpac	Y	parsed
wm_rivendell_sword_a02_pommel	metamesh	wm	rivendell	-	weapon	-	-	shield	shield/High Elven/Rivendell_2/wm_rivendell_ws_1_geo.tpac	Y	parsed
wm_rivendell_sword_a02_silver_blade	metamesh	wm	rivendell	-	weapon	-	-	shield	shield/High Elven/Rivendell_2/wm_rivendell_ws_1_geo.tpac	Y	parsed
wm_rivendell_sword_a02_silver_guard	metamesh	wm	rivendell	-	weapon	-	-	shield	shield/High Elven/Rivendell_2/wm_rivendell_ws_1_geo.tpac	Y	parsed
wm_rivendell_sword_a02_silver_handle	metamesh	wm	rivendell	-	weapon	-	-	shield	shield/High Elven/Rivendell_2/wm_rivendell_ws_1_geo.tpac	Y	parsed
wm_rivendell_sword_a02_silver_pommel	metamesh	wm	rivendell	-	weapon	-	-	shield	shield/High Elven/Rivendell_2/wm_rivendell_ws_1_geo.tpac	Y	parsed
wm_rohan_shield_a01_gbg	metamesh	wm	rohan	-	shield	-	-	shield	shield/Rohan/Rohan_Solus/wm_rohan_shields_geo.tpac	Y	parsed
wm_rohan_shield_a01_gbw	metamesh	wm	rohan	-	shield	-	-	shield	shield/Rohan/Rohan_Solus/wm_rohan_shields_geo.tpac	Y	parsed
wm_rohan_shield_a01_ggg	metamesh	wm	rohan	-	shield	-	-	shield	shield/Rohan/Rohan_Solus/wm_rohan_shields_geo.tpac	Y	parsed
wm_rohan_shield_a01_ggw	metamesh	wm	rohan	-	shield	-	-	shield	shield/Rohan/Rohan_Solus/wm_rohan_shields_geo.tpac	Y	parsed
wm_rohan_shield_a01_gsg	metamesh	wm	rohan	-	shield	-	-	shield	shield/Rohan/Rohan_Solus/wm_rohan_shields_geo.tpac	Y	parsed
wm_rohan_shield_a01_gsw	metamesh	wm	rohan	-	shield	-	-	shield	shield/Rohan/Rohan_Solus/wm_rohan_shields_geo.tpac	Y	parsed
wm_rohan_shield_a01_rbg	metamesh	wm	rohan	-	shield	-	-	shield	shield/Rohan/Rohan_Solus/wm_rohan_shields_red_geo.tpac	Y	parsed
wm_rohan_shield_a01_rbw	metamesh	wm	rohan	-	shield	-	-	shield	shield/Rohan/Rohan_Solus/wm_rohan_shields_red_geo.tpac	Y	parsed
wm_rohan_shield_a01_rgg	metamesh	wm	rohan	-	shield	-	-	shield	shield/Rohan/Rohan_Solus/wm_rohan_shields_red_geo.tpac	Y	parsed
wm_rohan_shield_a01_rgw	metamesh	wm	rohan	-	shield	-	-	shield	shield/Rohan/Rohan_Solus/wm_rohan_shields_red_geo.tpac	Y	parsed
wm_rohan_shield_a01_rsg	metamesh	wm	rohan	-	shield	-	-	shield	shield/Rohan/Rohan_Solus/wm_rohan_shields_red_geo.tpac	Y	parsed
wm_rohan_shield_a01_rsw	metamesh	wm	rohan	-	shield	-	-	shield	shield/Rohan/Rohan_Solus/wm_rohan_shields_red_geo.tpac	Y	parsed
wm_rohan_shield_a01_ybw	metamesh	wm	rohan	-	shield	-	-	shield	shield/Rohan/Rohan_Solus/wm_rohan_shields_yellow_geo.tpac	Y	parsed
wm_rohan_shield_a01_ysw	metamesh	wm	rohan	-	shield	-	-	shield	shield/Rohan/Rohan_Solus/wm_rohan_shields_yellow_geo.tpac	Y	parsed
wm_rohan_shield_a02_gbg	metamesh	wm	rohan	-	shield	-	-	shield	shield/Rohan/Rohan_Solus/wm_rohan_shields_geo.tpac	Y	parsed
wm_rohan_shield_a02_gbw	metamesh	wm	rohan	-	shield	-	-	shield	shield/Rohan/Rohan_Solus/wm_rohan_shields_geo.tpac	Y	parsed
wm_rohan_shield_a02_ggg	metamesh	wm	rohan	-	shield	-	-	shield	shield/Rohan/Rohan_Solus/wm_rohan_shields_geo.tpac	Y	parsed
wm_rohan_shield_a02_ggw	metamesh	wm	rohan	-	shield	-	-	shield	shield/Rohan/Rohan_Solus/wm_rohan_shields_geo.tpac	Y	parsed
wm_rohan_shield_a02_gsg	metamesh	wm	rohan	-	shield	-	-	shield	shield/Rohan/Rohan_Solus/wm_rohan_shields_geo.tpac	Y	parsed
wm_rohan_shield_a02_gsw	metamesh	wm	rohan	-	shield	-	-	shield	shield/Rohan/Rohan_Solus/wm_rohan_shields_geo.tpac	Y	parsed
wm_rohan_shield_a02_rbg	metamesh	wm	rohan	-	shield	-	-	shield	shield/Rohan/Rohan_Solus/wm_rohan_shields_red_geo.tpac	Y	parsed
wm_rohan_shield_a02_rbw	metamesh	wm	rohan	-	shield	-	-	shield	shield/Rohan/Rohan_Solus/wm_rohan_shields_red_geo.tpac	Y	parsed
wm_rohan_shield_a02_rgg	metamesh	wm	rohan	-	shield	-	-	shield	shield/Rohan/Rohan_Solus/wm_rohan_shields_red_geo.tpac	Y	parsed
wm_rohan_shield_a02_rgw	metamesh	wm	rohan	-	shield	-	-	shield	shield/Rohan/Rohan_Solus/wm_rohan_shields_red_geo.tpac	Y	parsed
wm_rohan_shield_a02_rsg	metamesh	wm	rohan	-	shield	-	-	shield	shield/Rohan/Rohan_Solus/wm_rohan_shields_red_geo.tpac	Y	parsed
wm_rohan_shield_a02_rsw	metamesh	wm	rohan	-	shield	-	-	shield	shield/Rohan/Rohan_Solus/wm_rohan_shields_red_geo.tpac	Y	parsed
wm_rohan_shield_a02_ybw	metamesh	wm	rohan	-	shield	-	-	shield	shield/Rohan/Rohan_Solus/wm_rohan_shields_yellow_geo.tpac	Y	parsed
wm_rohan_shield_a02_ysw	metamesh	wm	rohan	-	shield	-	-	shield	shield/Rohan/Rohan_Solus/wm_rohan_shields_yellow_geo.tpac	Y	parsed
wm_rohan_shield_a03_gbg	metamesh	wm	rohan	-	shield	-	-	shield	shield/Rohan/Rohan_Solus/wm_rohan_shields_geo.tpac	Y	parsed
wm_rohan_shield_a03_gbw	metamesh	wm	rohan	-	shield	-	-	shield	shield/Rohan/Rohan_Solus/wm_rohan_shields_geo.tpac	Y	parsed
wm_rohan_shield_a03_ggg	metamesh	wm	rohan	-	shield	-	-	shield	shield/Rohan/Rohan_Solus/wm_rohan_shields_geo.tpac	Y	parsed
wm_rohan_shield_a03_ggw	metamesh	wm	rohan	-	shield	-	-	shield	shield/Rohan/Rohan_Solus/wm_rohan_shields_geo.tpac	Y	parsed
wm_rohan_shield_a03_gsg	metamesh	wm	rohan	-	shield	-	-	shield	shield/Rohan/Rohan_Solus/wm_rohan_shields_geo.tpac	Y	parsed
wm_rohan_shield_a03_gsw	metamesh	wm	rohan	-	shield	-	-	shield	shield/Rohan/Rohan_Solus/wm_rohan_shields_geo.tpac	Y	parsed
wm_rohan_shield_a03_rbg	metamesh	wm	rohan	-	shield	-	-	shield	shield/Rohan/Rohan_Solus/wm_rohan_shields_red_geo.tpac	Y	parsed
wm_rohan_shield_a03_rbw	metamesh	wm	rohan	-	shield	-	-	shield	shield/Rohan/Rohan_Solus/wm_rohan_shields_red_geo.tpac	Y	parsed
wm_rohan_shield_a03_rgg	metamesh	wm	rohan	-	shield	-	-	shield	shield/Rohan/Rohan_Solus/wm_rohan_shields_red_geo.tpac	Y	parsed
wm_rohan_shield_a03_rgw	metamesh	wm	rohan	-	shield	-	-	shield	shield/Rohan/Rohan_Solus/wm_rohan_shields_red_geo.tpac	Y	parsed
wm_rohan_shield_a03_rsg	metamesh	wm	rohan	-	shield	-	-	shield	shield/Rohan/Rohan_Solus/wm_rohan_shields_red_geo.tpac	Y	parsed
wm_rohan_shield_a03_rsw	metamesh	wm	rohan	-	shield	-	-	shield	shield/Rohan/Rohan_Solus/wm_rohan_shields_red_geo.tpac	Y	parsed
wm_rohan_shield_a03_ybw	metamesh	wm	rohan	-	shield	-	-	shield	shield/Rohan/Rohan_Solus/wm_rohan_shields_yellow_geo.tpac	Y	parsed
wm_rohan_shield_a03_ysw	metamesh	wm	rohan	-	shield	-	-	shield	shield/Rohan/Rohan_Solus/wm_rohan_shields_yellow_geo.tpac	Y	parsed
wm_rohan_shield_b01_gbg	metamesh	wm	rohan	-	shield	-	-	shield	shield/Rohan/Rohan_Solus/wm_rohan_shields_geo.tpac	Y	parsed
wm_rohan_shield_b01_gbw	metamesh	wm	rohan	-	shield	-	-	shield	shield/Rohan/Rohan_Solus/wm_rohan_shields_geo.tpac	Y	parsed
wm_rohan_shield_b01_ggg	metamesh	wm	rohan	-	shield	-	-	shield	shield/Rohan/Rohan_Solus/wm_rohan_shields_geo.tpac	Y	parsed
wm_rohan_shield_b01_ggw	metamesh	wm	rohan	-	shield	-	-	shield	shield/Rohan/Rohan_Solus/wm_rohan_shields_geo.tpac	Y	parsed
wm_rohan_shield_b01_gsg	metamesh	wm	rohan	-	shield	-	-	shield	shield/Rohan/Rohan_Solus/wm_rohan_shields_geo.tpac	Y	parsed
wm_rohan_shield_b01_gsw	metamesh	wm	rohan	-	shield	-	-	shield	shield/Rohan/Rohan_Solus/wm_rohan_shields_geo.tpac	Y	parsed
wm_rohan_shield_b01_rbg	metamesh	wm	rohan	-	shield	-	-	shield	shield/Rohan/Rohan_Solus/wm_rohan_shields_red_geo.tpac	Y	parsed
wm_rohan_shield_b01_rbw	metamesh	wm	rohan	-	shield	-	-	shield	shield/Rohan/Rohan_Solus/wm_rohan_shields_red_geo.tpac	Y	parsed
wm_rohan_shield_b01_rgg	metamesh	wm	rohan	-	shield	-	-	shield	shield/Rohan/Rohan_Solus/wm_rohan_shields_red_geo.tpac	Y	parsed
wm_rohan_shield_b01_rgw	metamesh	wm	rohan	-	shield	-	-	shield	shield/Rohan/Rohan_Solus/wm_rohan_shields_red_geo.tpac	Y	parsed
wm_rohan_shield_b01_rsg	metamesh	wm	rohan	-	shield	-	-	shield	shield/Rohan/Rohan_Solus/wm_rohan_shields_red_geo.tpac	Y	parsed
wm_rohan_shield_b01_rsw	metamesh	wm	rohan	-	shield	-	-	shield	shield/Rohan/Rohan_Solus/wm_rohan_shields_red_geo.tpac	Y	parsed
wm_rohan_ws_axe_1h_a01_blade	metamesh	wm	rohan	ws	weapon	-	-	rohan_weapons	rohan_weapons/wm_rohan_ws_1_geo.tpac	Y	parsed
wm_rohan_ws_axe_1h_a01_handle	metamesh	wm	rohan	ws	weapon	-	-	rohan_weapons	rohan_weapons/wm_rohan_ws_1_geo.tpac	Y	parsed
wm_rohan_ws_axe_2h_a01_blade	metamesh	wm	rohan	ws	weapon	-	-	rohan_weapons	rohan_weapons/wm_rohan_ws_1_geo.tpac	Y	parsed
wm_rohan_ws_axe_2h_a01_handle	metamesh	wm	rohan	ws	weapon	-	-	rohan_weapons	rohan_weapons/wm_rohan_ws_1_geo.tpac	Y	parsed
wm_rohan_ws_axe_2h_b01_blade	metamesh	wm	rohan	ws	weapon	-	-	rohan_weapons	rohan_weapons/wm_rohan_ws_1_geo.tpac	Y	parsed
wm_rohan_ws_axe_2h_b01_handle	metamesh	wm	rohan	ws	weapon	-	-	rohan_weapons	rohan_weapons/wm_rohan_ws_1_geo.tpac	Y	parsed
wm_rohan_ws_axe_2h_b01_pommel	metamesh	wm	rohan	ws	weapon	-	-	rohan_weapons	rohan_weapons/wm_rohan_ws_1_geo.tpac	Y	parsed
wm_rohan_ws_bow	metamesh	wm	rohan	ws	weapon	-	-	rohan_weapons	rohan_weapons/wm_rohan_ws_1_geo.tpac	Y	parsed
wm_rohan_ws_spear_a01_blade	metamesh	wm	rohan	ws	weapon	-	-	rohan_weapons	rohan_weapons/wm_rohan_ws_1_geo.tpac	Y	parsed
wm_rohan_ws_spear_a01_handle	metamesh	wm	rohan	ws	weapon	-	-	rohan_weapons	rohan_weapons/wm_rohan_ws_1_geo.tpac	Y	parsed
wm_rohan_ws_spear_a02_blade	metamesh	wm	rohan	ws	weapon	-	-	rohan_weapons	rohan_weapons/wm_rohan_ws_1_geo.tpac	Y	parsed
wm_rohan_ws_spear_a02_handle	metamesh	wm	rohan	ws	weapon	-	-	rohan_weapons	rohan_weapons/wm_rohan_ws_1_geo.tpac	Y	parsed
wm_rohan_ws_spear_a03_blade	metamesh	wm	rohan	ws	weapon	-	-	rohan_weapons	rohan_weapons/wm_rohan_ws_1_geo.tpac	Y	parsed
wm_rohan_ws_spear_a03_handle	metamesh	wm	rohan	ws	weapon	-	-	rohan_weapons	rohan_weapons/wm_rohan_ws_1_geo.tpac	Y	parsed
wm_rohan_ws_sword_a01_blade	metamesh	wm	rohan	ws	weapon	-	-	rohan_weapons	rohan_weapons/wm_rohan_ws_1_geo.tpac	Y	parsed
wm_rohan_ws_sword_a01_guard	metamesh	wm	rohan	ws	weapon	-	-	rohan_weapons	rohan_weapons/wm_rohan_ws_1_geo.tpac	Y	parsed
wm_rohan_ws_sword_a01_handle	metamesh	wm	rohan	ws	weapon	-	-	rohan_weapons	rohan_weapons/wm_rohan_ws_1_geo.tpac	Y	parsed
wm_rohan_ws_sword_a01_pommel	metamesh	wm	rohan	ws	weapon	-	-	rohan_weapons	rohan_weapons/wm_rohan_ws_1_geo.tpac	Y	parsed
wm_rohan_ws_sword_a02_blade	metamesh	wm	rohan	ws	weapon	-	-	rohan_weapons	rohan_weapons/wm_rohan_ws_1_geo.tpac	Y	parsed
wm_rohan_ws_sword_a02_guard	metamesh	wm	rohan	ws	weapon	-	-	rohan_weapons	rohan_weapons/wm_rohan_ws_1_geo.tpac	Y	parsed
wm_rohan_ws_sword_a02_handle	metamesh	wm	rohan	ws	weapon	-	-	rohan_weapons	rohan_weapons/wm_rohan_ws_1_geo.tpac	Y	parsed
wm_rohan_ws_sword_a02_pommel	metamesh	wm	rohan	ws	weapon	-	-	rohan_weapons	rohan_weapons/wm_rohan_ws_1_geo.tpac	Y	parsed
wm_rohan_ws_sword_a03_blade	metamesh	wm	rohan	ws	weapon	-	-	rohan_weapons	rohan_weapons/wm_rohan_ws_1_geo.tpac	Y	parsed
wm_rohan_ws_sword_a03_guard	metamesh	wm	rohan	ws	weapon	-	-	rohan_weapons	rohan_weapons/wm_rohan_ws_1_geo.tpac	Y	parsed
wm_rohan_ws_sword_a03_handle	metamesh	wm	rohan	ws	weapon	-	-	rohan_weapons	rohan_weapons/wm_rohan_ws_1_geo.tpac	Y	parsed
wm_rohan_ws_sword_a03_pommel	metamesh	wm	rohan	ws	weapon	-	-	rohan_weapons	rohan_weapons/wm_rohan_ws_1_geo.tpac	Y	parsed
wm_sauron_mace_blade	metamesh	wm	mordor	-	weapon	-	-	weapons	weapons/Mordor/Sauron/wm_sauron_mace_geo.tpac	Y	parsed
wm_sauron_mace_handle	metamesh	wm	mordor	-	weapon	-	-	weapons	weapons/Mordor/Sauron/wm_sauron_mace_geo.tpac	Y	parsed
wm_strider_sword_blade	metamesh	wm	arnor	-	weapon	-	-	weapons	weapons/swords/Theoden_Aragorn/wm_theoden_anduril_strider_geo.tpac	Y	parsed
wm_strider_sword_guard	metamesh	wm	arnor	-	weapon	-	-	weapons	weapons/swords/Theoden_Aragorn/wm_theoden_anduril_strider_geo.tpac	Y	parsed
wm_strider_sword_hilt	metamesh	wm	arnor	-	weapon	-	-	weapons	weapons/swords/Theoden_Aragorn/wm_theoden_anduril_strider_geo.tpac	Y	parsed
wm_strider_sword_pommel	metamesh	wm	arnor	-	weapon	-	-	weapons	weapons/swords/Theoden_Aragorn/wm_theoden_anduril_strider_geo.tpac	Y	parsed
wm_swan_knight_lance_blade_b	metamesh	wm	gondor	knight	weapon	-	b	weapons	weapons/Thyrell/wm_sk_shields_lances_geo.tpac	Y	parsed
wm_swan_knight_lance_blade_blade_a	metamesh	wm	gondor	knight	weapon	-	a	weapons	weapons/Thyrell/wm_sk_shields_lances_geo.tpac	Y	parsed
wm_swan_knight_lance_flag	metamesh	wm	gondor	knight	weapon	-	-	weapons	weapons/Thyrell/wm_sk_shields_lances_geo.tpac	Y	parsed
wm_swan_knight_lance_handle_a	metamesh	wm	gondor	knight	weapon	-	a	weapons	weapons/Thyrell/wm_sk_shields_lances_geo.tpac	Y	parsed
wm_swan_knight_lance_handle_b	metamesh	wm	gondor	knight	weapon	-	b	weapons	weapons/Thyrell/wm_sk_shields_lances_geo.tpac	N	parsed
wm_swan_knight_spear_blade	metamesh	wm	gondor	knight	weapon	-	-	weapons	weapons/spears/Gondor/wm_swan_knight_spear_geo.tpac	Y	parsed
wm_swan_knight_spear_flag	metamesh	wm	gondor	knight	weapon	-	-	weapons	weapons/spears/Gondor/wm_swan_knight_spear_geo.tpac	Y	parsed
wm_swan_knight_spear_gondor_blade	metamesh	wm	gondor	knight	weapon	-	-	weapons	weapons/spears/Gondor/wm_swan_knight_spear_geo.tpac	Y	parsed
wm_swan_knight_spear_gondor_flag	metamesh	wm	gondor	knight	weapon	-	-	weapons	weapons/spears/Gondor/wm_swan_knight_spear_geo.tpac	Y	parsed
wm_swan_knight_spear_gondor_handle	metamesh	wm	gondor	knight	weapon	-	-	weapons	weapons/spears/Gondor/wm_swan_knight_spear_geo.tpac	Y	parsed
wm_swan_knight_spear_handle	metamesh	wm	gondor	knight	weapon	-	-	weapons	weapons/spears/Gondor/wm_swan_knight_spear_geo.tpac	Y	parsed
wm_swan_knight_spear_pg_blade	metamesh	wm	gondor	knight	weapon	-	-	weapons	weapons/spears/Gondor/wm_swan_knight_spear_geo.tpac	Y	parsed
wm_swan_knight_spear_pg_flag	metamesh	wm	gondor	knight	weapon	-	-	weapons	weapons/spears/Gondor/wm_swan_knight_spear_geo.tpac	Y	parsed
wm_swan_knight_spear_pg_handle	metamesh	wm	gondor	knight	weapon	-	-	weapons	weapons/spears/Gondor/wm_swan_knight_spear_geo.tpac	Y	parsed
wm_swan_knight_sword_a_blade	metamesh	wm	gondor	knight	weapon	-	-	gondor_weapons	gondor_weapons/swords/wm_swan_sword_geo.tpac	Y	parsed
wm_swan_knight_sword_a_guard	metamesh	wm	gondor	knight	weapon	-	-	gondor_weapons	gondor_weapons/swords/wm_swan_sword_geo.tpac	Y	parsed
wm_swan_knight_sword_a_hilt	metamesh	wm	gondor	knight	weapon	-	-	gondor_weapons	gondor_weapons/swords/wm_swan_sword_geo.tpac	Y	parsed
wm_swan_knight_sword_a_pommel	metamesh	wm	gondor	knight	weapon	-	-	gondor_weapons	gondor_weapons/swords/wm_swan_sword_geo.tpac	Y	parsed
wm_swan_knight_sword_b_blade	metamesh	wm	gondor	knight	weapon	-	-	gondor_weapons	gondor_weapons/swords/wm_swan_sword_geo.tpac	Y	parsed
wm_swan_knight_sword_b_guard	metamesh	wm	gondor	knight	weapon	-	-	gondor_weapons	gondor_weapons/swords/wm_swan_sword_geo.tpac	Y	parsed
wm_swan_knight_sword_b_hilt	metamesh	wm	gondor	knight	weapon	-	-	gondor_weapons	gondor_weapons/swords/wm_swan_sword_geo.tpac	Y	parsed
wm_swan_knight_sword_b_pommel	metamesh	wm	gondor	knight	weapon	-	-	gondor_weapons	gondor_weapons/swords/wm_swan_sword_geo.tpac	Y	parsed
wm_theoden_shield	metamesh	wm	rohan	-	shield	-	-	shield	shield/Rohan/Theoden/wm_theoden_shield_geo.tpac	Y	parsed
wm_theoden_sword_blade	metamesh	wm	rohan	-	weapon	-	-	weapons	weapons/swords/Theoden_Aragorn/wm_theoden_anduril_strider_geo.tpac	Y	parsed
wm_theoden_sword_guard	metamesh	wm	rohan	-	weapon	-	-	weapons	weapons/swords/Theoden_Aragorn/wm_theoden_anduril_strider_geo.tpac	Y	parsed
wm_theoden_sword_handle	metamesh	wm	rohan	-	weapon	-	-	weapons	weapons/swords/Theoden_Aragorn/wm_theoden_anduril_strider_geo.tpac	Y	parsed
wm_theoden_sword_pommel	metamesh	wm	rohan	-	weapon	-	-	weapons	weapons/swords/Theoden_Aragorn/wm_theoden_anduril_strider_geo.tpac	Y	parsed
wm_thranduil_sword_blade	metamesh	wm	mirkwood	-	weapon	-	-	weapons	weapons/Thyrell/wm_tuor_thranduil_geo.tpac	Y	parsed
wm_thranduil_sword_guard	metamesh	wm	mirkwood	-	weapon	-	-	weapons	weapons/Thyrell/wm_tuor_thranduil_geo.tpac	Y	parsed
wm_thranduil_sword_handle	metamesh	wm	mirkwood	-	weapon	-	-	weapons	weapons/Thyrell/wm_tuor_thranduil_geo.tpac	Y	parsed
wm_tuors_axe_1h_handle	metamesh	wm	elf	-	weapon	-	-	weapons	weapons/Thyrell/wm_tuor_thranduil_geo.tpac	Y	parsed
wm_tuors_axe_blade	metamesh	wm	elf	-	weapon	-	-	weapons	weapons/Thyrell/wm_tuor_thranduil_geo.tpac	Y	parsed
wm_tuors_axe_handle	metamesh	wm	elf	-	weapon	-	-	weapons	weapons/Thyrell/wm_tuor_thranduil_geo.tpac	Y	parsed
wm_tuors_shield	metamesh	wm	elf	-	shield	-	-	weapons	weapons/Thyrell/wm_tuor_shield_geo.tpac	N	parsed
wm_turin_sword_blade	metamesh	wm	elf	-	weapon	-	-	weapons	weapons/Rivendell/Thyrell Elf/wm_elven_sword_weapon_set_a_geo.tpac	Y	parsed
wm_turin_sword_guard	metamesh	wm	elf	-	weapon	-	-	weapons	weapons/Rivendell/Thyrell Elf/wm_elven_sword_weapon_set_a_geo.tpac	Y	parsed
wm_turin_sword_handle	metamesh	wm	elf	-	weapon	-	-	weapons	weapons/Rivendell/Thyrell Elf/wm_elven_sword_weapon_set_a_geo.tpac	Y	parsed
wm_turin_sword_pommel	metamesh	wm	elf	-	weapon	-	-	weapons	weapons/Rivendell/Thyrell Elf/wm_elven_sword_weapon_set_a_geo.tpac	Y	parsed
wm_voronwe_sword_blade	metamesh	wm	elf	-	weapon	-	-	weapons	weapons/Rivendell/Thyrell Elf/wm_elven_sword_weapon_set_a_geo.tpac	Y	parsed
wm_voronwe_sword_guard	metamesh	wm	elf	-	weapon	-	-	weapons	weapons/Rivendell/Thyrell Elf/wm_elven_sword_weapon_set_a_geo.tpac	Y	parsed
wm_voronwe_sword_handle	metamesh	wm	elf	-	weapon	-	-	weapons	weapons/Rivendell/Thyrell Elf/wm_elven_sword_weapon_set_a_geo.tpac	Y	parsed
wm_voronwe_sword_pommel	metamesh	wm	elf	-	weapon	-	-	weapons	weapons/Rivendell/Thyrell Elf/wm_elven_sword_weapon_set_a_geo.tpac	Y	parsed
wm_witch_king_sword_blade	metamesh	wm	nazgul	king	weapon	-	-	weapons	weapons/swords/Mordor/Witch King/wm_witch_king_sword_geo.tpac	Y	parsed
wm_witch_king_sword_guard	metamesh	wm	nazgul	king	weapon	-	-	weapons	weapons/swords/Mordor/Witch King/wm_witch_king_sword_geo.tpac	Y	parsed
wm_witch_king_sword_hilt	metamesh	wm	nazgul	king	weapon	-	-	weapons	weapons/swords/Mordor/Witch King/wm_witch_king_sword_geo.tpac	Y	parsed
wm_witch_king_sword_pommel	metamesh	wm	nazgul	king	weapon	-	-	weapons	weapons/swords/Mordor/Witch King/wm_witch_king_sword_geo.tpac	Y	parsed
