name	module	pack	format	width	height	mips	faces	formula_bytes	pixel_segment_bytes	stub_segment_bytes	resident_bytes	size_source	flags	referenced_by	also_in	source_path
16K_Vista_02	TAOM_Map	AssetPackages/pack0.tpac	DXT5	16384	16384	15	1	357913968	357913968		357913968	pixel_segment		terrain:vista_diffuse_name=1		$BASE/Modules/TAOM_Map/AssetSources/Vista_16K/16K_Vista_02.png
decal_piled_leaks_a_d	TAOM_Map	AssetPackages/pack1.tpac	DXT5	2048	2048	12	1	5592432	5592432		5592432	pixel_segment		material:decal_piled_leaks_a_mat=1		$BASE/Modules/TAOM_Map/AssetSources/Scenes/Decals/decal_piled_leaks_a_d.png
decal_piled_leaks_a_n	TAOM_Map	AssetPackages/pack1.tpac	BC5	2048	2048	12	1	5592432	5592432		5592432	pixel_segment		material:decal_piled_leaks_a_mat=1		$BASE/Modules/TAOM_Map/AssetSources/Scenes/Decals/decal_piled_leaks_a_n.png
dragonstone_map_01_a_d_1	TAOM_Map	AssetPackages/pack1.tpac	DXT5	2048	2048	12	1	5592432	5592432		5592432	pixel_segment		material:dragonstone_map_01_a=1		$BASE/Modules/TAOM_Map/AssetSources/Campaign Map/Map Icons/Mordor/textures/dragonstone_map_01_a_d_1.png
gundabad_town_hill_d	TAOM_Map	AssetPackages/pack2.tpac	DXT5	2048	2048	12	1	5592432	5592432		5592432	pixel_segment		material:gundabad_town_hill=1		$BASE/Modules/TAOM_Map/AssetSources/Campaign Map/Map Icons/Gundabad/textures/gundabad_town_hill_d.png
lothlorien_map_atlas_d	TAOM_Map	AssetPackages/pack2.tpac	DXT5	2048	2048	12	1	5592432	5592432		5592432	pixel_segment		material:lothlorien_map_atlas=1		$BASE/Modules/TAOM_Map/AssetSources/Campaign Map/Map Icons/Lothlorien/textures/lothlorien_map_atlas_d.png
lothlorien_map_mallorn_d	TAOM_Map	AssetPackages/pack2.tpac	DXT5	2048	2048	12	1	5592432	5592432		5592432	pixel_segment		material:lothlorien_map_mallorn=1		$BASE/Modules/TAOM_Map/AssetSources/Campaign Map/Map Icons/Lothlorien/textures/lothlorien_map_mallorn_d.png
mirkwood_map_atlas_d	TAOM_Map	AssetPackages/pack2.tpac	DXT5	2048	2048	12	1	5592432	5592432		5592432	pixel_segment		material:mirkwood_map_atlas=1		$BASE/Modules/TAOM_Map/AssetSources/Campaign Map/Map Icons/Mirkwood/Mirkwood Icons/textures/mirkwood_map_atlas_d.png
mordor_houses_d	TAOM_Map	AssetPackages/pack2.tpac	DXT5	2048	2048	12	1	5592432	5592432		5592432	pixel_segment		material:mordor_houses=1		$BASE/Modules/TAOM_Map/AssetSources/Campaign Map/Map Icons/Mordor/textures/mordor_houses_d.png
mordor_planks_d	TAOM_Map	AssetPackages/pack2.tpac	DXT5	2048	2048	12	1	5592432	5592432		5592432	pixel_segment		material:mordor_planks=1		$BASE/Modules/TAOM_Map/AssetSources/Campaign Map/Map Icons/Mordor/textures/mordor_planks_d.png
rohan_houses_burnt_d	TAOM_Map	AssetPackages/pack2.tpac	DXT5	2048	2048	12	1	5592432	5592432		5592432	pixel_segment		material:rohan_houses_burnt=1		$BASE/Modules/TAOM_Map/AssetSources/Campaign Map/Map Icons/Rohan/textures/rohan_houses_burnt_d.png
rohan_houses_d	TAOM_Map	AssetPackages/pack2.tpac	DXT5	2048	2048	12	1	5592432	5592432		5592432	pixel_segment		material:rohan_houses=1		$BASE/Modules/TAOM_Map/AssetSources/Campaign Map/Map Icons/Rohan/textures/rohan_houses_d.png
t_decal_dirt_vertical_a_d	TAOM_Map	AssetPackages/pack3.tpac	DXT5	2048	2048	12	1	5592432	5592432		5592432	pixel_segment		material:t_decal_dirt_vertical=1		$BASE/Modules/TAOM_Map/AssetSources/Scenes/Decals/t_decal_dirt_vertical_a_d.png
t_decal_dirt_vertical_a_n	TAOM_Map	AssetPackages/pack3.tpac	BC5	2048	2048	12	1	5592432	5592432		5592432	pixel_segment		material:t_decal_dirt_vertical=1		$BASE/Modules/TAOM_Map/AssetSources/Scenes/Decals/t_decal_dirt_vertical_a_n.png
t_dw_ground_pavement_a1_n	TAOM_Map	AssetPackages/pack3.tpac	BC5	2048	2048	12	1	5592432	5592432		5592432	pixel_segment		material:m_dw_ground_pavement_a1=1		$BASE/Modules/TAOM_Map/AssetSources/Scenes/erebor/textures/t_dw_ground_pavement_a1_n.png
t_dw_rock_cliff_b1_n	TAOM_Map	AssetPackages/pack3.tpac	BC5	2048	2048	12	1	5592432	5592432		5592432	pixel_segment		material:m_dw_rock_cliff_b1=1		$BASE/Modules/TAOM_Map/AssetSources/Scenes/erebor/textures/t_dw_rock_cliff_b1_n.png
t_dw_rock_obsidian_a1_n	TAOM_Map	AssetPackages/pack3.tpac	DXT5	2048	2048	12	1	5592432	5592432		5592432	pixel_segment		material:m_dw_obsidian_black_a1=1;material:m_dw_obsidian_red_a1=1		$BASE/Modules/TAOM_Map/AssetSources/Scenes/erebor/textures/t_dw_rock_obsidian_a1_n.png
t_dw_rock_smooth_a1_n	TAOM_Map	AssetPackages/pack3.tpac	BC5	2048	2048	12	1	5592432	5592432		5592432	pixel_segment		material:m_dw_rock_smooth_a1=1		$BASE/Modules/TAOM_Map/AssetSources/Scenes/erebor/textures/t_dw_rock_smooth_a1_n.png
t_dw_trim_a1_n	TAOM_Map	AssetPackages/pack3.tpac	BC5	2048	2048	12	1	5592432	5592432		5592432	pixel_segment		material:m_dw_trim_a1=1		$BASE/Modules/TAOM_Map/AssetSources/Scenes/erebor/textures/t_dw_trim_a1_n.png
t_dw_wall_brick_b1_n	TAOM_Map	AssetPackages/pack3.tpac	BC5	2048	2048	12	1	5592432	5592432		5592432	pixel_segment		material:m_dw_wall_brick_b1=1		$BASE/Modules/TAOM_Map/AssetSources/Scenes/erebor/textures/t_dw_wall_brick_b1_n.png
t_gondor_black_trim_a_n	TAOM_Map	AssetPackages/pack3.tpac	BC5	2048	2048	12	1	5592432	5592432		5592432	pixel_segment		material:m_gondor_black_trim_a=1		$BASE/Modules/TAOM_Map/AssetSources/Scenes/Gondor/textures/t_gondor_black_trim_a_n.png
t_gondor_bricks_a_dirty_n	TAOM_Map	AssetPackages/pack3.tpac	BC5	2048	2048	12	1	5592432	5592432		5592432	pixel_segment		material:gondor_bricks_a_dirty_mat=1		$BASE/Modules/TAOM_Map/AssetSources/Scenes/Gondor/textures/t_gondor_bricks_a_dirty_n.png
t_gondor_bricks_a_normal_d	TAOM_Map	AssetPackages/pack3.tpac	DXT5	2048	2048	12	1	5592432	5592432		5592432	pixel_segment		material:gondor_bricks_a_normal_mat=1		$BASE/Modules/TAOM_Map/AssetSources/Scenes/Gondor/textures/t_gondor_bricks_a_normal_d.png
t_gondor_bricks_a_normal_n	TAOM_Map	AssetPackages/pack3.tpac	BC5	2048	2048	12	1	5592432	5592432		5592432	pixel_segment		material:gondor_bricks_a_normal_mat=1		$BASE/Modules/TAOM_Map/AssetSources/Scenes/Gondor/textures/t_gondor_bricks_a_normal_n.png
t_gondor_bricks_large_a_dirty_d2	TAOM_Map	AssetPackages/pack3.tpac	DXT5	2048	2048	12	1	5592432	5592432		5592432	pixel_segment		material:m_gondor_bricks_large_a_dirty=2		$BASE/Modules/TAOM_Map/AssetSources/Scenes/Gondor/textures/t_gondor_bricks_large_a_dirty_d2.png
t_gondor_bricks_large_a_dirty_n	TAOM_Map	AssetPackages/pack3.tpac	BC5	2048	2048	12	1	5592432	5592432		5592432	pixel_segment		material:m_gondor_bricks_large_a_dirty=1		$BASE/Modules/TAOM_Map/AssetSources/Scenes/Gondor/textures/t_gondor_bricks_large_a_dirty_n.png
t_gondor_bricks_small_a_dirty_n	TAOM_Map	AssetPackages/pack3.tpac	BC5	2048	2048	12	1	5592432	5592432		5592432	pixel_segment		material:gondor_bricks_small_a_dirty_mat=1		$BASE/Modules/TAOM_Map/AssetSources/Scenes/Gondor/textures/t_gondor_bricks_small_a_dirty_n.png
t_gondor_bricks_small_a_normal_n	TAOM_Map	AssetPackages/pack3.tpac	BC5	2048	2048	12	1	5592432	5592432		5592432	pixel_segment		material:gondor_bricks_small_a_normal_mat=1		$BASE/Modules/TAOM_Map/AssetSources/Scenes/Gondor/textures/t_gondor_bricks_small_a_normal_n.png
t_gondor_roof_tiles_a_n	TAOM_Map	AssetPackages/pack3.tpac	BC5	2048	2048	12	1	5592432	5592432		5592432	pixel_segment		material:m_gondor_roof_tiles_a=1		$BASE/Modules/TAOM_Map/AssetSources/Scenes/Gondor/textures/t_gondor_roof_tiles_a_n.png
t_gondor_stone_a_normal_n	TAOM_Map	AssetPackages/pack3.tpac	BC5	2048	2048	12	1	5592432	5592432		5592432	pixel_segment		material:gondor_stone_a_normal_mat=1		$BASE/Modules/TAOM_Map/AssetSources/Scenes/Gondor/textures/t_gondor_stone_a_normal_n.png
t_gondor_stone_a_rough_n	TAOM_Map	AssetPackages/pack3.tpac	BC5	2048	2048	12	1	5592432	5592432		5592432	pixel_segment		material:gondor_stone_a_rough_mat=1;material:gondor_stone_brick_rough_a_mat=1		$BASE/Modules/TAOM_Map/AssetSources/Scenes/Gondor/textures/t_gondor_stone_a_rough_n.png
t_gondor_stone_brick_a_n	TAOM_Map	AssetPackages/pack3.tpac	BC5	2048	2048	12	1	5592432	5592432		5592432	pixel_segment		material:gondor_stone_brick_a_mat=1;material:gondor_stone_brick_rough_a_mat=1		$BASE/Modules/TAOM_Map/AssetSources/Scenes/Gondor/textures/t_gondor_stone_brick_a_n.png
t_gondor_stone_rubble_a_n	TAOM_Map	AssetPackages/pack3.tpac	BC5	2048	2048	12	1	5592432	5592432		5592432	pixel_segment		material:gondor_stone_rubble_a_mat=1		$BASE/Modules/TAOM_Map/AssetSources/Scenes/Gondor/textures/t_gondor_stone_rubble_a_n.png
t_gondor_stone_trim_a1_n	TAOM_Map	AssetPackages/pack3.tpac	BC5	2048	2048	12	1	5592432	5592432		5592432	pixel_segment		material:m_gondor_stone_trim_a1=1		$BASE/Modules/TAOM_Map/AssetSources/Scenes/Gondor/textures/t_gondor_stone_trim_a1_n.png
t_gondor_tiles_a_dirty_a_n	TAOM_Map	AssetPackages/pack3.tpac	BC5	2048	2048	12	1	5592432	5592432		5592432	pixel_segment		material:gondor_tiles_a_dirty_mat=1		$BASE/Modules/TAOM_Map/AssetSources/Scenes/Gondor/textures/t_gondor_tiles_a_dirty_a_n.png
t_gondor_tiles_a_normal_n	TAOM_Map	AssetPackages/pack3.tpac	BC5	2048	2048	12	1	5592432	5592432		5592432	pixel_segment		material:gondor_tiles_a_normal_mat=1		$BASE/Modules/TAOM_Map/AssetSources/Scenes/Gondor/textures/t_gondor_tiles_a_normal_n.png
t_mirkwood_stone_dirty_n	TAOM_Map	AssetPackages/pack3.tpac	BC5	2048	2048	12	1	5592432	5592432		5592432	pixel_segment		material:t_mirkwood_stone_dirty=1		$BASE/Modules/TAOM_Map/AssetSources/Scenes/Mirkwood/textures/t_mirkwood_stone_dirty_n.png
t_mirkwood_trimsheet_stone_n	TAOM_Map	AssetPackages/pack3.tpac	BC5	2048	2048	12	1	5592432	5592432		5592432	pixel_segment		material:t_mirkwood_trimsheet_stone=1		$BASE/Modules/TAOM_Map/AssetSources/Scenes/Mirkwood/textures/t_mirkwood_trimsheet_stone_n.png
t_mirkwood_wood_bark_a_n	TAOM_Map	AssetPackages/pack3.tpac	BC5	2048	2048	12	1	5592432	5592432		5592432	pixel_segment		material:t_mirkwood_wood_bark_a=1;material:t_mirkwood_wood_bark_b=1		$BASE/Modules/TAOM_Map/AssetSources/Scenes/Mirkwood/textures/t_mirkwood_wood_bark_a_n.png
t_mirkwood_wood_path_a_n	TAOM_Map	AssetPackages/pack3.tpac	BC5	2048	2048	12	1	5592432	5592432		5592432	pixel_segment		material:t_mirkwood_wood_path_a=1;material:t_mirkwood_wood_path_b=1		$BASE/Modules/TAOM_Map/AssetSources/Scenes/Mirkwood/textures/t_mirkwood_wood_path_a_n.png
t_wood_planks_a_old_worn_d	TAOM_Map	AssetPackages/pack4.tpac	DXT5	2048	2048	12	1	5592432	5592432		5592432	pixel_segment		material:m_wood_planks_a_old_worn=1		$BASE/Modules/TAOM_Map/AssetSources/Scenes/Gondor/textures/t_wood_planks_a_old_worn_d.png
t_wood_planks_a_old_worn_n	TAOM_Map	AssetPackages/pack4.tpac	BC5	2048	2048	12	1	5592432	5592432		5592432	pixel_segment		material:m_wood_planks_a_old_worn=1		$BASE/Modules/TAOM_Map/AssetSources/Scenes/Gondor/textures/t_wood_planks_a_old_worn_n.png
umbar_map_icons_atlas_d	TAOM_Map	AssetPackages/pack4.tpac	DXT5	2048	2048	12	1	5592432	5592432		5592432	pixel_segment		material:umbar_map_icons_atlas=1		$BASE/Modules/TAOM_Map/AssetSources/Campaign Map/Map Icons/Umbar/textures/umbar_map_icons_atlas_d.png
054_d	TAOM_Map	AssetPackages/pack0.tpac	DXT1	2048	2048	12	1	2796216	2796216		2796216	pixel_segment		references.txt=1;terrain layer 05.Sand diffusemap=1		$BASE/Modules/TAOM_Map/AssetSources/4K_Textures/054_d.png
055_d	TAOM_Map	AssetPackages/pack0.tpac	DXT1	2048	2048	12	1	2796216	2796216		2796216	pixel_segment		references.txt=1;terrain layer 06.Sand_wave diffusemap=1		$BASE/Modules/TAOM_Map/AssetSources/4K_Textures/055_d.png
argonath_1_d	TAOM_Map	AssetPackages/pack0.tpac	DXT1	2048	2048	12	1	2796216	2796216		2796216	pixel_segment		material:argonath_1=1		$BASE/Modules/TAOM_Map/AssetSources/Campaign Map/Map Icons/Gondor/argonath_1_d.png
argonath_2_d	TAOM_Map	AssetPackages/pack0.tpac	DXT1	2048	2048	12	1	2796216	2796216		2796216	pixel_segment		material:argonath_2=1		$BASE/Modules/TAOM_Map/AssetSources/Campaign Map/Map Icons/Gondor/argonath_2_d.png
dolguldur_icon_hill_d	TAOM_Map	AssetPackages/pack1.tpac	DXT1	2048	2048	12	1	2796216	2796216		2796216	pixel_segment		material:dolguldur_icon_hill=1		$BASE/Modules/TAOM_Map/AssetSources/Campaign Map/Map Icons/Dol Guldur/textures/dolguldur_icon_hill_d.png
erebor_dwarf_statue_d	TAOM_Map	AssetPackages/pack1.tpac	DXT1	2048	2048	12	1	2796216	2796216		2796216	pixel_segment		material:erebor_dwarf_statue=1		$BASE/Modules/TAOM_Map/AssetSources/Campaign Map/Map Icons/Erebor/Textures/erebor_dwarf_statue_d.png
erebor_icon atlas_d	TAOM_Map	AssetPackages/pack1.tpac	DXT1	2048	2048	12	1	2796216	2796216		2796216	pixel_segment		material:erebor_icon_atlas=1		$BASE/Modules/TAOM_Map/AssetSources/Campaign Map/Map Icons/Erebor/Textures/erebor_icon atlas_d.png
erebor_map_icon_d	TAOM_Map	AssetPackages/pack1.tpac	DXT1	2048	2048	12	1	2796216	2796216		2796216	pixel_segment		material:erebor_map_icon=1		$BASE/Modules/TAOM_Map/AssetSources/Campaign Map/Map Icons/Erebor/Textures/erebor_map_icon_d.png
gondor_pelargir_ground_d	TAOM_Map	AssetPackages/pack1.tpac	DXT1	2048	2048	12	1	2796216	2796216		2796216	pixel_segment		material:gondor_pelargir_ground=1		$BASE/Modules/TAOM_Map/AssetSources/Campaign Map/Map Icons/Gondor/gondor_pelargir_ground_d.png
ground_grass_b_d_4K	TAOM_Map	AssetPackages/pack2.tpac	DXT1	2048	2048	12	1	2796216	2796216		2796216	pixel_segment		references.txt=1;terrain layer 02.Grass diffusemap=1		$BASE/Modules/TAOM_Map/AssetSources/4K_Textures/ground_grass_b_d_4K.png
gundabad_castle_hills_d	TAOM_Map	AssetPackages/pack2.tpac	DXT1	2048	2048	12	1	2796216	2796216		2796216	pixel_segment		material:gundabad_castle_hills=1		$BASE/Modules/TAOM_Map/AssetSources/Campaign Map/Map Icons/Gundabad/textures/gundabad_castle_hills_d.png
gundabad_dwarf_ruins_d	TAOM_Map	AssetPackages/pack2.tpac	DXT1	2048	2048	12	1	2796216	2796216		2796216	pixel_segment		material:gundabad_dwarf_ruins=1		$BASE/Modules/TAOM_Map/AssetSources/Campaign Map/Map Icons/Gundabad/textures/gundabad_dwarf_ruins_d.png
gundabad_fortress_map_d	TAOM_Map	AssetPackages/pack2.tpac	DXT1	2048	2048	12	1	2796216	2796216		2796216	pixel_segment		material:gundabad_fortress_map=1		$BASE/Modules/TAOM_Map/AssetSources/Campaign Map/Map Icons/Gundabad/textures/gundabad_fortress_map_d.png
kirikhgathol_map_icon_d	TAOM_Map	AssetPackages/pack2.tpac	DXT1	2048	2048	12	1	2796216	2796216		2796216	pixel_segment		material:kirikhgathol_map_icon=1		$BASE/Modules/TAOM_Map/AssetSources/Campaign Map/Map Icons/Erebor/Textures/kirikhgathol_map_icon_d.png
lava01_d	TAOM_Map	AssetPackages/pack2.tpac	DXT1	2048	2048	12	1	2796216	2796216		2796216	pixel_segment		material:lemmy_volcan=1;references.txt=1;terrain layer 10.Lava_Mid diffusemap=1		$BASE/Modules/TAOM_Map/AssetSources/4K_Textures/lava01_d.png
lava04_d	TAOM_Map	AssetPackages/pack2.tpac	DXT1	2048	2048	12	1	2796216	2796216		2796216	pixel_segment		references.txt=1;terrain layer 11.Lava_Full diffusemap=1		$BASE/Modules/TAOM_Map/AssetSources/4K_Textures/lava04_d.png
lothlorien_map_castle_terrain_d	TAOM_Map	AssetPackages/pack2.tpac	DXT1	2048	2048	12	1	2796216	2796216		2796216	pixel_segment		material:lothlorien_map_castle_terrain=1		$BASE/Modules/TAOM_Map/AssetSources/Campaign Map/Map Icons/Lothlorien/textures/lothlorien_map_castle_terrain_d.png
minas_tirith_mountain_d	TAOM_Map	AssetPackages/pack2.tpac	DXT1	2048	2048	12	1	2796216	2796216		2796216	pixel_segment		material:minas_tirith_mountain=1		$BASE/Modules/TAOM_Map/AssetSources/Campaign Map/Map Icons/Gondor/minas_tirith_mountain_d.png
mirkwood_map_castle_hill_d	TAOM_Map	AssetPackages/pack2.tpac	DXT1	2048	2048	12	1	2796216	2796216		2796216	pixel_segment		material:mirkwood_map_castle_hill=1		$BASE/Modules/TAOM_Map/AssetSources/Campaign Map/Map Icons/Mirkwood/Mirkwood Icons/textures/mirkwood_map_castle_hill_d.png
mordor_bricks_d	TAOM_Map	AssetPackages/pack2.tpac	DXT1	2048	2048	12	1	2796216	2796216		2796216	pixel_segment		material:mordor_bricks=1		$BASE/Modules/TAOM_Map/AssetSources/Campaign Map/Map Icons/Mordor/textures/mordor_bricks_d.png
mordor_floor_d	TAOM_Map	AssetPackages/pack2.tpac	DXT1	2048	2048	12	1	2796216	2796216		2796216	pixel_segment		material:mordor_floor=1		$BASE/Modules/TAOM_Map/AssetSources/Campaign Map/Map Icons/Mordor/textures/mordor_floor_d.png
mordor_lava_b_d	TAOM_Map	AssetPackages/pack2.tpac	DXT1	2048	2048	12	1	2796216	2796216		2796216	pixel_segment		material:mordor_lava_b=1		$BASE/Modules/TAOM_Map/AssetSources/Campaign Map/Map Icons/Mordor/textures/mordor_lava_b_d.png
mordor_lava_b_d2	TAOM_Map	AssetPackages/pack2.tpac	DXT1	2048	2048	12	1	2796216	2796216		2796216	pixel_segment		material:mordor_lava_b=1		$BASE/Modules/TAOM_Map/AssetSources/Campaign Map/Map Icons/Mordor/textures/mordor_lava_b_d2.png
piecea_base_color	TAOM_Map	AssetPackages/pack2.tpac	DXT1	2048	2048	12	1	2796216	2796216		2796216	pixel_segment		material:piecea=1		$BASE/Modules/TAOM_Map/AssetSources/Campaign Map/Map Icons/Mordor/textures/piecea_base_color.png
rivendell_icon_mountain_d	TAOM_Map	AssetPackages/pack2.tpac	DXT1	2048	2048	12	1	2796216	2796216		2796216	pixel_segment		material:rivendell_icon_mountain=1		$BASE/Modules/TAOM_Map/AssetSources/Campaign Map/Map Icons/Rivendell/textures/rivendell_icon_mountain_d.png
rock_f_4k	TAOM_Map	AssetPackages/pack2.tpac	DXT1	2048	2048	12	1	2796216	2796216		2796216	pixel_segment		references.txt=1;terrain layer 07.Rock_river diffusemap=1		$BASE/Modules/TAOM_Map/AssetSources/4K_Textures/rock_f_4k.png
rock_far_new	TAOM_Map	AssetPackages/pack2.tpac	DXT1	2048	2048	12	1	2796216	2796216		2796216	pixel_segment		material:lemmy_rock_far=1;material:lemmy_rock_mordor=1;references.txt=1;terrain layer 08.Mountain_Minas diffusemap=1		$BASE/Modules/TAOM_Map/AssetSources/4K_Textures/rock_far_new.png
rohan_aldburg_hill_d	TAOM_Map	AssetPackages/pack2.tpac	DXT1	2048	2048	12	1	2796216	2796216		2796216	pixel_segment		material:rohan_aldburg_hill=1		$BASE/Modules/TAOM_Map/AssetSources/Campaign Map/Map Icons/Rohan/textures/rohan_aldburg_hill_d.png
rohan_edoras_hill_d	TAOM_Map	AssetPackages/pack2.tpac	DXT1	2048	2048	12	1	2796216	2796216		2796216	pixel_segment		material:rohan_edoras_hill=1		$BASE/Modules/TAOM_Map/AssetSources/Campaign Map/Map Icons/Rohan/textures/rohan_edoras_hill_d.png
Steppe_d	TAOM_Map	AssetPackages/pack0.tpac	DXT1	2048	2048	12	1	2796216	2796216		2796216	pixel_segment		references.txt=1;terrain layer 03.Steppe diffusemap=1		$BASE/Modules/TAOM_Map/AssetSources/4K_Textures/Steppe_d.png
t_dw_ground_pavement_a1_d	TAOM_Map	AssetPackages/pack3.tpac	DXT1	2048	2048	12	1	2796216	2796216		2796216	pixel_segment		material:m_dw_ground_pavement_a1=1		$BASE/Modules/TAOM_Map/AssetSources/Scenes/erebor/textures/t_dw_ground_pavement_a1_d.png
t_dw_ground_pavement_a1_s	TAOM_Map	AssetPackages/pack3.tpac	DXT1	2048	2048	12	1	2796216	2796216		2796216	pixel_segment		material:m_dw_ground_pavement_a1=1		$BASE/Modules/TAOM_Map/AssetSources/Scenes/erebor/textures/t_dw_ground_pavement_a1_s.png
t_dw_rock_cliff_b1_d	TAOM_Map	AssetPackages/pack3.tpac	DXT1	2048	2048	12	1	2796216	2796216		2796216	pixel_segment		material:m_dw_rock_cliff_b1=1		$BASE/Modules/TAOM_Map/AssetSources/Scenes/erebor/textures/t_dw_rock_cliff_b1_d.png
t_dw_rock_cliff_b1_s	TAOM_Map	AssetPackages/pack3.tpac	DXT1	2048	2048	12	1	2796216	2796216		2796216	pixel_segment		material:m_dw_rock_cliff_b1=1		$BASE/Modules/TAOM_Map/AssetSources/Scenes/erebor/textures/t_dw_rock_cliff_b1_s.png
t_dw_rock_obsidian_a1_d	TAOM_Map	AssetPackages/pack3.tpac	DXT1	2048	2048	12	1	2796216	2796216		2796216	pixel_segment		material:m_dw_obsidian_black_a1=1		$BASE/Modules/TAOM_Map/AssetSources/Scenes/erebor/textures/t_dw_rock_obsidian_a1_d.png
t_dw_rock_obsidian_a1_d3	TAOM_Map	AssetPackages/pack3.tpac	DXT1	2048	2048	12	1	2796216	2796216		2796216	pixel_segment		material:m_dw_obsidian_red_a1=1		$BASE/Modules/TAOM_Map/AssetSources/Scenes/erebor/textures/t_dw_rock_obsidian_a1_d3.png
t_dw_rock_obsidian_a1_h	TAOM_Map	AssetPackages/pack3.tpac	BC4	2048	2048	12	1	2796216	2796216		2796216	pixel_segment		material:m_dw_obsidian_black_a1=1;material:m_dw_obsidian_red_a1=1		$BASE/Modules/TAOM_Map/AssetSources/Scenes/erebor/textures/t_dw_rock_obsidian_a1_h.png
t_dw_rock_obsidian_a1_s	TAOM_Map	AssetPackages/pack3.tpac	DXT1	2048	2048	12	1	2796216	2796216		2796216	pixel_segment		material:m_dw_obsidian_black_a1=1;material:m_dw_obsidian_red_a1=1		$BASE/Modules/TAOM_Map/AssetSources/Scenes/erebor/textures/t_dw_rock_obsidian_a1_s.png
t_dw_rock_smooth_a1_d	TAOM_Map	AssetPackages/pack3.tpac	DXT1	2048	2048	12	1	2796216	2796216		2796216	pixel_segment		material:m_dw_rock_smooth_a1=1		$BASE/Modules/TAOM_Map/AssetSources/Scenes/erebor/textures/t_dw_rock_smooth_a1_d.png
t_dw_rock_smooth_a1_s	TAOM_Map	AssetPackages/pack3.tpac	DXT1	2048	2048	12	1	2796216	2796216		2796216	pixel_segment		material:m_dw_rock_smooth_a1=1		$BASE/Modules/TAOM_Map/AssetSources/Scenes/erebor/textures/t_dw_rock_smooth_a1_s.png
t_dw_trim_a1_d	TAOM_Map	AssetPackages/pack3.tpac	DXT1	2048	2048	12	1	2796216	2796216		2796216	pixel_segment		material:m_dw_trim_a1=1		$BASE/Modules/TAOM_Map/AssetSources/Scenes/erebor/textures/t_dw_trim_a1_d.png
t_dw_trim_a1_s	TAOM_Map	AssetPackages/pack3.tpac	DXT1	2048	2048	12	1	2796216	2796216		2796216	pixel_segment		material:m_dw_trim_a1=1		$BASE/Modules/TAOM_Map/AssetSources/Scenes/erebor/textures/t_dw_trim_a1_s.png
t_dw_wall_brick_b1_d	TAOM_Map	AssetPackages/pack3.tpac	DXT1	2048	2048	12	1	2796216	2796216		2796216	pixel_segment		material:m_dw_wall_brick_b1=1		$BASE/Modules/TAOM_Map/AssetSources/Scenes/erebor/textures/t_dw_wall_brick_b1_d.png
t_dw_wall_brick_b1_s	TAOM_Map	AssetPackages/pack3.tpac	DXT1	2048	2048	12	1	2796216	2796216		2796216	pixel_segment		material:m_dw_wall_brick_b1=1		$BASE/Modules/TAOM_Map/AssetSources/Scenes/erebor/textures/t_dw_wall_brick_b1_s.png
t_gondor_black_trim_a_d	TAOM_Map	AssetPackages/pack3.tpac	DXT1	2048	2048	12	1	2796216	2796216		2796216	pixel_segment		material:m_gondor_black_trim_a=1		$BASE/Modules/TAOM_Map/AssetSources/Scenes/Gondor/textures/t_gondor_black_trim_a_d.png
t_gondor_black_trim_a_s	TAOM_Map	AssetPackages/pack3.tpac	DXT1	2048	2048	12	1	2796216	2796216		2796216	pixel_segment		material:m_gondor_black_trim_a=1		$BASE/Modules/TAOM_Map/AssetSources/Scenes/Gondor/textures/t_gondor_black_trim_a_s.png
t_gondor_bricks_a_dirty_d	TAOM_Map	AssetPackages/pack3.tpac	DXT1	2048	2048	12	1	2796216	2796216		2796216	pixel_segment		material:gondor_bricks_a_dirty_mat=1		$BASE/Modules/TAOM_Map/AssetSources/Scenes/Gondor/textures/t_gondor_bricks_a_dirty_d.png
t_gondor_bricks_a_dirty_s	TAOM_Map	AssetPackages/pack3.tpac	DXT1	2048	2048	12	1	2796216	2796216		2796216	pixel_segment		material:gondor_bricks_a_dirty_mat=1		$BASE/Modules/TAOM_Map/AssetSources/Scenes/Gondor/textures/t_gondor_bricks_a_dirty_s.png
t_gondor_bricks_a_normal_s	TAOM_Map	AssetPackages/pack3.tpac	DXT1	2048	2048	12	1	2796216	2796216		2796216	pixel_segment		material:gondor_bricks_a_normal_mat=1		$BASE/Modules/TAOM_Map/AssetSources/Scenes/Gondor/textures/t_gondor_bricks_a_normal_s.png
t_gondor_bricks_large_a_dirty_s	TAOM_Map	AssetPackages/pack3.tpac	DXT1	2048	2048	12	1	2796216	2796216		2796216	pixel_segment		material:m_gondor_bricks_large_a_dirty=1		$BASE/Modules/TAOM_Map/AssetSources/Scenes/Gondor/textures/t_gondor_bricks_large_a_dirty_s.png
t_gondor_bricks_small_a_dirty_d	TAOM_Map	AssetPackages/pack3.tpac	DXT1	2048	2048	12	1	2796216	2796216		2796216	pixel_segment		material:gondor_bricks_small_a_dirty_mat=1		$BASE/Modules/TAOM_Map/AssetSources/Scenes/Gondor/textures/t_gondor_bricks_small_a_dirty_d.png
t_gondor_bricks_small_a_dirty_s	TAOM_Map	AssetPackages/pack3.tpac	DXT1	2048	2048	12	1	2796216	2796216		2796216	pixel_segment		material:gondor_bricks_small_a_dirty_mat=1		$BASE/Modules/TAOM_Map/AssetSources/Scenes/Gondor/textures/t_gondor_bricks_small_a_dirty_s.png
t_gondor_bricks_small_a_normal_d	TAOM_Map	AssetPackages/pack3.tpac	DXT1	2048	2048	12	1	2796216	2796216		2796216	pixel_segment		material:gondor_bricks_small_a_normal_mat=1		$BASE/Modules/TAOM_Map/AssetSources/Scenes/Gondor/textures/t_gondor_bricks_small_a_normal_d.png
t_gondor_bricks_small_a_normal_s	TAOM_Map	AssetPackages/pack3.tpac	DXT1	2048	2048	12	1	2796216	2796216		2796216	pixel_segment		material:gondor_bricks_small_a_normal_mat=1		$BASE/Modules/TAOM_Map/AssetSources/Scenes/Gondor/textures/t_gondor_bricks_small_a_normal_s.png
t_gondor_roof_tiles_a_d	TAOM_Map	AssetPackages/pack3.tpac	DXT1	2048	2048	12	1	2796216	2796216		2796216	pixel_segment		material:m_gondor_roof_tiles_a=1		$BASE/Modules/TAOM_Map/AssetSources/Scenes/Gondor/textures/t_gondor_roof_tiles_a_d.png
t_gondor_roof_tiles_a_s	TAOM_Map	AssetPackages/pack3.tpac	DXT1	2048	2048	12	1	2796216	2796216		2796216	pixel_segment		material:m_gondor_roof_tiles_a=1		$BASE/Modules/TAOM_Map/AssetSources/Scenes/Gondor/textures/t_gondor_roof_tiles_a_s.png
t_gondor_stone_a_normal_d	TAOM_Map	AssetPackages/pack3.tpac	DXT1	2048	2048	12	1	2796216	2796216		2796216	pixel_segment		material:gondor_stone_a_normal_mat=1		$BASE/Modules/TAOM_Map/AssetSources/Scenes/Gondor/textures/t_gondor_stone_a_normal_d.png
t_gondor_stone_a_normal_s	TAOM_Map	AssetPackages/pack3.tpac	DXT1	2048	2048	12	1	2796216	2796216		2796216	pixel_segment		material:gondor_stone_a_normal_mat=1		$BASE/Modules/TAOM_Map/AssetSources/Scenes/Gondor/textures/t_gondor_stone_a_normal_s.png
t_gondor_stone_a_rough_d	TAOM_Map	AssetPackages/pack3.tpac	DXT1	2048	2048	12	1	2796216	2796216		2796216	pixel_segment		material:gondor_stone_a_rough_mat=1		$BASE/Modules/TAOM_Map/AssetSources/Scenes/Gondor/textures/t_gondor_stone_a_rough_d.png
t_gondor_stone_a_rough_s	TAOM_Map	AssetPackages/pack3.tpac	DXT1	2048	2048	12	1	2796216	2796216		2796216	pixel_segment		material:gondor_stone_a_rough_mat=1		$BASE/Modules/TAOM_Map/AssetSources/Scenes/Gondor/textures/t_gondor_stone_a_rough_s.png
t_gondor_stone_brick_a_d	TAOM_Map	AssetPackages/pack3.tpac	DXT1	2048	2048	12	1	2796216	2796216		2796216	pixel_segment		material:gondor_stone_brick_a_mat=1;material:gondor_stone_brick_rough_a_mat=1		$BASE/Modules/TAOM_Map/AssetSources/Scenes/Gondor/textures/t_gondor_stone_brick_a_d.png
t_gondor_stone_brick_a_s	TAOM_Map	AssetPackages/pack3.tpac	DXT1	2048	2048	12	1	2796216	2796216		2796216	pixel_segment		material:gondor_stone_brick_a_mat=1;material:gondor_stone_brick_rough_a_mat=1		$BASE/Modules/TAOM_Map/AssetSources/Scenes/Gondor/textures/t_gondor_stone_brick_a_s.png
t_gondor_stone_rubble_a_d	TAOM_Map	AssetPackages/pack3.tpac	DXT1	2048	2048	12	1	2796216	2796216		2796216	pixel_segment		material:gondor_stone_rubble_a_mat=1		$BASE/Modules/TAOM_Map/AssetSources/Scenes/Gondor/textures/t_gondor_stone_rubble_a_d.png
t_gondor_stone_rubble_a_s	TAOM_Map	AssetPackages/pack3.tpac	DXT1	2048	2048	12	1	2796216	2796216		2796216	pixel_segment		material:gondor_stone_rubble_a_mat=1		$BASE/Modules/TAOM_Map/AssetSources/Scenes/Gondor/textures/t_gondor_stone_rubble_a_s.png
t_gondor_stone_trim_a1_d	TAOM_Map	AssetPackages/pack3.tpac	DXT1	2048	2048	12	1	2796216	2796216		2796216	pixel_segment		material:m_gondor_stone_trim_a1=1		$BASE/Modules/TAOM_Map/AssetSources/Scenes/Gondor/textures/t_gondor_stone_trim_a1_d.png
t_gondor_stone_trim_a1_s	TAOM_Map	AssetPackages/pack3.tpac	DXT1	2048	2048	12	1	2796216	2796216		2796216	pixel_segment		material:m_gondor_stone_trim_a1=1		$BASE/Modules/TAOM_Map/AssetSources/Scenes/Gondor/textures/t_gondor_stone_trim_a1_s.png
t_gondor_tiles_a_dirty_a_d	TAOM_Map	AssetPackages/pack3.tpac	DXT1	2048	2048	12	1	2796216	2796216		2796216	pixel_segment		material:gondor_tiles_a_dirty_mat=1		$BASE/Modules/TAOM_Map/AssetSources/Scenes/Gondor/textures/t_gondor_tiles_a_dirty_a_d.png
t_gondor_tiles_a_dirty_a_s	TAOM_Map	AssetPackages/pack3.tpac	DXT1	2048	2048	12	1	2796216	2796216		2796216	pixel_segment		material:gondor_tiles_a_dirty_mat=1		$BASE/Modules/TAOM_Map/AssetSources/Scenes/Gondor/textures/t_gondor_tiles_a_dirty_a_s.png
t_gondor_tiles_a_normal_d	TAOM_Map	AssetPackages/pack3.tpac	DXT1	2048	2048	12	1	2796216	2796216		2796216	pixel_segment		material:gondor_tiles_a_normal_mat=1		$BASE/Modules/TAOM_Map/AssetSources/Scenes/Gondor/textures/t_gondor_tiles_a_normal_d.png
t_gondor_tiles_a_normal_s	TAOM_Map	AssetPackages/pack3.tpac	DXT1	2048	2048	12	1	2796216	2796216		2796216	pixel_segment		material:gondor_tiles_a_normal_mat=1		$BASE/Modules/TAOM_Map/AssetSources/Scenes/Gondor/textures/t_gondor_tiles_a_normal_s.png
t_mirkwood_stone_dirty_d	TAOM_Map	AssetPackages/pack3.tpac	DXT1	2048	2048	12	1	2796216	2796216		2796216	pixel_segment		material:t_mirkwood_stone_dirty=1		$BASE/Modules/TAOM_Map/AssetSources/Scenes/Mirkwood/textures/t_mirkwood_stone_dirty_d.png
t_mirkwood_stone_dirty_s	TAOM_Map	AssetPackages/pack3.tpac	DXT1	2048	2048	12	1	2796216	2796216		2796216	pixel_segment		material:t_mirkwood_stone_dirty=1		$BASE/Modules/TAOM_Map/AssetSources/Scenes/Mirkwood/textures/t_mirkwood_stone_dirty_s.png
t_mirkwood_trimsheet_stone_d	TAOM_Map	AssetPackages/pack3.tpac	DXT1	2048	2048	12	1	2796216	2796216		2796216	pixel_segment		material:t_mirkwood_trimsheet_stone=1		$BASE/Modules/TAOM_Map/AssetSources/Scenes/Mirkwood/textures/t_mirkwood_trimsheet_stone_d.png
t_mirkwood_trimsheet_stone_s	TAOM_Map	AssetPackages/pack3.tpac	DXT1	2048	2048	12	1	2796216	2796216		2796216	pixel_segment		material:t_mirkwood_trimsheet_stone=1		$BASE/Modules/TAOM_Map/AssetSources/Scenes/Mirkwood/textures/t_mirkwood_trimsheet_stone_s.png
t_mirkwood_wood_bark_a_d	TAOM_Map	AssetPackages/pack3.tpac	DXT1	2048	2048	12	1	2796216	2796216		2796216	pixel_segment		material:t_mirkwood_wood_bark_a=1		$BASE/Modules/TAOM_Map/AssetSources/Scenes/Mirkwood/textures/t_mirkwood_wood_bark_a_d.png
t_mirkwood_wood_bark_a_s	TAOM_Map	AssetPackages/pack3.tpac	DXT1	2048	2048	12	1	2796216	2796216		2796216	pixel_segment		material:t_mirkwood_wood_bark_a=1;material:t_mirkwood_wood_bark_b=1		$BASE/Modules/TAOM_Map/AssetSources/Scenes/Mirkwood/textures/t_mirkwood_wood_bark_a_s.png
t_mirkwood_wood_bark_b_d	TAOM_Map	AssetPackages/pack3.tpac	DXT1	2048	2048	12	1	2796216	2796216		2796216	pixel_segment		material:t_mirkwood_wood_bark_b=1		$BASE/Modules/TAOM_Map/AssetSources/Scenes/Mirkwood/textures/t_mirkwood_wood_bark_b_d.png
t_mirkwood_wood_path_a_d	TAOM_Map	AssetPackages/pack3.tpac	DXT1	2048	2048	12	1	2796216	2796216		2796216	pixel_segment		material:t_mirkwood_wood_path_a=1		$BASE/Modules/TAOM_Map/AssetSources/Scenes/Mirkwood/textures/t_mirkwood_wood_path_a_d.png
t_mirkwood_wood_path_a_s	TAOM_Map	AssetPackages/pack3.tpac	DXT1	2048	2048	12	1	2796216	2796216		2796216	pixel_segment		material:t_mirkwood_wood_path_a=1;material:t_mirkwood_wood_path_b=1		$BASE/Modules/TAOM_Map/AssetSources/Scenes/Mirkwood/textures/t_mirkwood_wood_path_a_s.png
t_mirkwood_wood_path_b_d	TAOM_Map	AssetPackages/pack3.tpac	DXT1	2048	2048	12	1	2796216	2796216		2796216	pixel_segment		material:t_mirkwood_wood_path_b=1		$BASE/Modules/TAOM_Map/AssetSources/Scenes/Mirkwood/textures/t_mirkwood_wood_path_b_d.png
t_mordor_plate_tile_a_d	TAOM_Map	AssetPackages/pack3.tpac	DXT1	2048	2048	12	1	2796216	2796216		2796216	pixel_segment		material:m_mordor_plate_tile_a=1		$BASE/Modules/TAOM_Map/AssetSources/Campaign Map/Map Icons/Mordor/textures/t_mordor_plate_tile_a_d.png
t_mordor_stone_wall_d	TAOM_Map	AssetPackages/pack3.tpac	DXT1	2048	2048	12	1	2796216	2796216		2796216	pixel_segment		material:m_mordor_stone_wall_a=1		$BASE/Modules/TAOM_Map/AssetSources/Campaign Map/Map Icons/Mordor/textures/t_mordor_stone_wall_d.png
t_wood_planks_a_old_worn_s	TAOM_Map	AssetPackages/pack4.tpac	DXT1	2048	2048	12	1	2796216	2796216		2796216	pixel_segment		material:m_wood_planks_a_old_worn=1		$BASE/Modules/TAOM_Map/AssetSources/Scenes/Gondor/textures/t_wood_planks_a_old_worn_s.png
thranduils_halls_map_icon_1_d	TAOM_Map	AssetPackages/pack4.tpac	DXT1	2048	2048	12	1	2796216	2796216		2796216	pixel_segment		material:thranduils_halls_map_icon_1=1		$BASE/Modules/TAOM_Map/AssetSources/Campaign Map/Map Icons/Mirkwood/Thranduil Hall/textures/thranduils_halls_map_icon_1_d.png
thranduils_halls_map_icon_2_d	TAOM_Map	AssetPackages/pack4.tpac	DXT1	2048	2048	12	1	2796216	2796216		2796216	pixel_segment		material:thranduils_halls_map_icon_2=1		$BASE/Modules/TAOM_Map/AssetSources/Campaign Map/Map Icons/Mirkwood/Thranduil Hall/textures/thranduils_halls_map_icon_2_d.png
thranduils_halls_map_icon_3_d	TAOM_Map	AssetPackages/pack4.tpac	DXT1	2048	2048	12	1	2796216	2796216		2796216	pixel_segment		material:thranduils_halls_map_icon_3=1		$BASE/Modules/TAOM_Map/AssetSources/Campaign Map/Map Icons/Mirkwood/Thranduil Hall/textures/thranduils_halls_map_icon_3_d.png
umbar_bricks_burned_d	TAOM_Map	AssetPackages/pack4.tpac	DXT1	2048	2048	12	1	2796216	2796216		2796216	pixel_segment		material:umbar_bricks_burned=1		$BASE/Modules/TAOM_Map/AssetSources/Campaign Map/Map Icons/Umbar/textures/umbar_bricks_burned_d.png
umbar_map_icons_atlas_2_d	TAOM_Map	AssetPackages/pack4.tpac	DXT1	2048	2048	12	1	2796216	2796216		2796216	pixel_segment		material:umbar_map_icons_atlas_2=1		$BASE/Modules/TAOM_Map/AssetSources/Campaign Map/Map Icons/Umbar/textures/umbar_map_icons_atlas_2_d.png
umbar_rubble_burned_d	TAOM_Map	AssetPackages/pack4.tpac	DXT1	2048	2048	12	1	2796216	2796216		2796216	pixel_segment		material:umbar_rubble_burned=1		$BASE/Modules/TAOM_Map/AssetSources/Campaign Map/Map Icons/Umbar/textures/umbar_rubble_burned_d.png
umbar_trim_sheet_d	TAOM_Map	AssetPackages/pack4.tpac	DXT1	2048	2048	12	1	2796216	2796216		2796216	pixel_segment		material:umbar_trim_sheet=1		$BASE/Modules/TAOM_Map/AssetSources/Campaign Map/Map Icons/Umbar/textures/umbar_trim_sheet_d.png
wildlings_trim_d	TAOM_Map	AssetPackages/pack4.tpac	DXT1	2048	2048	12	1	2796216	2796216		2796216	pixel_segment		material:wildlings_trim=1		$BASE/Modules/TAOM_Map/AssetSources/Campaign Map/Map Icons/Dunland/textures/wildlings_trim_d.png
054_n	TAOM_Map	AssetPackages/pack0.tpac	BC5	1024	1024	11	1	1398128	1398128		1398128	pixel_segment		references.txt=1;terrain layer 05.Sand normalmap=1		$BASE/Modules/TAOM_Map/AssetSources/4K_Textures/054_n.png
055_n	TAOM_Map	AssetPackages/pack0.tpac	BC5	1024	1024	11	1	1398128	1398128		1398128	pixel_segment		references.txt=1;terrain layer 06.Sand_wave normalmap=1		$BASE/Modules/TAOM_Map/AssetSources/4K_Textures/055_n.png
argonath_1_n	TAOM_Map	AssetPackages/pack0.tpac	BC5	1024	1024	11	1	1398128	1398128		1398128	pixel_segment		material:argonath_1=1		$BASE/Modules/TAOM_Map/AssetSources/Campaign Map/Map Icons/Gondor/argonath_1_n.png
argonath_2_n	TAOM_Map	AssetPackages/pack0.tpac	BC5	1024	1024	11	1	1398128	1398128		1398128	pixel_segment		material:argonath_2=1		$BASE/Modules/TAOM_Map/AssetSources/Campaign Map/Map Icons/Gondor/argonath_2_n.png
dao_rock_10_d	TAOM_Map	AssetPackages/pack1.tpac	DXT5	1024	1024	11	1	1398128	1398128		1398128	pixel_segment		material:dao_rock_10=1		$BASE/Modules/TAOM_Map/AssetSources/dao_rocks/dao_rock_10_d.png
dao_rock_10_n	TAOM_Map	AssetPackages/pack1.tpac	DXT5	1024	1024	11	1	1398128	1398128		1398128	pixel_segment		material:dao_rock_10=1		$BASE/Modules/TAOM_Map/AssetSources/dao_rocks/dao_rock_10_n.png
dao_rock_11_d	TAOM_Map	AssetPackages/pack1.tpac	DXT5	1024	1024	11	1	1398128	1398128		1398128	pixel_segment		material:dao_rock_11=1		$BASE/Modules/TAOM_Map/AssetSources/dao_rocks/dao_rock_11_d.png
dao_rock_11_n	TAOM_Map	AssetPackages/pack1.tpac	DXT5	1024	1024	11	1	1398128	1398128		1398128	pixel_segment		material:dao_rock_11=1		$BASE/Modules/TAOM_Map/AssetSources/dao_rocks/dao_rock_11_n.png
dao_rock_12_d	TAOM_Map	AssetPackages/pack1.tpac	DXT5	1024	1024	11	1	1398128	1398128		1398128	pixel_segment		material:dao_rock_12=1		$BASE/Modules/TAOM_Map/AssetSources/dao_rocks/dao_rock_12_d.png
dao_rock_12_n	TAOM_Map	AssetPackages/pack1.tpac	DXT5	1024	1024	11	1	1398128	1398128		1398128	pixel_segment		material:dao_rock_12=1		$BASE/Modules/TAOM_Map/AssetSources/dao_rocks/dao_rock_12_n.png
dao_rock_13_d	TAOM_Map	AssetPackages/pack1.tpac	DXT5	1024	1024	11	1	1398128	1398128		1398128	pixel_segment		material:dao_rock_13=1		$BASE/Modules/TAOM_Map/AssetSources/dao_rocks/dao_rock_13_d.png
dao_rock_13_n	TAOM_Map	AssetPackages/pack1.tpac	DXT5	1024	1024	11	1	1398128	1398128		1398128	pixel_segment		material:dao_rock_13=1		$BASE/Modules/TAOM_Map/AssetSources/dao_rocks/dao_rock_13_n.png
dao_rock_14_d	TAOM_Map	AssetPackages/pack1.tpac	DXT5	1024	1024	11	1	1398128	1398128		1398128	pixel_segment		material:dao_rock_14=1		$BASE/Modules/TAOM_Map/AssetSources/dao_rocks/dao_rock_14_d.png
dao_rock_14_n	TAOM_Map	AssetPackages/pack1.tpac	DXT5	1024	1024	11	1	1398128	1398128		1398128	pixel_segment		material:dao_rock_14=1		$BASE/Modules/TAOM_Map/AssetSources/dao_rocks/dao_rock_14_n.png
dao_rock_15_d	TAOM_Map	AssetPackages/pack1.tpac	DXT5	1024	1024	11	1	1398128	1398128		1398128	pixel_segment		material:dao_rock_15=1		$BASE/Modules/TAOM_Map/AssetSources/dao_rocks/dao_rock_15_d.png
dao_rock_15_n	TAOM_Map	AssetPackages/pack1.tpac	DXT5	1024	1024	11	1	1398128	1398128		1398128	pixel_segment		material:dao_rock_15=1		$BASE/Modules/TAOM_Map/AssetSources/dao_rocks/dao_rock_15_n.png
dao_rock_16_d	TAOM_Map	AssetPackages/pack1.tpac	DXT5	1024	1024	11	1	1398128	1398128		1398128	pixel_segment		material:dao_rock_16=1		$BASE/Modules/TAOM_Map/AssetSources/dao_rocks/dao_rock_16_d.png
dao_rock_16_n	TAOM_Map	AssetPackages/pack1.tpac	DXT5	1024	1024	11	1	1398128	1398128		1398128	pixel_segment		material:dao_rock_16=1		$BASE/Modules/TAOM_Map/AssetSources/dao_rocks/dao_rock_16_n.png
dao_rock_17_d	TAOM_Map	AssetPackages/pack1.tpac	DXT5	1024	1024	11	1	1398128	1398128		1398128	pixel_segment		material:dao_rock_17=1		$BASE/Modules/TAOM_Map/AssetSources/dao_rocks/dao_rock_17_d.png
dao_rock_17_n	TAOM_Map	AssetPackages/pack1.tpac	DXT5	1024	1024	11	1	1398128	1398128		1398128	pixel_segment		material:dao_rock_17=1		$BASE/Modules/TAOM_Map/AssetSources/dao_rocks/dao_rock_17_n.png
dao_rock_18_d	TAOM_Map	AssetPackages/pack1.tpac	DXT5	1024	1024	11	1	1398128	1398128		1398128	pixel_segment		material:dao_rock_18=1		$BASE/Modules/TAOM_Map/AssetSources/dao_rocks/dao_rock_18_d.png
dao_rock_18_n	TAOM_Map	AssetPackages/pack1.tpac	DXT5	1024	1024	11	1	1398128	1398128		1398128	pixel_segment		material:dao_rock_18=1		$BASE/Modules/TAOM_Map/AssetSources/dao_rocks/dao_rock_18_n.png
dao_rock_19_d	TAOM_Map	AssetPackages/pack1.tpac	DXT5	1024	1024	11	1	1398128	1398128		1398128	pixel_segment		material:dao_rock_19=1		$BASE/Modules/TAOM_Map/AssetSources/dao_rocks/dao_rock_19_d.png
dao_rock_19_n	TAOM_Map	AssetPackages/pack1.tpac	DXT5	1024	1024	11	1	1398128	1398128		1398128	pixel_segment		material:dao_rock_19=1		$BASE/Modules/TAOM_Map/AssetSources/dao_rocks/dao_rock_19_n.png
dao_rock_1_d	TAOM_Map	AssetPackages/pack1.tpac	DXT5	1024	1024	11	1	1398128	1398128		1398128	pixel_segment		material:dao_rock_1=1		$BASE/Modules/TAOM_Map/AssetSources/dao_rocks/dao_rock_1_d.png
dao_rock_1_n	TAOM_Map	AssetPackages/pack1.tpac	DXT5	1024	1024	11	1	1398128	1398128		1398128	pixel_segment		material:dao_rock_1=1		$BASE/Modules/TAOM_Map/AssetSources/dao_rocks/dao_rock_1_n.png
dao_rock_20_d	TAOM_Map	AssetPackages/pack1.tpac	DXT5	1024	1024	11	1	1398128	1398128		1398128	pixel_segment		material:dao_rock_20=1		$BASE/Modules/TAOM_Map/AssetSources/dao_rocks/dao_rock_20_d.png
dao_rock_20_n	TAOM_Map	AssetPackages/pack1.tpac	DXT5	1024	1024	11	1	1398128	1398128		1398128	pixel_segment		material:dao_rock_20=1		$BASE/Modules/TAOM_Map/AssetSources/dao_rocks/dao_rock_20_n.png
dao_rock_2_d	TAOM_Map	AssetPackages/pack1.tpac	DXT5	1024	1024	11	1	1398128	1398128		1398128	pixel_segment		material:dao_rock_2=1		$BASE/Modules/TAOM_Map/AssetSources/dao_rocks/dao_rock_2_d.png
dao_rock_2_n	TAOM_Map	AssetPackages/pack1.tpac	DXT5	1024	1024	11	1	1398128	1398128		1398128	pixel_segment		material:dao_rock_2=1		$BASE/Modules/TAOM_Map/AssetSources/dao_rocks/dao_rock_2_n.png
dao_rock_3_d	TAOM_Map	AssetPackages/pack1.tpac	DXT5	1024	1024	11	1	1398128	1398128		1398128	pixel_segment		material:dao_rock_3=1		$BASE/Modules/TAOM_Map/AssetSources/dao_rocks/dao_rock_3_d.png
dao_rock_3_n	TAOM_Map	AssetPackages/pack1.tpac	DXT5	1024	1024	11	1	1398128	1398128		1398128	pixel_segment		material:dao_rock_3=1		$BASE/Modules/TAOM_Map/AssetSources/dao_rocks/dao_rock_3_n.png
dao_rock_4_d	TAOM_Map	AssetPackages/pack1.tpac	DXT5	1024	1024	11	1	1398128	1398128		1398128	pixel_segment		material:dao_rock_4=1		$BASE/Modules/TAOM_Map/AssetSources/dao_rocks/dao_rock_4_d.png
dao_rock_4_n	TAOM_Map	AssetPackages/pack1.tpac	DXT5	1024	1024	11	1	1398128	1398128		1398128	pixel_segment		material:dao_rock_4=1		$BASE/Modules/TAOM_Map/AssetSources/dao_rocks/dao_rock_4_n.png
dao_rock_5_d	TAOM_Map	AssetPackages/pack1.tpac	DXT5	1024	1024	11	1	1398128	1398128		1398128	pixel_segment		material:dao_rock_5=1		$BASE/Modules/TAOM_Map/AssetSources/dao_rocks/dao_rock_5_d.png
dao_rock_5_n	TAOM_Map	AssetPackages/pack1.tpac	DXT5	1024	1024	11	1	1398128	1398128		1398128	pixel_segment		material:dao_rock_5=1		$BASE/Modules/TAOM_Map/AssetSources/dao_rocks/dao_rock_5_n.png
dao_rock_6_d	TAOM_Map	AssetPackages/pack1.tpac	DXT5	1024	1024	11	1	1398128	1398128		1398128	pixel_segment		material:dao_rock_6=1		$BASE/Modules/TAOM_Map/AssetSources/dao_rocks/dao_rock_6_d.png
dao_rock_6_n	TAOM_Map	AssetPackages/pack1.tpac	DXT5	1024	1024	11	1	1398128	1398128		1398128	pixel_segment		material:dao_rock_6=1		$BASE/Modules/TAOM_Map/AssetSources/dao_rocks/dao_rock_6_n.png
dao_rock_7_d	TAOM_Map	AssetPackages/pack1.tpac	DXT5	1024	1024	11	1	1398128	1398128		1398128	pixel_segment		material:dao_rock_7=1		$BASE/Modules/TAOM_Map/AssetSources/dao_rocks/dao_rock_7_d.png
dao_rock_7_n	TAOM_Map	AssetPackages/pack1.tpac	DXT5	1024	1024	11	1	1398128	1398128		1398128	pixel_segment		material:dao_rock_7=1		$BASE/Modules/TAOM_Map/AssetSources/dao_rocks/dao_rock_7_n.png
dao_rock_8_d	TAOM_Map	AssetPackages/pack1.tpac	DXT5	1024	1024	11	1	1398128	1398128		1398128	pixel_segment		material:dao_rock_8=1		$BASE/Modules/TAOM_Map/AssetSources/dao_rocks/dao_rock_8_d.png
dao_rock_8_n	TAOM_Map	AssetPackages/pack1.tpac	DXT5	1024	1024	11	1	1398128	1398128		1398128	pixel_segment		material:dao_rock_8=1		$BASE/Modules/TAOM_Map/AssetSources/dao_rocks/dao_rock_8_n.png
dao_rock_9_d	TAOM_Map	AssetPackages/pack1.tpac	DXT5	1024	1024	11	1	1398128	1398128		1398128	pixel_segment		material:dao_rock_9=1		$BASE/Modules/TAOM_Map/AssetSources/dao_rocks/dao_rock_9_d.png
dao_rock_9_n	TAOM_Map	AssetPackages/pack1.tpac	DXT5	1024	1024	11	1	1398128	1398128		1398128	pixel_segment		material:dao_rock_9=1		$BASE/Modules/TAOM_Map/AssetSources/dao_rocks/dao_rock_9_n.png
dolguldur_icon_hill_n	TAOM_Map	AssetPackages/pack1.tpac	BC5	1024	1024	11	1	1398128	1398128		1398128	pixel_segment		material:dolguldur_icon_hill=1		$BASE/Modules/TAOM_Map/AssetSources/Campaign Map/Map Icons/Dol Guldur/textures/dolguldur_icon_hill_n.png
dragonstone_map_01_a_n	TAOM_Map	AssetPackages/pack1.tpac	BC5	1024	1024	11	1	1398128	1398128		1398128	pixel_segment		material:dragonstone_map_01_a=1		$BASE/Modules/TAOM_Map/AssetSources/Campaign Map/Map Icons/Mordor/textures/dragonstone_map_01_a_n.png
erebor_dwarf_statue_n	TAOM_Map	AssetPackages/pack1.tpac	BC5	1024	1024	11	1	1398128	1398128		1398128	pixel_segment		material:erebor_dwarf_statue=1		$BASE/Modules/TAOM_Map/AssetSources/Campaign Map/Map Icons/Erebor/Textures/erebor_dwarf_statue_n.png
erebor_icon atlas_n	TAOM_Map	AssetPackages/pack1.tpac	BC5	1024	1024	11	1	1398128	1398128		1398128	pixel_segment		material:erebor_icon_atlas=1		$BASE/Modules/TAOM_Map/AssetSources/Campaign Map/Map Icons/Erebor/Textures/erebor_icon atlas_n.png
erebor_map_icon_n	TAOM_Map	AssetPackages/pack1.tpac	BC5	1024	1024	11	1	1398128	1398128		1398128	pixel_segment		material:erebor_map_icon=1		$BASE/Modules/TAOM_Map/AssetSources/Campaign Map/Map Icons/Erebor/Textures/erebor_map_icon_n.png
gondor_pelargir_ground_n	TAOM_Map	AssetPackages/pack1.tpac	BC5	1024	1024	11	1	1398128	1398128		1398128	pixel_segment		material:gondor_pelargir_ground=1		$BASE/Modules/TAOM_Map/AssetSources/Campaign Map/Map Icons/Gondor/gondor_pelargir_ground_n.png
gundabad_castle_hills_n	TAOM_Map	AssetPackages/pack2.tpac	BC5	1024	1024	11	1	1398128	1398128		1398128	pixel_segment		material:gundabad_castle_hills=1		$BASE/Modules/TAOM_Map/AssetSources/Campaign Map/Map Icons/Gundabad/textures/gundabad_castle_hills_n.png
gundabad_dwarf_ruins_n	TAOM_Map	AssetPackages/pack2.tpac	BC5	1024	1024	11	1	1398128	1398128		1398128	pixel_segment		material:gundabad_dwarf_ruins=1		$BASE/Modules/TAOM_Map/AssetSources/Campaign Map/Map Icons/Gundabad/textures/gundabad_dwarf_ruins_n.png
gundabad_fortress_map_n	TAOM_Map	AssetPackages/pack2.tpac	BC5	1024	1024	11	1	1398128	1398128		1398128	pixel_segment		material:gundabad_fortress_map=1		$BASE/Modules/TAOM_Map/AssetSources/Campaign Map/Map Icons/Gundabad/textures/gundabad_fortress_map_n.png
gundabad_town_hill_n	TAOM_Map	AssetPackages/pack2.tpac	BC5	1024	1024	11	1	1398128	1398128		1398128	pixel_segment		material:gundabad_town_hill=1		$BASE/Modules/TAOM_Map/AssetSources/Campaign Map/Map Icons/Gundabad/textures/gundabad_town_hill_n.png
isengard_n	TAOM_Map	AssetPackages/pack2.tpac	BC5	1024	1024	11	1	1398128	1398128		1398128	pixel_segment		material:isengard=1		$BASE/Modules/TAOM_Map/AssetSources/Campaign Map/Map Icons/Isengard/textures/isengard_n.png
kirikhgathol_map_icon_n	TAOM_Map	AssetPackages/pack2.tpac	BC5	1024	1024	11	1	1398128	1398128		1398128	pixel_segment		material:kirikhgathol_map_icon=1		$BASE/Modules/TAOM_Map/AssetSources/Campaign Map/Map Icons/Erebor/Textures/kirikhgathol_map_icon_n.png
lava01_n	TAOM_Map	AssetPackages/pack2.tpac	BC5	1024	1024	11	1	1398128	1398128		1398128	pixel_segment		material:lemmy_volcan=1;references.txt=1;terrain layer 10.Lava_Mid normalmap=1		$BASE/Modules/TAOM_Map/AssetSources/4K_Textures/lava01_n.png
lava04_n	TAOM_Map	AssetPackages/pack2.tpac	BC5	1024	1024	11	1	1398128	1398128		1398128	pixel_segment		references.txt=1;terrain layer 11.Lava_Full normalmap=1		$BASE/Modules/TAOM_Map/AssetSources/4K_Textures/lava04_n.png
lothlorien_map_atlas_n	TAOM_Map	AssetPackages/pack2.tpac	BC5	1024	1024	11	1	1398128	1398128		1398128	pixel_segment		material:lothlorien_map_atlas=1		$BASE/Modules/TAOM_Map/AssetSources/Campaign Map/Map Icons/Lothlorien/textures/lothlorien_map_atlas_n.png
lothlorien_map_castle_terrain_n	TAOM_Map	AssetPackages/pack2.tpac	BC5	1024	1024	11	1	1398128	1398128		1398128	pixel_segment		material:lothlorien_map_castle_terrain=1		$BASE/Modules/TAOM_Map/AssetSources/Campaign Map/Map Icons/Lothlorien/textures/lothlorien_map_castle_terrain_n.png
lothlorien_map_mallorn_n	TAOM_Map	AssetPackages/pack2.tpac	BC5	1024	1024	11	1	1398128	1398128		1398128	pixel_segment		material:lothlorien_map_mallorn=1		$BASE/Modules/TAOM_Map/AssetSources/Campaign Map/Map Icons/Lothlorien/textures/lothlorien_map_mallorn_n.png
lothlorien_mapicon_roof_d	TAOM_Map	AssetPackages/pack2.tpac	DXT5	1024	1024	11	1	1398128	1398128		1398128	pixel_segment		material:lothlorien_mapicon_roof=1		$BASE/Modules/TAOM_Map/AssetSources/Campaign Map/Map Icons/Lothlorien/textures/lothlorien_mapicon_roof_d.png
lothlorien_mapicon_roof_n	TAOM_Map	AssetPackages/pack2.tpac	BC5	1024	1024	11	1	1398128	1398128		1398128	pixel_segment		material:lothlorien_mapicon_roof=1		$BASE/Modules/TAOM_Map/AssetSources/Campaign Map/Map Icons/Lothlorien/textures/lothlorien_mapicon_roof_n.png
lotrome_map_hedge_n	TAOM_Map	AssetPackages/pack2.tpac	BC5	1024	1024	11	1	1398128	1398128		1398128	pixel_segment		material:lotrome_map_hedge=1		$BASE/Modules/TAOM_Map/AssetSources/Campaign Map/Map Icons/Lothlorien/textures/lotrome_map_hedge_n.png
minas_tirith_houses_n	TAOM_Map	AssetPackages/pack2.tpac	BC5	1024	1024	11	1	1398128	1398128		1398128	pixel_segment		material:minas_tirith_houses=1		$BASE/Modules/TAOM_Map/AssetSources/Campaign Map/Map Icons/Gondor/minas_tirith_houses_n.png
minas_tirith_mountain_n	TAOM_Map	AssetPackages/pack2.tpac	BC5	1024	1024	11	1	1398128	1398128		1398128	pixel_segment		material:minas_tirith_mountain=1		$BASE/Modules/TAOM_Map/AssetSources/Campaign Map/Map Icons/Gondor/minas_tirith_mountain_n.png
mirkwood_map_atlas_n	TAOM_Map	AssetPackages/pack2.tpac	BC5	1024	1024	11	1	1398128	1398128		1398128	pixel_segment		material:mirkwood_map_atlas=1		$BASE/Modules/TAOM_Map/AssetSources/Campaign Map/Map Icons/Mirkwood/Mirkwood Icons/textures/mirkwood_map_atlas_n.png
mirkwood_map_castle_hill_n	TAOM_Map	AssetPackages/pack2.tpac	BC5	1024	1024	11	1	1398128	1398128		1398128	pixel_segment		material:mirkwood_map_castle_hill=1		$BASE/Modules/TAOM_Map/AssetSources/Campaign Map/Map Icons/Mirkwood/Mirkwood Icons/textures/mirkwood_map_castle_hill_n.png
mordor_bricks_n	TAOM_Map	AssetPackages/pack2.tpac	BC5	1024	1024	11	1	1398128	1398128		1398128	pixel_segment		material:mordor_bricks=1		$BASE/Modules/TAOM_Map/AssetSources/Campaign Map/Map Icons/Mordor/textures/mordor_bricks_n.png
mordor_floor_n	TAOM_Map	AssetPackages/pack2.tpac	BC5	1024	1024	11	1	1398128	1398128		1398128	pixel_segment		material:mordor_floor=1		$BASE/Modules/TAOM_Map/AssetSources/Campaign Map/Map Icons/Mordor/textures/mordor_floor_n.png
mordor_houses_n	TAOM_Map	AssetPackages/pack2.tpac	BC5	1024	1024	11	1	1398128	1398128		1398128	pixel_segment		material:mordor_houses=1		$BASE/Modules/TAOM_Map/AssetSources/Campaign Map/Map Icons/Mordor/textures/mordor_houses_n.png
mordor_lava_b_n	TAOM_Map	AssetPackages/pack2.tpac	BC5	1024	1024	11	1	1398128	1398128		1398128	pixel_segment		material:mordor_lava_b=1		$BASE/Modules/TAOM_Map/AssetSources/Campaign Map/Map Icons/Mordor/textures/mordor_lava_b_n.png
mordor_planks_n	TAOM_Map	AssetPackages/pack2.tpac	BC5	1024	1024	11	1	1398128	1398128		1398128	pixel_segment		material:mordor_planks=1		$BASE/Modules/TAOM_Map/AssetSources/Campaign Map/Map Icons/Mordor/textures/mordor_planks_n.png
rh_logs_n	TAOM_Map	AssetPackages/pack2.tpac	BC5	1024	1024	11	1	1398128	1398128		1398128	pixel_segment		material:rh_logs=1		$BASE/Modules/TAOM_Map/AssetSources/Campaign Map/Map Icons/Rohan/textures/rh_logs_n.png
rh_planks_burnt_n	TAOM_Map	AssetPackages/pack2.tpac	BC5	1024	1024	11	1	1398128	1398128		1398128	pixel_segment		material:rh_planks_burnt=1		$BASE/Modules/TAOM_Map/AssetSources/Campaign Map/Map Icons/Rohan/textures/rh_planks_burnt_n.png
rh_planks_d	TAOM_Map	AssetPackages/pack2.tpac	DXT5	1024	1024	11	1	1398128	1398128		1398128	pixel_segment		material:rh_planks=1		$BASE/Modules/TAOM_Map/AssetSources/Campaign Map/Map Icons/Rohan/textures/rh_planks_d.png
rh_planks_n	TAOM_Map	AssetPackages/pack2.tpac	BC5	1024	1024	11	1	1398128	1398128		1398128	pixel_segment		material:rh_planks=1		$BASE/Modules/TAOM_Map/AssetSources/Campaign Map/Map Icons/Rohan/textures/rh_planks_n.png
rh_roof_n	TAOM_Map	AssetPackages/pack2.tpac	BC5	1024	1024	11	1	1398128	1398128		1398128	pixel_segment		material:rh_roof=1		$BASE/Modules/TAOM_Map/AssetSources/Campaign Map/Map Icons/Rohan/textures/rh_roof_n.png
rh_stone_n	TAOM_Map	AssetPackages/pack2.tpac	BC5	1024	1024	11	1	1398128	1398128		1398128	pixel_segment		material:rh_stone=1		$BASE/Modules/TAOM_Map/AssetSources/Campaign Map/Map Icons/Rohan/textures/rh_stone_n.png
rh_stone_wall_n	TAOM_Map	AssetPackages/pack2.tpac	BC5	1024	1024	11	1	1398128	1398128		1398128	pixel_segment		material:rh_stone_wall=1		$BASE/Modules/TAOM_Map/AssetSources/Campaign Map/Map Icons/Rohan/textures/rh_stone_wall_n.png
rhun_trimsheet_1_n	TAOM_Map	AssetPackages/pack2.tpac	BC5	1024	1024	11	1	1398128	1398128		1398128	pixel_segment		material:rhun_trimsheet_1=1		$BASE/Modules/TAOM_Map/AssetSources/Campaign Map/Map Icons/Rhun/Textures/rhun_trimsheet_1_n.png
rhun_trimsheet_2_d	TAOM_Map	AssetPackages/pack2.tpac	DXT5	1024	1024	11	1	1398128	1398128		1398128	pixel_segment		material:rhun_trimsheet_2=1		$BASE/Modules/TAOM_Map/AssetSources/Campaign Map/Map Icons/Rhun/Textures/rhun_trimsheet_2_d.png
rhun_trimsheet_2_n	TAOM_Map	AssetPackages/pack2.tpac	BC5	1024	1024	11	1	1398128	1398128		1398128	pixel_segment		material:rhun_trimsheet_2=1		$BASE/Modules/TAOM_Map/AssetSources/Campaign Map/Map Icons/Rhun/Textures/rhun_trimsheet_2_n.png
rivendell_icon_mountain_n	TAOM_Map	AssetPackages/pack2.tpac	BC5	1024	1024	11	1	1398128	1398128		1398128	pixel_segment		material:rivendell_icon_mountain=1		$BASE/Modules/TAOM_Map/AssetSources/Campaign Map/Map Icons/Rivendell/textures/rivendell_icon_mountain_n.png
rohan_aldburg_hill_n	TAOM_Map	AssetPackages/pack2.tpac	BC5	1024	1024	11	1	1398128	1398128		1398128	pixel_segment		material:rohan_aldburg_hill=1		$BASE/Modules/TAOM_Map/AssetSources/Campaign Map/Map Icons/Rohan/textures/rohan_aldburg_hill_n.png
rohan_edoras_hill_n	TAOM_Map	AssetPackages/pack2.tpac	BC5	1024	1024	11	1	1398128	1398128		1398128	pixel_segment		material:rohan_edoras_hill=1		$BASE/Modules/TAOM_Map/AssetSources/Campaign Map/Map Icons/Rohan/textures/rohan_edoras_hill_n.png
rohan_houses_burnt_n	TAOM_Map	AssetPackages/pack2.tpac	BC5	1024	1024	11	1	1398128	1398128		1398128	pixel_segment		material:rohan_houses_burnt=1		$BASE/Modules/TAOM_Map/AssetSources/Campaign Map/Map Icons/Rohan/textures/rohan_houses_burnt_n.png
rohan_houses_n	TAOM_Map	AssetPackages/pack2.tpac	BC5	1024	1024	11	1	1398128	1398128		1398128	pixel_segment		material:rohan_houses=1		$BASE/Modules/TAOM_Map/AssetSources/Campaign Map/Map Icons/Rohan/textures/rohan_houses_n.png
rohan_meduseld_icon_n	TAOM_Map	AssetPackages/pack2.tpac	BC5	1024	1024	11	1	1398128	1398128		1398128	pixel_segment		material:rohan_meduseld_icon=1		$BASE/Modules/TAOM_Map/AssetSources/Campaign Map/Map Icons/Rohan/textures/rohan_meduseld_icon_n.png
Steppe_n	TAOM_Map	AssetPackages/pack0.tpac	BC5	1024	1024	11	1	1398128	1398128		1398128	pixel_segment		references.txt=1;terrain layer 03.Steppe normalmap=1		$BASE/Modules/TAOM_Map/AssetSources/4K_Textures/Steppe_n.png
t_decal_dirt_vertical_a_s	TAOM_Map	AssetPackages/pack3.tpac	DXT5	1024	1024	11	1	1398128	1398128		1398128	pixel_segment		material:t_decal_dirt_vertical=1		$BASE/Modules/TAOM_Map/AssetSources/Scenes/Decals/t_decal_dirt_vertical_a_s.png
t_mordor_plate_tile_a_n	TAOM_Map	AssetPackages/pack3.tpac	BC5	1024	1024	11	1	1398128	1398128		1398128	pixel_segment		material:m_mordor_plate_tile_a=1		$BASE/Modules/TAOM_Map/AssetSources/Campaign Map/Map Icons/Mordor/textures/t_mordor_plate_tile_a_n.png
t_mordor_stone_wall_a_n	TAOM_Map	AssetPackages/pack3.tpac	BC5	1024	1024	11	1	1398128	1398128		1398128	pixel_segment		material:m_mordor_stone_wall_a=1		$BASE/Modules/TAOM_Map/AssetSources/Campaign Map/Map Icons/Mordor/textures/t_mordor_stone_wall_a_n.png
thranduils_halls_map_icon_1_n	TAOM_Map	AssetPackages/pack4.tpac	BC5	1024	1024	11	1	1398128	1398128		1398128	pixel_segment		material:thranduils_halls_map_icon_1=1		$BASE/Modules/TAOM_Map/AssetSources/Campaign Map/Map Icons/Mirkwood/Thranduil Hall/textures/thranduils_halls_map_icon_1_n.png
thranduils_halls_map_icon_2_n	TAOM_Map	AssetPackages/pack4.tpac	BC5	1024	1024	11	1	1398128	1398128		1398128	pixel_segment		material:thranduils_halls_map_icon_2=1		$BASE/Modules/TAOM_Map/AssetSources/Campaign Map/Map Icons/Mirkwood/Thranduil Hall/textures/thranduils_halls_map_icon_2_n.png
thranduils_halls_map_icon_3_n	TAOM_Map	AssetPackages/pack4.tpac	BC5	1024	1024	11	1	1398128	1398128		1398128	pixel_segment		material:thranduils_halls_map_icon_3=1		$BASE/Modules/TAOM_Map/AssetSources/Campaign Map/Map Icons/Mirkwood/Thranduil Hall/textures/thranduils_halls_map_icon_3_n.png
umbar_bricks_n	TAOM_Map	AssetPackages/pack4.tpac	BC5	1024	1024	11	1	1398128	1398128		1398128	pixel_segment		material:umbar_bricks=1		$BASE/Modules/TAOM_Map/AssetSources/Campaign Map/Map Icons/Umbar/textures/umbar_bricks_n.png
umbar_map_icons_atlas_n	TAOM_Map	AssetPackages/pack4.tpac	BC5	1024	1024	11	1	1398128	1398128		1398128	pixel_segment		material:umbar_map_icons_atlas=1		$BASE/Modules/TAOM_Map/AssetSources/Campaign Map/Map Icons/Umbar/textures/umbar_map_icons_atlas_n.png
umbar_rooftiles_1_n	TAOM_Map	AssetPackages/pack4.tpac	BC5	1024	1024	11	1	1398128	1398128		1398128	pixel_segment		material:umbar_rooftiles_1=1		$BASE/Modules/TAOM_Map/AssetSources/Campaign Map/Map Icons/Umbar/textures/umbar_rooftiles_1_n.png
umbar_rooftiles_2_n	TAOM_Map	AssetPackages/pack4.tpac	BC5	1024	1024	11	1	1398128	1398128		1398128	pixel_segment		material:umbar_rooftiles_2=1		$BASE/Modules/TAOM_Map/AssetSources/Campaign Map/Map Icons/Umbar/textures/umbar_rooftiles_2_n.png
umbar_rooftiles_3_n	TAOM_Map	AssetPackages/pack4.tpac	BC5	1024	1024	11	1	1398128	1398128		1398128	pixel_segment		material:umbar_rooftiles_3=1		$BASE/Modules/TAOM_Map/AssetSources/Campaign Map/Map Icons/Umbar/textures/umbar_rooftiles_3_n.png
umbar_rubble_burned_n	TAOM_Map	AssetPackages/pack4.tpac	BC5	1024	1024	11	1	1398128	1398128		1398128	pixel_segment		material:umbar_rubble_burned=1		$BASE/Modules/TAOM_Map/AssetSources/Campaign Map/Map Icons/Umbar/textures/umbar_rubble_burned_n.png
umbar_tiles_n	TAOM_Map	AssetPackages/pack4.tpac	BC5	1024	1024	11	1	1398128	1398128		1398128	pixel_segment		material:umbar_tiles=1		$BASE/Modules/TAOM_Map/AssetSources/Campaign Map/Map Icons/Umbar/textures/umbar_tiles_n.png
umbar_trim_sheet_n	TAOM_Map	AssetPackages/pack4.tpac	BC5	1024	1024	11	1	1398128	1398128		1398128	pixel_segment		material:umbar_trim_sheet=1		$BASE/Modules/TAOM_Map/AssetSources/Campaign Map/Map Icons/Umbar/textures/umbar_trim_sheet_n.png
wildlings_trim_n	TAOM_Map	AssetPackages/pack4.tpac	BC5	1024	1024	11	1	1398128	1398128		1398128	pixel_segment		material:wildlings_trim=1		$BASE/Modules/TAOM_Map/AssetSources/Campaign Map/Map Icons/Dunland/textures/wildlings_trim_n.png
mordor_eye	TAOM_Map	AssetPackages/pack2.tpac	R8G8B8A8_UNORM	650	417	1	1	1084200	1084200		1084200	pixel_segment	UNCOMPRESSED|NO_MIPS_ABOVE_512	material:mordor_eye=1		$BASE/Modules/TAOM_Map/AssetSources/Campaign Map/Map Icons/Mordor/textures/mordor_eye.png
054_h	TAOM_Map	AssetPackages/pack0.tpac	BC4	1024	1024	11	1	699064	699064		699064	pixel_segment		references.txt=1;terrain layer 05.Sand displacementmap=1		$BASE/Modules/TAOM_Map/AssetSources/4K_Textures/054_h.png
055_h	TAOM_Map	AssetPackages/pack0.tpac	BC4	1024	1024	11	1	699064	699064		699064	pixel_segment		references.txt=1;terrain layer 06.Sand_wave displacementmap=1		$BASE/Modules/TAOM_Map/AssetSources/4K_Textures/055_h.png
argonath_1_h	TAOM_Map	AssetPackages/pack0.tpac	BC4	1024	1024	11	1	699064	699064		699064	pixel_segment		material:argonath_1=1		$BASE/Modules/TAOM_Map/AssetSources/Campaign Map/Map Icons/Gondor/argonath_1_h.png
argonath_1_s	TAOM_Map	AssetPackages/pack0.tpac	DXT1	1024	1024	11	1	699064	699064		699064	pixel_segment		material:argonath_1=1		$BASE/Modules/TAOM_Map/AssetSources/Campaign Map/Map Icons/Gondor/argonath_1_s.png
argonath_2_h	TAOM_Map	AssetPackages/pack0.tpac	BC4	1024	1024	11	1	699064	699064		699064	pixel_segment		material:argonath_2=1		$BASE/Modules/TAOM_Map/AssetSources/Campaign Map/Map Icons/Gondor/argonath_2_h.png
argonath_2_s	TAOM_Map	AssetPackages/pack0.tpac	DXT1	1024	1024	11	1	699064	699064		699064	pixel_segment		material:argonath_2=1		$BASE/Modules/TAOM_Map/AssetSources/Campaign Map/Map Icons/Gondor/argonath_2_s.png
dao_rock_10_s	TAOM_Map	AssetPackages/pack1.tpac	DXT1	1024	1024	11	1	699064	699064		699064	pixel_segment		material:dao_rock_10=1		$BASE/Modules/TAOM_Map/AssetSources/dao_rocks/dao_rock_10_s.png
dao_rock_11_s	TAOM_Map	AssetPackages/pack1.tpac	DXT1	1024	1024	11	1	699064	699064		699064	pixel_segment		material:dao_rock_11=1		$BASE/Modules/TAOM_Map/AssetSources/dao_rocks/dao_rock_11_s.png
dao_rock_12_s	TAOM_Map	AssetPackages/pack1.tpac	DXT1	1024	1024	11	1	699064	699064		699064	pixel_segment		material:dao_rock_12=1		$BASE/Modules/TAOM_Map/AssetSources/dao_rocks/dao_rock_12_s.png
dao_rock_13_s	TAOM_Map	AssetPackages/pack1.tpac	DXT1	1024	1024	11	1	699064	699064		699064	pixel_segment		material:dao_rock_13=1		$BASE/Modules/TAOM_Map/AssetSources/dao_rocks/dao_rock_13_s.png
dao_rock_14_s	TAOM_Map	AssetPackages/pack1.tpac	DXT1	1024	1024	11	1	699064	699064		699064	pixel_segment		material:dao_rock_14=1		$BASE/Modules/TAOM_Map/AssetSources/dao_rocks/dao_rock_14_s.png
dao_rock_15_s	TAOM_Map	AssetPackages/pack1.tpac	DXT1	1024	1024	11	1	699064	699064		699064	pixel_segment		material:dao_rock_15=1		$BASE/Modules/TAOM_Map/AssetSources/dao_rocks/dao_rock_15_s.png
dao_rock_16_s	TAOM_Map	AssetPackages/pack1.tpac	DXT1	1024	1024	11	1	699064	699064		699064	pixel_segment		material:dao_rock_16=1		$BASE/Modules/TAOM_Map/AssetSources/dao_rocks/dao_rock_16_s.png
dao_rock_17_s	TAOM_Map	AssetPackages/pack1.tpac	DXT1	1024	1024	11	1	699064	699064		699064	pixel_segment		material:dao_rock_17=1		$BASE/Modules/TAOM_Map/AssetSources/dao_rocks/dao_rock_17_s.png
dao_rock_18_s	TAOM_Map	AssetPackages/pack1.tpac	DXT1	1024	1024	11	1	699064	699064		699064	pixel_segment		material:dao_rock_18=1		$BASE/Modules/TAOM_Map/AssetSources/dao_rocks/dao_rock_18_s.png
dao_rock_19_s	TAOM_Map	AssetPackages/pack1.tpac	DXT1	1024	1024	11	1	699064	699064		699064	pixel_segment		material:dao_rock_19=1		$BASE/Modules/TAOM_Map/AssetSources/dao_rocks/dao_rock_19_s.png
dao_rock_1_s	TAOM_Map	AssetPackages/pack1.tpac	DXT1	1024	1024	11	1	699064	699064		699064	pixel_segment		material:dao_rock_1=1		$BASE/Modules/TAOM_Map/AssetSources/dao_rocks/dao_rock_1_s.png
dao_rock_20_s	TAOM_Map	AssetPackages/pack1.tpac	DXT1	1024	1024	11	1	699064	699064		699064	pixel_segment		material:dao_rock_20=1		$BASE/Modules/TAOM_Map/AssetSources/dao_rocks/dao_rock_20_s.png
dao_rock_2_s	TAOM_Map	AssetPackages/pack1.tpac	DXT1	1024	1024	11	1	699064	699064		699064	pixel_segment		material:dao_rock_2=1		$BASE/Modules/TAOM_Map/AssetSources/dao_rocks/dao_rock_2_s.png
dao_rock_3_s	TAOM_Map	AssetPackages/pack1.tpac	DXT1	1024	1024	11	1	699064	699064		699064	pixel_segment		material:dao_rock_3=1		$BASE/Modules/TAOM_Map/AssetSources/dao_rocks/dao_rock_3_s.png
dao_rock_4_s	TAOM_Map	AssetPackages/pack1.tpac	DXT1	1024	1024	11	1	699064	699064		699064	pixel_segment		material:dao_rock_4=1		$BASE/Modules/TAOM_Map/AssetSources/dao_rocks/dao_rock_4_s.png
dao_rock_5_s	TAOM_Map	AssetPackages/pack1.tpac	DXT1	1024	1024	11	1	699064	699064		699064	pixel_segment		material:dao_rock_5=1		$BASE/Modules/TAOM_Map/AssetSources/dao_rocks/dao_rock_5_s.png
dao_rock_6_s	TAOM_Map	AssetPackages/pack1.tpac	DXT1	1024	1024	11	1	699064	699064		699064	pixel_segment		material:dao_rock_6=1		$BASE/Modules/TAOM_Map/AssetSources/dao_rocks/dao_rock_6_s.png
dao_rock_7_s	TAOM_Map	AssetPackages/pack1.tpac	DXT1	1024	1024	11	1	699064	699064		699064	pixel_segment		material:dao_rock_7=1		$BASE/Modules/TAOM_Map/AssetSources/dao_rocks/dao_rock_7_s.png
dao_rock_8_s	TAOM_Map	AssetPackages/pack1.tpac	DXT1	1024	1024	11	1	699064	699064		699064	pixel_segment		material:dao_rock_8=1		$BASE/Modules/TAOM_Map/AssetSources/dao_rocks/dao_rock_8_s.png
dao_rock_9_s	TAOM_Map	AssetPackages/pack1.tpac	DXT1	1024	1024	11	1	699064	699064		699064	pixel_segment		material:dao_rock_9=1		$BASE/Modules/TAOM_Map/AssetSources/dao_rocks/dao_rock_9_s.png
dolguldur_icon_hill_h	TAOM_Map	AssetPackages/pack1.tpac	BC4	1024	1024	11	1	699064	699064		699064	pixel_segment		material:dolguldur_icon_hill=1		$BASE/Modules/TAOM_Map/AssetSources/Campaign Map/Map Icons/Dol Guldur/textures/dolguldur_icon_hill_h.png
dolguldur_icon_hill_s	TAOM_Map	AssetPackages/pack1.tpac	DXT1	1024	1024	11	1	699064	699064		699064	pixel_segment		material:dolguldur_icon_hill=1		$BASE/Modules/TAOM_Map/AssetSources/Campaign Map/Map Icons/Dol Guldur/textures/dolguldur_icon_hill_s.png
dragonstone_map_01_a_h	TAOM_Map	AssetPackages/pack1.tpac	BC4	1024	1024	11	1	699064	699064		699064	pixel_segment		material:dragonstone_map_01_a=1		$BASE/Modules/TAOM_Map/AssetSources/Campaign Map/Map Icons/Mordor/textures/dragonstone_map_01_a_h.png
dragonstone_map_01_a_s	TAOM_Map	AssetPackages/pack1.tpac	DXT1	1024	1024	11	1	699064	699064		699064	pixel_segment		material:dragonstone_map_01_a=1		$BASE/Modules/TAOM_Map/AssetSources/Campaign Map/Map Icons/Mordor/textures/dragonstone_map_01_a_s.png
erebor_dwarf_statue_s	TAOM_Map	AssetPackages/pack1.tpac	DXT1	1024	1024	11	1	699064	699064		699064	pixel_segment		material:erebor_dwarf_statue=1		$BASE/Modules/TAOM_Map/AssetSources/Campaign Map/Map Icons/Erebor/Textures/erebor_dwarf_statue_s.png
erebor_icon atlas_h	TAOM_Map	AssetPackages/pack1.tpac	BC4	1024	1024	11	1	699064	699064		699064	pixel_segment		material:erebor_map_icon=1		$BASE/Modules/TAOM_Map/AssetSources/Campaign Map/Map Icons/Erebor/Textures/erebor_icon atlas_h.png
erebor_icon atlas_s	TAOM_Map	AssetPackages/pack1.tpac	DXT1	1024	1024	11	1	699064	699064		699064	pixel_segment		material:erebor_icon_atlas=1		$BASE/Modules/TAOM_Map/AssetSources/Campaign Map/Map Icons/Erebor/Textures/erebor_icon atlas_s.png
erebor_map_icon_s	TAOM_Map	AssetPackages/pack1.tpac	DXT1	1024	1024	11	1	699064	699064		699064	pixel_segment		material:erebor_map_icon=1		$BASE/Modules/TAOM_Map/AssetSources/Campaign Map/Map Icons/Erebor/Textures/erebor_map_icon_s.png
gondor_pelargir_ground_h	TAOM_Map	AssetPackages/pack1.tpac	BC4	1024	1024	11	1	699064	699064		699064	pixel_segment		material:gondor_pelargir_ground=1		$BASE/Modules/TAOM_Map/AssetSources/Campaign Map/Map Icons/Gondor/gondor_pelargir_ground_h.png
gondor_pelargir_ground_s	TAOM_Map	AssetPackages/pack1.tpac	DXT1	1024	1024	11	1	699064	699064		699064	pixel_segment		material:gondor_pelargir_ground=1		$BASE/Modules/TAOM_Map/AssetSources/Campaign Map/Map Icons/Gondor/gondor_pelargir_ground_s.png
gundabad_castle_hills_h	TAOM_Map	AssetPackages/pack2.tpac	BC4	1024	1024	11	1	699064	699064		699064	pixel_segment		material:gundabad_castle_hills=1		$BASE/Modules/TAOM_Map/AssetSources/Campaign Map/Map Icons/Gundabad/textures/gundabad_castle_hills_h.png
gundabad_castle_hills_s	TAOM_Map	AssetPackages/pack2.tpac	DXT1	1024	1024	11	1	699064	699064		699064	pixel_segment		material:gundabad_castle_hills=1		$BASE/Modules/TAOM_Map/AssetSources/Campaign Map/Map Icons/Gundabad/textures/gundabad_castle_hills_s.png
gundabad_dwarf_ruins_h	TAOM_Map	AssetPackages/pack2.tpac	BC4	1024	1024	11	1	699064	699064		699064	pixel_segment		material:gundabad_dwarf_ruins=1		$BASE/Modules/TAOM_Map/AssetSources/Campaign Map/Map Icons/Gundabad/textures/gundabad_dwarf_ruins_h.png
gundabad_dwarf_ruins_s	TAOM_Map	AssetPackages/pack2.tpac	DXT1	1024	1024	11	1	699064	699064		699064	pixel_segment		material:gundabad_dwarf_ruins=1		$BASE/Modules/TAOM_Map/AssetSources/Campaign Map/Map Icons/Gundabad/textures/gundabad_dwarf_ruins_s.png
gundabad_fortress_map_h	TAOM_Map	AssetPackages/pack2.tpac	BC4	1024	1024	11	1	699064	699064		699064	pixel_segment		material:gundabad_fortress_map=1		$BASE/Modules/TAOM_Map/AssetSources/Campaign Map/Map Icons/Gundabad/textures/gundabad_fortress_map_h.png
gundabad_fortress_map_s	TAOM_Map	AssetPackages/pack2.tpac	DXT1	1024	1024	11	1	699064	699064		699064	pixel_segment		material:gundabad_fortress_map=1		$BASE/Modules/TAOM_Map/AssetSources/Campaign Map/Map Icons/Gundabad/textures/gundabad_fortress_map_s.png
gundabad_town_hill_h	TAOM_Map	AssetPackages/pack2.tpac	BC4	1024	1024	11	1	699064	699064		699064	pixel_segment		material:gundabad_town_hill=1		$BASE/Modules/TAOM_Map/AssetSources/Campaign Map/Map Icons/Gundabad/textures/gundabad_town_hill_h.png
gundabad_town_hill_s	TAOM_Map	AssetPackages/pack2.tpac	DXT1	1024	1024	11	1	699064	699064		699064	pixel_segment		material:gundabad_town_hill=1		$BASE/Modules/TAOM_Map/AssetSources/Campaign Map/Map Icons/Gundabad/textures/gundabad_town_hill_s.png
isengard_d	TAOM_Map	AssetPackages/pack2.tpac	DXT1	1024	1024	11	1	699064	699064		699064	pixel_segment		material:isengard=1		$BASE/Modules/TAOM_Map/AssetSources/Campaign Map/Map Icons/Isengard/textures/isengard_d.png
isengard_s	TAOM_Map	AssetPackages/pack2.tpac	DXT1	1024	1024	11	1	699064	699064		699064	pixel_segment		material:isengard=1		$BASE/Modules/TAOM_Map/AssetSources/Campaign Map/Map Icons/Isengard/textures/isengard_s.png
kirikhgathol_map_icon_s	TAOM_Map	AssetPackages/pack2.tpac	DXT1	1024	1024	11	1	699064	699064		699064	pixel_segment		material:kirikhgathol_map_icon=1		$BASE/Modules/TAOM_Map/AssetSources/Campaign Map/Map Icons/Erebor/Textures/kirikhgathol_map_icon_s.png
lava01_h	TAOM_Map	AssetPackages/pack2.tpac	BC4	1024	1024	11	1	699064	699064		699064	pixel_segment		material:lemmy_volcan=1;references.txt=1;terrain layer 10.Lava_Mid displacementmap=1		$BASE/Modules/TAOM_Map/AssetSources/4K_Textures/lava01_h.png
lava04_h	TAOM_Map	AssetPackages/pack2.tpac	BC4	1024	1024	11	1	699064	699064		699064	pixel_segment		references.txt=1;terrain layer 11.Lava_Full displacementmap=1		$BASE/Modules/TAOM_Map/AssetSources/4K_Textures/lava04_h.png
lothlorien_map_atlas_h	TAOM_Map	AssetPackages/pack2.tpac	BC4	1024	1024	11	1	699064	699064		699064	pixel_segment		material:lothlorien_map_atlas=1		$BASE/Modules/TAOM_Map/AssetSources/Campaign Map/Map Icons/Lothlorien/textures/lothlorien_map_atlas_h.png
lothlorien_map_atlas_s	TAOM_Map	AssetPackages/pack2.tpac	DXT1	1024	1024	11	1	699064	699064		699064	pixel_segment		material:lothlorien_map_atlas=1		$BASE/Modules/TAOM_Map/AssetSources/Campaign Map/Map Icons/Lothlorien/textures/lothlorien_map_atlas_s.png
lothlorien_map_castle_terrain_h	TAOM_Map	AssetPackages/pack2.tpac	BC4	1024	1024	11	1	699064	699064		699064	pixel_segment		material:lothlorien_map_castle_terrain=1;material:lothlorien_map_mallorn=1		$BASE/Modules/TAOM_Map/AssetSources/Campaign Map/Map Icons/Lothlorien/textures/lothlorien_map_castle_terrain_h.png
lothlorien_map_castle_terrain_s	TAOM_Map	AssetPackages/pack2.tpac	DXT1	1024	1024	11	1	699064	699064		699064	pixel_segment		material:lothlorien_map_castle_terrain=1		$BASE/Modules/TAOM_Map/AssetSources/Campaign Map/Map Icons/Lothlorien/textures/lothlorien_map_castle_terrain_s.png
lothlorien_map_mallorn_s	TAOM_Map	AssetPackages/pack2.tpac	DXT1	1024	1024	11	1	699064	699064		699064	pixel_segment		material:lothlorien_map_mallorn=1		$BASE/Modules/TAOM_Map/AssetSources/Campaign Map/Map Icons/Lothlorien/textures/lothlorien_map_mallorn_s.png
lothlorien_mapicon_roof_h	TAOM_Map	AssetPackages/pack2.tpac	BC4	1024	1024	11	1	699064	699064		699064	pixel_segment		material:lothlorien_mapicon_roof=1		$BASE/Modules/TAOM_Map/AssetSources/Campaign Map/Map Icons/Lothlorien/textures/lothlorien_mapicon_roof_h.png
lothlorien_mapicon_roof_s	TAOM_Map	AssetPackages/pack2.tpac	DXT1	1024	1024	11	1	699064	699064		699064	pixel_segment		material:lothlorien_mapicon_roof=1		$BASE/Modules/TAOM_Map/AssetSources/Campaign Map/Map Icons/Lothlorien/textures/lothlorien_mapicon_roof_s.png
lotrome_map_hedge_d	TAOM_Map	AssetPackages/pack2.tpac	DXT1	1024	1024	11	1	699064	699064		699064	pixel_segment		material:lotrome_map_hedge=1		$BASE/Modules/TAOM_Map/AssetSources/Campaign Map/Map Icons/Lothlorien/textures/lotrome_map_hedge_d.png
lotrome_map_hedge_h	TAOM_Map	AssetPackages/pack2.tpac	BC4	1024	1024	11	1	699064	699064		699064	pixel_segment		material:lotrome_map_hedge=1		$BASE/Modules/TAOM_Map/AssetSources/Campaign Map/Map Icons/Lothlorien/textures/lotrome_map_hedge_h.png
lotrome_map_hedge_s	TAOM_Map	AssetPackages/pack2.tpac	DXT1	1024	1024	11	1	699064	699064		699064	pixel_segment		material:lotrome_map_hedge=1		$BASE/Modules/TAOM_Map/AssetSources/Campaign Map/Map Icons/Lothlorien/textures/lotrome_map_hedge_s.png
main_map_snow_flowmap	TAOM_Map	AssetPackages/pack2.tpac	DXT1	1024	1024	11	1	699064	699064		699064	pixel_segment		terrain:dynamic_flowmap_texture_name=1		$BASE/Modules/TAOM_Map/AssetSources/Support/Weather/main_map_snow_flowmap.tif
minas_tirith_houses_d	TAOM_Map	AssetPackages/pack2.tpac	DXT1	1024	1024	11	1	699064	699064		699064	pixel_segment		material:minas_tirith_houses=1		$BASE/Modules/TAOM_Map/AssetSources/Campaign Map/Map Icons/Gondor/minas_tirith_houses_d.png
minas_tirith_houses_h	TAOM_Map	AssetPackages/pack2.tpac	BC4	1024	1024	11	1	699064	699064		699064	pixel_segment		material:minas_tirith_houses=1		$BASE/Modules/TAOM_Map/AssetSources/Campaign Map/Map Icons/Gondor/minas_tirith_houses_h.png
minas_tirith_houses_s	TAOM_Map	AssetPackages/pack2.tpac	DXT1	1024	1024	11	1	699064	699064		699064	pixel_segment		material:minas_tirith_houses=1		$BASE/Modules/TAOM_Map/AssetSources/Campaign Map/Map Icons/Gondor/minas_tirith_houses_s.png
minas_tirith_mountain_h	TAOM_Map	AssetPackages/pack2.tpac	BC4	1024	1024	11	1	699064	699064		699064	pixel_segment		material:minas_tirith_mountain=1		$BASE/Modules/TAOM_Map/AssetSources/Campaign Map/Map Icons/Gondor/minas_tirith_mountain_h.png
minas_tirith_mountain_s	TAOM_Map	AssetPackages/pack2.tpac	DXT1	1024	1024	11	1	699064	699064		699064	pixel_segment		material:minas_tirith_mountain=1		$BASE/Modules/TAOM_Map/AssetSources/Campaign Map/Map Icons/Gondor/minas_tirith_mountain_s.png
mirkwood_map_atlas_h	TAOM_Map	AssetPackages/pack2.tpac	BC4	1024	1024	11	1	699064	699064		699064	pixel_segment		material:mirkwood_map_atlas=1		$BASE/Modules/TAOM_Map/AssetSources/Campaign Map/Map Icons/Mirkwood/Mirkwood Icons/textures/mirkwood_map_atlas_h.png
mirkwood_map_atlas_s	TAOM_Map	AssetPackages/pack2.tpac	DXT1	1024	1024	11	1	699064	699064		699064	pixel_segment		material:mirkwood_map_atlas=1		$BASE/Modules/TAOM_Map/AssetSources/Campaign Map/Map Icons/Mirkwood/Mirkwood Icons/textures/mirkwood_map_atlas_s.png
mirkwood_map_castle_hill_h	TAOM_Map	AssetPackages/pack2.tpac	BC4	1024	1024	11	1	699064	699064		699064	pixel_segment		material:mirkwood_map_castle_hill=1		$BASE/Modules/TAOM_Map/AssetSources/Campaign Map/Map Icons/Mirkwood/Mirkwood Icons/textures/mirkwood_map_castle_hill_h.png
mirkwood_map_castle_hill_s	TAOM_Map	AssetPackages/pack2.tpac	DXT1	1024	1024	11	1	699064	699064		699064	pixel_segment		material:mirkwood_map_castle_hill=1		$BASE/Modules/TAOM_Map/AssetSources/Campaign Map/Map Icons/Mirkwood/Mirkwood Icons/textures/mirkwood_map_castle_hill_s.png
mordor_bricks_h	TAOM_Map	AssetPackages/pack2.tpac	BC4	1024	1024	11	1	699064	699064		699064	pixel_segment		material:mordor_bricks=1		$BASE/Modules/TAOM_Map/AssetSources/Campaign Map/Map Icons/Mordor/textures/mordor_bricks_h.png
mordor_bricks_s	TAOM_Map	AssetPackages/pack2.tpac	DXT1	1024	1024	11	1	699064	699064		699064	pixel_segment		material:mordor_bricks=1		$BASE/Modules/TAOM_Map/AssetSources/Campaign Map/Map Icons/Mordor/textures/mordor_bricks_s.png
mordor_floor_h	TAOM_Map	AssetPackages/pack2.tpac	BC4	1024	1024	11	1	699064	699064		699064	pixel_segment		material:mordor_floor=1		$BASE/Modules/TAOM_Map/AssetSources/Campaign Map/Map Icons/Mordor/textures/mordor_floor_h.png
mordor_floor_s	TAOM_Map	AssetPackages/pack2.tpac	DXT1	1024	1024	11	1	699064	699064		699064	pixel_segment		material:mordor_floor=1		$BASE/Modules/TAOM_Map/AssetSources/Campaign Map/Map Icons/Mordor/textures/mordor_floor_s.png
mordor_houses_h	TAOM_Map	AssetPackages/pack2.tpac	BC4	1024	1024	11	1	699064	699064		699064	pixel_segment		material:mordor_houses=1		$BASE/Modules/TAOM_Map/AssetSources/Campaign Map/Map Icons/Mordor/textures/mordor_houses_h.png
mordor_houses_s	TAOM_Map	AssetPackages/pack2.tpac	DXT1	1024	1024	11	1	699064	699064		699064	pixel_segment		material:mordor_houses=1		$BASE/Modules/TAOM_Map/AssetSources/Campaign Map/Map Icons/Mordor/textures/mordor_houses_s.png
mordor_lava_b_h	TAOM_Map	AssetPackages/pack2.tpac	BC4	1024	1024	11	1	699064	699064		699064	pixel_segment		material:mordor_lava_b=1		$BASE/Modules/TAOM_Map/AssetSources/Campaign Map/Map Icons/Mordor/textures/mordor_lava_b_h.png
mordor_lava_b_s	TAOM_Map	AssetPackages/pack2.tpac	DXT1	1024	1024	11	1	699064	699064		699064	pixel_segment		material:mordor_lava_b=1		$BASE/Modules/TAOM_Map/AssetSources/Campaign Map/Map Icons/Mordor/textures/mordor_lava_b_s.png
mordor_planks_h	TAOM_Map	AssetPackages/pack2.tpac	BC4	1024	1024	11	1	699064	699064		699064	pixel_segment		material:m_mordor_plate_tile_a=1;material:mordor_planks=1		$BASE/Modules/TAOM_Map/AssetSources/Campaign Map/Map Icons/Mordor/textures/mordor_planks_h.png
mordor_planks_s	TAOM_Map	AssetPackages/pack2.tpac	DXT1	1024	1024	11	1	699064	699064		699064	pixel_segment		material:mordor_planks=1		$BASE/Modules/TAOM_Map/AssetSources/Campaign Map/Map Icons/Mordor/textures/mordor_planks_s.png
piecea_normal	TAOM_Map	AssetPackages/pack2.tpac	DXT1	1024	1024	11	1	699064	699064		699064	pixel_segment		material:piecea=1		$BASE/Modules/TAOM_Map/AssetSources/Campaign Map/Map Icons/Mordor/textures/piecea_normal.png
rh_logs_d	TAOM_Map	AssetPackages/pack2.tpac	DXT1	1024	1024	11	1	699064	699064		699064	pixel_segment		material:rh_logs=1		$BASE/Modules/TAOM_Map/AssetSources/Campaign Map/Map Icons/Rohan/textures/rh_logs_d.png
rh_logs_h	TAOM_Map	AssetPackages/pack2.tpac	BC4	1024	1024	11	1	699064	699064		699064	pixel_segment		material:rh_logs=1		$BASE/Modules/TAOM_Map/AssetSources/Campaign Map/Map Icons/Rohan/textures/rh_logs_h.png
rh_logs_s	TAOM_Map	AssetPackages/pack2.tpac	DXT1	1024	1024	11	1	699064	699064		699064	pixel_segment		material:rh_logs=1		$BASE/Modules/TAOM_Map/AssetSources/Campaign Map/Map Icons/Rohan/textures/rh_logs_s.png
rh_planks_burnt_d	TAOM_Map	AssetPackages/pack2.tpac	DXT1	1024	1024	11	1	699064	699064		699064	pixel_segment		material:rh_planks_burnt=1		$BASE/Modules/TAOM_Map/AssetSources/Campaign Map/Map Icons/Rohan/textures/rh_planks_burnt_d.png
rh_planks_burnt_h	TAOM_Map	AssetPackages/pack2.tpac	BC4	1024	1024	11	1	699064	699064		699064	pixel_segment		material:rh_planks_burnt=1		$BASE/Modules/TAOM_Map/AssetSources/Campaign Map/Map Icons/Rohan/textures/rh_planks_burnt_h.png
rh_planks_burnt_s	TAOM_Map	AssetPackages/pack2.tpac	DXT1	1024	1024	11	1	699064	699064		699064	pixel_segment		material:rh_planks_burnt=1		$BASE/Modules/TAOM_Map/AssetSources/Campaign Map/Map Icons/Rohan/textures/rh_planks_burnt_s.png
rh_planks_h	TAOM_Map	AssetPackages/pack2.tpac	BC4	1024	1024	11	1	699064	699064		699064	pixel_segment		material:rh_planks=1		$BASE/Modules/TAOM_Map/AssetSources/Campaign Map/Map Icons/Rohan/textures/rh_planks_h.png
rh_planks_s	TAOM_Map	AssetPackages/pack2.tpac	DXT1	1024	1024	11	1	699064	699064		699064	pixel_segment		material:rh_planks=1		$BASE/Modules/TAOM_Map/AssetSources/Campaign Map/Map Icons/Rohan/textures/rh_planks_s.png
rh_roof_d	TAOM_Map	AssetPackages/pack2.tpac	DXT1	1024	1024	11	1	699064	699064		699064	pixel_segment		material:rh_roof=1		$BASE/Modules/TAOM_Map/AssetSources/Campaign Map/Map Icons/Rohan/textures/rh_roof_d.png
rh_roof_h	TAOM_Map	AssetPackages/pack2.tpac	BC4	1024	1024	11	1	699064	699064		699064	pixel_segment		material:rh_roof=1		$BASE/Modules/TAOM_Map/AssetSources/Campaign Map/Map Icons/Rohan/textures/rh_roof_h.png
rh_roof_s	TAOM_Map	AssetPackages/pack2.tpac	DXT1	1024	1024	11	1	699064	699064		699064	pixel_segment		material:rh_roof=1		$BASE/Modules/TAOM_Map/AssetSources/Campaign Map/Map Icons/Rohan/textures/rh_roof_s.png
rh_stone_d	TAOM_Map	AssetPackages/pack2.tpac	DXT1	1024	1024	11	1	699064	699064		699064	pixel_segment		material:rh_stone=1		$BASE/Modules/TAOM_Map/AssetSources/Campaign Map/Map Icons/Rohan/textures/rh_stone_d.png
rh_stone_h	TAOM_Map	AssetPackages/pack2.tpac	BC4	1024	1024	11	1	699064	699064		699064	pixel_segment		material:rh_stone=1		$BASE/Modules/TAOM_Map/AssetSources/Campaign Map/Map Icons/Rohan/textures/rh_stone_h.png
rh_stone_s	TAOM_Map	AssetPackages/pack2.tpac	DXT1	1024	1024	11	1	699064	699064		699064	pixel_segment		material:rh_stone=1		$BASE/Modules/TAOM_Map/AssetSources/Campaign Map/Map Icons/Rohan/textures/rh_stone_s.png
rh_stone_wall_d	TAOM_Map	AssetPackages/pack2.tpac	DXT1	1024	1024	11	1	699064	699064		699064	pixel_segment		material:rh_stone_wall=1		$BASE/Modules/TAOM_Map/AssetSources/Campaign Map/Map Icons/Rohan/textures/rh_stone_wall_d.png
rh_stone_wall_h	TAOM_Map	AssetPackages/pack2.tpac	BC4	1024	1024	11	1	699064	699064		699064	pixel_segment		material:rh_stone_wall=1		$BASE/Modules/TAOM_Map/AssetSources/Campaign Map/Map Icons/Rohan/textures/rh_stone_wall_h.png
rh_stone_wall_s	TAOM_Map	AssetPackages/pack2.tpac	DXT1	1024	1024	11	1	699064	699064		699064	pixel_segment		material:rh_stone_wall=1		$BASE/Modules/TAOM_Map/AssetSources/Campaign Map/Map Icons/Rohan/textures/rh_stone_wall_s.png
rhun_trimsheet_1_d	TAOM_Map	AssetPackages/pack2.tpac	DXT1	1024	1024	11	1	699064	699064		699064	pixel_segment		material:rhun_trimsheet_1=1		$BASE/Modules/TAOM_Map/AssetSources/Campaign Map/Map Icons/Rhun/Textures/rhun_trimsheet_1_d.png
rhun_trimsheet_1_h	TAOM_Map	AssetPackages/pack2.tpac	BC4	1024	1024	11	1	699064	699064		699064	pixel_segment		material:rhun_trimsheet_1=1		$BASE/Modules/TAOM_Map/AssetSources/Campaign Map/Map Icons/Rhun/Textures/rhun_trimsheet_1_h.png
rhun_trimsheet_1_s	TAOM_Map	AssetPackages/pack2.tpac	DXT1	1024	1024	11	1	699064	699064		699064	pixel_segment		material:rhun_trimsheet_1=1		$BASE/Modules/TAOM_Map/AssetSources/Campaign Map/Map Icons/Rhun/Textures/rhun_trimsheet_1_s.png
rhun_trimsheet_2_h	TAOM_Map	AssetPackages/pack2.tpac	BC4	1024	1024	11	1	699064	699064		699064	pixel_segment		material:rhun_trimsheet_2=1		$BASE/Modules/TAOM_Map/AssetSources/Campaign Map/Map Icons/Rhun/Textures/rhun_trimsheet_2_h.png
rhun_trimsheet_2_s	TAOM_Map	AssetPackages/pack2.tpac	DXT1	1024	1024	11	1	699064	699064		699064	pixel_segment		material:rhun_trimsheet_2=1		$BASE/Modules/TAOM_Map/AssetSources/Campaign Map/Map Icons/Rhun/Textures/rhun_trimsheet_2_s.png
rivendell_icon_mountain_h	TAOM_Map	AssetPackages/pack2.tpac	BC4	1024	1024	11	1	699064	699064		699064	pixel_segment		material:rivendell_icon_mountain=1		$BASE/Modules/TAOM_Map/AssetSources/Campaign Map/Map Icons/Rivendell/textures/rivendell_icon_mountain_h.png
rivendell_icon_mountain_s	TAOM_Map	AssetPackages/pack2.tpac	DXT1	1024	1024	11	1	699064	699064		699064	pixel_segment		material:rivendell_icon_mountain=1		$BASE/Modules/TAOM_Map/AssetSources/Campaign Map/Map Icons/Rivendell/textures/rivendell_icon_mountain_s.png
rock_far_new_h	TAOM_Map	AssetPackages/pack2.tpac	BC4	1024	1024	11	1	699064	699064		699064	pixel_segment		references.txt=1;terrain layer 08.Mountain_Minas displacementmap=1		$BASE/Modules/TAOM_Map/AssetSources/4K_Textures/rock_far_new_h.png
rohan_aldburg_hill_h	TAOM_Map	AssetPackages/pack2.tpac	BC4	1024	1024	11	1	699064	699064		699064	pixel_segment		material:rohan_aldburg_hill=1		$BASE/Modules/TAOM_Map/AssetSources/Campaign Map/Map Icons/Rohan/textures/rohan_aldburg_hill_h.png
rohan_aldburg_hill_s	TAOM_Map	AssetPackages/pack2.tpac	DXT1	1024	1024	11	1	699064	699064		699064	pixel_segment		material:rohan_aldburg_hill=1		$BASE/Modules/TAOM_Map/AssetSources/Campaign Map/Map Icons/Rohan/textures/rohan_aldburg_hill_s.png
rohan_edoras_hill_h	TAOM_Map	AssetPackages/pack2.tpac	BC4	1024	1024	11	1	699064	699064		699064	pixel_segment		material:rohan_edoras_hill=1		$BASE/Modules/TAOM_Map/AssetSources/Campaign Map/Map Icons/Rohan/textures/rohan_edoras_hill_h.png
rohan_edoras_hill_s	TAOM_Map	AssetPackages/pack2.tpac	DXT1	1024	1024	11	1	699064	699064		699064	pixel_segment		material:rohan_edoras_hill=1		$BASE/Modules/TAOM_Map/AssetSources/Campaign Map/Map Icons/Rohan/textures/rohan_edoras_hill_s.png
rohan_houses_burnt_h	TAOM_Map	AssetPackages/pack2.tpac	BC4	1024	1024	11	1	699064	699064		699064	pixel_segment		material:rohan_houses_burnt=1		$BASE/Modules/TAOM_Map/AssetSources/Campaign Map/Map Icons/Rohan/textures/rohan_houses_burnt_h.png
rohan_houses_burnt_s	TAOM_Map	AssetPackages/pack2.tpac	DXT1	1024	1024	11	1	699064	699064		699064	pixel_segment		material:rohan_houses_burnt=1		$BASE/Modules/TAOM_Map/AssetSources/Campaign Map/Map Icons/Rohan/textures/rohan_houses_burnt_s.png
rohan_houses_h	TAOM_Map	AssetPackages/pack2.tpac	BC4	1024	1024	11	1	699064	699064		699064	pixel_segment		material:rohan_houses=1		$BASE/Modules/TAOM_Map/AssetSources/Campaign Map/Map Icons/Rohan/textures/rohan_houses_h.png
rohan_houses_s	TAOM_Map	AssetPackages/pack2.tpac	DXT1	1024	1024	11	1	699064	699064		699064	pixel_segment		material:rohan_houses=1		$BASE/Modules/TAOM_Map/AssetSources/Campaign Map/Map Icons/Rohan/textures/rohan_houses_s.png
rohan_meduseld_icon_d	TAOM_Map	AssetPackages/pack2.tpac	DXT1	1024	1024	11	1	699064	699064		699064	pixel_segment		material:rohan_meduseld_icon=1		$BASE/Modules/TAOM_Map/AssetSources/Campaign Map/Map Icons/Rohan/textures/rohan_meduseld_icon_d.png
rohan_meduseld_icon_h	TAOM_Map	AssetPackages/pack2.tpac	BC4	1024	1024	11	1	699064	699064		699064	pixel_segment		material:rohan_meduseld_icon=1		$BASE/Modules/TAOM_Map/AssetSources/Campaign Map/Map Icons/Rohan/textures/rohan_meduseld_icon_h.png
rohan_meduseld_icon_s	TAOM_Map	AssetPackages/pack2.tpac	DXT1	1024	1024	11	1	699064	699064		699064	pixel_segment		material:rohan_meduseld_icon=1		$BASE/Modules/TAOM_Map/AssetSources/Campaign Map/Map Icons/Rohan/textures/rohan_meduseld_icon_s.png
Steppe_02_h	TAOM_Map	AssetPackages/pack0.tpac	BC4	1024	1024	11	1	699064	699064		699064	pixel_segment		references.txt=1;terrain layer 03.Steppe displacementmap=1		$BASE/Modules/TAOM_Map/AssetSources/4K_Textures/Steppe_02_h.png
t_gondor_black_trim_a_h	TAOM_Map	AssetPackages/pack3.tpac	BC4	1024	1024	11	1	699064	699064		699064	pixel_segment		material:m_gondor_black_trim_a=1		$BASE/Modules/TAOM_Map/AssetSources/Scenes/Gondor/textures/t_gondor_black_trim_a_h.png
t_mordor_plate_tile_a_s	TAOM_Map	AssetPackages/pack3.tpac	DXT1	1024	1024	11	1	699064	699064		699064	pixel_segment		material:m_mordor_plate_tile_a=1		$BASE/Modules/TAOM_Map/AssetSources/Campaign Map/Map Icons/Mordor/textures/t_mordor_plate_tile_a_s.png
t_mordor_stone_wall_a_s	TAOM_Map	AssetPackages/pack3.tpac	DXT1	1024	1024	11	1	699064	699064		699064	pixel_segment		material:m_mordor_stone_wall_a=1		$BASE/Modules/TAOM_Map/AssetSources/Campaign Map/Map Icons/Mordor/textures/t_mordor_stone_wall_a_s.png
t_mordor_stone_wall_h	TAOM_Map	AssetPackages/pack3.tpac	BC4	1024	1024	11	1	699064	699064		699064	pixel_segment		material:m_mordor_stone_wall_a=1		$BASE/Modules/TAOM_Map/AssetSources/Campaign Map/Map Icons/Mordor/textures/t_mordor_stone_wall_h.png
thranduils_halls_map_icon_1_h	TAOM_Map	AssetPackages/pack4.tpac	BC4	1024	1024	11	1	699064	699064		699064	pixel_segment		material:thranduils_halls_map_icon_1=1		$BASE/Modules/TAOM_Map/AssetSources/Campaign Map/Map Icons/Mirkwood/Thranduil Hall/textures/thranduils_halls_map_icon_1_h.png
thranduils_halls_map_icon_1_s	TAOM_Map	AssetPackages/pack4.tpac	DXT1	1024	1024	11	1	699064	699064		699064	pixel_segment		material:thranduils_halls_map_icon_1=1		$BASE/Modules/TAOM_Map/AssetSources/Campaign Map/Map Icons/Mirkwood/Thranduil Hall/textures/thranduils_halls_map_icon_1_s.png
thranduils_halls_map_icon_2_h	TAOM_Map	AssetPackages/pack4.tpac	BC4	1024	1024	11	1	699064	699064		699064	pixel_segment		material:thranduils_halls_map_icon_2=1		$BASE/Modules/TAOM_Map/AssetSources/Campaign Map/Map Icons/Mirkwood/Thranduil Hall/textures/thranduils_halls_map_icon_2_h.png
thranduils_halls_map_icon_2_s	TAOM_Map	AssetPackages/pack4.tpac	DXT1	1024	1024	11	1	699064	699064		699064	pixel_segment		material:thranduils_halls_map_icon_2=1		$BASE/Modules/TAOM_Map/AssetSources/Campaign Map/Map Icons/Mirkwood/Thranduil Hall/textures/thranduils_halls_map_icon_2_s.png
thranduils_halls_map_icon_3_h	TAOM_Map	AssetPackages/pack4.tpac	BC4	1024	1024	11	1	699064	699064		699064	pixel_segment		material:thranduils_halls_map_icon_3=1		$BASE/Modules/TAOM_Map/AssetSources/Campaign Map/Map Icons/Mirkwood/Thranduil Hall/textures/thranduils_halls_map_icon_3_h.png
thranduils_halls_map_icon_3_s	TAOM_Map	AssetPackages/pack4.tpac	DXT1	1024	1024	11	1	699064	699064		699064	pixel_segment		material:thranduils_halls_map_icon_3=1		$BASE/Modules/TAOM_Map/AssetSources/Campaign Map/Map Icons/Mirkwood/Thranduil Hall/textures/thranduils_halls_map_icon_3_s.png
umbar_bricks_burned_h	TAOM_Map	AssetPackages/pack4.tpac	BC4	1024	1024	11	1	699064	699064		699064	pixel_segment		material:umbar_bricks_burned=1		$BASE/Modules/TAOM_Map/AssetSources/Campaign Map/Map Icons/Umbar/textures/umbar_bricks_burned_h.png
umbar_bricks_burned_s	TAOM_Map	AssetPackages/pack4.tpac	DXT1	1024	1024	11	1	699064	699064		699064	pixel_segment		material:umbar_bricks_burned=1		$BASE/Modules/TAOM_Map/AssetSources/Campaign Map/Map Icons/Umbar/textures/umbar_bricks_burned_s.png
umbar_bricks_d	TAOM_Map	AssetPackages/pack4.tpac	DXT1	1024	1024	11	1	699064	699064		699064	pixel_segment		material:umbar_bricks=1		$BASE/Modules/TAOM_Map/AssetSources/Campaign Map/Map Icons/Umbar/textures/umbar_bricks_d.png
umbar_bricks_h	TAOM_Map	AssetPackages/pack4.tpac	BC4	1024	1024	11	1	699064	699064		699064	pixel_segment		material:umbar_bricks=1		$BASE/Modules/TAOM_Map/AssetSources/Campaign Map/Map Icons/Umbar/textures/umbar_bricks_h.png
umbar_bricks_s	TAOM_Map	AssetPackages/pack4.tpac	DXT1	1024	1024	11	1	699064	699064		699064	pixel_segment		material:umbar_bricks=1		$BASE/Modules/TAOM_Map/AssetSources/Campaign Map/Map Icons/Umbar/textures/umbar_bricks_s.png
umbar_map_icons_atlas_h	TAOM_Map	AssetPackages/pack4.tpac	BC4	1024	1024	11	1	699064	699064		699064	pixel_segment		material:umbar_map_icons_atlas=1		$BASE/Modules/TAOM_Map/AssetSources/Campaign Map/Map Icons/Umbar/textures/umbar_map_icons_atlas_h.png
umbar_map_icons_atlas_s	TAOM_Map	AssetPackages/pack4.tpac	DXT1	1024	1024	11	1	699064	699064		699064	pixel_segment		material:umbar_map_icons_atlas=1		$BASE/Modules/TAOM_Map/AssetSources/Campaign Map/Map Icons/Umbar/textures/umbar_map_icons_atlas_s.png
umbar_rooftiles_1_d	TAOM_Map	AssetPackages/pack4.tpac	DXT1	1024	1024	11	1	699064	699064		699064	pixel_segment		material:umbar_rooftiles_1=1		$BASE/Modules/TAOM_Map/AssetSources/Campaign Map/Map Icons/Umbar/textures/umbar_rooftiles_1_d.png
umbar_rooftiles_1_h	TAOM_Map	AssetPackages/pack4.tpac	BC4	1024	1024	11	1	699064	699064		699064	pixel_segment		material:umbar_rooftiles_1=1		$BASE/Modules/TAOM_Map/AssetSources/Campaign Map/Map Icons/Umbar/textures/umbar_rooftiles_1_h.png
umbar_rooftiles_1_s	TAOM_Map	AssetPackages/pack4.tpac	DXT1	1024	1024	11	1	699064	699064		699064	pixel_segment		material:umbar_rooftiles_1=1		$BASE/Modules/TAOM_Map/AssetSources/Campaign Map/Map Icons/Umbar/textures/umbar_rooftiles_1_s.png
umbar_rooftiles_2_d	TAOM_Map	AssetPackages/pack4.tpac	DXT1	1024	1024	11	1	699064	699064		699064	pixel_segment		material:umbar_rooftiles_2=1		$BASE/Modules/TAOM_Map/AssetSources/Campaign Map/Map Icons/Umbar/textures/umbar_rooftiles_2_d.png
umbar_rooftiles_2_h	TAOM_Map	AssetPackages/pack4.tpac	BC4	1024	1024	11	1	699064	699064		699064	pixel_segment		material:umbar_rooftiles_2=1		$BASE/Modules/TAOM_Map/AssetSources/Campaign Map/Map Icons/Umbar/textures/umbar_rooftiles_2_h.png
umbar_rooftiles_2_s	TAOM_Map	AssetPackages/pack4.tpac	DXT1	1024	1024	11	1	699064	699064		699064	pixel_segment		material:umbar_rooftiles_2=1		$BASE/Modules/TAOM_Map/AssetSources/Campaign Map/Map Icons/Umbar/textures/umbar_rooftiles_2_s.png
umbar_rooftiles_3_d	TAOM_Map	AssetPackages/pack4.tpac	DXT1	1024	1024	11	1	699064	699064		699064	pixel_segment		material:umbar_rooftiles_3=1		$BASE/Modules/TAOM_Map/AssetSources/Campaign Map/Map Icons/Umbar/textures/umbar_rooftiles_3_d.png
umbar_rooftiles_3_h	TAOM_Map	AssetPackages/pack4.tpac	BC4	1024	1024	11	1	699064	699064		699064	pixel_segment		material:umbar_rooftiles_3=1		$BASE/Modules/TAOM_Map/AssetSources/Campaign Map/Map Icons/Umbar/textures/umbar_rooftiles_3_h.png
umbar_rooftiles_3_s	TAOM_Map	AssetPackages/pack4.tpac	DXT1	1024	1024	11	1	699064	699064		699064	pixel_segment		material:umbar_rooftiles_3=1		$BASE/Modules/TAOM_Map/AssetSources/Campaign Map/Map Icons/Umbar/textures/umbar_rooftiles_3_s.png
umbar_rubble_burned_h	TAOM_Map	AssetPackages/pack4.tpac	BC4	1024	1024	11	1	699064	699064		699064	pixel_segment		material:umbar_rubble_burned=1		$BASE/Modules/TAOM_Map/AssetSources/Campaign Map/Map Icons/Umbar/textures/umbar_rubble_burned_h.png
umbar_rubble_burned_s	TAOM_Map	AssetPackages/pack4.tpac	DXT1	1024	1024	11	1	699064	699064		699064	pixel_segment		material:umbar_rubble_burned=1		$BASE/Modules/TAOM_Map/AssetSources/Campaign Map/Map Icons/Umbar/textures/umbar_rubble_burned_s.png
umbar_tiles_d	TAOM_Map	AssetPackages/pack4.tpac	DXT1	1024	1024	11	1	699064	699064		699064	pixel_segment		material:umbar_tiles=1		$BASE/Modules/TAOM_Map/AssetSources/Campaign Map/Map Icons/Umbar/textures/umbar_tiles_d.png
umbar_tiles_h	TAOM_Map	AssetPackages/pack4.tpac	BC4	1024	1024	11	1	699064	699064		699064	pixel_segment		material:umbar_tiles=1		$BASE/Modules/TAOM_Map/AssetSources/Campaign Map/Map Icons/Umbar/textures/umbar_tiles_h.png
umbar_tiles_s	TAOM_Map	AssetPackages/pack4.tpac	DXT1	1024	1024	11	1	699064	699064		699064	pixel_segment		material:umbar_tiles=1		$BASE/Modules/TAOM_Map/AssetSources/Campaign Map/Map Icons/Umbar/textures/umbar_tiles_s.png
umbar_trim_sheet_h	TAOM_Map	AssetPackages/pack4.tpac	BC4	1024	1024	11	1	699064	699064		699064	pixel_segment		material:umbar_trim_sheet=1		$BASE/Modules/TAOM_Map/AssetSources/Campaign Map/Map Icons/Umbar/textures/umbar_trim_sheet_h.png
umbar_trim_sheet_s	TAOM_Map	AssetPackages/pack4.tpac	DXT1	1024	1024	11	1	699064	699064		699064	pixel_segment		material:umbar_trim_sheet=1		$BASE/Modules/TAOM_Map/AssetSources/Campaign Map/Map Icons/Umbar/textures/umbar_trim_sheet_s.png
wildlings_trim_h	TAOM_Map	AssetPackages/pack4.tpac	BC4	1024	1024	11	1	699064	699064		699064	pixel_segment		material:wildlings_trim=1		$BASE/Modules/TAOM_Map/AssetSources/Campaign Map/Map Icons/Dunland/textures/wildlings_trim_h.png
wildlings_trim_s	TAOM_Map	AssetPackages/pack4.tpac	DXT1	1024	1024	11	1	699064	699064		699064	pixel_segment		material:wildlings_trim=1		$BASE/Modules/TAOM_Map/AssetSources/Campaign Map/Map Icons/Dunland/textures/wildlings_trim_s.png
mirkwood_map_tent_d	TAOM_Map	AssetPackages/pack2.tpac	DXT1	1024	1024	1	1	524288	524288		524288	pixel_segment	NO_MIPS_ABOVE_512	material:mirkwood_map_tent=1		$BASE/Modules/TAOM_Map/AssetSources/Campaign Map/Map Icons/Mirkwood/Mirkwood Icons/textures/mirkwood_map_tent_d.dds
mirkwood_map_tent_n	TAOM_Map	AssetPackages/pack2.tpac	DXT1	1024	1024	1	1	524288	524288		524288	pixel_segment	NO_MIPS_ABOVE_512	material:mirkwood_map_tent=1		$BASE/Modules/TAOM_Map/AssetSources/Campaign Map/Map Icons/Mirkwood/Mirkwood Icons/textures/mirkwood_map_tent_n.dds
erebor_dwarf_floor_n	TAOM_Map	AssetPackages/pack1.tpac	BC5	512	512	10	1	349552	349552		349552	pixel_segment		material:erebor_dwarf_floor=1		$BASE/Modules/TAOM_Map/AssetSources/Campaign Map/Map Icons/Erebor/Textures/erebor_dwarf_floor_n.png
erebor_dwarf_walls_n	TAOM_Map	AssetPackages/pack1.tpac	BC5	512	512	10	1	349552	349552		349552	pixel_segment		material:erebor_dwarf_walls=1		$BASE/Modules/TAOM_Map/AssetSources/Campaign Map/Map Icons/Erebor/Textures/erebor_dwarf_walls_n.png
gundabad_dwarf_ruins_trim_n	TAOM_Map	AssetPackages/pack2.tpac	BC5	512	512	10	1	349552	349552		349552	pixel_segment		material:gundabad_dwarf_ruins_trim=1		$BASE/Modules/TAOM_Map/AssetSources/Campaign Map/Map Icons/Gundabad/textures/gundabad_dwarf_ruins_trim_n.png
minas_tirith_bricks_n	TAOM_Map	AssetPackages/pack2.tpac	BC5	512	512	10	1	349552	349552		349552	pixel_segment		material:minas_tirith_bricks=1		$BASE/Modules/TAOM_Map/AssetSources/Campaign Map/Map Icons/Gondor/minas_tirith_bricks_n.png
minas_tirith_rooftiles_n	TAOM_Map	AssetPackages/pack2.tpac	BC5	512	512	10	1	349552	349552		349552	pixel_segment		material:minas_tirith_rooftiles=1		$BASE/Modules/TAOM_Map/AssetSources/Campaign Map/Map Icons/Gondor/minas_tirith_rooftiles_n.png
minas_tirith_stone_n	TAOM_Map	AssetPackages/pack2.tpac	BC5	512	512	10	1	349552	349552		349552	pixel_segment		material:minas_tirith_stone=1		$BASE/Modules/TAOM_Map/AssetSources/Campaign Map/Map Icons/Gondor/minas_tirith_stone_n.png
minas_tirith_tiles_n	TAOM_Map	AssetPackages/pack2.tpac	BC5	512	512	10	1	349552	349552		349552	pixel_segment		material:minas_tirith_tiles=1		$BASE/Modules/TAOM_Map/AssetSources/Campaign Map/Map Icons/Gondor/minas_tirith_tiles_n.png
rhun_bricks_n	TAOM_Map	AssetPackages/pack2.tpac	BC5	512	512	10	1	349552	349552		349552	pixel_segment		material:rhun_bricks=1		$BASE/Modules/TAOM_Map/AssetSources/Campaign Map/Map Icons/Rhun/Textures/rhun_bricks_n.png
rhun_dome_snake_n	TAOM_Map	AssetPackages/pack2.tpac	BC5	512	512	10	1	349552	349552		349552	pixel_segment		material:rhun_dome_snake=1		$BASE/Modules/TAOM_Map/AssetSources/Campaign Map/Map Icons/Rhun/Textures/rhun_dome_snake_n.png
rhun_rooftiles_n	TAOM_Map	AssetPackages/pack2.tpac	BC5	512	512	10	1	349552	349552		349552	pixel_segment		material:rhun_rooftiles=1		$BASE/Modules/TAOM_Map/AssetSources/Campaign Map/Map Icons/Rhun/Textures/rhun_rooftiles_n.png
rhun_stone_orange_n	TAOM_Map	AssetPackages/pack2.tpac	BC5	512	512	10	1	349552	349552		349552	pixel_segment		material:rhun_stone_orange=1		$BASE/Modules/TAOM_Map/AssetSources/Campaign Map/Map Icons/Rhun/Textures/rhun_stone_orange_n.png
rhun_stone_red_n	TAOM_Map	AssetPackages/pack2.tpac	BC5	512	512	10	1	349552	349552		349552	pixel_segment		material:rhun_stone_red=1		$BASE/Modules/TAOM_Map/AssetSources/Campaign Map/Map Icons/Rhun/Textures/rhun_stone_red_n.png
rivendell_bricks_n	TAOM_Map	AssetPackages/pack2.tpac	BC5	512	512	10	1	349552	349552		349552	pixel_segment		material:rivendell_bricks=1		$BASE/Modules/TAOM_Map/AssetSources/Campaign Map/Map Icons/Rivendell/textures/rivendell_bricks_n.png
rivendell_floor_n	TAOM_Map	AssetPackages/pack2.tpac	BC5	512	512	10	1	349552	349552		349552	pixel_segment		material:rivendell_floor=1		$BASE/Modules/TAOM_Map/AssetSources/Campaign Map/Map Icons/Rivendell/textures/rivendell_floor_n.png
rivendell_pillars_n	TAOM_Map	AssetPackages/pack2.tpac	BC5	512	512	10	1	349552	349552		349552	pixel_segment		material:rivendell_pillars=1		$BASE/Modules/TAOM_Map/AssetSources/Campaign Map/Map Icons/Rivendell/textures/rivendell_pillars_n.png
rivendell_roof_n	TAOM_Map	AssetPackages/pack2.tpac	BC5	512	512	10	1	349552	349552		349552	pixel_segment		material:rivendell_roof=1		$BASE/Modules/TAOM_Map/AssetSources/Campaign Map/Map Icons/Rivendell/textures/rivendell_roof_n.png
rivendell_stone_n	TAOM_Map	AssetPackages/pack2.tpac	BC5	512	512	10	1	349552	349552		349552	pixel_segment		material:rivendell_stone=1		$BASE/Modules/TAOM_Map/AssetSources/Campaign Map/Map Icons/Rivendell/textures/rivendell_stone_n.png
rivendell_tiles_n	TAOM_Map	AssetPackages/pack2.tpac	BC5	512	512	10	1	349552	349552		349552	pixel_segment		material:rivendell_tiles=1		$BASE/Modules/TAOM_Map/AssetSources/Campaign Map/Map Icons/Rivendell/textures/rivendell_tiles_n.png
rivendell_walls_n	TAOM_Map	AssetPackages/pack2.tpac	BC5	512	512	10	1	349552	349552		349552	pixel_segment		material:rivendell_walls=1		$BASE/Modules/TAOM_Map/AssetSources/Campaign Map/Map Icons/Rivendell/textures/rivendell_walls_n.png
rivendell_wood_n	TAOM_Map	AssetPackages/pack2.tpac	BC5	512	512	10	1	349552	349552		349552	pixel_segment		material:rivendell_wood=1		$BASE/Modules/TAOM_Map/AssetSources/Campaign Map/Map Icons/Rivendell/textures/rivendell_wood_n.png
erebor_dwarf_floor_d	TAOM_Map	AssetPackages/pack1.tpac	DXT1	512	512	10	1	174776	174776		174776	pixel_segment		material:erebor_dwarf_floor=1		$BASE/Modules/TAOM_Map/AssetSources/Campaign Map/Map Icons/Erebor/Textures/erebor_dwarf_floor_d.png
erebor_dwarf_floor_h	TAOM_Map	AssetPackages/pack1.tpac	BC4	512	512	10	1	174776	174776		174776	pixel_segment		material:erebor_dwarf_statue=1		$BASE/Modules/TAOM_Map/AssetSources/Campaign Map/Map Icons/Erebor/Textures/erebor_dwarf_floor_h.png
erebor_dwarf_floor_s	TAOM_Map	AssetPackages/pack1.tpac	DXT1	512	512	10	1	174776	174776		174776	pixel_segment		material:erebor_dwarf_floor=1		$BASE/Modules/TAOM_Map/AssetSources/Campaign Map/Map Icons/Erebor/Textures/erebor_dwarf_floor_s.png
erebor_dwarf_walls_d	TAOM_Map	AssetPackages/pack1.tpac	DXT1	512	512	10	1	174776	174776		174776	pixel_segment		material:erebor_dwarf_walls=1		$BASE/Modules/TAOM_Map/AssetSources/Campaign Map/Map Icons/Erebor/Textures/erebor_dwarf_walls_d.png
erebor_dwarf_walls_s	TAOM_Map	AssetPackages/pack1.tpac	DXT1	512	512	10	1	174776	174776		174776	pixel_segment		material:erebor_dwarf_walls=1		$BASE/Modules/TAOM_Map/AssetSources/Campaign Map/Map Icons/Erebor/Textures/erebor_dwarf_walls_s.png
gundabad_dwarf_ruins_trim_d	TAOM_Map	AssetPackages/pack2.tpac	DXT1	512	512	10	1	174776	174776		174776	pixel_segment		material:gundabad_dwarf_ruins_trim=1		$BASE/Modules/TAOM_Map/AssetSources/Campaign Map/Map Icons/Gundabad/textures/gundabad_dwarf_ruins_trim_d.png
gundabad_dwarf_ruins_trim_h	TAOM_Map	AssetPackages/pack2.tpac	BC4	512	512	10	1	174776	174776		174776	pixel_segment		material:gundabad_dwarf_ruins_trim=1		$BASE/Modules/TAOM_Map/AssetSources/Campaign Map/Map Icons/Gundabad/textures/gundabad_dwarf_ruins_trim_h.png
gundabad_dwarf_ruins_trim_s	TAOM_Map	AssetPackages/pack2.tpac	DXT1	512	512	10	1	174776	174776		174776	pixel_segment		material:gundabad_dwarf_ruins_trim=1		$BASE/Modules/TAOM_Map/AssetSources/Campaign Map/Map Icons/Gundabad/textures/gundabad_dwarf_ruins_trim_s.png
minas_tirith_bricks_d	TAOM_Map	AssetPackages/pack2.tpac	DXT1	512	512	10	1	174776	174776		174776	pixel_segment		material:minas_tirith_bricks=1		$BASE/Modules/TAOM_Map/AssetSources/Campaign Map/Map Icons/Gondor/minas_tirith_bricks_d.png
minas_tirith_bricks_h	TAOM_Map	AssetPackages/pack2.tpac	BC4	512	512	10	1	174776	174776		174776	pixel_segment		material:minas_tirith_bricks=1		$BASE/Modules/TAOM_Map/AssetSources/Campaign Map/Map Icons/Gondor/minas_tirith_bricks_h.png
minas_tirith_bricks_s	TAOM_Map	AssetPackages/pack2.tpac	DXT1	512	512	10	1	174776	174776		174776	pixel_segment		material:minas_tirith_bricks=1		$BASE/Modules/TAOM_Map/AssetSources/Campaign Map/Map Icons/Gondor/minas_tirith_bricks_s.png
minas_tirith_rooftiles_d	TAOM_Map	AssetPackages/pack2.tpac	DXT1	512	512	10	1	174776	174776		174776	pixel_segment		material:minas_tirith_rooftiles=1		$BASE/Modules/TAOM_Map/AssetSources/Campaign Map/Map Icons/Gondor/minas_tirith_rooftiles_d.png
minas_tirith_rooftiles_h	TAOM_Map	AssetPackages/pack2.tpac	BC4	512	512	10	1	174776	174776		174776	pixel_segment		material:minas_tirith_rooftiles=1		$BASE/Modules/TAOM_Map/AssetSources/Campaign Map/Map Icons/Gondor/minas_tirith_rooftiles_h.png
minas_tirith_rooftiles_s	TAOM_Map	AssetPackages/pack2.tpac	DXT1	512	512	10	1	174776	174776		174776	pixel_segment		material:minas_tirith_rooftiles=1		$BASE/Modules/TAOM_Map/AssetSources/Campaign Map/Map Icons/Gondor/minas_tirith_rooftiles_s.png
minas_tirith_stone_d	TAOM_Map	AssetPackages/pack2.tpac	DXT1	512	512	10	1	174776	174776		174776	pixel_segment		material:minas_tirith_stone=1		$BASE/Modules/TAOM_Map/AssetSources/Campaign Map/Map Icons/Gondor/minas_tirith_stone_d.png
minas_tirith_stone_h	TAOM_Map	AssetPackages/pack2.tpac	BC4	512	512	10	1	174776	174776		174776	pixel_segment		material:minas_tirith_stone=1		$BASE/Modules/TAOM_Map/AssetSources/Campaign Map/Map Icons/Gondor/minas_tirith_stone_h.png
minas_tirith_stone_s	TAOM_Map	AssetPackages/pack2.tpac	DXT1	512	512	10	1	174776	174776		174776	pixel_segment		material:minas_tirith_stone=1		$BASE/Modules/TAOM_Map/AssetSources/Campaign Map/Map Icons/Gondor/minas_tirith_stone_s.png
minas_tirith_tiles_d	TAOM_Map	AssetPackages/pack2.tpac	DXT1	512	512	10	1	174776	174776		174776	pixel_segment		material:minas_tirith_tiles=1		$BASE/Modules/TAOM_Map/AssetSources/Campaign Map/Map Icons/Gondor/minas_tirith_tiles_d.png
minas_tirith_tiles_h	TAOM_Map	AssetPackages/pack2.tpac	BC4	512	512	10	1	174776	174776		174776	pixel_segment		material:minas_tirith_tiles=1		$BASE/Modules/TAOM_Map/AssetSources/Campaign Map/Map Icons/Gondor/minas_tirith_tiles_h.png
minas_tirith_tiles_s	TAOM_Map	AssetPackages/pack2.tpac	DXT1	512	512	10	1	174776	174776		174776	pixel_segment		material:minas_tirith_tiles=1		$BASE/Modules/TAOM_Map/AssetSources/Campaign Map/Map Icons/Gondor/minas_tirith_tiles_s.png
rhun_bricks_d	TAOM_Map	AssetPackages/pack2.tpac	DXT1	512	512	10	1	174776	174776		174776	pixel_segment		material:rhun_bricks=1		$BASE/Modules/TAOM_Map/AssetSources/Campaign Map/Map Icons/Rhun/Textures/rhun_bricks_d.png
rhun_bricks_h	TAOM_Map	AssetPackages/pack2.tpac	BC4	512	512	10	1	174776	174776		174776	pixel_segment		material:rhun_bricks=1		$BASE/Modules/TAOM_Map/AssetSources/Campaign Map/Map Icons/Rhun/Textures/rhun_bricks_h.png
rhun_bricks_s	TAOM_Map	AssetPackages/pack2.tpac	DXT1	512	512	10	1	174776	174776		174776	pixel_segment		material:rhun_bricks=1		$BASE/Modules/TAOM_Map/AssetSources/Campaign Map/Map Icons/Rhun/Textures/rhun_bricks_s.png
rhun_dome_snake_d	TAOM_Map	AssetPackages/pack2.tpac	DXT1	512	512	10	1	174776	174776		174776	pixel_segment		material:rhun_dome_snake=1		$BASE/Modules/TAOM_Map/AssetSources/Campaign Map/Map Icons/Rhun/Textures/rhun_dome_snake_d.png
rhun_dome_snake_h	TAOM_Map	AssetPackages/pack2.tpac	BC4	512	512	10	1	174776	174776		174776	pixel_segment		material:rhun_dome_snake=1		$BASE/Modules/TAOM_Map/AssetSources/Campaign Map/Map Icons/Rhun/Textures/rhun_dome_snake_h.png
rhun_dome_snake_s	TAOM_Map	AssetPackages/pack2.tpac	DXT1	512	512	10	1	174776	174776		174776	pixel_segment		material:rhun_dome_snake=1		$BASE/Modules/TAOM_Map/AssetSources/Campaign Map/Map Icons/Rhun/Textures/rhun_dome_snake_s.png
rhun_rooftiles_d	TAOM_Map	AssetPackages/pack2.tpac	DXT1	512	512	10	1	174776	174776		174776	pixel_segment		material:rhun_rooftiles=1		$BASE/Modules/TAOM_Map/AssetSources/Campaign Map/Map Icons/Rhun/Textures/rhun_rooftiles_d.png
rhun_rooftiles_h	TAOM_Map	AssetPackages/pack2.tpac	BC4	512	512	10	1	174776	174776		174776	pixel_segment		material:rhun_rooftiles=1		$BASE/Modules/TAOM_Map/AssetSources/Campaign Map/Map Icons/Rhun/Textures/rhun_rooftiles_h.png
rhun_rooftiles_s	TAOM_Map	AssetPackages/pack2.tpac	DXT1	512	512	10	1	174776	174776		174776	pixel_segment		material:rhun_rooftiles=1		$BASE/Modules/TAOM_Map/AssetSources/Campaign Map/Map Icons/Rhun/Textures/rhun_rooftiles_s.png
rhun_stone_orange_d	TAOM_Map	AssetPackages/pack2.tpac	DXT1	512	512	10	1	174776	174776		174776	pixel_segment		material:rhun_stone_orange=1		$BASE/Modules/TAOM_Map/AssetSources/Campaign Map/Map Icons/Rhun/Textures/rhun_stone_orange_d.png
rhun_stone_orange_h	TAOM_Map	AssetPackages/pack2.tpac	BC4	512	512	10	1	174776	174776		174776	pixel_segment		material:rhun_stone_orange=1		$BASE/Modules/TAOM_Map/AssetSources/Campaign Map/Map Icons/Rhun/Textures/rhun_stone_orange_h.png
rhun_stone_orange_s	TAOM_Map	AssetPackages/pack2.tpac	DXT1	512	512	10	1	174776	174776		174776	pixel_segment		material:rhun_stone_orange=1		$BASE/Modules/TAOM_Map/AssetSources/Campaign Map/Map Icons/Rhun/Textures/rhun_stone_orange_s.png
rhun_stone_red_d	TAOM_Map	AssetPackages/pack2.tpac	DXT1	512	512	10	1	174776	174776		174776	pixel_segment		material:rhun_stone_red=1		$BASE/Modules/TAOM_Map/AssetSources/Campaign Map/Map Icons/Rhun/Textures/rhun_stone_red_d.png
rhun_stone_red_h	TAOM_Map	AssetPackages/pack2.tpac	BC4	512	512	10	1	174776	174776		174776	pixel_segment		material:rhun_stone_red=1		$BASE/Modules/TAOM_Map/AssetSources/Campaign Map/Map Icons/Rhun/Textures/rhun_stone_red_h.png
rhun_stone_red_s	TAOM_Map	AssetPackages/pack2.tpac	DXT1	512	512	10	1	174776	174776		174776	pixel_segment		material:rhun_stone_red=1		$BASE/Modules/TAOM_Map/AssetSources/Campaign Map/Map Icons/Rhun/Textures/rhun_stone_red_s.png
rivendell_bricks_d	TAOM_Map	AssetPackages/pack2.tpac	DXT1	512	512	10	1	174776	174776		174776	pixel_segment		material:rivendell_bricks=1		$BASE/Modules/TAOM_Map/AssetSources/Campaign Map/Map Icons/Rivendell/textures/rivendell_bricks_d.png
rivendell_bricks_h	TAOM_Map	AssetPackages/pack2.tpac	BC4	512	512	10	1	174776	174776		174776	pixel_segment		material:rivendell_bricks=1		$BASE/Modules/TAOM_Map/AssetSources/Campaign Map/Map Icons/Rivendell/textures/rivendell_bricks_h.png
rivendell_bricks_s	TAOM_Map	AssetPackages/pack2.tpac	DXT1	512	512	10	1	174776	174776		174776	pixel_segment		material:rivendell_bricks=1		$BASE/Modules/TAOM_Map/AssetSources/Campaign Map/Map Icons/Rivendell/textures/rivendell_bricks_s.png
rivendell_floor_d	TAOM_Map	AssetPackages/pack2.tpac	DXT1	512	512	10	1	174776	174776		174776	pixel_segment		material:rivendell_floor=1		$BASE/Modules/TAOM_Map/AssetSources/Campaign Map/Map Icons/Rivendell/textures/rivendell_floor_d.png
rivendell_floor_h	TAOM_Map	AssetPackages/pack2.tpac	BC4	512	512	10	1	174776	174776		174776	pixel_segment		material:rivendell_floor=1		$BASE/Modules/TAOM_Map/AssetSources/Campaign Map/Map Icons/Rivendell/textures/rivendell_floor_h.png
rivendell_floor_s	TAOM_Map	AssetPackages/pack2.tpac	DXT1	512	512	10	1	174776	174776		174776	pixel_segment		material:rivendell_floor=1		$BASE/Modules/TAOM_Map/AssetSources/Campaign Map/Map Icons/Rivendell/textures/rivendell_floor_s.png
rivendell_pillars_d	TAOM_Map	AssetPackages/pack2.tpac	DXT1	512	512	10	1	174776	174776		174776	pixel_segment		material:rivendell_pillars=1		$BASE/Modules/TAOM_Map/AssetSources/Campaign Map/Map Icons/Rivendell/textures/rivendell_pillars_d.png
rivendell_pillars_h	TAOM_Map	AssetPackages/pack2.tpac	BC4	512	512	10	1	174776	174776		174776	pixel_segment		material:rivendell_pillars=1		$BASE/Modules/TAOM_Map/AssetSources/Campaign Map/Map Icons/Rivendell/textures/rivendell_pillars_h.png
rivendell_pillars_s	TAOM_Map	AssetPackages/pack2.tpac	DXT1	512	512	10	1	174776	174776		174776	pixel_segment		material:rivendell_pillars=1		$BASE/Modules/TAOM_Map/AssetSources/Campaign Map/Map Icons/Rivendell/textures/rivendell_pillars_s.png
rivendell_roof_d	TAOM_Map	AssetPackages/pack2.tpac	DXT1	512	512	10	1	174776	174776		174776	pixel_segment		material:rivendell_roof=1		$BASE/Modules/TAOM_Map/AssetSources/Campaign Map/Map Icons/Rivendell/textures/rivendell_roof_d.png
rivendell_roof_h	TAOM_Map	AssetPackages/pack2.tpac	BC4	512	512	10	1	174776	174776		174776	pixel_segment		material:rivendell_roof=1		$BASE/Modules/TAOM_Map/AssetSources/Campaign Map/Map Icons/Rivendell/textures/rivendell_roof_h.png
rivendell_roof_s	TAOM_Map	AssetPackages/pack2.tpac	DXT1	512	512	10	1	174776	174776		174776	pixel_segment		material:rivendell_roof=1		$BASE/Modules/TAOM_Map/AssetSources/Campaign Map/Map Icons/Rivendell/textures/rivendell_roof_s.png
rivendell_stone_d	TAOM_Map	AssetPackages/pack2.tpac	DXT1	512	512	10	1	174776	174776		174776	pixel_segment		material:rivendell_stone=1		$BASE/Modules/TAOM_Map/AssetSources/Campaign Map/Map Icons/Rivendell/textures/rivendell_stone_d.png
rivendell_stone_h	TAOM_Map	AssetPackages/pack2.tpac	BC4	512	512	10	1	174776	174776		174776	pixel_segment		material:rivendell_stone=1		$BASE/Modules/TAOM_Map/AssetSources/Campaign Map/Map Icons/Rivendell/textures/rivendell_stone_h.png
rivendell_stone_s	TAOM_Map	AssetPackages/pack2.tpac	DXT1	512	512	10	1	174776	174776		174776	pixel_segment		material:rivendell_stone=1		$BASE/Modules/TAOM_Map/AssetSources/Campaign Map/Map Icons/Rivendell/textures/rivendell_stone_s.png
rivendell_tiles_d	TAOM_Map	AssetPackages/pack2.tpac	DXT1	512	512	10	1	174776	174776		174776	pixel_segment		material:rivendell_tiles=1		$BASE/Modules/TAOM_Map/AssetSources/Campaign Map/Map Icons/Rivendell/textures/rivendell_tiles_d.png
rivendell_tiles_h	TAOM_Map	AssetPackages/pack2.tpac	BC4	512	512	10	1	174776	174776		174776	pixel_segment		material:rivendell_tiles=1		$BASE/Modules/TAOM_Map/AssetSources/Campaign Map/Map Icons/Rivendell/textures/rivendell_tiles_h.png
rivendell_tiles_s	TAOM_Map	AssetPackages/pack2.tpac	DXT1	512	512	10	1	174776	174776		174776	pixel_segment		material:rivendell_tiles=1		$BASE/Modules/TAOM_Map/AssetSources/Campaign Map/Map Icons/Rivendell/textures/rivendell_tiles_s.png
rivendell_walls_d	TAOM_Map	AssetPackages/pack2.tpac	DXT1	512	512	10	1	174776	174776		174776	pixel_segment		material:rivendell_walls=1		$BASE/Modules/TAOM_Map/AssetSources/Campaign Map/Map Icons/Rivendell/textures/rivendell_walls_d.png
rivendell_walls_h	TAOM_Map	AssetPackages/pack2.tpac	BC4	512	512	10	1	174776	174776		174776	pixel_segment		material:rivendell_walls=1		$BASE/Modules/TAOM_Map/AssetSources/Campaign Map/Map Icons/Rivendell/textures/rivendell_walls_h.png
rivendell_walls_s	TAOM_Map	AssetPackages/pack2.tpac	DXT1	512	512	10	1	174776	174776		174776	pixel_segment		material:rivendell_walls=1		$BASE/Modules/TAOM_Map/AssetSources/Campaign Map/Map Icons/Rivendell/textures/rivendell_walls_s.png
rivendell_wood_d	TAOM_Map	AssetPackages/pack2.tpac	DXT1	512	512	10	1	174776	174776		174776	pixel_segment		material:rivendell_wood=1		$BASE/Modules/TAOM_Map/AssetSources/Campaign Map/Map Icons/Rivendell/textures/rivendell_wood_d.png
rivendell_wood_h	TAOM_Map	AssetPackages/pack2.tpac	BC4	512	512	10	1	174776	174776		174776	pixel_segment		material:rivendell_wood=1		$BASE/Modules/TAOM_Map/AssetSources/Campaign Map/Map Icons/Rivendell/textures/rivendell_wood_h.png
rivendell_wood_s	TAOM_Map	AssetPackages/pack2.tpac	DXT1	512	512	10	1	174776	174776		174776	pixel_segment		material:rivendell_wood=1		$BASE/Modules/TAOM_Map/AssetSources/Campaign Map/Map Icons/Rivendell/textures/rivendell_wood_s.png
