File,ID,Name,Culture,Slot,Tier,Variant,Old Primary,New Primary,Delta,Old Weight,New Weight,Old Material,New Material,Status
arnor\head_armors.xml,sk_ar_art_helmet_inf_light_a,[Arnor] Infantry Light Helmet,arnor,head,light,0,18,17,-1,2.0,1.5,Plate,Leather,CHANGED
arnor\head_armors.xml,sk_ar_art_helmet_inf_med_a,[Arnor] Infantry Helmet,arnor,head,medium,0,24,26,2,3.5,2.5,Plate,Chainmail,CHANGED
arnor\head_armors.xml,sk_ar_art_helmet_inf_med_b,[Arnor] Infantry Helmet,arnor,head,medium,1,24,27,3,3.5,2.5,Plate,Chainmail,CHANGED
arnor\head_armors.xml,sk_ar_art_helmet_inf_hvy_a,[Arnor] Infantry Heavy Helmet,arnor,head,heavy,0,30,34,4,4.5,3.5,Plate,Plate,CHANGED
arnor\head_armors.xml,sk_ar_art_helmet_inf_hvy_b,[Arnor] Infantry Heavy Helmet,arnor,head,heavy,1,30,35,5,4.5,3.5,Plate,Plate,CHANGED
arnor\head_armors.xml,sk_ar_art_helmet_inf_elite_a,[Arnor] Infantry Elite Helmet,arnor,head,elite,0,36,42,6,5.0,4.5,Plate,Plate,CHANGED
arnor\head_armors.xml,sk_ar_art_helmet_inf_elite_b,[Arnor] Infantry Elite Helmet,arnor,head,elite,1,36,43,7,5.0,4.5,Plate,Plate,CHANGED
arnor\head_armors.xml,sk_ar_art_helmet_noble_light_a,[Arnor] Noble Light Helmet,arnor,head,light,0,22,17,-5,2.5,1.5,Plate,Leather,CHANGED
arnor\head_armors.xml,sk_ar_art_helmet_noble_med_a,[Arnor] Noble Helmet,arnor,head,medium,0,28,26,-2,4.0,2.5,Plate,Chainmail,CHANGED
arnor\head_armors.xml,sk_ar_art_helmet_noble_med_b,[Arnor] Noble Helmet,arnor,head,medium,1,28,27,-1,4.0,2.5,Plate,Chainmail,CHANGED
arnor\head_armors.xml,sk_ar_art_helmet_noble_heavy_a,[Arnor] Noble Heavy Helmet,arnor,head,heavy,0,34,34,0,5.0,3.5,Plate,Plate,CHANGED
arnor\head_armors.xml,sk_ar_art_helmet_noble_heavy_b,[Arnor] Noble Heavy Helmet,arnor,head,heavy,1,34,35,1,5.0,3.5,Plate,Plate,CHANGED
arnor\head_armors.xml,sk_ar_art_helmet_noble_elite_a,[Arnor] Noble Elite Helmet,arnor,head,elite,0,40,42,2,5.5,4.5,Plate,Plate,CHANGED
arnor\head_armors.xml,sk_ar_art_helmet_noble_elite_b,[Arnor] Noble Elite Helmet,arnor,head,elite,1,40,43,3,5.5,4.5,Plate,Plate,CHANGED
arnor\head_armors.xml,sk_ar_art_helmet_noble_lord_b,[Arnor] Noble Lord Helmet,arnor,head,lord,1,42,51,9,5.5,5.0,Plate,Plate,CHANGED
arnor\head_armors.xml,sk_ar_art_helmet_noble_prince_a,[Arnor] Prince's Helmet,arnor,head,heavy,0,45,34,-11,6.0,3.5,Plate,Plate,CHANGED
arnor\head_armors.xml,sk_ar_art_helmet_noble_prince_b,[Arnor] Prince's Helmet,arnor,head,heavy,1,45,35,-10,6.0,3.5,Plate,Plate,CHANGED
arnor\head_armors.xml,sk_ar_art_crown_king_a,[Arnor] King's Crown,arnor,head,lord,0,20,50,30,2.0,5.0,Plate,Plate,CHANGED
arnor\head_armors.xml,sk_ar_art_helmet_cav_heavy_a,[Arnor] Cavalry Heavy Helmet,arnor,head,heavy,0,32,34,2,4.5,3.5,Plate,Plate,CHANGED
arnor\head_armors.xml,sk_ar_art_helmet_cav_heavy_b,[Arnor] Cavalry Heavy Helmet,arnor,head,heavy,1,32,35,3,4.5,3.5,Plate,Plate,CHANGED
arnor\head_armors.xml,sk_ar_art_helmet_cav_elite_a,[Arnor] Cavalry Elite Helmet,arnor,head,elite,0,38,42,4,5.5,4.5,Plate,Plate,CHANGED
arnor\head_armors.xml,sk_ar_art_helmet_cav_elite_b,[Arnor] Cavalry Elite Helmet,arnor,head,elite,1,38,43,5,5.5,4.5,Plate,Plate,CHANGED
arnor\head_armors.xml,sk_ar_art_helmet_guard_heavy_a,[Arnor] Guard Heavy Helmet,arnor,head,heavy,0,35,34,-1,5.0,3.5,Plate,Plate,CHANGED
arnor\head_armors.xml,sk_ar_art_helmet_guard_heavy_b,[Arnor] Guard Heavy Helmet,arnor,head,heavy,1,35,35,0,5.0,3.5,Plate,Plate,CHANGED
arnor\head_armors.xml,sk_ar_art_helmet_guard_elite_a,[Arnor] Guard Elite Helmet,arnor,head,elite,0,42,42,0,5.5,4.5,Plate,Plate,CHANGED
arnor\head_armors.xml,sk_ar_art_helmet_guard_elite_b,[Arnor] Guard Elite Helmet,arnor,head,elite,1,42,43,1,5.5,4.5,Plate,Plate,CHANGED
arnor\head_armors.xml,sk_ar_art_helmet_warden_heavy_a,[Arnor] Warden Heavy Helmet,arnor,head,heavy,0,33,34,1,5.0,3.5,Plate,Plate,CHANGED
arnor\head_armors.xml,sk_ar_art_helmet_warden_heavy_b,[Arnor] Warden Heavy Helmet,arnor,head,heavy,1,33,35,2,5.0,3.5,Plate,Plate,CHANGED
arnor\head_armors.xml,sk_ar_art_helmet_warden_elite_a,[Arnor] Warden Elite Helmet,arnor,head,elite,0,40,42,2,5.5,4.5,Plate,Plate,CHANGED
arnor\head_armors.xml,sk_ar_art_helmet_warden_elite_b,[Arnor] Warden Elite Helmet,arnor,head,elite,1,40,43,3,5.5,4.5,Plate,Plate,CHANGED
arnor\body_armors.xml,sk_ar_art_chainmail_half_a,[Arnor] Half Chainmail,arnor,body,medium,0,20,34,14,8.0,13.0,Chainmail,Chainmail,CHANGED
arnor\body_armors.xml,sk_ar_art_chainmail_half_b,[Arnor] Half Chainmail,arnor,body,medium,1,20,35,15,8.0,13.0,Chainmail,Chainmail,CHANGED
arnor\body_armors.xml,sk_ar_art_chainmail_full_a,[Arnor] Full Chainmail,arnor,body,medium,0,28,34,6,11.0,13.0,Chainmail,Chainmail,CHANGED
arnor\body_armors.xml,sk_ar_art_chainmail_full_b,[Arnor] Full Chainmail,arnor,body,medium,1,28,35,7,11.0,13.0,Chainmail,Chainmail,CHANGED
arnor\body_armors.xml,sk_ar_art_chest_inf_med_a,[Arnor] Infantry Armour,arnor,body,medium,0,35,34,-1,13.0,13.0,Plate,Chainmail,CHANGED
arnor\body_armors.xml,sk_ar_art_chest_inf_med_b,[Arnor] Infantry Armour,arnor,body,medium,1,35,35,0,13.0,13.0,Plate,Chainmail,CHANGED
arnor\body_armors.xml,sk_ar_art_chest_inf_heavy_a,[Arnor] Infantry Heavy Armour,arnor,body,heavy,0,42,44,2,16.0,18.0,Plate,Plate,CHANGED
arnor\body_armors.xml,sk_ar_art_chest_inf_heavy_b,[Arnor] Infantry Heavy Armour,arnor,body,heavy,1,42,45,3,16.0,18.0,Plate,Plate,CHANGED
arnor\body_armors.xml,sk_ar_art_chest_noble_med_a,[Arnor] Noble Armour,arnor,body,medium,0,40,34,-6,14.0,13.0,Plate,Chainmail,CHANGED
arnor\body_armors.xml,sk_ar_art_chest_noble_med_b,[Arnor] Noble Armour,arnor,body,medium,1,40,35,-5,14.0,13.0,Plate,Chainmail,CHANGED
arnor\body_armors.xml,sk_ar_art_chest_noble_heavy_a,[Arnor] Noble Heavy Armour,arnor,body,heavy,0,48,44,-4,17.5,18.0,Plate,Plate,CHANGED
arnor\body_armors.xml,sk_ar_art_chest_noble_heavy_b,[Arnor] Noble Heavy Armour,arnor,body,heavy,1,48,45,-3,17.5,18.0,Plate,Plate,CHANGED
arnor\arm_armors.xml,sk_ar_art_gloves_a,[Arnor] Leather Gloves,arnor,arm,light,0,10,10,0,0.6,0.6,Leather,Leather,UNCHANGED
arnor\arm_armors.xml,sk_ar_art_bracer_inf_med_a,[Arnor] Infantry Bracers,arnor,arm,medium,0,15,16,1,1.0,1.0,Plate,Chainmail,CHANGED
arnor\arm_armors.xml,sk_ar_art_bracer_noble_med_a,[Arnor] Noble Bracers,arnor,arm,medium,0,20,16,-4,1.5,1.0,Plate,Chainmail,CHANGED
arnor\arm_armors.xml,sk_ar_art_bracer_noble_heavy_a,[Arnor] Noble Heavy Bracers,arnor,arm,heavy,0,25,22,-3,1.5,1.5,Plate,Plate,CHANGED
arnor\arm_armors.xml,sk_ar_art_bracer_noble_elite_a,[Arnor] Noble Elite Bracers,arnor,arm,elite,0,30,28,-2,2.0,2.0,Plate,Plate,CHANGED
arnor\leg_armors.xml,sk_ar_art_boots_a,[Arnor] Leather Boots,arnor,leg,light,0,10,14,4,1.6,1.5,Leather,Leather,CHANGED
arnor\leg_armors.xml,sk_ar_art_grvs_inf_light_a,[Arnor] Infantry Light Greaves,arnor,leg,light,0,15,14,-1,2.0,1.5,Leather,Leather,CHANGED
arnor\leg_armors.xml,sk_ar_art_grvs_inf_med_a,[Arnor] Infantry Greaves,arnor,leg,medium,0,20,22,2,2.6,2.5,Plate,Chainmail,CHANGED
arnor\leg_armors.xml,sk_ar_art_grvs_inf_heavy_a,[Arnor] Infantry Heavy Greaves,arnor,leg,heavy,0,26,30,4,3.6,3.5,Plate,Plate,CHANGED
arnor\leg_armors.xml,sk_ar_art_grvs_noble_light_a,[Arnor] Noble Light Greaves,arnor,leg,light,0,18,14,-4,2.0,1.5,Leather,Leather,CHANGED
arnor\leg_armors.xml,sk_ar_art_grvs_noble_med_a,[Arnor] Noble Greaves,arnor,leg,medium,0,24,22,-2,3.0,2.5,Plate,Chainmail,CHANGED
arnor\leg_armors.xml,sk_ar_art_grvs_noble_heavy_a,[Arnor] Noble Heavy Greaves,arnor,leg,heavy,0,30,30,0,3.6,3.5,Plate,Plate,CHANGED
arnor\leg_armors.xml,sk_ar_art_grvs_noble_elite_a,[Arnor] Noble Elite Greaves,arnor,leg,elite,0,36,36,0,4.0,4.0,Plate,Plate,UNCHANGED
arnor\shoulder_armors.xml,sk_ar_art_cape_a,[Arnor] Cape,arnor,shoulder,civilian,0,5,4,-1,0.5,1.0,Cloth,Cloth,CHANGED
arnor\shoulder_armors.xml,sk_ar_art_cape_b,[Arnor] Cape,arnor,shoulder,civilian,1,5,5,0,0.5,1.0,Cloth,Cloth,CHANGED
arnor\shoulder_armors.xml,sk_ar_art_pauld_inf_light_a,[Arnor] Infantry Light Pauldrons,arnor,shoulder,light,0,8,7,-1,3.0,3.0,Leather,Leather,CHANGED
arnor\shoulder_armors.xml,sk_ar_art_pauld_inf_light_b,[Arnor] Infantry Light Pauldrons,arnor,shoulder,light,1,8,8,0,3.0,3.0,Leather,Leather,CHANGED
arnor\shoulder_armors.xml,sk_ar_art_pauld_inf_med_a,[Arnor] Infantry Pauldrons,arnor,shoulder,medium,0,10,10,0,5.0,5.0,Plate,Chainmail,CHANGED
arnor\shoulder_armors.xml,sk_ar_art_pauld_inf_med_b,[Arnor] Infantry Pauldrons,arnor,shoulder,medium,1,10,11,1,5.0,5.0,Plate,Chainmail,CHANGED
arnor\shoulder_armors.xml,sk_ar_art_pauld_inf_heavy_a,[Arnor] Infantry Heavy Pauldrons,arnor,shoulder,heavy,0,12,14,2,7.0,7.0,Plate,Plate,CHANGED
arnor\shoulder_armors.xml,sk_ar_art_pauld_inf_elite_a,[Arnor] Infantry Elite Pauldrons,arnor,shoulder,elite,0,14,17,3,9.0,9.0,Plate,Plate,CHANGED
arnor\shoulder_armors.xml,sk_ar_art_pauld_inf_elite_b,[Arnor] Infantry Elite Pauldrons,arnor,shoulder,elite,1,14,18,4,9.0,9.0,Plate,Plate,CHANGED
arnor\shoulder_armors.xml,sk_ar_art_pauld_cape_inf_elite_a,[Arnor] Infantry Elite Pauldrons with Cape,arnor,shoulder,elite,0,16,17,1,9.0,9.0,Plate,Plate,CHANGED
arnor\shoulder_armors.xml,sk_ar_art_pauld_cape_inf_elite_b,[Arnor] Infantry Elite Pauldrons with Cape,arnor,shoulder,elite,1,16,18,2,9.0,9.0,Plate,Plate,CHANGED
arnor\shoulder_armors.xml,sk_ar_art_pauld_cape_inf_elite_c,[Arnor] Infantry Elite Pauldrons with Cape,arnor,shoulder,elite,2,16,19,3,9.0,9.0,Plate,Plate,CHANGED
arnor\shoulder_armors.xml,sk_ar_art_pauld_noble_med_a,[Arnor] Noble Pauldrons,arnor,shoulder,medium,0,12,10,-2,6.0,5.0,Plate,Chainmail,CHANGED
arnor\shoulder_armors.xml,sk_ar_art_pauld_noble_med_b,[Arnor] Noble Pauldrons,arnor,shoulder,medium,1,12,11,-1,6.0,5.0,Plate,Chainmail,CHANGED
arnor\shoulder_armors.xml,sk_ar_art_pauld_noble_med_c,[Arnor] Noble Pauldrons,arnor,shoulder,medium,2,12,12,0,6.0,5.0,Plate,Chainmail,CHANGED
arnor\shoulder_armors.xml,sk_ar_art_pauld_noble_heavy_a,[Arnor] Noble Heavy Pauldrons,arnor,shoulder,heavy,0,16,14,-2,8.0,7.0,Plate,Plate,CHANGED
arnor\shoulder_armors.xml,sk_ar_art_pauld_noble_heavy_b,[Arnor] Noble Heavy Pauldrons,arnor,shoulder,heavy,1,16,15,-1,8.0,7.0,Plate,Plate,CHANGED
arnor\shoulder_armors.xml,sk_ar_art_pauld_noble_elite_a,[Arnor] Noble Elite Pauldrons,arnor,shoulder,elite,0,20,17,-3,10.0,9.0,Plate,Plate,CHANGED
arnor\shoulder_armors.xml,sk_ar_art_pauld_noble_elite_b,[Arnor] Noble Elite Pauldrons,arnor,shoulder,elite,1,20,18,-2,10.0,9.0,Plate,Plate,CHANGED
arnor\shoulder_armors.xml,sk_ar_art_pauld_cape_noble_elite_a,[Arnor] Noble Elite Pauldrons with Cape,arnor,shoulder,elite,0,22,17,-5,10.0,9.0,Plate,Plate,CHANGED
arnor\shoulder_armors.xml,sk_ar_art_pauld_cape_noble_elite_b,[Arnor] Noble Elite Pauldrons with Cape,arnor,shoulder,elite,1,22,18,-4,10.0,9.0,Plate,Plate,CHANGED
dol_guldur\head_armors.xml,sk_dg_uruk_helmet_elite_a,[Dol Guldur] Uruk Elite Helmet I,dol_guldur,head,elite,0,30,39,9,5.5,5.0,Plate,Plate,CHANGED
dol_guldur\head_armors.xml,sk_dg_uruk_helmet_elite_b,[Dol Guldur] Uruk Elite Helmet II,dol_guldur,head,elite,1,35,40,5,5.7,5.0,Plate,Plate,CHANGED
dol_guldur\head_armors.xml,sk_dg_uruk_helmet_elite_c,[Dol Guldur] Uruk Elite Helmet III,dol_guldur,head,elite,2,35,41,6,5.9,5.0,Plate,Plate,CHANGED
dol_guldur\head_armors.xml,sk_dg_uruk_helmet_elite_d,[Dol Guldur] Uruk Elite Helmet IV,dol_guldur,head,elite,3,35,42,7,6.1,5.0,Plate,Plate,CHANGED
dol_guldur\head_armors.xml,sk_dg_uruk_helmet_elite_e,[Dol Guldur] Uruk Elite Helmet V,dol_guldur,head,elite,4,35,43,8,6.3,5.0,Plate,Plate,CHANGED
dol_guldur\head_armors.xml,sk_dg_uruk_helmet_elite_f,[Dol Guldur] Uruk Elite Helmet VI,dol_guldur,head,elite,5,35,44,9,6.5,5.0,Plate,Plate,CHANGED
dol_guldur\head_armors.xml,sk_dg_uruk_helmet_elite_g,[Dol Guldur] Uruk Elite Helmet VII,dol_guldur,head,elite,0,35,39,4,6.0,5.0,Plate,Plate,CHANGED
dol_guldur\head_armors.xml,sk_dg_uruk_helmet_heavy_a,[Dol Guldur] Uruk Heavy Helmet I,dol_guldur,head,heavy,0,25,31,6,4.5,3.9,Plate,Plate,CHANGED
dol_guldur\head_armors.xml,sk_dg_uruk_helmet_heavy_b,[Dol Guldur] Uruk Heavy Helmet II,dol_guldur,head,heavy,1,25,32,7,4.7,3.9,Plate,Plate,CHANGED
dol_guldur\head_armors.xml,sk_dg_uruk_helmet_heavy_c,[Dol Guldur] Uruk Heavy Helmet III,dol_guldur,head,heavy,2,30,33,3,4.9,3.9,Plate,Plate,CHANGED
dol_guldur\head_armors.xml,sk_dg_uruk_helmet_heavy_d,[Dol Guldur] Uruk Heavy Helmet IV,dol_guldur,head,heavy,3,30,34,4,5.1,3.9,Plate,Plate,CHANGED
dol_guldur\head_armors.xml,sk_dg_uruk_helmet_heavy_e,[Dol Guldur] Uruk Heavy Helmet V,dol_guldur,head,heavy,4,30,35,5,5.3,3.9,Plate,Plate,CHANGED
dol_guldur\head_armors.xml,sk_dg_uruk_helmet_heavy_f,[Dol Guldur] Uruk Heavy Helmet VI,dol_guldur,head,heavy,5,30,36,6,5.5,3.9,Plate,Plate,CHANGED
dol_guldur\head_armors.xml,sk_dg_uruk_helmet_light_a,[Dol Guldur] Uruk Light Helmet I,dol_guldur,head,light,0,20,14,-6,2.5,1.7,Plate,Leather,CHANGED
dol_guldur\head_armors.xml,sk_dg_uruk_helmet_light_b,[Dol Guldur] Uruk Light Helmet II,dol_guldur,head,light,1,20,15,-5,2.7,1.7,Plate,Leather,CHANGED
dol_guldur\head_armors.xml,sk_dg_uruk_helmet_light_c,[Dol Guldur] Uruk Light Helmet III,dol_guldur,head,light,2,20,16,-4,2.9,1.7,Plate,Leather,CHANGED
dol_guldur\head_armors.xml,sk_dg_uruk_helmet_light_d,[Dol Guldur] Uruk Light Helmet IV,dol_guldur,head,light,3,20,17,-3,3.0,1.7,Plate,Leather,CHANGED
dol_guldur\head_armors.xml,sk_dg_uruk_helmet_lord_a,[Dol Guldur] Uruk Lord Helmet I,dol_guldur,head,lord,0,35,47,12,6.0,5.5,Plate,Plate,CHANGED
dol_guldur\head_armors.xml,sk_dg_uruk_helmet_lord_b,[Dol Guldur] Uruk Lord Helmet II,dol_guldur,head,lord,1,35,48,13,6.0,5.5,Plate,Plate,CHANGED
dol_guldur\head_armors.xml,sk_dg_uruk_helmet_lord_c,[Dol Guldur] Uruk Lord Helmet III,dol_guldur,head,lord,2,35,49,14,6.0,5.5,Plate,Plate,CHANGED
dol_guldur\head_armors.xml,sk_dg_uruk_helmet_lord_d,[Dol Guldur] Uruk Lord Helmet IV,dol_guldur,head,lord,3,35,50,15,6.0,5.5,Plate,Plate,CHANGED
dol_guldur\head_armors.xml,sk_dg_uruk_helmet_lord_e,[Dol Guldur] Uruk Lord Helmet V,dol_guldur,head,lord,4,35,51,16,6.0,5.5,Plate,Plate,CHANGED
dol_guldur\head_armors.xml,sk_dg_uruk_helmet_lord_f,[Dol Guldur] Uruk Lord Helmet VI,dol_guldur,head,lord,5,35,52,17,6.0,5.5,Plate,Plate,CHANGED
dol_guldur\head_armors.xml,sk_dg_uruk_helmet_lord_g,[Dol Guldur] Uruk Lord Helmet VII,dol_guldur,head,lord,0,35,47,12,6.0,5.5,Plate,Plate,CHANGED
dol_guldur\head_armors.xml,sk_dg_uruk_helmet_lord_h,[Dol Guldur] Uruk Lord Helmet VIII,dol_guldur,head,lord,0,35,47,12,6.0,5.5,Plate,Plate,CHANGED
dol_guldur\head_armors.xml,sk_dg_uruk_helmet_med_a,[Dol Guldur] Uruk Medium Helmet I,dol_guldur,head,medium,0,20,23,3,3.5,2.8,Plate,Chainmail,CHANGED
dol_guldur\head_armors.xml,sk_dg_uruk_helmet_med_b,[Dol Guldur] Uruk Medium Helmet II,dol_guldur,head,medium,1,25,24,-1,3.7,2.8,Plate,Chainmail,CHANGED
dol_guldur\head_armors.xml,sk_dg_uruk_helmet_med_c,[Dol Guldur] Uruk Medium Helmet III,dol_guldur,head,medium,2,25,25,0,3.9,2.8,Plate,Chainmail,CHANGED
dol_guldur\head_armors.xml,sk_dg_uruk_helmet_med_d,[Dol Guldur] Uruk Medium Helmet IV,dol_guldur,head,medium,3,25,26,1,4.0,2.8,Plate,Chainmail,CHANGED
dol_guldur\head_armors.xml,sk_dg_uruk_helmet_med_e,[Dol Guldur] Uruk Medium Helmet V,dol_guldur,head,medium,4,25,27,2,4.2,2.8,Plate,Chainmail,CHANGED
dol_guldur\head_armors.xml,sk_dg_uruk_helmet_med_f,[Dol Guldur] Uruk Medium Helmet VI,dol_guldur,head,medium,5,25,28,3,4.3,2.8,Plate,Chainmail,CHANGED
dol_guldur\head_armors.xml,sk_dg_uruk_helmet_med_g,[Dol Guldur] Uruk Medium Helmet VII,dol_guldur,head,medium,0,35,23,-12,6.0,2.8,Plate,Chainmail,CHANGED
dol_guldur\head_armors.xml,sk_dg_uruk_helmet_med_h,[Dol Guldur] Uruk Medium Helmet VIII,dol_guldur,head,medium,0,35,23,-12,6.0,2.8,Plate,Chainmail,CHANGED
dol_guldur\body_armors.xml,sk_dg_uruk_chest_elite_a,[Dol Guldur] Uruk Elite Chest I,dol_guldur,body,elite,0,30,49,19,9.0,24.2,Plate,Plate,CHANGED
dol_guldur\body_armors.xml,sk_dg_uruk_chest_elite_b,[Dol Guldur] Uruk Elite Chest II,dol_guldur,body,elite,1,35,50,15,9.3,24.2,Plate,Plate,CHANGED
dol_guldur\body_armors.xml,sk_dg_uruk_chest_elite_c,[Dol Guldur] Uruk Elite Chest III,dol_guldur,body,elite,2,35,51,16,9.5,24.2,Plate,Plate,CHANGED
dol_guldur\body_armors.xml,sk_dg_uruk_chest_elite_d,[Dol Guldur] Uruk Elite Chest IV,dol_guldur,body,elite,3,35,52,17,9.7,24.2,Plate,Plate,CHANGED
dol_guldur\body_armors.xml,sk_dg_uruk_chest_elite_e,[Dol Guldur] Uruk Elite Chest V,dol_guldur,body,elite,4,35,53,18,9.9,24.2,Plate,Plate,CHANGED
dol_guldur\body_armors.xml,sk_dg_uruk_chest_elite_f,[Dol Guldur] Uruk Elite Chest VI,dol_guldur,body,elite,5,35,54,19,10.0,24.2,Plate,Plate,CHANGED
dol_guldur\body_armors.xml,sk_dg_uruk_chest_heavy_a,[Dol Guldur] Uruk Heavy Chest I,dol_guldur,body,heavy,0,25,41,16,7.0,19.8,Plate,Plate,CHANGED
dol_guldur\body_armors.xml,sk_dg_uruk_chest_heavy_b,[Dol Guldur] Uruk Heavy Chest II,dol_guldur,body,heavy,1,25,42,17,7.3,19.8,Plate,Plate,CHANGED
dol_guldur\body_armors.xml,sk_dg_uruk_chest_heavy_c,[Dol Guldur] Uruk Heavy Chest III,dol_guldur,body,heavy,2,30,43,13,7.6,19.8,Plate,Plate,CHANGED
dol_guldur\body_armors.xml,sk_dg_uruk_chest_heavy_d,[Dol Guldur] Uruk Heavy Chest IV,dol_guldur,body,heavy,3,30,44,14,7.8,19.8,Plate,Plate,CHANGED
dol_guldur\body_armors.xml,sk_dg_uruk_chest_heavy_e,[Dol Guldur] Uruk Heavy Chest V,dol_guldur,body,heavy,4,30,45,15,8.0,19.8,Plate,Plate,CHANGED
dol_guldur\body_armors.xml,sk_dg_uruk_chest_heavy_f,[Dol Guldur] Uruk Heavy Chest VI,dol_guldur,body,heavy,5,30,46,16,8.0,19.8,Plate,Plate,CHANGED
dol_guldur\body_armors.xml,sk_dg_uruk_chest_light_a,[Dol Guldur] Uruk Light Chest I,dol_guldur,body,light,0,15,19,4,3.0,8.8,Plate,Leather,CHANGED
dol_guldur\body_armors.xml,sk_dg_uruk_chest_light_b,[Dol Guldur] Uruk Light Chest II,dol_guldur,body,light,1,15,20,5,3.5,8.8,Plate,Leather,CHANGED
dol_guldur\body_armors.xml,sk_dg_uruk_chest_light_c,[Dol Guldur] Uruk Light Chest III,dol_guldur,body,light,2,15,21,6,3.8,8.8,Plate,Leather,CHANGED
dol_guldur\body_armors.xml,sk_dg_uruk_chest_light_d,[Dol Guldur] Uruk Light Chest IV,dol_guldur,body,light,3,20,22,2,4.0,8.8,Plate,Leather,CHANGED
dol_guldur\body_armors.xml,sk_dg_uruk_chest_med_a,[Dol Guldur] Uruk Medium Chest I,dol_guldur,body,medium,0,20,31,11,5.0,14.3,Plate,Chainmail,CHANGED
dol_guldur\body_armors.xml,sk_dg_uruk_chest_med_b,[Dol Guldur] Uruk Medium Chest II,dol_guldur,body,medium,1,20,32,12,5.2,14.3,Plate,Chainmail,CHANGED
dol_guldur\body_armors.xml,sk_dg_uruk_chest_med_c,[Dol Guldur] Uruk Medium Chest III,dol_guldur,body,medium,2,20,33,13,5.5,14.3,Plate,Chainmail,CHANGED
dol_guldur\body_armors.xml,sk_dg_uruk_chest_med_d,[Dol Guldur] Uruk Medium Chest IV,dol_guldur,body,medium,3,20,34,14,5.7,14.3,Plate,Chainmail,CHANGED
dol_guldur\body_armors.xml,sk_dg_uruk_chest_med_e,[Dol Guldur] Uruk Medium Chest V,dol_guldur,body,medium,4,25,35,10,5.9,14.3,Plate,Chainmail,CHANGED
dol_guldur\body_armors.xml,sk_dg_uruk_chest_med_f,[Dol Guldur] Uruk Medium Chest VI,dol_guldur,body,medium,5,25,36,11,6.0,14.3,Plate,Chainmail,CHANGED
dol_guldur\arm_armors.xml,sk_dg_uruk_bracer_elite_a,[Dol Guldur] Elite Bracer I,dol_guldur,arm,elite,0,40,25,-15,6.0,2.2,Plate,Plate,CHANGED
dol_guldur\arm_armors.xml,sk_dg_uruk_bracer_elite_b,[Dol Guldur] Elite Bracer II,dol_guldur,arm,elite,1,40,26,-14,6.0,2.2,Plate,Plate,CHANGED
dol_guldur\arm_armors.xml,sk_dg_uruk_bracer_elite_c,[Dol Guldur] Elite Bracer III,dol_guldur,arm,elite,2,40,27,-13,6.0,2.2,Plate,Plate,CHANGED
dol_guldur\arm_armors.xml,sk_dg_uruk_bracer_elite_d,[Dol Guldur] Elite Bracer IV,dol_guldur,arm,elite,3,40,28,-12,6.0,2.2,Plate,Plate,CHANGED
dol_guldur\arm_armors.xml,sk_dg_uruk_bracer_elite_e,[Dol Guldur] Elite Bracer V,dol_guldur,arm,elite,4,40,29,-11,6.0,2.2,Plate,Plate,CHANGED
dol_guldur\arm_armors.xml,sk_dg_uruk_bracer_elite_f,[Dol Guldur] Elite Bracer VI,dol_guldur,arm,elite,5,40,30,-10,6.0,2.2,Plate,Plate,CHANGED
dol_guldur\arm_armors.xml,sk_dg_uruk_bracer_elite_g,[Dol Guldur] Elite Bracer VII,dol_guldur,arm,elite,0,40,25,-15,6.0,2.2,Plate,Plate,CHANGED
dol_guldur\arm_armors.xml,sk_dg_uruk_bracer_elite_h,[Dol Guldur] Elite Bracer VIII,dol_guldur,arm,elite,0,40,25,-15,6.0,2.2,Plate,Plate,CHANGED
dol_guldur\arm_armors.xml,sk_dg_uruk_bracer_elite_i,[Dol Guldur] Elite Bracer IX,dol_guldur,arm,elite,0,40,25,-15,6.0,2.2,Plate,Plate,CHANGED
dol_guldur\arm_armors.xml,sk_dg_uruk_bracer_heavy_a,[Dol Guldur] Heavy Bracer I,dol_guldur,arm,heavy,0,30,19,-11,5.0,1.7,Plate,Plate,CHANGED
dol_guldur\arm_armors.xml,sk_dg_uruk_bracer_heavy_b,[Dol Guldur] Heavy Bracer II,dol_guldur,arm,heavy,1,30,20,-10,5.0,1.7,Plate,Plate,CHANGED
dol_guldur\arm_armors.xml,sk_dg_uruk_bracer_heavy_c,[Dol Guldur] Heavy Bracer III,dol_guldur,arm,heavy,2,35,21,-14,5.0,1.7,Plate,Plate,CHANGED
dol_guldur\arm_armors.xml,sk_dg_uruk_bracer_heavy_d,[Dol Guldur] Heavy Bracer IV,dol_guldur,arm,heavy,3,35,22,-13,5.0,1.7,Plate,Plate,CHANGED
dol_guldur\arm_armors.xml,sk_dg_uruk_bracer_heavy_e,[Dol Guldur] Heavy Bracer V,dol_guldur,arm,heavy,4,35,23,-12,5.0,1.7,Plate,Plate,CHANGED
dol_guldur\arm_armors.xml,sk_dg_uruk_bracer_heavy_f,[Dol Guldur] Heavy Bracer VI,dol_guldur,arm,heavy,5,35,24,-11,5.0,1.7,Plate,Plate,CHANGED
dol_guldur\arm_armors.xml,sk_dg_uruk_bracer_med_a,[Dol Guldur] Medium Bracer I,dol_guldur,arm,medium,0,25,13,-12,5.0,1.1,Plate,Chainmail,CHANGED
dol_guldur\arm_armors.xml,sk_dg_uruk_bracer_med_b,[Dol Guldur] Medium Bracer II,dol_guldur,arm,medium,1,25,14,-11,5.0,1.1,Plate,Chainmail,CHANGED
dol_guldur\arm_armors.xml,sk_dg_uruk_bracer_med_c,[Dol Guldur] Medium Bracer III,dol_guldur,arm,medium,2,30,15,-15,5.0,1.1,Plate,Chainmail,CHANGED
dol_guldur\leg_armors.xml,sk_dg_uruk_boots_elite_a,[Dol Guldur] Uruk Elite Boots I,dol_guldur,leg,elite,0,35,33,-2,1.6,4.4,Plate,Plate,CHANGED
dol_guldur\leg_armors.xml,sk_dg_uruk_boots_elite_b,[Dol Guldur] Uruk Elite Boots II,dol_guldur,leg,elite,1,35,34,-1,1.6,4.4,Plate,Plate,CHANGED
dol_guldur\leg_armors.xml,sk_dg_uruk_boots_elite_c,[Dol Guldur] Uruk Elite Boots III,dol_guldur,leg,elite,2,35,35,0,1.6,4.4,Plate,Plate,CHANGED
dol_guldur\leg_armors.xml,sk_dg_uruk_boots_elite_d,[Dol Guldur] Uruk Elite Boots IV,dol_guldur,leg,elite,3,35,36,1,1.6,4.4,Plate,Plate,CHANGED
dol_guldur\leg_armors.xml,sk_dg_uruk_boots_elite_e,[Dol Guldur] Uruk Elite Boots V,dol_guldur,leg,elite,4,35,37,2,1.6,4.4,Plate,Plate,CHANGED
dol_guldur\leg_armors.xml,sk_dg_uruk_boots_elite_f,[Dol Guldur] Uruk Elite Boots VI,dol_guldur,leg,elite,5,40,38,-2,1.6,4.4,Plate,Plate,CHANGED
dol_guldur\leg_armors.xml,sk_dg_uruk_boots_heavy_a,[Dol Guldur] Uruk Heavy Boots I,dol_guldur,leg,heavy,0,35,27,-8,1.6,3.9,Plate,Plate,CHANGED
dol_guldur\leg_armors.xml,sk_dg_uruk_boots_heavy_b,[Dol Guldur] Uruk Heavy Boots II,dol_guldur,leg,heavy,1,35,28,-7,1.6,3.9,Plate,Plate,CHANGED
dol_guldur\leg_armors.xml,sk_dg_uruk_boots_heavy_c,[Dol Guldur] Uruk Heavy Boots III,dol_guldur,leg,heavy,2,35,29,-6,1.6,3.9,Plate,Plate,CHANGED
dol_guldur\leg_armors.xml,sk_dg_uruk_boots_heavy_d,[Dol Guldur] Uruk Heavy Boots IV,dol_guldur,leg,heavy,3,35,30,-5,1.6,3.9,Plate,Plate,CHANGED
dol_guldur\leg_armors.xml,sk_dg_uruk_boots_heavy_e,[Dol Guldur] Uruk Heavy Boots V,dol_guldur,leg,heavy,4,35,31,-4,1.6,3.9,Plate,Plate,CHANGED
dol_guldur\leg_armors.xml,sk_dg_uruk_boots_heavy_f,[Dol Guldur] Uruk Heavy Boots VI,dol_guldur,leg,heavy,5,40,32,-8,1.6,3.9,Plate,Plate,CHANGED
dol_guldur\leg_armors.xml,sk_dg_uruk_boots_light_a,[Dol Guldur] Uruk Light Boots I,dol_guldur,leg,light,0,15,11,-4,1.6,1.7,Plate,Leather,CHANGED
dol_guldur\leg_armors.xml,sk_dg_uruk_boots_lord_a,[Dol Guldur] Uruk Lord Boots I,dol_guldur,leg,lord,0,40,39,-1,1.6,5.0,Plate,Plate,CHANGED
dol_guldur\leg_armors.xml,sk_dg_uruk_boots_lord_b,[Dol Guldur] Uruk Lord Boots II,dol_guldur,leg,lord,1,40,40,0,1.6,5.0,Plate,Plate,CHANGED
dol_guldur\leg_armors.xml,sk_dg_uruk_boots_lord_c,[Dol Guldur] Uruk Lord Boots III,dol_guldur,leg,lord,2,40,41,1,1.6,5.0,Plate,Plate,CHANGED
dol_guldur\leg_armors.xml,sk_dg_uruk_boots_lord_d,[Dol Guldur] Uruk Lord Boots IV,dol_guldur,leg,lord,3,40,42,2,1.6,5.0,Plate,Plate,CHANGED
dol_guldur\leg_armors.xml,sk_dg_uruk_boots_lord_e,[Dol Guldur] Uruk Lord Boots V,dol_guldur,leg,lord,4,40,43,3,1.6,5.0,Plate,Plate,CHANGED
dol_guldur\leg_armors.xml,sk_dg_uruk_boots_lord_f,[Dol Guldur] Uruk Lord Boots VI,dol_guldur,leg,lord,5,40,44,4,1.6,5.0,Plate,Plate,CHANGED
dol_guldur\leg_armors.xml,sk_dg_uruk_boots_med_a,[Dol Guldur] Uruk Medium Boots I,dol_guldur,leg,medium,0,30,19,-11,1.6,2.8,Plate,Chainmail,CHANGED
dol_guldur\leg_armors.xml,sk_dg_uruk_boots_med_b,[Dol Guldur] Uruk Medium Boots II,dol_guldur,leg,medium,1,30,20,-10,1.6,2.8,Plate,Chainmail,CHANGED
dol_guldur\leg_armors.xml,sk_dg_uruk_boots_med_c,[Dol Guldur] Uruk Medium Boots III,dol_guldur,leg,medium,2,30,21,-9,1.6,2.8,Plate,Chainmail,CHANGED
dol_guldur\shoulder_armors.xml,sk_dg_uruk_pauldron_elite_a,[Dol Guldur] Elite Pauldron I,dol_guldur,shoulder,elite,0,35,14,-21,9.0,9.9,Plate,Plate,CHANGED
dol_guldur\shoulder_armors.xml,sk_dg_uruk_pauldron_elite_b,[Dol Guldur] Elite Pauldron II,dol_guldur,shoulder,elite,1,35,15,-20,9.0,9.9,Plate,Plate,CHANGED
dol_guldur\shoulder_armors.xml,sk_dg_uruk_pauldron_elite_c,[Dol Guldur] Elite Pauldron III,dol_guldur,shoulder,elite,2,35,16,-19,9.0,9.9,Plate,Plate,CHANGED
dol_guldur\shoulder_armors.xml,sk_dg_uruk_pauldron_elite_cape_a,[Dol Guldur] Elite Pauldron Cape I,dol_guldur,shoulder,elite,0,35,14,-21,9.0,9.9,Plate,Plate,CHANGED
dol_guldur\shoulder_armors.xml,sk_dg_uruk_pauldron_elite_cape_b,[Dol Guldur] Elite Pauldron Cape II,dol_guldur,shoulder,elite,1,35,15,-20,9.0,9.9,Plate,Plate,CHANGED
dol_guldur\shoulder_armors.xml,sk_dg_uruk_pauldron_elite_cape_c,[Dol Guldur] Elite Pauldron Cape III,dol_guldur,shoulder,elite,2,35,16,-19,9.0,9.9,Plate,Plate,CHANGED
dol_guldur\shoulder_armors.xml,sk_dg_uruk_pauldron_elite_cape_d,[Dol Guldur] Elite Pauldron Cape IV,dol_guldur,shoulder,elite,3,35,17,-18,9.0,9.9,Plate,Plate,CHANGED
dol_guldur\shoulder_armors.xml,sk_dg_uruk_pauldron_elite_cape_e,[Dol Guldur] Elite Pauldron Cape V,dol_guldur,shoulder,elite,4,35,18,-17,9.0,9.9,Plate,Plate,CHANGED
dol_guldur\shoulder_armors.xml,sk_dg_uruk_pauldron_elite_cape_f,[Dol Guldur] Elite Pauldron Cape VI,dol_guldur,shoulder,elite,5,35,19,-16,9.0,9.9,Plate,Plate,CHANGED
dol_guldur\shoulder_armors.xml,sk_dg_uruk_pauldron_elite_d,[Dol Guldur] Elite Pauldron IV,dol_guldur,shoulder,elite,3,35,17,-18,9.0,9.9,Plate,Plate,CHANGED
dol_guldur\shoulder_armors.xml,sk_dg_uruk_pauldron_elite_e,[Dol Guldur] Elite Pauldron V,dol_guldur,shoulder,elite,4,35,18,-17,9.0,9.9,Plate,Plate,CHANGED
dol_guldur\shoulder_armors.xml,sk_dg_uruk_pauldron_elite_f,[Dol Guldur] Elite Pauldron VI,dol_guldur,shoulder,elite,5,35,19,-16,9.0,9.9,Plate,Plate,CHANGED
dol_guldur\shoulder_armors.xml,sk_dg_uruk_pauldron_heavy_a,[Dol Guldur] Heavy Pauldron I,dol_guldur,shoulder,heavy,0,35,11,-24,9.0,7.7,Plate,Plate,CHANGED
dol_guldur\shoulder_armors.xml,sk_dg_uruk_pauldron_heavy_b,[Dol Guldur] Heavy Pauldron II,dol_guldur,shoulder,heavy,1,35,12,-23,9.0,7.7,Plate,Plate,CHANGED
dol_guldur\shoulder_armors.xml,sk_dg_uruk_pauldron_heavy_c,[Dol Guldur] Heavy Pauldron III,dol_guldur,shoulder,heavy,2,35,13,-22,9.0,7.7,Plate,Plate,CHANGED
dol_guldur\shoulder_armors.xml,sk_dg_uruk_pauldron_heavy_d,[Dol Guldur] Heavy Pauldron IV,dol_guldur,shoulder,heavy,3,35,14,-21,9.0,7.7,Plate,Plate,CHANGED
dol_guldur\shoulder_armors.xml,sk_dg_uruk_pauldron_med_a,[Dol Guldur] Medium Pauldron I,dol_guldur,shoulder,medium,0,30,7,-23,6.0,5.5,Plate,Chainmail,CHANGED
dol_guldur\shoulder_armors.xml,sk_dg_uruk_pauldron_med_b,[Dol Guldur] Medium Pauldron II,dol_guldur,shoulder,medium,1,30,8,-22,6.0,5.5,Plate,Chainmail,CHANGED
dunland\head_armors.xml,dunland_caerdh_helmet_elite_a,[Dunland] Elite Caerdh Helmet I,dunland,head,elite,0,40,38,-2,5.0,4.3,Plate,Plate,CHANGED
dunland\head_armors.xml,dunland_caerdh_helmet_elite_b,[Dunland] Elite Caerdh Helmet II,dunland,head,elite,1,40,39,-1,5.0,4.3,Plate,Plate,CHANGED
dunland\head_armors.xml,dunland_caerdh_helmet_elite_c,[Dunland] Elite Caerdh Helmet III,dunland,head,elite,2,40,40,0,5.0,4.3,Plate,Plate,CHANGED
dunland\head_armors.xml,dunland_caerdh_helmet_elite_d,[Dunland] Elite Caerdh Helmet IV,dunland,head,elite,3,40,41,1,5.0,4.3,Plate,Plate,CHANGED
dunland\head_armors.xml,dunland_caerdh_helmet_elite_e,[Dunland] Elite Caerdh Helmet V,dunland,head,elite,4,40,42,2,5.0,4.3,Plate,Plate,CHANGED
dunland\head_armors.xml,dunland_caerdh_helmet_elite_f,[Dunland] Elite Caerdh Helmet VI,dunland,head,elite,5,40,43,3,5.0,4.3,Plate,Plate,CHANGED
dunland\head_armors.xml,dunland_caerdh_helmet_heavy_a,[Dunland] Heavy Caerdh Helmet I,dunland,head,heavy,0,30,30,0,4.0,3.3,Plate,Plate,CHANGED
dunland\head_armors.xml,dunland_caerdh_helmet_heavy_b,[Dunland] Heavy Caerdh Helmet II,dunland,head,heavy,1,30,31,1,4.0,3.3,Plate,Plate,CHANGED
dunland\head_armors.xml,dunland_caerdh_helmet_heavy_c,[Dunland] Heavy Caerdh Helmet III,dunland,head,heavy,2,30,32,2,4.0,3.3,Plate,Plate,CHANGED
dunland\head_armors.xml,dunland_caerdh_helmet_heavy_d,[Dunland] Heavy Caerdh Helmet IV,dunland,head,heavy,3,30,33,3,4.0,3.3,Plate,Plate,CHANGED
dunland\head_armors.xml,dunland_caerdh_helmet_heavy_e,[Dunland] Heavy Caerdh Helmet V,dunland,head,heavy,4,30,34,4,4.0,3.3,Plate,Plate,CHANGED
dunland\head_armors.xml,dunland_caerdh_helmet_heavy_f,[Dunland] Heavy Caerdh Helmet VI,dunland,head,heavy,5,30,35,5,4.0,3.3,Plate,Plate,CHANGED
dunland\head_armors.xml,dunland_caerdh_helmet_lord_a,[Dunland] Caerdh Lord's Helmet I,dunland,head,lord,0,45,46,1,5.0,4.8,Plate,Plate,CHANGED
dunland\head_armors.xml,dunland_caerdh_helmet_lord_b,[Dunland] Caerdh Lord's Helmet II,dunland,head,lord,1,45,47,2,5.0,4.8,Plate,Plate,CHANGED
dunland\head_armors.xml,dunland_caerdh_helmet_lord_c,[Dunland] Caerdh Lord's Helmet III,dunland,head,lord,2,45,48,3,5.0,4.8,Plate,Plate,CHANGED
dunland\head_armors.xml,dunland_caerdh_helmet_lord_d,[Dunland] Caerdh Lord's Helmet IV,dunland,head,lord,3,45,49,4,5.0,4.8,Plate,Plate,CHANGED
dunland\head_armors.xml,dunland_caerdh_helmet_lord_e,[Dunland] Caerdh Lord's Helmet V,dunland,head,lord,4,45,50,5,5.0,4.8,Plate,Plate,CHANGED
dunland\head_armors.xml,dunland_caerdh_helmet_lord_f,[Dunland] Caerdh Lord's Helmet VI,dunland,head,lord,5,45,51,6,5.0,4.8,Plate,Plate,CHANGED
dunland\head_armors.xml,dunland_caerdh_helmet_lord_g,[Dunland] Caerdh Lord's Helmet VII,dunland,head,lord,0,45,46,1,5.0,4.8,Plate,Plate,CHANGED
dunland\head_armors.xml,dunland_caerdh_helmet_lord_h,[Dunland] Caerdh Lord's Helmet VIII,dunland,head,lord,0,45,46,1,5.0,4.8,Plate,Plate,CHANGED
dunland\head_armors.xml,dunland_wulf_helmet_elite_a,[Dunland] Elite Wulf Helmet I,dunland,head,elite,0,40,38,-2,5.0,4.3,Plate,Plate,CHANGED
dunland\head_armors.xml,dunland_wulf_helmet_elite_b,[Dunland] Elite Wulf Helmet II,dunland,head,elite,1,40,39,-1,5.0,4.3,Plate,Plate,CHANGED
dunland\head_armors.xml,dunland_wulf_helmet_elite_c,[Dunland] Elite Wulf Helmet III,dunland,head,elite,2,40,40,0,5.0,4.3,Plate,Plate,CHANGED
dunland\head_armors.xml,dunland_wulf_helmet_elite_d,[Dunland] Elite Wulf Helmet IV,dunland,head,elite,3,40,41,1,5.0,4.3,Plate,Plate,CHANGED
dunland\head_armors.xml,dunland_wulf_helmet_elite_e,[Dunland] Elite Wulf Helmet V,dunland,head,elite,4,40,42,2,5.0,4.3,Plate,Plate,CHANGED
dunland\head_armors.xml,dunland_wulf_helmet_elite_f,[Dunland] Elite Wulf Helmet VI,dunland,head,elite,5,40,43,3,5.0,4.3,Plate,Plate,CHANGED
dunland\head_armors.xml,dunland_wulf_helmet_heavy_a,[Dunland] Heavy Wulf Helmet I,dunland,head,heavy,0,30,30,0,4.0,3.3,Plate,Plate,CHANGED
dunland\head_armors.xml,dunland_wulf_helmet_heavy_b,[Dunland] Heavy Wulf Helmet II,dunland,head,heavy,1,30,31,1,4.0,3.3,Plate,Plate,CHANGED
dunland\head_armors.xml,dunland_wulf_helmet_heavy_c,[Dunland] Heavy Wulf Helmet III,dunland,head,heavy,2,30,32,2,4.0,3.3,Plate,Plate,CHANGED
dunland\head_armors.xml,dunland_wulf_helmet_heavy_d,[Dunland] Heavy Wulf Helmet IV,dunland,head,heavy,3,30,33,3,4.0,3.3,Plate,Plate,CHANGED
dunland\head_armors.xml,dunland_wulf_helmet_heavy_e,[Dunland] Heavy Wulf Helmet V,dunland,head,heavy,4,30,34,4,4.0,3.3,Plate,Plate,CHANGED
dunland\head_armors.xml,dunland_wulf_helmet_heavy_f,[Dunland] Heavy Wulf Helmet VI,dunland,head,heavy,5,30,35,5,4.0,3.3,Plate,Plate,CHANGED
dunland\head_armors.xml,dunland_wulf_helmet_lord_a,[Dunland] Wulf Lord's Helmet I,dunland,head,lord,0,45,46,1,5.0,4.8,Plate,Plate,CHANGED
dunland\head_armors.xml,dunland_wulf_helmet_lord_b,[Dunland] Wulf Lord's Helmet II,dunland,head,lord,1,45,47,2,5.0,4.8,Plate,Plate,CHANGED
dunland\head_armors.xml,dunland_wulf_helmet_lord_c,[Dunland] Wulf Lord's Helmet III,dunland,head,lord,2,45,48,3,5.0,4.8,Plate,Plate,CHANGED
dunland\head_armors.xml,dunland_wulf_helmet_lord_d,[Dunland] Wulf Lord's Helmet V,dunland,head,lord,3,45,49,4,5.0,4.8,Plate,Plate,CHANGED
dunland\head_armors.xml,dunland_wulf_helmet_lord_e,[Dunland] Wulf Lord's Helmet VI,dunland,head,lord,4,45,50,5,5.0,4.8,Plate,Plate,CHANGED
dunland\head_armors.xml,dunland_wulf_helmet_lord_f,[Dunland] Wulf Lord's Helmet VII,dunland,head,lord,5,45,51,6,5.0,4.8,Plate,Plate,CHANGED
dunland\head_armors.xml,dunland_wulf_helmet_medium_a,[Dunland] Medium Wulf Helmet I,dunland,head,medium,0,45,22,-23,5.0,2.4,Plate,Chainmail,CHANGED
dunland\head_armors.xml,dunland_wulf_helmet_medium_b,[Dunland] Medium Wulf Helmet II,dunland,head,medium,1,45,23,-22,5.0,2.4,Plate,Chainmail,CHANGED
dunland\body_armors.xml,dunland_caerdh_chainmail_elite_a,[Dunland] Elite Caerdh Chainmail I,dunland,body,elite,0,45,48,3,10.0,20.9,Chainmail,Plate,CHANGED
dunland\body_armors.xml,dunland_caerdh_chainmail_elite_b,[Dunland] Elite Caerdh Chainmail II,dunland,body,elite,1,40,49,9,10.0,20.9,Chainmail,Plate,CHANGED
dunland\body_armors.xml,dunland_caerdh_chainmail_elite_c,[Dunland] Elite Caerdh Chainmail III,dunland,body,elite,2,45,50,5,10.0,20.9,Chainmail,Plate,CHANGED
dunland\body_armors.xml,dunland_caerdh_chainmail_elite_d,[Dunland] Elite Caerdh Chainmail IV,dunland,body,elite,3,40,51,11,10.0,20.9,Chainmail,Plate,CHANGED
dunland\body_armors.xml,dunland_caerdh_chainmail_elite_e,[Dunland] Elite Caerdh Chainmail V,dunland,body,elite,4,45,52,7,10.0,20.9,Chainmail,Plate,CHANGED
dunland\body_armors.xml,dunland_caerdh_chainmail_elite_f,[Dunland] Elite Caerdh Chainmail VI,dunland,body,elite,5,45,53,8,10.0,20.9,Chainmail,Plate,CHANGED
dunland\body_armors.xml,dunland_caerdh_chainmail_heavy_a,[Dunland] Heavy Caerdh Chainmail I,dunland,body,heavy,0,35,40,5,10.0,17.1,Chainmail,Plate,CHANGED
dunland\body_armors.xml,dunland_caerdh_chainmail_heavy_b,[Dunland] Heavy Caerdh Chainmail II,dunland,body,heavy,1,35,41,6,10.0,17.1,Chainmail,Plate,CHANGED
dunland\body_armors.xml,dunland_caerdh_chainmail_heavy_c,[Dunland] Heavy Caerdh Chainmail III,dunland,body,heavy,2,35,42,7,10.0,17.1,Chainmail,Plate,CHANGED
dunland\body_armors.xml,dunland_caerdh_chainmail_heavy_d,[Dunland] Heavy Caerdh Chainmail IV,dunland,body,heavy,3,35,43,8,10.0,17.1,Chainmail,Plate,CHANGED
dunland\body_armors.xml,dunland_caerdh_chainmail_heavy_e,[Dunland] Heavy Caerdh Chainmail V,dunland,body,heavy,4,35,44,9,10.0,17.1,Chainmail,Plate,CHANGED
dunland\body_armors.xml,dunland_caerdh_chainmail_heavy_f,[Dunland] Heavy Caerdh Chainmail VI,dunland,body,heavy,5,35,45,10,10.0,17.1,Chainmail,Plate,CHANGED
dunland\body_armors.xml,dunland_caerdh_chainmail_light_a,[Dunland] Light Caerdh Chainmail I,dunland,body,medium,0,30,30,0,10.0,12.3,Chainmail,Chainmail,CHANGED
dunland\body_armors.xml,dunland_caerdh_chainmail_light_b,[Dunland] Light Caerdh Chainmail II,dunland,body,medium,1,30,31,1,10.0,12.3,Chainmail,Chainmail,CHANGED
dunland\body_armors.xml,dunland_caerdh_chainmail_lord_a,[Dunland] Caerdh Lord's Chainmail I,dunland,body,lord,0,45,58,13,10.0,22.8,Chainmail,Plate,CHANGED
dunland\body_armors.xml,dunland_caerdh_chainmail_lord_b,[Dunland] Caerdh Lord's Chainmail II,dunland,body,lord,1,45,59,14,10.0,22.8,Chainmail,Plate,CHANGED
dunland\body_armors.xml,dunland_caerdh_chainmail_lord_c,[Dunland] Caerdh Lord's Chainmail III,dunland,body,lord,2,45,60,15,10.0,22.8,Chainmail,Plate,CHANGED
dunland\body_armors.xml,dunland_caerdh_chainmail_lord_d,[Dunland] Caerdh Lord's Chainmail IV,dunland,body,lord,3,45,61,16,10.0,22.8,Chainmail,Plate,CHANGED
dunland\body_armors.xml,dunland_wulf_scalemail_elite_a,[Dunland] Elite Wulf Scalemail I,dunland,body,elite,0,45,48,3,10.0,20.9,Chainmail,Plate,CHANGED
dunland\body_armors.xml,dunland_wulf_scalemail_elite_b,[Dunland] Elite Wulf Scalemail II,dunland,body,elite,1,40,49,9,10.0,20.9,Chainmail,Plate,CHANGED
dunland\body_armors.xml,dunland_wulf_scalemail_elite_c,[Dunland] Elite Wulf Scalemail III,dunland,body,elite,2,45,50,5,10.0,20.9,Chainmail,Plate,CHANGED
dunland\body_armors.xml,dunland_wulf_scalemail_elite_d,[Dunland] Elite Wulf Scalemail IV,dunland,body,elite,3,40,51,11,10.0,20.9,Chainmail,Plate,CHANGED
dunland\body_armors.xml,dunland_wulf_scalemail_elite_e,[Dunland] Elite Wulf Scalemail V,dunland,body,elite,4,45,52,7,10.0,20.9,Chainmail,Plate,CHANGED
dunland\body_armors.xml,dunland_wulf_scalemail_elite_f,[Dunland] Elite Wulf Scalemail VI,dunland,body,elite,5,45,53,8,10.0,20.9,Chainmail,Plate,CHANGED
dunland\body_armors.xml,dunland_wulf_scalemail_heavy_a,[Dunland] Heavy Wulf Scalemail I,dunland,body,heavy,0,35,40,5,10.0,17.1,Chainmail,Plate,CHANGED
dunland\body_armors.xml,dunland_wulf_scalemail_heavy_b,[Dunland] Heavy Wulf Scalemail II,dunland,body,heavy,1,35,41,6,10.0,17.1,Chainmail,Plate,CHANGED
dunland\body_armors.xml,dunland_wulf_scalemail_heavy_c,[Dunland] Heavy Wulf Scalemail III,dunland,body,heavy,2,35,42,7,10.0,17.1,Chainmail,Plate,CHANGED
dunland\body_armors.xml,dunland_wulf_scalemail_heavy_d,[Dunland] Heavy Wulf Scalemail IV,dunland,body,heavy,3,35,43,8,10.0,17.1,Chainmail,Plate,CHANGED
dunland\body_armors.xml,dunland_wulf_scalemail_heavy_e,[Dunland] Heavy Wulf Scalemail V,dunland,body,heavy,4,35,44,9,10.0,17.1,Chainmail,Plate,CHANGED
dunland\body_armors.xml,dunland_wulf_scalemail_heavy_f,[Dunland] Heavy Wulf Scalemail VI,dunland,body,heavy,5,35,45,10,10.0,17.1,Chainmail,Plate,CHANGED
dunland\body_armors.xml,dunland_wulf_scalemail_light_a,[Dunland] Light Wulf Scalemail I,dunland,body,medium,0,30,30,0,10.0,12.3,Chainmail,Chainmail,CHANGED
dunland\body_armors.xml,dunland_wulf_scalemail_light_b,[Dunland] Light Wulf Scalemail II,dunland,body,medium,1,30,31,1,10.0,12.3,Chainmail,Chainmail,CHANGED
dunland\body_armors.xml,dunland_wulf_scalemail_lord_a,[Dunland] Wulf Lord's Scalemail I,dunland,body,lord,0,45,58,13,10.0,22.8,Chainmail,Plate,CHANGED
dunland\body_armors.xml,dunland_wulf_scalemail_lord_b,[Dunland] Wulf Lord's Scalemail II,dunland,body,lord,1,45,59,14,10.0,22.8,Chainmail,Plate,CHANGED
dunland\body_armors.xml,dunland_wulf_scalemail_lord_c,[Dunland] Wulf Lord's Scalemail III,dunland,body,lord,2,45,60,15,10.0,22.8,Chainmail,Plate,CHANGED
dunland\body_armors.xml,dunland_wulf_scalemail_lord_d,[Dunland] Wulf Lord's Scalemail IV,dunland,body,lord,3,45,61,16,10.0,22.8,Chainmail,Plate,CHANGED
dunland\arm_armors.xml,dunland_caerdh_bracer_light_a,[Dunland] Light Bracers I,dunland,arm,light,0,10,6,-4,1.5,0.6,Leather,Leather,CHANGED
dunland\arm_armors.xml,dunland_caerdh_bracer_light_b,[Dunland] Light Bracers II,dunland,arm,light,1,10,7,-3,1.5,0.6,Leather,Leather,CHANGED
dunland\arm_armors.xml,dunland_caerdh_bracer_heavy_a,[Dunland] Heavy Bracers I,dunland,arm,heavy,0,15,18,3,2.5,1.4,Plate,Plate,CHANGED
dunland\arm_armors.xml,dunland_caerdh_bracer_heavy_b,[Dunland] Heavy Bracers II,dunland,arm,heavy,1,15,19,4,2.5,1.4,Plate,Plate,CHANGED
dunland\arm_armors.xml,dunland_caerdh_bracer_heavy_c,[Dunland] Heavy Bracers III,dunland,arm,heavy,2,15,20,5,2.5,1.4,Plate,Plate,CHANGED
dunland\arm_armors.xml,dunland_caerdh_bracer_heavy_d,[Dunland] Heavy Bracers IV,dunland,arm,heavy,3,15,21,6,2.5,1.4,Plate,Plate,CHANGED
dunland\arm_armors.xml,dunland_caerdh_bracer_medium_a,[Dunland] Medium Bracers I,dunland,arm,medium,0,12,12,0,2.5,0.9,Plate,Chainmail,CHANGED
dunland\arm_armors.xml,dunland_caerdh_bracer_medium_b,[Dunland] Medium Bracers II,dunland,arm,medium,1,12,13,1,2.5,0.9,Plate,Chainmail,CHANGED
dunland\arm_armors.xml,dunland_caerdh_bracer_medium_c,[Dunland] Medium Bracers III,dunland,arm,medium,2,12,14,2,2.5,0.9,Plate,Chainmail,CHANGED
dunland\arm_armors.xml,dunland_caerdh_bracer_medium_d,[Dunland] Medium Bracers IV,dunland,arm,medium,3,12,15,3,2.5,0.9,Plate,Chainmail,CHANGED
dunland\arm_armors.xml,dunland_wulf_bracer_light_a,[Dunland] Light Wulf Bracers I,dunland,arm,light,0,10,6,-4,1.5,0.6,Leather,Leather,CHANGED
dunland\arm_armors.xml,dunland_wulf_bracer_light_b,[Dunland] Light Wulf Bracers II,dunland,arm,light,1,10,7,-3,1.5,0.6,Leather,Leather,CHANGED
dunland\arm_armors.xml,dunland_wulf_bracer_light_c,[Dunland] Light Wulf Bracers III,dunland,arm,light,2,10,8,-2,1.5,0.6,Leather,Leather,CHANGED
dunland\arm_armors.xml,dunland_wulf_bracer_heavy_a,[Dunland] Heavy Wulf Bracers I,dunland,arm,heavy,0,15,18,3,2.5,1.4,Plate,Plate,CHANGED
dunland\arm_armors.xml,dunland_wulf_bracer_heavy_b,[Dunland] Heavy Wulf Bracers II,dunland,arm,heavy,1,15,19,4,2.5,1.4,Plate,Plate,CHANGED
dunland\arm_armors.xml,dunland_wulf_bracer_heavy_c,[Dunland] Heavy Wulf Bracers III,dunland,arm,heavy,2,15,20,5,2.5,1.4,Plate,Plate,CHANGED
dunland\arm_armors.xml,dunland_wulf_bracer_heavy_d,[Dunland] Heavy Wulf Bracers IV,dunland,arm,heavy,3,15,21,6,2.5,1.4,Plate,Plate,CHANGED
dunland\arm_armors.xml,dunland_wulf_bracer_heavy_e,[Dunland] Heavy Wulf Bracers V,dunland,arm,heavy,4,15,22,7,2.5,1.4,Plate,Plate,CHANGED
dunland\arm_armors.xml,dunland_wulf_bracer_heavy_f,[Dunland] Heavy Wulf Bracers VI,dunland,arm,heavy,5,15,23,8,2.5,1.4,Plate,Plate,CHANGED
dunland\arm_armors.xml,dunland_wulf_bracer_medium_a,[Dunland] Medium Wulf Bracers I,dunland,arm,medium,0,12,12,0,2.5,0.9,Plate,Chainmail,CHANGED
dunland\arm_armors.xml,dunland_wulf_bracer_medium_b,[Dunland] Medium Wulf Bracers II,dunland,arm,medium,1,12,13,1,2.5,0.9,Plate,Chainmail,CHANGED
dunland\arm_armors.xml,dunland_wulf_bracer_medium_c,[Dunland] Medium Wulf Bracers III,dunland,arm,medium,2,12,14,2,2.5,0.9,Plate,Chainmail,CHANGED
dunland\arm_armors.xml,dunland_wulf_bracer_medium_d,[Dunland] Medium Wulf Bracers IV,dunland,arm,medium,3,12,15,3,2.5,0.9,Plate,Chainmail,CHANGED
dunland\arm_armors.xml,dunland_wulf_bracer_medium_e,[Dunland] Medium Wulf Bracers V,dunland,arm,medium,4,12,16,4,2.5,0.9,Plate,Chainmail,CHANGED
dunland\arm_armors.xml,dunland_wulf_bracer_medium_f,[Dunland] Medium Wulf Bracers VI,dunland,arm,medium,5,12,17,5,2.5,0.9,Plate,Chainmail,CHANGED
dunland\leg_armors.xml,dunland_caerdh_boots_light_a,[Dunland] Leather Caerdh Boots I,dunland,leg,light,0,5,10,5,1.6,1.4,Leather,Leather,CHANGED
dunland\leg_armors.xml,dunland_caerdh_boots_light_b,[Dunland] Leather Caerdh Boots II,dunland,leg,light,1,5,11,6,1.6,1.4,Leather,Leather,CHANGED
dunland\leg_armors.xml,dunland_caerdh_boots_medium_a,[Dunland] Leather Caerdh Boots III,dunland,leg,medium,0,8,18,10,1.9,2.4,Leather,Chainmail,CHANGED
dunland\leg_armors.xml,dunland_caerdh_boots_medium_b,[Dunland] Leather Caerdh Boots IV,dunland,leg,medium,1,8,19,11,1.9,2.4,Leather,Chainmail,CHANGED
dunland\leg_armors.xml,dunland_caerdh_boots_medium_c,[Dunland] Leather Caerdh Boots V,dunland,leg,medium,2,8,20,12,1.9,2.4,Leather,Chainmail,CHANGED
dunland\leg_armors.xml,dunland_caerdh_boots_medium_d,[Dunland] Leather Caerdh Boots VI,dunland,leg,medium,3,8,21,13,1.9,2.4,Leather,Chainmail,CHANGED
dunland\leg_armors.xml,dunland_caerdh_boots_heavy_a,[Dunland] Heavy Caerdh Greaves I,dunland,leg,heavy,0,10,26,16,3.0,3.3,Plate,Plate,CHANGED
dunland\leg_armors.xml,dunland_caerdh_boots_heavy_b,[Dunland] Heavy Caerdh Greaves II,dunland,leg,heavy,1,10,27,17,3.0,3.3,Plate,Plate,CHANGED
dunland\leg_armors.xml,dunland_caerdh_boots_heavy_c,[Dunland] Heavy Caerdh Greaves III,dunland,leg,heavy,2,10,28,18,3.0,3.3,Plate,Plate,CHANGED
dunland\leg_armors.xml,dunland_caerdh_boots_heavy_d,[Dunland] Heavy Caerdh Greaves IV,dunland,leg,heavy,3,10,29,19,3.0,3.3,Plate,Plate,CHANGED
dunland\leg_armors.xml,dunland_wulf_boots_light_a,[Dunland] Leather Wulf Boots I,dunland,leg,light,0,5,10,5,1.6,1.4,Leather,Leather,CHANGED
dunland\leg_armors.xml,dunland_wulf_boots_light_b,[Dunland] Leather Wulf Boots II,dunland,leg,light,1,5,11,6,1.6,1.4,Leather,Leather,CHANGED
dunland\leg_armors.xml,dunland_wulf_boots_light_c,[Dunland] Leather Wulf Boots III,dunland,leg,light,2,5,12,7,1.6,1.4,Leather,Leather,CHANGED
dunland\leg_armors.xml,dunland_wulf_boots_medium_a,[Dunland] Medium Wulf Boots I,dunland,leg,medium,0,8,18,10,1.9,2.4,Leather,Chainmail,CHANGED
dunland\leg_armors.xml,dunland_wulf_boots_medium_b,[Dunland] Medium Wulf Boots II,dunland,leg,medium,1,8,19,11,1.9,2.4,Leather,Chainmail,CHANGED
dunland\leg_armors.xml,dunland_wulf_boots_medium_c,[Dunland] Medium Wulf Boots III,dunland,leg,medium,2,8,20,12,1.9,2.4,Leather,Chainmail,CHANGED
dunland\leg_armors.xml,dunland_wulf_boots_medium_d,[Dunland] Medium Wulf Boots IV,dunland,leg,medium,3,8,21,13,1.9,2.4,Leather,Chainmail,CHANGED
dunland\leg_armors.xml,dunland_wulf_boots_medium_e,[Dunland] Medium Wulf Boots V,dunland,leg,medium,4,8,22,14,1.9,2.4,Leather,Chainmail,CHANGED
dunland\leg_armors.xml,dunland_wulf_boots_medium_f,[Dunland] Medium Wulf Boots VI,dunland,leg,medium,5,8,23,15,1.9,2.4,Leather,Chainmail,CHANGED
dunland\leg_armors.xml,dunland_wulf_boots_heavy_a,[Dunland] Heavy Wulf Greaves I,dunland,leg,heavy,0,10,26,16,3.0,3.3,Plate,Plate,CHANGED
dunland\leg_armors.xml,dunland_wulf_boots_heavy_b,[Dunland] Heavy Wulf Greaves II,dunland,leg,heavy,1,10,27,17,3.0,3.3,Plate,Plate,CHANGED
dunland\leg_armors.xml,dunland_wulf_boots_heavy_c,[Dunland] Heavy Wulf Greaves III,dunland,leg,heavy,2,10,28,18,3.0,3.3,Plate,Plate,CHANGED
dunland\leg_armors.xml,dunland_wulf_boots_heavy_d,[Dunland] Heavy Wulf Greaves IV,dunland,leg,heavy,3,10,29,19,3.0,3.3,Plate,Plate,CHANGED
dunland\leg_armors.xml,dunland_wulf_boots_heavy_e,[Dunland] Heavy Wulf Greaves V,dunland,leg,heavy,4,10,30,20,3.0,3.3,Plate,Plate,CHANGED
dunland\leg_armors.xml,dunland_wulf_boots_heavy_f,[Dunland] Heavy Wulf Greaves VI,dunland,leg,heavy,5,10,31,21,3.0,3.3,Plate,Plate,CHANGED
dunland\shoulder_armors.xml,dunland_caerdh_cape_long_a,[Dunland] Long Caerdh Cape I,dunland,shoulder,civilian,0,5,1,-4,3.0,0.9,Plate,Cloth,CHANGED
dunland\shoulder_armors.xml,dunland_caerdh_cape_long_b,[Dunland] Long Caerdh Cape II,dunland,shoulder,civilian,1,5,1,-4,3.0,0.9,Plate,Cloth,CHANGED
dunland\shoulder_armors.xml,dunland_caerdh_pauldron__elite_a,[Dunland] Elite Caerdh Pauldron I,dunland,shoulder,elite,0,15,13,-2,3.0,8.5,Plate,Plate,CHANGED
dunland\shoulder_armors.xml,dunland_caerdh_pauldron_light_cape_a,[Dunland] Light Caerdh Cape I,dunland,shoulder,light,0,1,3,2,1.0,2.8,Plate,Leather,CHANGED
dunland\shoulder_armors.xml,dunland_caerdh_pauldron_light_a,[Dunland] Light Caerdh Pauldrons I,dunland,shoulder,light,0,5,3,-2,1.0,2.8,Plate,Leather,CHANGED
dunland\shoulder_armors.xml,dunland_caerdh_pauldron_light_b,[Dunland] Light Caerdh Pauldrons II,dunland,shoulder,light,1,5,4,-1,1.0,2.8,Plate,Leather,CHANGED
dunland\shoulder_armors.xml,dunland_caerdh_pauldron_elite_cape_a,[Dunland] Elite Caerdh Cape I,dunland,shoulder,elite,0,8,13,5,4.0,8.5,Plate,Plate,CHANGED
dunland\shoulder_armors.xml,dunland_caerdh_pauldron_elite_cape_b,[Dunland] Elite Caerdh Cape II,dunland,shoulder,elite,1,8,14,6,4.0,8.5,Plate,Plate,CHANGED
dunland\shoulder_armors.xml,dunland_caerdh_pauldron_heavy_cape_a,[Dunland] Heavy Caerdh Cape I,dunland,shoulder,heavy,0,10,10,0,4.0,6.6,Plate,Plate,CHANGED
dunland\shoulder_armors.xml,dunland_caerdh_pauldron_heavy_cape_b,[Dunland] Heavy Caerdh Cape II,dunland,shoulder,heavy,1,9,11,2,4.0,6.6,Plate,Plate,CHANGED
dunland\shoulder_armors.xml,dunland_caerdh_pauldron_heavy_fur_a,[Dunland] Heavy Caerdh Fur Cape I,dunland,shoulder,heavy,0,9,10,1,4.0,6.6,Plate,Plate,CHANGED
dunland\shoulder_armors.xml,dunland_caerdh_pauldron_heavy_fur_b,[Dunland] Heavy Caerdh Fur Cape II,dunland,shoulder,heavy,1,11,11,0,4.5,6.6,Plate,Plate,CHANGED
dunland\shoulder_armors.xml,dunland_caerdh_pauldron_heavy_fur_c,[Dunland] Heavy Caerdh Fur Cape III,dunland,shoulder,heavy,2,13,12,-1,5.0,6.6,Plate,Plate,CHANGED
dunland\shoulder_armors.xml,dunland_caerdh_pauldron_heavy_fur_d,[Dunland] Heavy Caerdh Fur Cape IV,dunland,shoulder,heavy,3,15,13,-2,5.5,6.6,Plate,Plate,CHANGED
dunland\shoulder_armors.xml,dunland_wulf_cape_long_a,[Dunland] Long Wulf Cape I,dunland,shoulder,civilian,0,5,1,-4,3.0,0.9,Plate,Cloth,CHANGED
dunland\shoulder_armors.xml,dunland_wulf_cape_long_b,[Dunland] Long Wulf Cape II,dunland,shoulder,civilian,1,5,1,-4,3.0,0.9,Plate,Cloth,CHANGED
dunland\shoulder_armors.xml,dunland_wulf_cape_short_a,[Dunland] Short Wulf Cape I,dunland,shoulder,civilian,0,1,1,0,1.0,0.9,Plate,Cloth,CHANGED
dunland\shoulder_armors.xml,dunland_wulf_cape_short_b,[Dunland] Short Wulf Cape II,dunland,shoulder,civilian,1,1,1,0,1.0,0.9,Plate,Cloth,CHANGED
dunland\shoulder_armors.xml,dunland_wulf_pauldron_cape_a,[Dunland] Scale Wulf Cape I,dunland,shoulder,civilian,0,9,1,-8,1.0,0.9,Plate,Cloth,CHANGED
dunland\shoulder_armors.xml,dunland_wulf_pauldron_cape_b,[Dunland] Scale Wulf Cape II,dunland,shoulder,civilian,1,9,1,-8,1.0,0.9,Plate,Cloth,CHANGED
dunland\shoulder_armors.xml,dunland_wulf_pauldron_cape_c,[Dunland] Scale Wulf Cape III,dunland,shoulder,civilian,2,9,2,-7,1.0,0.9,Plate,Cloth,CHANGED
dunland\shoulder_armors.xml,dunland_wulf_pauldron_cape_d,[Dunland] Scale Wulf Cape IV,dunland,shoulder,civilian,3,9,3,-6,1.0,0.9,Plate,Cloth,CHANGED
dunland\shoulder_armors.xml,dunland_wulf_pauldron_cape_short_a,[Dunland] Short Scale Wulf Cape I,dunland,shoulder,civilian,0,9,1,-8,1.0,0.9,Plate,Cloth,CHANGED
dunland\shoulder_armors.xml,dunland_wulf_pauldron_cape_short_b,[Dunland] Short Scale Wulf Cape II,dunland,shoulder,civilian,1,9,1,-8,1.0,0.9,Plate,Cloth,CHANGED
dunland\shoulder_armors.xml,dunland_wulf_pauldron_cape_short_c,[Dunland] Short Scale Wulf Cape III,dunland,shoulder,civilian,2,9,2,-7,1.0,0.9,Plate,Cloth,CHANGED
dunland\shoulder_armors.xml,dunland_wulf_pauldron_cape_short_d,[Dunland] Short Scale Wulf Cape IV,dunland,shoulder,civilian,3,9,3,-6,1.0,0.9,Plate,Cloth,CHANGED
erebor\head_armors.xml,sk_dwarf_erebor_helmet_leather_light_a,[Erebor] Leather Helmet Light I,erebor,head,light,0,22,19,-3,2.0,1.6,Leather,Leather,CHANGED
erebor\head_armors.xml,sk_dwarf_erebor_helmet_leather_light_b,[Erebor] Light Leather Helmet II,erebor,head,light,1,18,20,2,3.0,1.6,Leather,Leather,CHANGED
erebor\head_armors.xml,sk_dwarf_erebor_helmet_leather_med_a,[Erebor] Medium Leather Helmet I,erebor,head,medium,0,22,28,6,4.0,2.6,Leather,Chainmail,CHANGED
erebor\head_armors.xml,sk_dwarf_erebor_helmet_leather_med_b,[Erebor] Medium Leather Helmet II,erebor,head,medium,1,24,29,5,4.2,2.6,Leather,Chainmail,CHANGED
erebor\head_armors.xml,sk_dwarf_erebor_helmet_leather_heavy_a,[Erebor] Leather Helmet Heavy I,erebor,head,heavy,0,32,36,4,2.0,3.7,Plate,Plate,CHANGED
erebor\head_armors.xml,sk_dwarf_erebor_helmet_leather_heavy_b,[Erebor] Heavy Leather Helmet II,erebor,head,heavy,1,26,37,11,5.0,3.7,Leather,Plate,CHANGED
erebor\head_armors.xml,sk_dwarf_erebor_helmet_leather_heavy_c,[Erebor] Heavy Leather Helmet III,erebor,head,heavy,2,28,38,10,5.2,3.7,Leather,Plate,CHANGED
erebor\head_armors.xml,sk_dwarf_erebor_helmet_leather_heavy_d,[Erebor] Heavy Leather Helmet IV,erebor,head,heavy,3,30,39,9,5.4,3.7,Leather,Plate,CHANGED
erebor\head_armors.xml,sk_dwarf_erebor_helmet_plate_light_a,[Erebor] Light Plate Helmet I,erebor,head,heavy,0,35,36,1,6.0,3.7,Plate,Plate,CHANGED
erebor\head_armors.xml,sk_dwarf_erebor_helmet_plate_light_b,[Erebor] Light Plate Helmet II,erebor,head,heavy,1,37,37,0,6.2,3.7,Plate,Plate,CHANGED
erebor\head_armors.xml,sk_dwarf_erebor_helmet_plate_light_c,[Erebor] Light Plate Helmet III,erebor,head,heavy,2,39,38,-1,6.5,3.7,Plate,Plate,CHANGED
erebor\head_armors.xml,sk_dwarf_erebor_helmet_plate_light_d,[Erebor] Light Plate Helmet IV,erebor,head,heavy,3,41,39,-2,6.8,3.7,Plate,Plate,CHANGED
erebor\head_armors.xml,sk_dwarf_erebor_helmet_plate_med_a,[Erebor] Medium Plate Helmet I,erebor,head,heavy,0,42,36,-6,7.0,3.7,Plate,Plate,CHANGED
erebor\head_armors.xml,sk_dwarf_erebor_helmet_plate_med_b,[Erebor] Medium Plate Helmet II,erebor,head,heavy,1,44,37,-7,7.2,3.7,Plate,Plate,CHANGED
erebor\head_armors.xml,sk_dwarf_erebor_helmet_plate_med_c,[Erebor] Medium Plate Helmet III,erebor,head,heavy,2,46,38,-8,7.5,3.7,Plate,Plate,CHANGED
erebor\head_armors.xml,sk_dwarf_erebor_helmet_plate_med_d,[Erebor] Medium Plate Helmet IV,erebor,head,heavy,3,48,39,-9,7.8,3.7,Plate,Plate,CHANGED
erebor\head_armors.xml,sk_dwarf_erebor_helmet_plate_heavy_a,[Erebor] Heavy Plate Helmet I,erebor,head,heavy,0,50,36,-14,8.5,3.7,Plate,Plate,CHANGED
erebor\head_armors.xml,sk_dwarf_erebor_helmet_plate_heavy_b,[Erebor] Heavy Plate Helmet II,erebor,head,heavy,1,52,37,-15,8.8,3.7,Plate,Plate,CHANGED
erebor\head_armors.xml,sk_dwarf_erebor_helmet_plate_heavy_c,[Erebor] Heavy Plate Helmet III,erebor,head,heavy,2,54,38,-16,9.2,3.7,Plate,Plate,CHANGED
erebor\head_armors.xml,sk_dwarf_erebor_helmet_plate_heavy_d,[Erebor] Heavy Plate Helmet IV,erebor,head,heavy,3,56,39,-17,9.5,3.7,Plate,Plate,CHANGED
erebor\head_armors.xml,sk_dwarf_erebor_helmet_plate_elite_a,[Erebor] Elite Plate Helmet I,erebor,head,elite,0,60,44,-16,9.0,4.7,Plate,Plate,CHANGED
erebor\head_armors.xml,sk_dwarf_erebor_helmet_plate_elite_b,[Erebor] Elite Plate Helmet II,erebor,head,elite,1,62,45,-17,9.3,4.7,Plate,Plate,CHANGED
erebor\head_armors.xml,sk_dwarf_erebor_helmet_plate_elite_c,[Erebor] Elite Plate Helmet III,erebor,head,elite,2,64,46,-18,9.6,4.7,Plate,Plate,CHANGED
erebor\head_armors.xml,sk_dwarf_erebor_helmet_plate_elite_d,[Erebor] Elite Plate Helmet IV,erebor,head,elite,3,66,47,-19,9.9,4.7,Plate,Plate,CHANGED
erebor\head_armors.xml,sk_dwarf_erebor_helmet_plate_lord_a,[Erebor] Lord Plate Helmet I,erebor,head,lord,0,70,52,-18,9.5,5.2,Plate,Plate,CHANGED
erebor\head_armors.xml,sk_dwarf_erebor_helmet_plate_lord_b,[Erebor] Lord Plate Helmet II,erebor,head,lord,1,72,53,-19,9.6,5.2,Plate,Plate,CHANGED
erebor\head_armors.xml,sk_dwarf_erebor_helmet_plate_lord_c,[Erebor] Lord Plate Helmet III,erebor,head,lord,2,75,54,-21,9.7,5.2,Plate,Plate,CHANGED
erebor\head_armors.xml,sk_dwarf_erebor_helmet_plate_lord_d,[Erebor] Lord Plate Helmet IV,erebor,head,lord,3,78,55,-23,9.8,5.2,Plate,Plate,CHANGED
erebor\head_armors.xml,sk_dwarf_erebor_helmet_plate_lord_a2,[Erebor] Lord Plate Helmet V,erebor,head,lord,0,70,52,-18,9.5,5.2,Plate,Plate,CHANGED
erebor\head_armors.xml,sk_dwarf_erebor_helmet_plate_lord_b2,[Erebor] Lord Plate Helmet VI,erebor,head,lord,1,72,53,-19,9.6,5.2,Plate,Plate,CHANGED
erebor\head_armors.xml,sk_dwarf_erebor_helmet_plate_lord_c2,[Erebor] Lord Plate Helmet VII,erebor,head,lord,2,75,54,-21,9.7,5.2,Plate,Plate,CHANGED
erebor\head_armors.xml,sk_dwarf_erebor_helmet_plate_lord_d2,[Erebor] Lord Plate Helmet VIII,erebor,head,lord,3,78,55,-23,9.8,5.2,Plate,Plate,CHANGED
erebor\head_armors.xml,sk_dwarf_erebor_helmet_plate_legionary_a,[Erebor] Legionary Helmet I,erebor,head,lord,0,65,52,-13,5.0,5.2,Plate,Plate,CHANGED
erebor\head_armors.xml,sk_dwarf_erebor_helmet_plate_legionary_a2,[Erebor] Legionary Helmet I,erebor,head,lord,0,65,52,-13,5.0,5.2,Plate,Plate,CHANGED
erebor\head_armors.xml,sk_dwarf_erebor_helmet_plate_legionary_b,[Erebor] Legionary Helmet II,erebor,head,lord,1,65,53,-12,5.0,5.2,Plate,Plate,CHANGED
erebor\head_armors.xml,sk_dwarf_erebor_helmet_plate_legionary_b2,[Erebor] Legionary Helmet II,erebor,head,lord,1,65,53,-12,5.0,5.2,Plate,Plate,CHANGED
erebor\head_armors.xml,sk_dwarf_erebor_helmet_plate_legionary_c,[Erebor] Legionary Helmet III,erebor,head,lord,2,65,54,-11,5.0,5.2,Plate,Plate,CHANGED
erebor\head_armors.xml,sk_dwarf_erebor_helmet_plate_legionary_c2,[Erebor] Legionary Helmet III,erebor,head,lord,2,65,54,-11,5.0,5.2,Plate,Plate,CHANGED
erebor\head_armors.xml,sk_dwarf_erebor_helmet_plate_legionary_d,[Erebor] Legionary Helmet IV,erebor,head,lord,3,65,55,-10,5.0,5.2,Plate,Plate,CHANGED
erebor\head_armors.xml,sk_dwarf_erebor_helmet_plate_legionary_d2,[Erebor] Legionary Helmet IV,erebor,head,lord,3,65,55,-10,5.0,5.2,Plate,Plate,CHANGED
erebor\head_armors.xml,sk_dwarf_erebor_helmet_plate_legionary_a2_blue,[Erebor] Legionary Helmet V,erebor,head,lord,0,65,52,-13,5.0,5.2,Plate,Plate,CHANGED
erebor\head_armors.xml,sk_dwarf_erebor_helmet_plate_legionary_b2_blue,[Erebor] Legionary Helmet VI,erebor,head,lord,0,65,52,-13,5.0,5.2,Plate,Plate,CHANGED
erebor\head_armors.xml,sk_dwarf_erebor_helmet_plate_legionary_c2_blue,[Erebor] Legionary Helmet VII,erebor,head,lord,0,65,52,-13,5.0,5.2,Plate,Plate,CHANGED
erebor\head_armors.xml,sk_dwarf_erebor_helmet_plate_legionary_d2_blue,[Erebor] Legionary Helmet VIII,erebor,head,lord,0,65,52,-13,5.0,5.2,Plate,Plate,CHANGED
erebor\head_armors.xml,sk_dwarf_erebor_helmet_plate_lord_a2_blue,[Erebor] Lord Plate Helmet V,erebor,head,lord,0,70,52,-18,9.5,5.2,Plate,Plate,CHANGED
erebor\head_armors.xml,sk_dwarf_erebor_helmet_plate_lord_b2_blue,[Erebor] Lord Plate Helmet VI,erebor,head,lord,0,72,52,-20,9.6,5.2,Plate,Plate,CHANGED
erebor\head_armors.xml,sk_dwarf_erebor_helmet_plate_lord_c2_blue,[Erebor] Lord Plate Helmet VII,erebor,head,lord,0,75,52,-23,9.7,5.2,Plate,Plate,CHANGED
erebor\head_armors.xml,sk_dwarf_erebor_helmet_plate_lord_d2_blue,[Erebor] Lord Plate Helmet VIII,erebor,head,lord,0,78,52,-26,9.8,5.2,Plate,Plate,CHANGED
erebor\head_armors.xml,sk_dwarf_erebor_helmet_plate_legionary_a2_green,[Erebor] Legionary Helmet VIX,erebor,head,lord,0,65,52,-13,5.0,5.2,Plate,Plate,CHANGED
erebor\head_armors.xml,sk_dwarf_erebor_helmet_plate_legionary_b2_green,[Erebor] Legionary Helmet X,erebor,head,lord,0,65,52,-13,5.0,5.2,Plate,Plate,CHANGED
erebor\head_armors.xml,sk_dwarf_erebor_helmet_plate_legionary_c2_green,[Erebor] Legionary Helmet XI,erebor,head,lord,0,65,52,-13,5.0,5.2,Plate,Plate,CHANGED
erebor\head_armors.xml,sk_dwarf_erebor_helmet_plate_legionary_d2_green,[Erebor] Legionary Helmet XII,erebor,head,lord,0,65,52,-13,5.0,5.2,Plate,Plate,CHANGED
erebor\head_armors.xml,sk_dwarf_erebor_helmet_plate_lord_a2_green,[Erebor] Lord Plate Helmet IX,erebor,head,lord,0,70,52,-18,9.5,5.2,Plate,Plate,CHANGED
erebor\head_armors.xml,sk_dwarf_erebor_helmet_plate_lord_b2_green,[Erebor] Lord Plate Helmet X,erebor,head,lord,0,72,52,-20,9.6,5.2,Plate,Plate,CHANGED
erebor\head_armors.xml,sk_dwarf_erebor_helmet_plate_lord_c2_green,[Erebor] Lord Plate Helmet XI,erebor,head,lord,0,75,52,-23,9.7,5.2,Plate,Plate,CHANGED
erebor\head_armors.xml,sk_dwarf_erebor_helmet_plate_lord_d2_green,[Erebor] Lord Plate Helmet XII,erebor,head,lord,0,78,52,-26,9.8,5.2,Plate,Plate,CHANGED
erebor\head_armors.xml,sk_dwarf_erebor_helmet_plate_legionary_a2_red,[Iron Hills] Legionary Helmet VIX,iron_hills,head,lord,0,65,53,-12,5.0,5.5,Plate,Plate,CHANGED
erebor\head_armors.xml,sk_dwarf_erebor_helmet_plate_legionary_b2_red,[Iron Hills] Legionary Helmet X,iron_hills,head,lord,0,65,53,-12,5.0,5.5,Plate,Plate,CHANGED
erebor\head_armors.xml,sk_dwarf_erebor_helmet_plate_legionary_c2_red,[Iron Hills] Legionary Helmet XI,iron_hills,head,lord,0,65,53,-12,5.0,5.5,Plate,Plate,CHANGED
erebor\head_armors.xml,sk_dwarf_erebor_helmet_plate_legionary_d2_red,[Iron Hills] Legionary Helmet XII,iron_hills,head,lord,0,65,53,-12,5.0,5.5,Plate,Plate,CHANGED
erebor\head_armors.xml,sk_dwarf_erebor_helmet_plate_lord_a2_red,[Iron Hills] Lord Plate Helmet IX,iron_hills,head,lord,0,70,53,-17,9.5,5.5,Plate,Plate,CHANGED
erebor\head_armors.xml,sk_dwarf_erebor_helmet_plate_lord_b2_red,[Iron Hills] Lord Plate Helmet X,iron_hills,head,lord,0,72,53,-19,9.6,5.5,Plate,Plate,CHANGED
erebor\head_armors.xml,sk_dwarf_erebor_helmet_plate_lord_c2_red,[Iron Hills] Lord Plate Helmet XI,iron_hills,head,lord,0,75,53,-22,9.7,5.5,Plate,Plate,CHANGED
erebor\head_armors.xml,sk_dwarf_erebor_helmet_plate_lord_d2_red,[Iron Hills] Lord Plate Helmet XII,iron_hills,head,lord,0,78,53,-25,9.8,5.5,Plate,Plate,CHANGED
erebor\body_armors.xml,sk_dwarf_erebor_chest_chain_a,[Erebor] Chainmail Armour I,erebor,body,medium,0,32,36,4,16.5,13.7,Chainmail,Chainmail,CHANGED
erebor\body_armors.xml,sk_dwarf_erebor_chest_leather_light_a,[Erebor] Leather Armour I,erebor,body,light,0,20,24,4,16.5,8.4,Leather,Leather,CHANGED
erebor\body_armors.xml,sk_dwarf_erebor_chest_leather_light_b,[Erebor] Leather Armour II,erebor,body,light,1,22,25,3,16.0,8.4,Leather,Leather,CHANGED
erebor\body_armors.xml,sk_dwarf_erebor_chest_leather_light_c,[Erebor] Leather Armour III,erebor,body,light,2,24,26,2,15.8,8.4,Leather,Leather,CHANGED
erebor\body_armors.xml,sk_dwarf_erebor_chest_leather_med_a,[Erebor] Medium Leather Armour I,erebor,body,medium,0,28,36,8,18.0,13.7,Leather,Chainmail,CHANGED
erebor\body_armors.xml,sk_dwarf_erebor_chest_leather_med_b,[Erebor] Medium Leather Armour II,erebor,body,medium,1,30,37,7,17.5,13.7,Leather,Chainmail,CHANGED
erebor\body_armors.xml,sk_dwarf_erebor_chest_plate_elite_a,[Erebor] Elite Platemail Armour I,erebor,body,elite,0,40,54,14,16.5,23.1,Plate,Plate,CHANGED
erebor\body_armors.xml,sk_dwarf_erebor_chest_plate_elite_b,[Erebor] Elite Platemail Armour II,erebor,body,elite,1,42,55,13,17.0,23.1,Plate,Plate,CHANGED
erebor\body_armors.xml,sk_dwarf_erebor_chest_plate_elite_c,[Erebor] Elite Platemail Armour III,erebor,body,elite,2,42,56,14,17.0,23.1,Plate,Plate,CHANGED
erebor\body_armors.xml,sk_dwarf_erebor_chest_plate_elite_d,[Erebor] Elite Platemail Armour IV,erebor,body,elite,3,40,57,17,21.0,23.1,Plate,Plate,CHANGED
erebor\body_armors.xml,sk_dwarf_erebor_chest_plate_elite_e,[Erebor] Elite Platemail Armour V,erebor,body,elite,4,42,58,16,21.5,23.1,Plate,Plate,CHANGED
erebor\body_armors.xml,sk_dwarf_erebor_chest_plate_elite_f,[Erebor] Elite Platemail Armour VI,erebor,body,elite,5,44,59,15,22.0,23.1,Plate,Plate,CHANGED
erebor\body_armors.xml,sk_dwarf_erebor_chest_plate_heavy_a,[Erebor] Heavy Platemail Armour I,erebor,body,heavy,0,40,46,6,20.0,18.9,Plate,Plate,CHANGED
erebor\body_armors.xml,sk_dwarf_erebor_chest_plate_heavy_b,[Erebor] Heavy Platemail Armour II,erebor,body,heavy,1,36,47,11,22.5,18.9,Plate,Plate,CHANGED
erebor\body_armors.xml,sk_dwarf_erebor_chest_plate_heavy_c,[Erebor] Heavy Platemail Armour III,erebor,body,heavy,2,38,48,10,23.0,18.9,Plate,Plate,CHANGED
erebor\body_armors.xml,sk_dwarf_erebor_chest_plate_heavy_d,[Erebor] Heavy Platemail Armour IV,erebor,body,heavy,3,40,49,9,23.5,18.9,Plate,Plate,CHANGED
erebor\body_armors.xml,sk_dwarf_erebor_chest_plate_heavy_e,[Erebor] Heavy Platemail Armour V,erebor,body,heavy,4,32,50,18,24.0,18.9,Plate,Plate,CHANGED
erebor\body_armors.xml,sk_dwarf_erebor_chest_plate_heavy_f,[Erebor] Heavy Platemail Armour VI,erebor,body,heavy,5,34,51,17,24.5,18.9,Plate,Plate,CHANGED
erebor\body_armors.xml,sk_dwarf_erebor_chest_scale_a,[Erebor] Scale Armour I,erebor,body,medium,0,35,36,1,18.5,13.7,Chainmail,Chainmail,CHANGED
erebor\body_armors.xml,sk_dwarf_erebor_chest_plate_elite_a2,[Erebor] Gold Platemail Armour I,erebor,body,elite,0,60,54,-6,16.5,23.1,Plate,Plate,CHANGED
erebor\body_armors.xml,sk_dwarf_erebor_chest_plate_elite_b2,[Erebor] Gold Platemail Armour II,erebor,body,elite,1,60,55,-5,17.0,23.1,Plate,Plate,CHANGED
erebor\body_armors.xml,sk_dwarf_erebor_chest_plate_elite_c2,[Erebor] Gold Platemail Armour III,erebor,body,elite,2,60,56,-4,17.0,23.1,Plate,Plate,CHANGED
erebor\body_armors.xml,sk_dwarf_erebor_chest_plate_elite_d2,[Erebor] Gold Platemail Armour IV,erebor,body,elite,3,60,57,-3,21.0,23.1,Plate,Plate,CHANGED
erebor\body_armors.xml,sk_dwarf_erebor_chest_plate_elite_e2,[Erebor] Gold Platemail Armour V,erebor,body,elite,4,60,58,-2,21.5,23.1,Plate,Plate,CHANGED
erebor\body_armors.xml,sk_dwarf_erebor_chest_plate_elite_f2,[Erebor] Gold Platemail Armour VI,erebor,body,elite,5,60,59,-1,22.0,23.1,Plate,Plate,CHANGED
erebor\body_armors.xml,sk_dwarf_erebor_chest_plate_elite_a_blue,[Erebor] Elite Platemail Armour VII,erebor,body,elite,0,40,54,14,16.5,23.1,Plate,Plate,CHANGED
erebor\body_armors.xml,sk_dwarf_erebor_chest_plate_elite_b_blue,[Erebor] Elite Platemail Armour VIII,erebor,body,elite,0,42,54,12,17.0,23.1,Plate,Plate,CHANGED
erebor\body_armors.xml,sk_dwarf_erebor_chest_plate_elite_c_blue,[Erebor] Elite Platemail Armour IX,erebor,body,elite,0,42,54,12,17.0,23.1,Plate,Plate,CHANGED
erebor\body_armors.xml,sk_dwarf_erebor_chest_plate_elite_d_blue,[Erebor] Elite Platemail Armour X,erebor,body,elite,0,40,54,14,21.0,23.1,Plate,Plate,CHANGED
erebor\body_armors.xml,sk_dwarf_erebor_chest_plate_elite_e_blue,[Erebor] Elite Platemail Armour XI,erebor,body,elite,0,42,54,12,21.5,23.1,Plate,Plate,CHANGED
erebor\body_armors.xml,sk_dwarf_erebor_chest_plate_elite_f_blue,[Erebor] Elite Platemail Armour XII,erebor,body,elite,0,44,54,10,22.0,23.1,Plate,Plate,CHANGED
erebor\body_armors.xml,sk_dwarf_erebor_chest_plate_elite_a_green,[Erebor] Elite Platemail Armour XIII,erebor,body,elite,0,40,54,14,16.5,23.1,Plate,Plate,CHANGED
erebor\body_armors.xml,sk_dwarf_erebor_chest_plate_elite_b_green,[Erebor] Elite Platemail Armour XIV,erebor,body,elite,0,42,54,12,17.0,23.1,Plate,Plate,CHANGED
erebor\body_armors.xml,sk_dwarf_erebor_chest_plate_elite_c_green,[Erebor] Elite Platemail Armour XV,erebor,body,elite,0,42,54,12,17.0,23.1,Plate,Plate,CHANGED
erebor\body_armors.xml,sk_dwarf_erebor_chest_plate_elite_d_green,[Erebor] Elite Platemail Armour XVI,erebor,body,elite,0,40,54,14,21.0,23.1,Plate,Plate,CHANGED
erebor\body_armors.xml,sk_dwarf_erebor_chest_plate_elite_e_green,[Erebor] Elite Platemail Armour XVII,erebor,body,elite,0,42,54,12,21.5,23.1,Plate,Plate,CHANGED
erebor\body_armors.xml,sk_dwarf_erebor_chest_plate_elite_f_green,[Erebor] Elite Platemail Armour XVIII,erebor,body,elite,0,44,54,10,22.0,23.1,Plate,Plate,CHANGED
erebor\body_armors.xml,sk_dwarf_erebor_chest_plate_elite_a_red,[Iron Hills] Elite Platemail Armour XIII,iron_hills,body,elite,0,40,55,15,16.5,24.2,Plate,Plate,CHANGED
erebor\body_armors.xml,sk_dwarf_erebor_chest_plate_elite_b_red,[Iron Hills] Elite Platemail Armour XIV,iron_hills,body,elite,0,42,55,13,17.0,24.2,Plate,Plate,CHANGED
erebor\body_armors.xml,sk_dwarf_erebor_chest_plate_elite_c_red,[Iron Hills] Elite Platemail Armour XV,iron_hills,body,elite,0,42,55,13,17.0,24.2,Plate,Plate,CHANGED
erebor\body_armors.xml,sk_dwarf_erebor_chest_plate_elite_d_red,[Iron Hills] Elite Platemail Armour XVI,iron_hills,body,elite,0,40,55,15,21.0,24.2,Plate,Plate,CHANGED
erebor\body_armors.xml,sk_dwarf_erebor_chest_plate_elite_e_red,[Iron Hills] Elite Platemail Armour XVII,iron_hills,body,elite,0,42,55,13,21.5,24.2,Plate,Plate,CHANGED
erebor\body_armors.xml,sk_dwarf_erebor_chest_plate_elite_f_red,[Iron Hills] Elite Platemail Armour XVIII,iron_hills,body,elite,0,44,55,11,22.0,24.2,Plate,Plate,CHANGED
erebor\body_armors.xml,sk_dwarf_dress_normal_a,[Erebor] Civilian Female Dress A,erebor,body,civilian,0,5,9,4,4.5,3.2,Chainmail,Cloth,CHANGED
erebor\body_armors.xml,sk_dwarf_dress_normal_b,[Erebor] Civilian Female Dress B,erebor,body,civilian,1,5,10,5,4.5,3.2,Chainmail,Cloth,CHANGED
erebor\body_armors.xml,sk_dwarf_dress_normal_c,[Erebor] Civilian Female Dress C,erebor,body,civilian,2,5,11,6,4.5,3.2,Chainmail,Cloth,CHANGED
erebor\body_armors.xml,sk_dwarf_dress_normal_d,[Erebor] Civilian Female Dress D,erebor,body,civilian,3,5,12,7,4.5,3.2,Chainmail,Cloth,CHANGED
erebor\body_armors.xml,sk_dwarf_dress_normal_e,[Erebor] Civilian Female Dress E,erebor,body,civilian,4,5,13,8,4.5,3.2,Chainmail,Cloth,CHANGED
erebor\body_armors.xml,sk_dwarf_dress_normal_f,[Erebor] Civilian Female Dress F,erebor,body,civilian,5,5,14,9,4.5,3.2,Chainmail,Cloth,CHANGED
erebor\body_armors.xml,sk_dwarf_dress_normal_g,[Erebor] Civilian Female Dress G,erebor,body,civilian,0,5,9,4,4.5,3.2,Chainmail,Cloth,CHANGED
erebor\body_armors.xml,sk_dwarf_dress_normal_h,[Erebor] Civilian Female Dress H,erebor,body,civilian,0,5,9,4,4.5,3.2,Chainmail,Cloth,CHANGED
erebor\body_armors.xml,sk_dwarf_dress_normal_i,[Erebor] Civilian Female Dress I,erebor,body,civilian,0,5,9,4,4.5,3.2,Chainmail,Cloth,CHANGED
erebor\body_armors.xml,sk_dwarf_tunic_noble_a,[Erebor] Noble Tunic A,erebor,body,civilian,0,5,9,4,4.5,3.2,Chainmail,Cloth,CHANGED
erebor\body_armors.xml,sk_dwarf_tunic_noble_b,[Erebor] Noble Tunic B,erebor,body,civilian,1,5,10,5,4.5,3.2,Chainmail,Cloth,CHANGED
erebor\body_armors.xml,sk_dwarf_tunic_noble_c,[Erebor] Noble Tunic C,erebor,body,civilian,2,5,11,6,4.5,3.2,Chainmail,Cloth,CHANGED
erebor\body_armors.xml,sk_dwarf_tunic_normal_a,[Erebor] Civilian Tunic A,erebor,body,civilian,0,5,9,4,4.5,3.2,Chainmail,Cloth,CHANGED
erebor\body_armors.xml,sk_dwarf_tunic_normal_b,[Erebor] Civilian Tunic B,erebor,body,civilian,1,5,10,5,4.5,3.2,Chainmail,Cloth,CHANGED
erebor\arm_armors.xml,sk_dwarf_erebor_bracers_elite_a,[Erebor] Elite Bracers I,erebor,arm,elite,0,25,30,5,3.5,2.1,Plate,Plate,CHANGED
erebor\arm_armors.xml,sk_dwarf_erebor_bracers_elite_b,[Erebor] Elite Bracers II,erebor,arm,elite,1,26,31,5,3.5,2.1,Plate,Plate,CHANGED
erebor\arm_armors.xml,sk_dwarf_erebor_bracers_elite_c,[Erebor] Elite Bracers III,erebor,arm,elite,2,27,32,5,3.5,2.1,Plate,Plate,CHANGED
erebor\arm_armors.xml,sk_dwarf_erebor_bracers_elite_d,[Erebor] Elite Bracers IV,erebor,arm,elite,3,29,33,4,3.5,2.1,Plate,Plate,CHANGED
erebor\arm_armors.xml,sk_dwarf_erebor_bracers_elite_e,[Erebor] Elite Bracers V,erebor,arm,elite,4,29,34,5,3.5,2.1,Plate,Plate,CHANGED
erebor\arm_armors.xml,sk_dwarf_erebor_bracers_elite_f,[Erebor] Elite Bracers VI,erebor,arm,elite,5,29,35,6,3.5,2.1,Plate,Plate,CHANGED
erebor\arm_armors.xml,sk_dwarf_erebor_bracers_heavy_a,[Erebor] Heavy Bracers I,erebor,arm,heavy,0,28,24,-4,4.0,1.6,Plate,Plate,CHANGED
erebor\arm_armors.xml,sk_dwarf_erebor_bracers_heavy_b,[Erebor] Heavy Bracers II,erebor,arm,heavy,1,30,25,-5,4.2,1.6,Plate,Plate,CHANGED
erebor\arm_armors.xml,sk_dwarf_erebor_bracers_heavy_c,[Erebor] Heavy Bracers III,erebor,arm,heavy,2,32,26,-6,4.2,1.6,Plate,Plate,CHANGED
erebor\arm_armors.xml,sk_dwarf_erebor_bracers_heavy_d,[Erebor] Heavy Bracers IV,erebor,arm,heavy,3,32,27,-5,4.2,1.6,Plate,Plate,CHANGED
erebor\arm_armors.xml,sk_dwarf_erebor_bracers_med_a,[Erebor] Medium Bracers I,erebor,arm,medium,0,20,18,-2,3.0,1.1,Plate,Chainmail,CHANGED
erebor\arm_armors.xml,sk_dwarf_erebor_bracers_med_b,[Erebor] Medium Bracers II,erebor,arm,medium,1,22,19,-3,3.2,1.1,Plate,Chainmail,CHANGED
erebor\arm_armors.xml,sk_dwarf_erebor_bracers_med_c,[Erebor] Medium Bracers III,erebor,arm,medium,2,23,20,-3,3.3,1.1,Plate,Chainmail,CHANGED
erebor\arm_armors.xml,sk_dwarf_erebor_bracers_med_d,[Erebor] Medium Bracers IV,erebor,arm,medium,3,23,21,-2,3.3,1.1,Plate,Chainmail,CHANGED
erebor\arm_armors.xml,sk_dwarf_erebor_bracers_med_e,[Erebor] Medium Bracers V,erebor,arm,medium,4,23,22,-1,3.3,1.1,Plate,Chainmail,CHANGED
erebor\arm_armors.xml,sk_dwarf_erebor_bracers_med_f,[Erebor] Medium Bracers VI,erebor,arm,medium,5,23,23,0,3.3,1.1,Plate,Chainmail,CHANGED
erebor\arm_armors.xml,sk_dwarf_erebor_gloves_a,[Erebor] Leather Gloves I,erebor,arm,light,0,12,12,0,1.5,0.6,Leather,Leather,CHANGED
erebor\arm_armors.xml,sk_dwarf_erebor_bracers_elite_d_blue,[Erebor] Elite Bracers X,erebor,arm,elite,0,39,30,-9,3.5,2.1,Plate,Plate,CHANGED
erebor\arm_armors.xml,sk_dwarf_erebor_bracers_elite_d_green,[Erebor] Elite Bracers XI,erebor,arm,elite,0,39,30,-9,3.5,2.1,Plate,Plate,CHANGED
erebor\arm_armors.xml,sk_dwarf_erebor_bracers_elite_d_red,[Iron Hills] Elite Bracers X,iron_hills,arm,elite,0,39,31,-8,3.5,2.2,Plate,Plate,CHANGED
erebor\leg_armors.xml,sk_dwarf_erebor_boots_light_a,[Erebor] Leather Boots I,erebor,leg,light,0,15,16,1,2.6,1.6,Leather,Leather,CHANGED
erebor\leg_armors.xml,sk_dwarf_erebor_boots_light_b,[Erebor] Leather Boots II,erebor,leg,light,1,15,17,2,2.6,1.6,Leather,Leather,CHANGED
erebor\leg_armors.xml,sk_dwarf_erebor_boots_med_a,[Erebor] Leather Boots Medium I,erebor,leg,medium,0,18,24,6,2.6,2.6,Plate,Chainmail,CHANGED
erebor\leg_armors.xml,sk_dwarf_erebor_boots_med_b,[Erebor] Leather Boots Medium II,erebor,leg,medium,1,17,25,8,2.8,2.6,Plate,Chainmail,CHANGED
erebor\leg_armors.xml,sk_dwarf_erebor_boots_med_c,[Erebor] Leather Boots Medium III,erebor,leg,medium,2,19,26,7,3.0,2.6,Plate,Chainmail,CHANGED
erebor\leg_armors.xml,sk_dwarf_erebor_boots_med_d,[Erebor] Leather Boots Medium IV,erebor,leg,medium,3,21,27,6,3.2,2.6,Plate,Chainmail,CHANGED
erebor\leg_armors.xml,sk_dwarf_erebor_boots_med_e,[Erebor] Leather Boots Medium V,erebor,leg,medium,4,23,28,5,3.4,2.6,Plate,Chainmail,CHANGED
erebor\leg_armors.xml,sk_dwarf_erebor_boots_med_f,[Erebor] Leather Boots Medium VI,erebor,leg,medium,5,25,29,4,3.6,2.6,Plate,Chainmail,CHANGED
erebor\leg_armors.xml,sk_dwarf_erebor_greaves_heavy_a,[Erebor] Heavy Greaves I,erebor,leg,heavy,0,30,32,2,4.0,3.7,Plate,Plate,CHANGED
erebor\leg_armors.xml,sk_dwarf_erebor_greaves_heavy_b,[Erebor] Heavy Greaves II,erebor,leg,heavy,1,32,33,1,4.2,3.7,Plate,Plate,CHANGED
erebor\leg_armors.xml,sk_dwarf_erebor_greaves_heavy_c,[Erebor] Heavy Greaves III,erebor,leg,heavy,2,34,34,0,4.4,3.7,Plate,Plate,CHANGED
erebor\leg_armors.xml,sk_dwarf_erebor_greaves_heavy_d,[Erebor] Heavy Greaves IV,erebor,leg,heavy,3,36,35,-1,4.6,3.7,Plate,Plate,CHANGED
erebor\leg_armors.xml,sk_dwarf_erebor_greaves_elite_a,[Erebor] Elite Greaves I,erebor,leg,elite,0,40,38,-2,5.0,4.2,Plate,Plate,CHANGED
erebor\leg_armors.xml,sk_dwarf_erebor_greaves_elite_b,[Erebor] Elite Greaves II,erebor,leg,elite,1,42,39,-3,5.2,4.2,Plate,Plate,CHANGED
erebor\leg_armors.xml,sk_dwarf_erebor_greaves_elite_a_blue,[Erebor] Royal Guard Greaves I,erebor,leg,elite,0,40,38,-2,5.0,4.2,Plate,Plate,CHANGED
erebor\leg_armors.xml,sk_dwarf_erebor_greaves_elite_b_blue,[Erebor] Royal Guard Greaves II,erebor,leg,elite,0,42,38,-4,5.2,4.2,Plate,Plate,CHANGED
erebor\leg_armors.xml,sk_dwarf_erebor_greaves_elite_a_green,[Erebor] Royal Guard Greaves III,erebor,leg,elite,0,40,38,-2,5.0,4.2,Plate,Plate,CHANGED
erebor\leg_armors.xml,sk_dwarf_erebor_greaves_elite_b_green,[Erebor] Royal Guard Greaves IV,erebor,leg,elite,0,42,38,-4,5.2,4.2,Plate,Plate,CHANGED
erebor\leg_armors.xml,sk_dwarf_erebor_greaves_elite_a_red,[Iron Hills] Royal Guard Greaves I,iron_hills,leg,elite,0,40,39,-1,5.0,4.4,Plate,Plate,CHANGED
erebor\leg_armors.xml,sk_dwarf_erebor_greaves_elite_b_red,[Iron Hills] Royal Guard Greaves II,iron_hills,leg,elite,0,42,39,-3,5.2,4.4,Plate,Plate,CHANGED
erebor\shoulder_armors.xml,sk_dwarf_erebor_pauldron_scale_a,[Erebor] Scale Pauldrons I,erebor,shoulder,light,0,20,9,-11,5.0,3.2,Plate,Leather,CHANGED
erebor\shoulder_armors.xml,sk_dwarf_erebor_pauldron_scale_cape_a,[Erebor] Scale Pauldrons I - Cape,erebor,shoulder,light,0,21,9,-12,5.0,3.2,Plate,Leather,CHANGED
erebor\shoulder_armors.xml,sk_dwarf_erebor_pauldron_scale_cape_b,[Erebor] Scale Pauldrons II - Cape,erebor,shoulder,light,1,21,10,-11,5.0,3.2,Plate,Leather,CHANGED
erebor\shoulder_armors.xml,sk_dwarf_erebor_pauldron_plate_cape_elite_a,[Erebor] Elite Plate Pauldrons I - Cape,erebor,shoulder,elite,0,22,19,-3,6.0,9.5,Plate,Plate,CHANGED
erebor\shoulder_armors.xml,sk_dwarf_erebor_pauldron_plate_cape_elite_b,[Erebor] Elite Plate Pauldrons II - Cape,erebor,shoulder,elite,1,24,20,-4,6.2,9.5,Plate,Plate,CHANGED
erebor\shoulder_armors.xml,sk_dwarf_erebor_pauldron_plate_cape_heavy_a,[Erebor] Heavy Plate Pauldrons I - Cape,erebor,shoulder,heavy,0,26,16,-10,6.5,7.4,Plate,Plate,CHANGED
erebor\shoulder_armors.xml,sk_dwarf_erebor_pauldron_plate_cape_heavy_b,[Erebor] Heavy Plate Pauldrons II - Cape,erebor,shoulder,heavy,1,28,17,-11,6.8,7.4,Plate,Plate,CHANGED
erebor\shoulder_armors.xml,sk_dwarf_erebor_pauldron_plate_cape_heavy_c,[Erebor] Heavy Plate Pauldrons III - Cape,erebor,shoulder,heavy,2,30,18,-12,7.0,7.4,Plate,Plate,CHANGED
erebor\shoulder_armors.xml,sk_dwarf_erebor_pauldron_plate_cape_heavy_d,[Erebor] Heavy Plate Pauldrons IV - Cape,erebor,shoulder,heavy,3,32,19,-13,7.2,7.4,Plate,Plate,CHANGED
erebor\shoulder_armors.xml,sk_dwarf_erebor_pauldron_plate_cape_heavy_e,[Erebor] Heavy Plate Pauldrons V - Cape,erebor,shoulder,heavy,4,34,20,-14,7.5,7.4,Plate,Plate,CHANGED
erebor\shoulder_armors.xml,sk_dwarf_erebor_pauldron_plate_cape_heavy_f,[Erebor] Heavy Plate Pauldrons VI - Cape,erebor,shoulder,heavy,5,36,21,-15,7.8,7.4,Plate,Plate,CHANGED
erebor\shoulder_armors.xml,sk_dwarf_erebor_pauldron_plate_heavy_a,[Erebor] Heavy Plate Pauldrons I,erebor,shoulder,heavy,0,26,16,-10,6.5,7.4,Plate,Plate,CHANGED
erebor\shoulder_armors.xml,sk_dwarf_erebor_pauldron_plate_heavy_b,[Erebor] Heavy Plate Pauldrons II,erebor,shoulder,heavy,1,28,17,-11,6.8,7.4,Plate,Plate,CHANGED
erebor\shoulder_armors.xml,sk_dwarf_erebor_pauldron_plate_heavy_c,[Erebor] Heavy Plate Pauldrons III,erebor,shoulder,heavy,2,30,18,-12,7.0,7.4,Plate,Plate,CHANGED
erebor\shoulder_armors.xml,sk_dwarf_erebor_pauldron_plate_heavy_d,[Erebor] Heavy Plate Pauldrons IV,erebor,shoulder,heavy,3,32,19,-13,7.2,7.4,Plate,Plate,CHANGED
erebor\shoulder_armors.xml,sk_dwarf_erebor_pauldron_plate_heavy_e,[Erebor] Heavy Plate Pauldrons V,erebor,shoulder,heavy,4,34,20,-14,7.5,7.4,Plate,Plate,CHANGED
erebor\shoulder_armors.xml,sk_dwarf_erebor_pauldron_plate_heavy_f,[Erebor] Heavy Plate Pauldrons VI,erebor,shoulder,heavy,5,36,21,-15,7.8,7.4,Plate,Plate,CHANGED
erebor\shoulder_armors.xml,sk_dwarf_erebor_pauldron_plate_elite_a,[Erebor] Elite Plate Pauldrons I,erebor,shoulder,elite,0,32,19,-13,7.5,9.5,Plate,Plate,CHANGED
erebor\shoulder_armors.xml,sk_dwarf_erebor_pauldron_plate_elite_b,[Erebor] Elite Plate Pauldrons II,erebor,shoulder,elite,1,34,20,-14,7.8,9.5,Plate,Plate,CHANGED
erebor\shoulder_armors.xml,sk_dwarf_erebor_pauldron_plate_med_a,[Erebor] Medium Plate Pauldrons I,erebor,shoulder,medium,0,18,12,-6,5.8,5.2,Plate,Chainmail,CHANGED
erebor\shoulder_armors.xml,sk_dwarf_erebor_pauldron_plate_med_b,[Erebor] Medium Plate Pauldrons II,erebor,shoulder,medium,1,20,13,-7,6.0,5.2,Plate,Chainmail,CHANGED
erebor\shoulder_armors.xml,sk_dwarf_erebor_pauldron_scale_cape_a_blue,[Erebor] Royal Guard Scale Pauldrons I - Cape - Blue,erebor,shoulder,elite,0,21,19,-2,5.0,9.5,Plate,Plate,CHANGED
erebor\shoulder_armors.xml,sk_dwarf_erebor_pauldron_scale_cape_b_blue,[Erebor] Royal Guard Scale Pauldrons II - Cape - Blue,erebor,shoulder,elite,0,21,19,-2,5.0,9.5,Plate,Plate,CHANGED
erebor\shoulder_armors.xml,sk_dwarf_erebor_pauldron_plate_cape_elite_a_blue,[Erebor] Royal Plate Pauldrons I - Cape - Blue,erebor,shoulder,elite,0,22,19,-3,6.0,9.5,Plate,Plate,CHANGED
erebor\shoulder_armors.xml,sk_dwarf_erebor_pauldron_plate_cape_elite_b_blue,[Erebor]Royal Plate Pauldrons II - Cape - Blue,erebor,shoulder,elite,0,24,19,-5,6.2,9.5,Plate,Plate,CHANGED
erebor\shoulder_armors.xml,sk_dwarf_erebor_pauldron_scale_cape_a_green,[Erebor] Royal Guard Scale Pauldrons III - Cape - Green,erebor,shoulder,elite,0,21,19,-2,5.0,9.5,Plate,Plate,CHANGED
erebor\shoulder_armors.xml,sk_dwarf_erebor_pauldron_scale_cape_b_green,[Erebor] Royal Guard Scale Pauldrons IV - Cape - Green,erebor,shoulder,elite,0,21,19,-2,5.0,9.5,Plate,Plate,CHANGED
erebor\shoulder_armors.xml,sk_dwarf_erebor_pauldron_plate_cape_elite_a_green,[Erebor] Royal Plate Pauldrons III - Cape - Green,erebor,shoulder,elite,0,22,19,-3,6.0,9.5,Plate,Plate,CHANGED
erebor\shoulder_armors.xml,sk_dwarf_erebor_pauldron_plate_cape_elite_b_green,[Erebor]Royal Plate Pauldrons IV - Cape - Green,erebor,shoulder,elite,0,24,19,-5,6.2,9.5,Plate,Plate,CHANGED
erebor\shoulder_armors.xml,sk_dwarf_erebor_pauldron_scale_cape_a_red,[Iron Hills] Royal Guard Scale Pauldrons I - Cape - Red,iron_hills,shoulder,elite,0,21,20,-1,5.0,9.9,Plate,Plate,CHANGED
erebor\shoulder_armors.xml,sk_dwarf_erebor_pauldron_scale_cape_b_red,[Iron Hills] Royal Guard Scale Pauldrons II - Cape - Red,iron_hills,shoulder,elite,0,21,20,-1,5.0,9.9,Plate,Plate,CHANGED
erebor\shoulder_armors.xml,sk_dwarf_erebor_pauldron_plate_cape_elite_a_red,[Iron Hills] Royal Plate Pauldrons I - Cape - Red,iron_hills,shoulder,elite,0,22,20,-2,6.0,9.9,Plate,Plate,CHANGED
erebor\shoulder_armors.xml,sk_dwarf_erebor_pauldron_plate_cape_elite_b_red,[Iron Hills]Royal Plate Pauldrons II - Cape - Red,iron_hills,shoulder,elite,0,24,20,-4,6.2,9.9,Plate,Plate,CHANGED
gondor\head_armors.xml,gondor_helmet,[Gondor] Plate Helmet,gondor,head,heavy,0,22,32,10,5.0,3.5,Plate,Plate,CHANGED
gondor\head_armors.xml,gondor_solider_helm,[Gondor] Plate Helmet II,gondor,head,heavy,0,23,32,9,5.0,3.5,Plate,Plate,CHANGED
gondor\head_armors.xml,gondor_solider_helm_gold,[Gondor] Plate Helmet III,gondor,head,heavy,0,25,32,7,5.0,3.5,Plate,Plate,CHANGED
gondor\head_armors.xml,fountain_guard_helmet,[Gondor] Fountain Guard Helmet - Gold,gondor,head,elite,0,45,40,-5,6.0,4.5,Plate,Plate,CHANGED
gondor\head_armors.xml,citidel_guard_helmet1,[Gondor] Helmet - Silver - No Wings,gondor,head,elite,0,40,40,0,6.0,4.5,Plate,Plate,CHANGED
gondor\head_armors.xml,citidel_guard_helmet2,[Gondor] Helmet - Silver - Wings Flared One,gondor,head,elite,0,40,40,0,6.0,4.5,Plate,Plate,CHANGED
gondor\head_armors.xml,citidel_guard_helmet3,[Gondor] Helmet - Silver - Wings Flared Two,gondor,head,elite,0,40,40,0,6.0,4.5,Plate,Plate,CHANGED
gondor\head_armors.xml,citidel_guard_helmet4,[Gondor] Helmet - Silver - Wings Back,gondor,head,elite,0,40,40,0,6.0,4.5,Plate,Plate,CHANGED
gondor\head_armors.xml,citidel_guard_helmet5,[Gondor] Helmet - Gold - No Wings,gondor,head,elite,0,40,40,0,6.0,4.5,Plate,Plate,CHANGED
gondor\head_armors.xml,citidel_guard_helmet6,[Gondor] Helmet - Gold - Wings Flared One,gondor,head,elite,0,40,40,0,6.0,4.5,Plate,Plate,CHANGED
gondor\head_armors.xml,citidel_guard_helmet7,[Gondor] Helmet - Gold - Wings Flared Two,gondor,head,elite,0,40,40,0,6.0,4.5,Plate,Plate,CHANGED
gondor\head_armors.xml,citidel_guard_helmet8,[Gondor] Helmet - Gold - Wings Back,gondor,head,elite,0,40,40,0,6.0,4.5,Plate,Plate,CHANGED
gondor\head_armors.xml,ithilien_hood,[Gondor] Ithilien Hood,gondor,head,light,0,15,15,0,1.0,1.5,Cloth,Leather,CHANGED
gondor\head_armors.xml,ithilien_hood_var,[Gondor] Ithilien Hood Two,gondor,head,light,0,15,15,0,1.0,1.5,Cloth,Leather,CHANGED
gondor\head_armors.xml,ithilien_hood_masked,[Gondor] Ithilien Hood Masked,gondor,head,light,0,20,15,-5,1.5,1.5,Cloth,Leather,CHANGED
gondor\head_armors.xml,ithilien_hood_masked_var,[Gondor] Ithilien Hood Masked,gondor,head,light,0,20,15,-5,1.5,1.5,Cloth,Leather,CHANGED
gondor\head_armors.xml,gondor_king_crown,[Gondor] King's Crown,gondor,head,lord,0,22,48,26,5.0,5.0,Plate,Plate,CHANGED
gondor\head_armors.xml,gondor_nobke_helmet,[Gondor] Noble Helmet I,gondor,head,light,0,22,15,-7,5.0,1.5,Plate,Leather,CHANGED
gondor\head_armors.xml,gondor_nobke_helmet1,[Gondor] Noble Helmet II,gondor,head,light,0,22,15,-7,5.0,1.5,Plate,Leather,CHANGED
gondor\head_armors.xml,gond_hlm_b_ld,[Gondor] Helmet I,gondor,head,light,0,22,15,-7,5.0,1.5,Plate,Leather,CHANGED
gondor\head_armors.xml,gond_hlm_ld,[Gondor] Helmet II,gondor,head,light,0,22,15,-7,5.0,1.5,Plate,Leather,CHANGED
gondor\head_armors.xml,gond_hlm_mask_b_ld,[Gondor] Helmet - Mask,gondor,head,light,0,22,15,-7,5.0,1.5,Plate,Leather,CHANGED
gondor\head_armors.xml,gondor_chainmail_helmeta,[Gondor] Chainmail Helmet I,gondor,head,medium,0,20,24,4,1.5,2.5,Chainmail,Chainmail,CHANGED
gondor\head_armors.xml,fountain_helm1,[Gondor] Fountain Guard Helmet I,gondor,head,elite,0,48,40,-8,6.0,4.5,Plate,Plate,CHANGED
gondor\head_armors.xml,fountain_helm2,[Gondor] Fountain Guard Helmet II,gondor,head,elite,0,48,40,-8,6.0,4.5,Plate,Plate,CHANGED
gondor\head_armors.xml,fountain_helm3,[Gondor] Fountain Guard Helmet III,gondor,head,elite,0,48,40,-8,6.0,4.5,Plate,Plate,CHANGED
gondor\head_armors.xml,fountain_helm4,[Gondor] Fountain Guard Helmet IV,gondor,head,elite,0,48,40,-8,6.0,4.5,Plate,Plate,CHANGED
gondor\head_armors.xml,fountain_helm5,[Gondor] Fountain Guard Helmet V,gondor,head,elite,0,48,40,-8,6.0,4.5,Plate,Plate,CHANGED
gondor\head_armors.xml,fountain_helm6,[Gondor] Fountain Guard Helmet VI,gondor,head,elite,0,48,40,-8,6.0,4.5,Plate,Plate,CHANGED
gondor\head_armors.xml,fountain_helm7,[Gondor] Fountain Guard Helmet VII,gondor,head,elite,0,48,40,-8,6.0,4.5,Plate,Plate,CHANGED
gondor\head_armors.xml,fountain_helm8,[Gondor] Fountain Guard Helmet VIII,gondor,head,elite,0,48,40,-8,6.0,4.5,Plate,Plate,CHANGED
gondor\head_armors.xml,fountain_helm9,[Gondor] Fountain Guard Helmet IX,gondor,head,elite,0,48,40,-8,6.0,4.5,Plate,Plate,CHANGED
gondor\head_armors.xml,fountain_helm10,[Gondor] Fountain Guard Helmet X,gondor,head,elite,0,48,40,-8,6.0,4.5,Plate,Plate,CHANGED
gondor\head_armors.xml,fountain_helm11,[Gondor] Fountain Guard Helmet XI,gondor,head,elite,0,48,40,-8,6.0,4.5,Plate,Plate,CHANGED
gondor\head_armors.xml,fountain_helm12,[Gondor] Fountain Guard Helmet XII,gondor,head,elite,0,48,40,-8,6.0,4.5,Plate,Plate,CHANGED
gondor\head_armors.xml,fountain_helm13,[Gondor] Fountain Guard Helmet XIII,gondor,head,elite,0,48,40,-8,6.0,4.5,Plate,Plate,CHANGED
gondor\head_armors.xml,fountain_helm14,[Gondor] Fountain Guard Helmet XIV,gondor,head,elite,0,48,40,-8,6.0,4.5,Plate,Plate,CHANGED
gondor\head_armors.xml,fountain_helm15,[Gondor] Fountain Guard Helmet XV,gondor,head,elite,0,48,40,-8,6.0,4.5,Plate,Plate,CHANGED
gondor\head_armors.xml,fountain_helm16,[Gondor] Fountain Guard Helmet XVI,gondor,head,elite,0,48,40,-8,6.0,4.5,Plate,Plate,CHANGED
gondor\head_armors.xml,fountain_helm17,[Gondor] Fountain Guard Helmet XVII,gondor,head,elite,0,48,40,-8,6.0,4.5,Plate,Plate,CHANGED
gondor\head_armors.xml,fountain_helm18,[Gondor] Fountain Guard Helmet XVIII,gondor,head,elite,0,48,40,-8,6.0,4.5,Plate,Plate,CHANGED
gondor\head_armors.xml,fountain_helm19,[Gondor] Fountain Guard Helmet XIX,gondor,head,elite,0,48,40,-8,6.0,4.5,Plate,Plate,CHANGED
gondor\head_armors.xml,imrahil_helmet,[Gondor] Imrahil's Helmet,gondor,head,lord,0,50,48,-2,5.0,5.0,Plate,Plate,CHANGED
gondor\head_armors.xml,golasgil_helment,[Gondor] Golasgil's Helmet,gondor,head,lord,0,50,48,-2,5.0,5.0,Plate,Plate,CHANGED
gondor\head_armors.xml,sk_gondor_lossarnach_helmet_a,[Gondor] Lossarnach Helmet,gondor,head,light,0,25,15,-10,5.0,1.5,Plate,Leather,CHANGED
gondor\head_armors.xml,lossarnach_helm,[Gondor] Lossarnach Helmet II,gondor,head,light,0,25,15,-10,5.0,1.5,Plate,Leather,CHANGED
gondor\head_armors.xml,hirluin_helmet,[Gondor] Hirluin's Helmet,gondor,head,lord,0,50,48,-2,5.0,5.0,Plate,Plate,CHANGED
gondor\head_armors.xml,angbor_helmet,[Gondor] Angbor's Helmet,gondor,head,lord,0,50,48,-2,5.0,5.0,Plate,Plate,CHANGED
gondor\head_armors.xml,pelargirmarine_helmet_1_a,[Gondor] Anfalas Helmet I,gondor,head,medium,0,30,24,-6,4.0,2.5,Plate,Chainmail,CHANGED
gondor\head_armors.xml,pelargirmarine_helmet_1_a_plume,[Gondor] Anfalas Helmet I - Plume,gondor,head,medium,0,30,24,-6,4.0,2.5,Plate,Chainmail,CHANGED
gondor\head_armors.xml,pelargirmarine_helmet_1_a_coif,[Gondor] Anfalas Helmet I - Coif,gondor,head,medium,0,35,24,-11,4.0,2.5,Plate,Chainmail,CHANGED
gondor\head_armors.xml,pelargirmarine_helmet_1_a_coif_plume,[Gondor] Anfalas Helmet I - Plume - Coif,gondor,head,medium,0,35,24,-11,4.0,2.5,Plate,Chainmail,CHANGED
gondor\head_armors.xml,pelargirmarine_helmet_1_b,[Gondor] Anfalas Helmet II,gondor,head,medium,1,30,25,-5,4.0,2.5,Plate,Chainmail,CHANGED
gondor\head_armors.xml,pelargirmarine_helmet_1_b_plume,[Gondor] Anfalas Helmet II - Plume,gondor,head,medium,0,30,24,-6,4.0,2.5,Plate,Chainmail,CHANGED
gondor\head_armors.xml,pelargirmarine_helmet_1_b_coif,[Gondor] Anfalas Helmet II - Coif,gondor,head,heavy,0,37,32,-5,4.0,3.5,Plate,Plate,CHANGED
gondor\head_armors.xml,pelargirmarine_helmet_1_b_coif_plume,[Gondor] Anfalas Helmet II - Coif - Plume,gondor,head,medium,0,35,24,-11,4.0,2.5,Plate,Chainmail,CHANGED
gondor\head_armors.xml,gondor_lamedon_helmet_4,[Gondor] Lamedon Helmet IV,gondor,head,medium,0,33,24,-9,4.0,2.5,Plate,Chainmail,CHANGED
gondor\head_armors.xml,gondor_lamedon_helmet_4_b,[Gondor] Lamedon Helmet IV - Side Feathers,gondor,head,medium,1,34,25,-9,4.0,2.5,Plate,Chainmail,CHANGED
gondor\head_armors.xml,gondor_lamedon_helmet_4_c,[Gondor] Lamedon Helmet IV - Back Feathers,gondor,head,medium,2,34,26,-8,4.0,2.5,Plate,Chainmail,CHANGED
gondor\head_armors.xml,pg_helmet_4,[Gondor] Pinnath Gelin Helmet I,gondor,head,medium,0,33,24,-9,4.0,2.5,Plate,Chainmail,CHANGED
gondor\head_armors.xml,pg_helmet_4_coif,[Gondor] Pinnath Gelin Helmet I - Coif,gondor,head,heavy,0,36,32,-4,4.0,3.5,Plate,Plate,CHANGED
gondor\head_armors.xml,gondor_generic_helmet_5_a,[Gondor] Generic Helmet I,gondor,head,medium,0,30,24,-6,4.0,2.5,Plate,Chainmail,CHANGED
gondor\head_armors.xml,gondor_generic_helmet_5_b,[Gondor] Generic Helmet II,gondor,head,heavy,1,36,33,-3,4.0,3.5,Plate,Plate,CHANGED
gondor\head_armors.xml,gondor_generic_helmet_5_a_coif,[Gondor] Generic Helmet I - Coif,gondor,head,heavy,0,36,32,-4,4.0,3.5,Plate,Plate,CHANGED
gondor\head_armors.xml,gondor_generic_helmet_5_b_coif,[Gondor] Generic Helmet I - Coif,gondor,head,heavy,0,36,32,-4,4.0,3.5,Plate,Plate,CHANGED
gondor\head_armors.xml,pelargirmarine_helmet_6_a,[Gondor] Pelargir Helmet I,gondor,head,medium,0,30,24,-6,4.0,2.5,Plate,Chainmail,CHANGED
gondor\head_armors.xml,pelargirmarine_helmet_6_a_plume,[Gondor] Pelargir Helmet I - Plume,gondor,head,medium,0,30,24,-6,4.0,2.5,Plate,Chainmail,CHANGED
gondor\head_armors.xml,pelargirmarine_helmet_6_a_coif,[Gondor] Pelargir Marine Helmet I - Coif,gondor,head,heavy,0,37,32,-5,4.0,3.5,Plate,Plate,CHANGED
gondor\head_armors.xml,pelargirmarine_helmet_6_a_coif_plume,[Gondor] Pelargir Helmet I - Coif - Plume,gondor,head,medium,0,35,24,-11,4.0,2.5,Plate,Chainmail,CHANGED
gondor\head_armors.xml,pelargirmarine_helmet_6_b,[Gondor] Pelargir Helmet II,gondor,head,medium,1,30,25,-5,4.0,2.5,Plate,Chainmail,CHANGED
gondor\head_armors.xml,pelargirmarine_helmet_6_b_plume,[Gondor] Pelargir Helmet II - Plume,gondor,head,medium,0,30,24,-6,4.0,2.5,Plate,Chainmail,CHANGED
gondor\head_armors.xml,pelargirmarine_helmet_6_b_coif,[Gondor] Pelargir Helmet II - Coif,gondor,head,heavy,0,37,32,-5,4.0,3.5,Plate,Plate,CHANGED
gondor\head_armors.xml,pelargirmarine_helmet_6_b_coif_plume,[Gondor] Pelargir Helmet II - Coif - Plume,gondor,head,medium,0,35,24,-11,4.0,2.5,Plate,Chainmail,CHANGED
gondor\head_armors.xml,ga_helmet021,[Gondor] Regular Helmet,gondor,head,light,0,22,15,-7,4.0,1.5,Plate,Leather,CHANGED
gondor\head_armors.xml,ga_helmet022,[Gondor] Officer Helmet,gondor,head,light,0,22,15,-7,4.0,1.5,Plate,Leather,CHANGED
gondor\head_armors.xml,swanknight_helmet_a,[Gondor] Swan Knight Helmet I,gondor,head,elite,0,25,40,15,4.0,4.5,Plate,Plate,CHANGED
gondor\head_armors.xml,swanknight_helmet_b,[Gondor] Swan Knight Helmet II,gondor,head,elite,1,27,41,14,4.0,4.5,Plate,Plate,CHANGED
gondor\head_armors.xml,swanknight_helmet_c,[Gondor] Swan Knight Helmet III,gondor,head,elite,2,29,42,13,4.0,4.5,Plate,Plate,CHANGED
gondor\head_armors.xml,forlong_helmet,[Gondor] Forlong's Helmet,gondor,head,lord,0,50,48,-2,5.0,5.0,Plate,Plate,CHANGED
gondor\head_armors.xml,lrd_gondor_marines_1_helmet,[Gondor] Pelargir Marine Helmet I,gondor,head,medium,0,30,24,-6,5.0,2.5,Plate,Chainmail,CHANGED
gondor\head_armors.xml,lrd_gondor_marines_2_helmet,[Gondor] Pelargir Marine Helmet II,gondor,head,medium,0,28,24,-4,5.0,2.5,Plate,Chainmail,CHANGED
gondor\head_armors.xml,lrd_gondor_marines_3_helmet,[Gondor] Pelargir Marine Helmet III,gondor,head,light,0,25,15,-10,5.0,1.5,Plate,Leather,CHANGED
gondor\head_armors.xml,dol_amroth_helmet_basic,[Gondor] Dol Amroth Basic Helmet,gondor,head,light,0,21,15,-6,5.0,1.5,Plate,Leather,CHANGED
gondor\head_armors.xml,dol_amroth_helmet_basic_mask,[Gondor] Dol Amroth Basic Helmet Mask,gondor,head,light,0,22,15,-7,5.0,1.5,Plate,Leather,CHANGED
gondor\head_armors.xml,dol_amroth_helmet_elite,[Gondor] Dol Amroth Elite Helmet,gondor,head,elite,0,24,40,16,5.0,4.5,Plate,Plate,CHANGED
gondor\head_armors.xml,dol_amroth_helmet_elite_mask,[Gondor] Dol Amroth Elite Helmet Mask,gondor,head,elite,0,25,40,15,5.0,4.5,Plate,Plate,CHANGED
gondor\head_armors.xml,dol_amroth_helmet_swan,[Gondor] Dol Amroth Swan Helmet,gondor,head,medium,0,28,24,-4,5.0,2.5,Plate,Chainmail,CHANGED
gondor\head_armors.xml,dol_amroth_helmet_swan_mask,[Gondor] Dol Amroth Swan Helmet Mask,gondor,head,medium,0,30,24,-6,5.0,2.5,Plate,Chainmail,CHANGED
gondor\head_armors.xml,swan_knight_helmet_winged,[Gondor] Swan Knight Winged Helmet,gondor,head,elite,0,35,40,5,5.0,4.5,Plate,Plate,CHANGED
gondor\head_armors.xml,swan_knight_helmet_winged_mask,[Gondor] Swan Knight Winged Helmet Mask,gondor,head,elite,0,38,40,2,5.0,4.5,Plate,Plate,CHANGED
gondor\body_armors.xml,citidel_guard_armor1,[Gondor] Armour IV,gondor,body,elite,0,50,50,0,17.5,22.0,Plate,Plate,CHANGED
gondor\body_armors.xml,citidel_guard_armor2,[Gondor] Armour I,gondor,body,elite,0,50,50,0,17.5,22.0,Plate,Plate,CHANGED
gondor\body_armors.xml,citidel_guard_armor3,[Gondor] Armour III,gondor,body,elite,0,50,50,0,17.5,22.0,Plate,Plate,CHANGED
gondor\body_armors.xml,citidel_guard_armor4,[Gondor] Citadel Armour IV,gondor,body,elite,0,50,50,0,17.5,22.0,Plate,Plate,CHANGED
gondor\body_armors.xml,faramir_armor,[Gondor] Faramir's Armour,gondor,body,lord,0,35,60,25,10.5,24.0,Plate,Plate,CHANGED
gondor\body_armors.xml,faramir_armor_slim,[Gondor] Faramir's Armour - Slim,gondor,body,lord,0,35,60,25,10.5,24.0,Plate,Plate,CHANGED
gondor\body_armors.xml,ithilien_jerkin_long,[Gondor] Ithilien Jerkin - Long,gondor,body,civilian,0,30,5,-25,8.5,3.0,Leather,Cloth,CHANGED
gondor\body_armors.xml,ithilien_jerkin_long_slim,[Gondor] Ithilien Jerkin - Long - Slim,gondor,body,civilian,0,30,5,-25,8.5,3.0,Leather,Cloth,CHANGED
gondor\body_armors.xml,ithilien_jerkin_long_var,[Gondor] Ithilien Jerkin - Long - Two,gondor,body,civilian,0,25,5,-20,8.5,3.0,Leather,Cloth,CHANGED
gondor\body_armors.xml,ithilien_jerkin_long_var_slim,[Gondor] Ithilien Jerkin - Long - Slim - Two,gondor,body,civilian,0,25,5,-20,8.5,3.0,Leather,Cloth,CHANGED
gondor\body_armors.xml,ithilien_jerkin_short,[Gondor] Ithilien Jerkin - Short,gondor,body,civilian,0,20,5,-15,8.5,3.0,Leather,Cloth,CHANGED
gondor\body_armors.xml,ithilien_jerkin_short_slim,[Gondor] Ithilien Jerkin - Short - Slim,gondor,body,civilian,0,20,5,-15,8.5,3.0,Leather,Cloth,CHANGED
gondor\body_armors.xml,ithilien_jerkin_short_var,[Gondor] Ithilien Jerkin - Short - Two,gondor,body,civilian,0,20,5,-15,8.5,3.0,Leather,Cloth,CHANGED
gondor\body_armors.xml,ithilien_jerkin_short_var_slim,[Gondor] Ithilien Jerkin - Short - Slim Two,gondor,body,civilian,0,20,5,-15,8.5,3.0,Leather,Cloth,CHANGED
gondor\body_armors.xml,gond_tab_9ld,[Gondor] Chainmail - Tabard,gondor,body,medium,0,25,32,7,10.5,13.0,Chainmail,Chainmail,CHANGED
gondor\body_armors.xml,gondor_king_armor,[Gondor] King's Armour,gondor,body,lord,0,50,60,10,17.5,24.0,Plate,Plate,CHANGED
gondor\body_armors.xml,gondor_nobke_armor,[Gondor] Noble Armour,gondor,body,elite,0,50,50,0,17.5,22.0,Plate,Plate,CHANGED
gondor\body_armors.xml,gondor_chainmaila,[Gondor] Chainmail I,gondor,body,medium,0,13,32,19,12.0,13.0,Chainmail,Chainmail,CHANGED
gondor\body_armors.xml,fountain_armor3,[Gondor] Fountain Guard Armour I,gondor,body,elite,0,50,50,0,17.5,22.0,Plate,Plate,CHANGED
gondor\body_armors.xml,fountain_armor2,[Gondor] Fountain Guard Armour II,gondor,body,elite,0,50,50,0,17.5,22.0,Plate,Plate,CHANGED
gondor\body_armors.xml,fountain_armor1,[Gondor] Fountain Guard Armour III,gondor,body,elite,0,50,50,0,17.5,22.0,Plate,Plate,CHANGED
gondor\body_armors.xml,cts_gondor_armor1,[Gondor] Lamedon Chainmail Armour,gondor,body,medium,0,20,32,12,9.5,13.0,Chainmail,Chainmail,CHANGED
gondor\body_armors.xml,cts_gondor_armor2,[Gondor] Lamedon Leather Armour,gondor,body,light,0,10,20,10,5.5,8.0,Leather,Leather,CHANGED
gondor\body_armors.xml,cts_gondor_armor3,[Gondor] Lamedon Cloth Armour,gondor,body,light,0,8,20,12,3.5,8.0,Cloth,Leather,CHANGED
gondor\body_armors.xml,lossarnach_armor_heavy,[Gondor] Lossarnach Heavy Armor I,gondor,body,heavy,0,25,42,17,13.0,18.0,Plate,Plate,CHANGED
gondor\body_armors.xml,lossarnach_coat,[Gondor] Lossarnach Coat I,gondor,body,civilian,0,10,5,-5,13.0,3.0,Plate,Cloth,CHANGED
gondor\body_armors.xml,lossarnach_light,[Gondor] Lossarnach Light Armor  I,gondor,body,light,0,15,20,5,13.0,8.0,Plate,Leather,CHANGED
gondor\body_armors.xml,lossarnach_medium_armor,[Gondor] Lossarnach Medium Armor  I,gondor,body,medium,0,18,32,14,13.0,13.0,Plate,Chainmail,CHANGED
gondor\body_armors.xml,rgva_chest_ver1,[Gondor] Ringlo Vale Armor  I,gondor,body,light,0,18,20,2,13.0,8.0,Plate,Leather,CHANGED
gondor\body_armors.xml,rgva_chest_ver2,[Gondor] Ringlo Vale Armor  II,gondor,body,light,0,21,20,-1,13.0,8.0,Plate,Leather,CHANGED
gondor\body_armors.xml,rgva_chest_ver3,[Gondor] Ringlo Vale Armor  III,gondor,body,light,0,23,20,-3,13.0,8.0,Plate,Leather,CHANGED
gondor\body_armors.xml,imrahil_body,[Gondor] Imrahil's Armour,gondor,body,lord,0,50,60,10,17.5,24.0,Plate,Plate,CHANGED
gondor\body_armors.xml,golasgil_body,[Gondor] Golasgil's Armour,gondor,body,lord,0,50,60,10,17.5,24.0,Plate,Plate,CHANGED
gondor\body_armors.xml,sk_gondor_lossarnach_chest_a,[Gondor] Lossarnach Chainmail Armour,gondor,body,medium,0,20,32,12,9.5,13.0,Chainmail,Chainmail,CHANGED
gondor\body_armors.xml,hirluin_body,[Gondor] Hirluin's Armour,gondor,body,lord,0,50,60,10,15.5,24.0,Plate,Plate,CHANGED
gondor\body_armors.xml,angbor_body,[Gondor] Angbor's Armour,gondor,body,lord,0,50,60,10,15.5,24.0,Plate,Plate,CHANGED
gondor\body_armors.xml,swanknight_cuirass_a,[Gondor] Swan Knight Cuirass I,gondor,body,elite,0,25,50,25,13.0,22.0,Plate,Plate,CHANGED
gondor\body_armors.xml,swanknight_cuirass_c,[Gondor] Swan Knight Armour I,gondor,body,elite,2,25,52,27,13.0,22.0,Plate,Plate,CHANGED
gondor\body_armors.xml,swanknight_cuirass_e,[Gondor] Swan Knight Armour III,gondor,body,elite,4,25,54,29,13.0,22.0,Plate,Plate,CHANGED
gondor\body_armors.xml,boromir_armor,[Gondor] Boromir's Armour,gondor,body,lord,0,35,60,25,13.0,24.0,Plate,Plate,CHANGED
gondor\body_armors.xml,boromir_jerkin,[Gondor] Boromir's Jerkin,gondor,body,civilian,0,20,5,-15,7.0,3.0,Plate,Cloth,CHANGED
gondor\body_armors.xml,gondor_noble_coat_a,[Gondor] Noble Coat A,gondor,body,civilian,0,5,5,0,2.0,3.0,Plate,Cloth,CHANGED
gondor\body_armors.xml,gondor_noble_coat_b,[Gondor] Noble Coat B,gondor,body,civilian,1,5,6,1,2.0,3.0,Plate,Cloth,CHANGED
gondor\body_armors.xml,gondor_noble_jerkin_a,[Gondor] Noble Jerkin A,gondor,body,civilian,0,10,5,-5,2.0,3.0,Plate,Cloth,CHANGED
gondor\body_armors.xml,gondor_noble_jerkin_b,[Gondor] Noble Jerkin B,gondor,body,civilian,1,10,6,-4,2.0,3.0,Plate,Cloth,CHANGED
gondor\body_armors.xml,forlong_body,[Gondor] Forlong's Armour,gondor,body,lord,0,50,60,10,17.5,24.0,Plate,Plate,CHANGED
gondor\body_armors.xml,pg_spearman_armor_01,[Gondor] Pinneth Gelin Armour I,gondor,body,light,0,25,20,-5,10.5,8.0,Plate,Leather,CHANGED
gondor\body_armors.xml,pg_spearman_armor_02,[Gondor] Pinneth Gelin Armour II,gondor,body,light,0,25,20,-5,10.5,8.0,Plate,Leather,CHANGED
gondor\body_armors.xml,pg_spearman_armor_03,[Gondor] Pinneth Gelin Armour III,gondor,body,light,0,25,20,-5,10.5,8.0,Plate,Leather,CHANGED
gondor\body_armors.xml,lrd_gondor_marines_1_armour,[Gondor] Pelargir Armour I,gondor,body,light,0,20,20,0,5.5,8.0,Plate,Leather,CHANGED
gondor\body_armors.xml,lrd_marines_gondor_2_armour,[Gondor] Pelargir Armour II,gondor,body,light,0,18,20,2,5.5,8.0,Plate,Leather,CHANGED
gondor\body_armors.xml,lrd_gondor_marines_3_armour,[Gondor] Pelargir Armour III,gondor,body,light,0,18,20,2,3.5,8.0,Plate,Leather,CHANGED
gondor\body_armors.xml,dol_amroth_armor_a2,[Gondor] Dol Amroth Chestplate Tabard II,gondor,body,light,0,25,20,-5,12.0,8.0,Plate,Leather,CHANGED
gondor\body_armors.xml,dol_amroth_armor_a3,[Gondor] Dol Amroth Chestplate Tabard III,gondor,body,light,0,25,20,-5,12.0,8.0,Plate,Leather,CHANGED
gondor\body_armors.xml,dol_amroth_armor_b1,[Gondor] Dol Amroth Chestplate I,gondor,body,light,1,20,21,1,12.0,8.0,Plate,Leather,CHANGED
gondor\body_armors.xml,dol_amroth_armor_b2,[Gondor] Dol Amroth Chestplate II,gondor,body,light,1,20,21,1,12.0,8.0,Plate,Leather,CHANGED
gondor\body_armors.xml,dol_amroth_armor_b3,[Gondor] Dol Amroth Chestplate III,gondor,body,light,1,20,21,1,12.0,8.0,Plate,Leather,CHANGED
gondor\body_armors.xml,swan_knight_armor_tabard2_t3,[Gondor] Swan Knight Armor Tabard II T3,gondor,body,elite,0,40,50,10,12.0,22.0,Plate,Plate,CHANGED
gondor\body_armors.xml,swan_knight_armor_tabard1_t3,[Gondor] Swan Knight Armor Tabard I T3,gondor,body,elite,0,40,50,10,12.0,22.0,Plate,Plate,CHANGED
gondor\body_armors.xml,swan_knight_armor_2b_t3,[Gondor] Swan Knight Armor 2B T3,gondor,body,elite,0,40,50,10,12.0,22.0,Plate,Plate,CHANGED
gondor\body_armors.xml,swan_knight_armor_1b_t3,[Gondor] Swan Knight Armor 1B T3,gondor,body,elite,0,40,50,10,12.0,22.0,Plate,Plate,CHANGED
gondor\body_armors.xml,swan_knight_armor_2a_t3,[Gondor] Swan Knight Armor 2A T3,gondor,body,elite,0,40,50,10,12.0,22.0,Plate,Plate,CHANGED
gondor\body_armors.xml,swan_knight_armor_1a_t3,[Gondor] Swan Knight Armor 1A T3,gondor,body,elite,0,40,50,10,12.0,22.0,Plate,Plate,CHANGED
gondor\body_armors.xml,swan_knight_armor_tabard2_t2,[Gondor] Swan Knight Armor Tabard II T2,gondor,body,elite,0,38,50,12,12.0,22.0,Plate,Plate,CHANGED
gondor\body_armors.xml,swan_knight_armor_tabard1_t2,[Gondor] Swan Knight Armor Tabard I T2,gondor,body,elite,0,38,50,12,12.0,22.0,Plate,Plate,CHANGED
gondor\body_armors.xml,swan_knight_armor_2b_t2,[Gondor] Swan Knight Armor 2B T2,gondor,body,elite,0,38,50,12,12.0,22.0,Plate,Plate,CHANGED
gondor\body_armors.xml,swan_knight_armor_1b_t2,[Gondor] Swan Knight Armor 1B T2,gondor,body,elite,0,38,50,12,12.0,22.0,Plate,Plate,CHANGED
gondor\body_armors.xml,swan_knight_armor_2a_t2,[Gondor] Swan Knight Armor 2A T2,gondor,body,elite,0,38,50,12,12.0,22.0,Plate,Plate,CHANGED
gondor\body_armors.xml,swan_knight_armor_1a_t2,[Gondor] Swan Knight Armor 1A T2,gondor,body,elite,0,38,50,12,12.0,22.0,Plate,Plate,CHANGED
gondor\body_armors.xml,swan_knight_armor_tabard2_t1,[Gondor] Swan Knight Armor Tabard II T1,gondor,body,elite,0,36,50,14,12.0,22.0,Plate,Plate,CHANGED
gondor\body_armors.xml,swan_knight_armor_tabard1_t1,[Gondor] Swan Knight Armor Tabard I T1,gondor,body,elite,0,36,50,14,12.0,22.0,Plate,Plate,CHANGED
gondor\body_armors.xml,swan_knight_armor_2b_t1,[Gondor] Swan Knight Armor 2B T1,gondor,body,elite,0,36,50,14,12.0,22.0,Plate,Plate,CHANGED
gondor\body_armors.xml,swan_knight_armor_1b_t1,[Gondor] Swan Knight Armor 1B T1,gondor,body,elite,0,36,50,14,12.0,22.0,Plate,Plate,CHANGED
gondor\body_armors.xml,swan_knight_armor_2a_t1,[Gondor] Swan Knight Armor 2A T1,gondor,body,elite,0,36,50,14,12.0,22.0,Plate,Plate,CHANGED
gondor\body_armors.xml,swan_knight_armor_1a_t1,[Gondor] Swan Knight Armor 1A T1,gondor,body,elite,0,36,50,14,12.0,22.0,Plate,Plate,CHANGED
gondor\arm_armors.xml,citidel_guard_bracers,[Gondor] Bracers I,gondor,arm,elite,0,25,26,1,1.5,2.0,Plate,Plate,CHANGED
gondor\arm_armors.xml,citidel_guard_bracers_shield,[Gondor] Bracers I - Shield,gondor,arm,elite,0,25,26,1,1.5,2.0,Plate,Plate,CHANGED
gondor\arm_armors.xml,citidel_guard_gloves,[Gondor] Leather Gloves,gondor,arm,elite,0,10,26,16,0.6,2.0,Leather,Plate,CHANGED
gondor\arm_armors.xml,faramir_bracers,[Gondor] Faramir's Bracers,gondor,arm,lord,0,20,32,12,1.5,2.5,Plate,Plate,CHANGED
gondor\arm_armors.xml,ithilien_bracers,[Gondor] Ithilien Bracers,gondor,arm,light,0,15,8,-7,1.5,0.6,Leather,Leather,CHANGED
gondor\arm_armors.xml,gondor_king_bracers,[Gondor] King's Bracers,gondor,arm,lord,0,25,32,7,1.5,2.5,Plate,Plate,CHANGED
gondor\arm_armors.xml,gondor_nobke_bracers,[Gondor] Noble Bracers,gondor,arm,light,0,25,8,-17,1.5,0.6,Plate,Leather,CHANGED
gondor\arm_armors.xml,golasgil_gloves,[Gondor] Golasgil's Bracers,gondor,arm,lord,0,35,32,-3,1.5,2.5,Plate,Plate,CHANGED
gondor\arm_armors.xml,imrahil_gloves,[Gondor] Imrahil's Bracers,gondor,arm,lord,0,35,32,-3,1.5,2.5,Plate,Plate,CHANGED
gondor\arm_armors.xml,hirluin_gloves,[Gondor] Hirluin's Bracers,gondor,arm,lord,0,35,32,-3,1.5,2.5,Plate,Plate,CHANGED
gondor\arm_armors.xml,angbor_gloves,[Gondor] Angbor's Bracers,gondor,arm,lord,0,35,32,-3,1.5,2.5,Plate,Plate,CHANGED
gondor\arm_armors.xml,swanknight_gloves,[Gondor] Swan Knight Gauntlets,gondor,arm,elite,0,40,26,-14,2.0,2.0,Plate,Plate,CHANGED
gondor\arm_armors.xml,boromir_gloves,[Gondor] Boromir's Gloves,gondor,arm,lord,0,25,32,7,2.0,2.5,Plate,Plate,CHANGED
gondor\arm_armors.xml,forlong_gloves,[Gondor] Forlong's Gloves,gondor,arm,lord,0,35,32,-3,1.5,2.5,Plate,Plate,CHANGED
gondor\arm_armors.xml,pg_spearman_glove,[Gondor] Pinneth Gelin Leather Gloves,gondor,arm,light,0,12,8,-4,1.5,0.6,Leather,Leather,CHANGED
gondor\arm_armors.xml,lrd_marines_gondor_1_gloves,[Gondor] Pelargir Leather Gloves I,gondor,arm,light,0,12,8,-4,1.5,0.6,Leather,Leather,CHANGED
gondor\arm_armors.xml,lrd_marines_gondor_2_gloves,[Gondor] Pelargir Leather Gloves II,gondor,arm,light,0,16,8,-8,1.5,0.6,Leather,Leather,CHANGED
gondor\arm_armors.xml,lrd_marines_gondor_3_gloves,[Gondor] Pelargir Leather Gloves III,gondor,arm,light,0,16,8,-8,1.5,0.6,Leather,Leather,CHANGED
gondor\arm_armors.xml,swan_bracer_a,[Gondor] Swan Bracer A,gondor,arm,light,0,16,8,-8,1.5,0.6,Plate,Leather,CHANGED
gondor\arm_armors.xml,swan_bracer_b,[Gondor] Swan Bracer B,gondor,arm,light,1,16,9,-7,1.5,0.6,Plate,Leather,CHANGED
gondor\arm_armors.xml,swan_bracer_reinforced_a,[Gondor] Swan Reinforced Bracer A,gondor,arm,light,0,25,8,-17,1.5,0.6,Plate,Leather,CHANGED
gondor\arm_armors.xml,swan_bracer_reinforced_b,[Gondor] Swan Reinforced Bracer B,gondor,arm,light,1,25,9,-16,1.5,0.6,Plate,Leather,CHANGED
gondor\arm_armors.xml,swan_gauntlet_b,[Gondor] Swan Gauntlet B,gondor,arm,medium,1,30,15,-15,1.5,1.0,Plate,Chainmail,CHANGED
gondor\arm_armors.xml,swan_gauntlet_a,[Gondor] Swan Gauntlet A,gondor,arm,medium,0,30,14,-16,1.5,1.0,Plate,Chainmail,CHANGED
gondor\leg_armors.xml,gondor_boots,[Gondor] Plate Boots,gondor,leg,medium,0,26,20,-6,3.6,2.5,Plate,Chainmail,CHANGED
gondor\leg_armors.xml,citidel_guard_boots,[Gondor] Plate Boots,gondor,leg,elite,0,26,34,8,3.6,4.0,Plate,Plate,CHANGED
gondor\leg_armors.xml,citidel_guard_boots_light,[Gondor] Leather Boots,gondor,leg,elite,0,26,34,8,2.6,4.0,Leather,Plate,CHANGED
gondor\leg_armors.xml,fountain_guard_boots,[Gondor] Plate Boots,gondor,leg,medium,0,26,20,-6,4.6,2.5,Plate,Chainmail,CHANGED
gondor\leg_armors.xml,ithilien_boots_heavy,[Gondor] Ithilien Heavy Leather Boots,gondor,leg,heavy,0,20,28,8,1.9,3.5,Leather,Plate,CHANGED
gondor\leg_armors.xml,ithilien_boots,[Gondor] Ithilien Leather Boots,gondor,leg,light,0,15,12,-3,1.6,1.5,Leather,Leather,CHANGED
gondor\leg_armors.xml,gond_bts_lth_ld,[Gondor] Leather Boots,gondor,leg,light,0,15,12,-3,1.6,1.5,Leather,Leather,CHANGED
gondor\leg_armors.xml,gond_bts_plt_b_ld,[Gondor] Plate Boots Two,gondor,leg,light,0,20,12,-8,1.6,1.5,Plate,Leather,CHANGED
gondor\leg_armors.xml,gondor_king_boots,[Gondor] King's Boots,gondor,leg,lord,0,26,40,14,3.6,4.5,Plate,Plate,CHANGED
gondor\leg_armors.xml,gondor_nobke_boots,[Gondor] Noble Boots,gondor,leg,medium,0,26,20,-6,3.6,2.5,Plate,Chainmail,CHANGED
gondor\leg_armors.xml,imrahil_boot,[Gondor] Imrahil's Boots,gondor,leg,lord,0,45,40,-5,3.6,4.5,Plate,Plate,CHANGED
gondor\leg_armors.xml,golasgil_boots,[Gondor]Golasgil's Boots,gondor,leg,lord,0,40,40,0,3.6,4.5,Plate,Plate,CHANGED
gondor\leg_armors.xml,sk_gondor_lossarnach_boots_a,[Gondor] Leather Boots,gondor,leg,light,0,10,12,2,2.6,1.5,Leather,Leather,CHANGED
gondor\leg_armors.xml,cts_gondor_boot,[Gondor] Lamedon Leather Boots,gondor,leg,light,0,10,12,2,2.6,1.5,Leather,Leather,CHANGED
gondor\leg_armors.xml,hirluin_boots,[Gondor] Hirluin's Boots,gondor,leg,lord,0,40,40,0,3.6,4.5,Plate,Plate,CHANGED
gondor\leg_armors.xml,angbor_boots,[Gondor] Angbor's Boots,gondor,leg,lord,0,40,40,0,3.6,4.5,Plate,Plate,CHANGED
gondor\leg_armors.xml,swanknight_boots_a,[Gondor] Swan Knight Leather Boots,gondor,leg,elite,0,16,34,18,1.6,4.0,Plate,Plate,CHANGED
gondor\leg_armors.xml,swanknight_boots_b,[Gondor] Swan Knight Plate Boots,gondor,leg,elite,1,12,35,23,1.6,4.0,Plate,Plate,CHANGED
gondor\leg_armors.xml,boromir_boots,[Gondor] Boromir's Boots,gondor,leg,lord,0,16,40,24,1.6,4.5,Plate,Plate,CHANGED
gondor\leg_armors.xml,forlong_boots,[Gondor] Forlong's Boots,gondor,leg,lord,0,45,40,-5,3.6,4.5,Plate,Plate,CHANGED
gondor\leg_armors.xml,pg_spearman_boots,[Gondor] Pinneth Gelin Leather Boots,gondor,leg,light,0,15,12,-3,3.6,1.5,Leather,Leather,CHANGED
gondor\leg_armors.xml,lrd_marines_gondor_1_boots,[Gondor] Pelargir Marine Leather Boots,gondor,leg,light,0,15,12,-3,3.6,1.5,Leather,Leather,CHANGED
gondor\leg_armors.xml,swan_knight_basic_boots,[Gondor] Swan Knight Basic Boots,gondor,leg,elite,0,15,34,19,3.6,4.0,Leather,Plate,CHANGED
gondor\leg_armors.xml,swan_knight_greaves_a,[Gondor] Swan Knight Greaves A,gondor,leg,elite,0,25,34,9,3.6,4.0,Plate,Plate,CHANGED
gondor\leg_armors.xml,swan_knight_greaves_a_full,[Gondor] Swan Knight Greaves A Full,gondor,leg,elite,0,35,34,-1,3.6,4.0,Plate,Plate,CHANGED
gondor\leg_armors.xml,swan_knight_greaves_b_full,[Gondor] Swan Knight Greaves B Full,gondor,leg,elite,0,35,34,-1,3.6,4.0,Plate,Plate,CHANGED
gondor\leg_armors.xml,swan_knight_greaves_a_sabatons,[Gondor] Swan Knight Greaves A Sabatons,gondor,leg,elite,0,45,34,-11,3.6,4.0,Plate,Plate,CHANGED
gondor\leg_armors.xml,swan_knight_greaves_b_sabatons,[Gondor] Swan Knight Greaves B Sabatons,gondor,leg,elite,0,45,34,-11,3.6,4.0,Plate,Plate,CHANGED
gondor\shoulder_armors.xml,gondor_pauldrons,[Gondor] Shoulder Armor,gondor,shoulder,civilian,0,10,2,-8,9.0,1.0,Plate,Cloth,CHANGED
gondor\shoulder_armors.xml,citidel_guard_armor_pauldrons_light,[Gondor] Light Pauldrons,gondor,shoulder,elite,0,12,15,3,10.0,9.0,Plate,Plate,CHANGED
gondor\shoulder_armors.xml,lossarnach_pauldrons,[Gondor] Lossarnach Pauldrons I,gondor,shoulder,civilian,0,12,2,-10,10.0,1.0,Plate,Cloth,CHANGED
gondor\shoulder_armors.xml,cts_gondor_pauldrons,[Gondor] Lamedon Pauldrons I,gondor,shoulder,civilian,0,12,2,-10,5.0,1.0,Plate,Cloth,CHANGED
gondor\shoulder_armors.xml,citidel_guard_armor_pauldrons,[Gondor] Pauldrons,gondor,shoulder,elite,0,12,15,3,10.0,9.0,Plate,Plate,CHANGED
gondor\shoulder_armors.xml,fountain_guard_pauldrons,[Gondor] Fountain Guard Pauldrons ,gondor,shoulder,elite,0,14,15,1,10.0,9.0,Plate,Plate,CHANGED
gondor\shoulder_armors.xml,ithilien_cloak,[Gondor] Ithilien Cloak,gondor,shoulder,civilian,0,5,2,-3,0.5,1.0,Cloth,Cloth,CHANGED
gondor\shoulder_armors.xml,ithilien_cloak_var,[Gondor] Ithilien Cloak Two,gondor,shoulder,civilian,0,5,2,-3,0.5,1.0,Cloth,Cloth,CHANGED
gondor\shoulder_armors.xml,gondor_king_pauldrons,[Gondor] King's Pauldrons,gondor,shoulder,lord,0,10,18,8,9.0,11.0,Plate,Plate,CHANGED
gondor\shoulder_armors.xml,gondor_nobke_pauldrons,[Gondor] Noble Pauldrons,gondor,shoulder,civilian,0,10,2,-8,9.0,1.0,Plate,Cloth,CHANGED
gondor\shoulder_armors.xml,gondor_shldr_plt_ld,[Gondor] Shoulder Pauldrons Tabard,gondor,shoulder,civilian,0,10,2,-8,9.0,1.0,Plate,Cloth,CHANGED
gondor\shoulder_armors.xml,fountain_shoulders2,[Gondor] Fountain Guard Pauldrons I,gondor,shoulder,elite,0,14,15,1,10.0,9.0,Plate,Plate,CHANGED
gondor\shoulder_armors.xml,fountain_shoulders3,[Gondor] Fountain Guard Pauldrons II,gondor,shoulder,elite,0,14,15,1,10.0,9.0,Plate,Plate,CHANGED
gondor\shoulder_armors.xml,fountain_shoulders1,[Gondor] Fountain Guard Pauldrons III,gondor,shoulder,elite,0,12,15,3,10.0,9.0,Plate,Plate,CHANGED
gondor\shoulder_armors.xml,imrahil_shoulder,[Gondor] Imrahil's Pauldrons,gondor,shoulder,lord,0,20,18,-2,10.0,11.0,Plate,Plate,CHANGED
gondor\shoulder_armors.xml,golasgil_shoulder,[Gondor] Golasgil's Pauldrons,gondor,shoulder,lord,0,20,18,-2,10.0,11.0,Plate,Plate,CHANGED
gondor\shoulder_armors.xml,hirluin_shoulder,[Gondor] Hirluin's Pauldrons,gondor,shoulder,lord,0,20,18,-2,5.0,11.0,Plate,Plate,CHANGED
gondor\shoulder_armors.xml,angbor_shoulder,[Gondor] Angbor's Pauldrons,gondor,shoulder,lord,0,25,18,-7,5.0,11.0,Plate,Plate,CHANGED
gondor\shoulder_armors.xml,swanknight_shoulders_a,[Gondor] Swan Knight Pauldrons,gondor,shoulder,elite,0,25,15,-10,4.0,9.0,Plate,Plate,CHANGED
gondor\shoulder_armors.xml,swanknight_shoulders_b,[Gondor] Swan Knight Pauldrons II,gondor,shoulder,elite,1,25,16,-9,4.0,9.0,Plate,Plate,CHANGED
gondor\shoulder_armors.xml,boromir_pauldrons,[Gondor] Boromir's Pauldrons,gondor,shoulder,lord,0,25,18,-7,4.0,11.0,Plate,Plate,CHANGED
gondor\shoulder_armors.xml,boromir_cloak,[Gondor] Boromir's Cloak,gondor,shoulder,lord,0,10,18,8,4.0,11.0,Plate,Plate,CHANGED
gondor\shoulder_armors.xml,forlong_shoulder,[Gondor] Forlong's Cloak,gondor,shoulder,lord,0,25,18,-7,5.0,11.0,Plate,Plate,CHANGED
gondor\shoulder_armors.xml,swan_knight_pauldrons_a1,[Gondor] Swan Knight Pauldrons I,gondor,shoulder,elite,0,30,15,-15,5.0,9.0,Plate,Plate,CHANGED
gondor\shoulder_armors.xml,swan_knight_pauldrons_a2,[Gondor] Swan Knight Pauldrons II,gondor,shoulder,elite,0,22,15,-7,5.0,9.0,Plate,Plate,CHANGED
gondor\shoulder_armors.xml,swan_knight_pauldrons_a3,[Gondor] Swan Knight Pauldrons III,gondor,shoulder,elite,0,20,15,-5,5.0,9.0,Plate,Plate,CHANGED
gondor\shoulder_armors.xml,swan_knight_pauldrons_b1,[Gondor] Swan Knight Pauldrons B1,gondor,shoulder,elite,1,30,16,-14,5.0,9.0,Plate,Plate,CHANGED
gondor\shoulder_armors.xml,swan_knight_pauldrons_b2,[Gondor] Swan Knight Pauldrons B2,gondor,shoulder,elite,1,24,16,-8,5.0,9.0,Plate,Plate,CHANGED
gondor\shoulder_armors.xml,swan_knight_pauldrons_c1,[Gondor] Swan Knight Pauldrons C1,gondor,shoulder,elite,2,24,17,-7,5.0,9.0,Plate,Plate,CHANGED
gondor\shoulder_armors.xml,swan_knight_pauldrons_c2,[Gondor] Swan Knight Pauldrons C2,gondor,shoulder,elite,2,20,17,-3,5.0,9.0,Plate,Plate,CHANGED
gundabad\head_armors.xml,sk_gb_uruk_helmet_elite_a,[Gundabad] Uruk Elite Helmet I,gundabad,head,elite,0,35,38,3,6.0,5.2,Plate,Plate,CHANGED
gundabad\head_armors.xml,sk_gb_uruk_helmet_elite_b,[Gundabad] Uruk Elite Helmet II,gundabad,head,elite,1,35,39,4,5.0,5.2,Plate,Plate,CHANGED
gundabad\head_armors.xml,sk_gb_uruk_helmet_elite_c,[Gundabad] Uruk Elite Helmet III,gundabad,head,elite,2,35,40,5,6.0,5.2,Plate,Plate,CHANGED
gundabad\head_armors.xml,sk_gb_uruk_helmet_elite_d,[Gundabad] Uruk Elite Helmet IV,gundabad,head,elite,3,40,41,1,7.0,5.2,Plate,Plate,CHANGED
gundabad\head_armors.xml,sk_gb_uruk_helmet_elite_e,[Gundabad] Uruk Elite Helmet V,gundabad,head,elite,4,35,42,7,5.0,5.2,Plate,Plate,CHANGED
gundabad\head_armors.xml,sk_gb_uruk_helmet_elite_f,[Gundabad] Uruk Elite Helmet VII,gundabad,head,elite,5,30,43,13,5.0,5.2,Plate,Plate,CHANGED
gundabad\head_armors.xml,sk_gb_uruk_helmet_elite_g,[Gundabad] Uruk Elite Helmet VIII,gundabad,head,elite,0,30,38,8,5.0,5.2,Plate,Plate,CHANGED
gundabad\head_armors.xml,sk_gb_uruk_helmet_elite_h,[Gundabad] Uruk Elite Helmet IX,gundabad,head,elite,0,35,38,3,5.0,5.2,Plate,Plate,CHANGED
gundabad\head_armors.xml,sk_gb_uruk_helmet_heavy_a,[Gundabad] Uruk Heavy Helmet I,gundabad,head,heavy,0,30,30,0,5.0,4.0,Plate,Plate,CHANGED
gundabad\head_armors.xml,sk_gb_uruk_helmet_heavy_b,[Gundabad] Uruk Heavy Helmet II,gundabad,head,heavy,1,30,31,1,5.0,4.0,Plate,Plate,CHANGED
gundabad\head_armors.xml,sk_gb_uruk_helmet_heavy_c,[Gundabad] Uruk Heavy Helmet III,gundabad,head,heavy,2,30,32,2,5.0,4.0,Plate,Plate,CHANGED
gundabad\head_armors.xml,sk_gb_uruk_helmet_heavy_d,[Gundabad] Uruk Heavy Helmet IV,gundabad,head,heavy,3,25,33,8,5.0,4.0,Plate,Plate,CHANGED
gundabad\head_armors.xml,sk_gb_uruk_helmet_heavy_e,[Gundabad] Uruk Heavy Helmet V,gundabad,head,heavy,4,25,34,9,5.0,4.0,Plate,Plate,CHANGED
gundabad\head_armors.xml,sk_gb_uruk_helmet_heavy_f,[Gundabad] Uruk Heavy Helmet VI,gundabad,head,heavy,5,30,35,5,5.0,4.0,Plate,Plate,CHANGED
gundabad\head_armors.xml,sk_gb_uruk_helmet_heavy_g,[Gundabad] Uruk Heavy Helmet VII,gundabad,head,heavy,0,30,30,0,5.0,4.0,Plate,Plate,CHANGED
gundabad\head_armors.xml,sk_gb_uruk_helmet_heavy_h,[Gundabad] Uruk Heavy Helmet VIII,gundabad,head,heavy,0,25,30,5,5.0,4.0,Plate,Plate,CHANGED
gundabad\head_armors.xml,sk_gb_uruk_helmet_heavy_j,[Gundabad] Uruk Heavy Helmet IX,gundabad,head,heavy,0,25,30,5,5.0,4.0,Plate,Plate,CHANGED
gundabad\head_armors.xml,sk_gb_uruk_helmet_heavy_k,[Gundabad] Uruk Heavy Helmet X,gundabad,head,heavy,0,25,30,5,5.0,4.0,Plate,Plate,CHANGED
gundabad\head_armors.xml,sk_gb_uruk_helmet_med_a,[Gundabad] Uruk Medium Helmet I,gundabad,head,medium,0,20,22,2,5.0,2.9,Plate,Chainmail,CHANGED
gundabad\head_armors.xml,sk_gb_uruk_helmet_med_b,[Gundabad] Uruk Medium Helmet II,gundabad,head,medium,1,25,23,-2,5.0,2.9,Plate,Chainmail,CHANGED
gundabad\head_armors.xml,sk_gb_uruk_helmet_med_c,[Gundabad] Uruk Medium Helmet III,gundabad,head,medium,2,25,24,-1,5.0,2.9,Plate,Chainmail,CHANGED
gundabad\head_armors.xml,sk_gb_uruk_helmet_med_d,[Gundabad] Uruk Medium Helmet IV,gundabad,head,medium,3,20,25,5,5.0,2.9,Plate,Chainmail,CHANGED
gundabad\head_armors.xml,sk_gb_uruk_helmet_med_e,[Gundabad] Uruk Medium Helmet V,gundabad,head,medium,4,25,26,1,5.0,2.9,Plate,Chainmail,CHANGED
gundabad\head_armors.xml,sk_gb_uruk_helmet_med_f,[Gundabad] Uruk Medium Helmet VI,gundabad,head,medium,5,25,27,2,5.0,2.9,Plate,Chainmail,CHANGED
gundabad\head_armors.xml,sk_gb_uruk_helmet_med_g,[Gundabad] Uruk Medium Helmet VII,gundabad,head,medium,0,25,22,-3,5.0,2.9,Plate,Chainmail,CHANGED
gundabad\head_armors.xml,sk_gb_uruk_helmet_light_a,[Gundabad] Uruk Light Helmet I,gundabad,head,light,0,15,13,-2,5.0,1.7,Plate,Leather,CHANGED
gundabad\head_armors.xml,sk_gb_uruk_helmet_light_b,[Gundabad] Uruk Light Helmet II,gundabad,head,light,1,15,14,-1,5.0,1.7,Plate,Leather,CHANGED
gundabad\head_armors.xml,sk_gb_uruk_helmet_light_c,[Gundabad] Uruk Light Helmet III,gundabad,head,light,2,15,15,0,5.0,1.7,Plate,Leather,CHANGED
gundabad\head_armors.xml,sk_gb_uruk_helmet_light_d,[Gundabad] Uruk Light Helmet IV,gundabad,head,light,3,15,16,1,5.0,1.7,Plate,Leather,CHANGED
gundabad\body_armors.xml,sk_gb_uruk_chest_elite_a,[Gundabad] Uruk Elite Chest I,gundabad,body,elite,0,35,48,13,15.0,25.3,Plate,Plate,CHANGED
gundabad\body_armors.xml,sk_gb_uruk_chest_elite_b,[Gundabad] Uruk Elite Chest II,gundabad,body,elite,1,35,49,14,15.0,25.3,Plate,Plate,CHANGED
gundabad\body_armors.xml,sk_gb_uruk_chest_elite_c,[Gundabad] Uruk Elite Chest III,gundabad,body,elite,2,35,50,15,15.0,25.3,Plate,Plate,CHANGED
gundabad\body_armors.xml,sk_gb_uruk_chest_elite_d,[Gundabad] Uruk Elite Chest IV,gundabad,body,elite,3,35,51,16,15.0,25.3,Plate,Plate,CHANGED
gundabad\body_armors.xml,sk_gb_uruk_chest_elite_e,[Gundabad] Uruk Elite Chest V,gundabad,body,elite,4,35,52,17,15.0,25.3,Plate,Plate,CHANGED
gundabad\body_armors.xml,sk_gb_uruk_chest_elite_f,[Gundabad] Uruk Elite Chest VI,gundabad,body,elite,5,35,53,18,15.0,25.3,Plate,Plate,CHANGED
gundabad\body_armors.xml,sk_gb_uruk_chest_heavy_a,[Gundabad] Uruk Heavy Chest I,gundabad,body,heavy,0,30,40,10,13.0,20.7,Plate,Plate,CHANGED
gundabad\body_armors.xml,sk_gb_uruk_chest_heavy_b,[Gundabad] Uruk Heavy Chest II,gundabad,body,heavy,1,30,41,11,11.0,20.7,Plate,Plate,CHANGED
gundabad\body_armors.xml,sk_gb_uruk_chest_heavy_c,[Gundabad] Uruk Heavy Chest III,gundabad,body,heavy,2,30,42,12,13.0,20.7,Plate,Plate,CHANGED
gundabad\body_armors.xml,sk_gb_uruk_chest_heavy_d,[Gundabad] Uruk Heavy Chest IV,gundabad,body,heavy,3,30,43,13,13.0,20.7,Plate,Plate,CHANGED
gundabad\body_armors.xml,sk_gb_uruk_chest_heavy_e,[Gundabad] Uruk Heavy Chest V,gundabad,body,heavy,4,30,44,14,13.0,20.7,Plate,Plate,CHANGED
gundabad\body_armors.xml,sk_gb_uruk_chest_heavy_f,[Gundabad] Uruk Heavy Chest VI,gundabad,body,heavy,5,30,45,15,13.0,20.7,Plate,Plate,CHANGED
gundabad\body_armors.xml,sk_gb_uruk_chest_light_a,[Gundabad] Uruk Light Chest I,gundabad,body,light,0,15,18,3,7.0,9.2,Plate,Leather,CHANGED
gundabad\body_armors.xml,sk_gb_uruk_chest_light_b,[Gundabad] Uruk Light Chest II,gundabad,body,light,1,15,19,4,7.0,9.2,Plate,Leather,CHANGED
gundabad\body_armors.xml,sk_gb_uruk_chest_light_c,[Gundabad] Uruk Light Chest III,gundabad,body,light,2,15,20,5,8.0,9.2,Plate,Leather,CHANGED
gundabad\body_armors.xml,sk_gb_uruk_chest_light_d,[Gundabad] Uruk Light Chest IV,gundabad,body,light,3,15,21,6,9.0,9.2,Plate,Leather,CHANGED
gundabad\body_armors.xml,sk_gb_uruk_chest_lord_a,[Gundabad] Uruk Lord Chest I,gundabad,body,lord,0,40,58,18,17.0,27.6,Plate,Plate,CHANGED
gundabad\body_armors.xml,sk_gb_uruk_chest_lord_b,[Gundabad] Uruk Lord Chest II,gundabad,body,lord,1,40,59,19,17.0,27.6,Plate,Plate,CHANGED
gundabad\body_armors.xml,sk_gb_uruk_chest_lord_c,[Gundabad] Uruk Lord Chest III,gundabad,body,lord,2,40,60,20,17.0,27.6,Plate,Plate,CHANGED
gundabad\body_armors.xml,sk_gb_uruk_chest_lord_d,[Gundabad] Uruk Lord Chest IV,gundabad,body,lord,3,45,61,16,17.0,27.6,Plate,Plate,CHANGED
gundabad\body_armors.xml,sk_gb_uruk_chest_lord_e,[Gundabad] Uruk Lord Chest V,gundabad,body,lord,4,45,62,17,17.0,27.6,Plate,Plate,CHANGED
gundabad\body_armors.xml,sk_gb_uruk_chest_lord_f,[Gundabad] Uruk Lord Chest VI,gundabad,body,lord,5,40,63,23,17.0,27.6,Plate,Plate,CHANGED
gundabad\body_armors.xml,sk_gb_uruk_chest_med_a,[Gundabad] Uruk Medium Chest I,gundabad,body,medium,0,20,30,10,10.0,14.9,Plate,Chainmail,CHANGED
gundabad\body_armors.xml,sk_gb_uruk_chest_med_b,[Gundabad] Uruk Medium Chest II,gundabad,body,medium,1,20,31,11,10.0,14.9,Plate,Chainmail,CHANGED
gundabad\body_armors.xml,sk_gb_uruk_chest_med_c,[Gundabad] Uruk Medium Chest III,gundabad,body,medium,2,20,32,12,10.0,14.9,Plate,Chainmail,CHANGED
gundabad\body_armors.xml,sk_gb_uruk_chest_med_d,[Gundabad] Uruk Medium Chest IV,gundabad,body,medium,3,15,33,18,10.0,14.9,Plate,Chainmail,CHANGED
gundabad\body_armors.xml,sk_gb_uruk_chest_med_e,[Gundabad] Uruk Medium Chest V,gundabad,body,medium,4,20,34,14,10.0,14.9,Plate,Chainmail,CHANGED
gundabad\body_armors.xml,sk_gb_uruk_chest_med_f,[Gundabad] Uruk Medium Chest VI,gundabad,body,medium,5,20,35,15,10.0,14.9,Plate,Chainmail,CHANGED
gundabad\arm_armors.xml,sk_gb_uruk_bracer_elite_a,[Gundabad] Elite Bracer I,gundabad,arm,elite,0,35,24,-11,1.5,2.3,Plate,Plate,CHANGED
gundabad\arm_armors.xml,sk_gb_uruk_bracer_elite_b,[Gundabad] Elite Bracer II,gundabad,arm,elite,1,35,25,-10,1.5,2.3,Plate,Plate,CHANGED
gundabad\arm_armors.xml,sk_gb_uruk_bracer_elite_c,[Gundabad] Elite Bracer III,gundabad,arm,elite,2,40,26,-14,1.5,2.3,Plate,Plate,CHANGED
gundabad\arm_armors.xml,sk_gb_uruk_bracer_heavy_a,[Gundabad] Heavy Bracer I,gundabad,arm,heavy,0,25,18,-7,1.5,1.7,Plate,Plate,CHANGED
gundabad\arm_armors.xml,sk_gb_uruk_bracer_heavy_b,[Gundabad] Heavy Bracer II,gundabad,arm,heavy,1,25,19,-6,1.5,1.7,Plate,Plate,CHANGED
gundabad\arm_armors.xml,sk_gb_uruk_bracer_heavy_c,[Gundabad] Heavy Bracer III,gundabad,arm,heavy,2,30,20,-10,1.5,1.7,Plate,Plate,CHANGED
gundabad\arm_armors.xml,sk_gb_uruk_bracer_heavy_d,[Gundabad] Heavy Bracer IV,gundabad,arm,heavy,3,30,21,-9,1.5,1.7,Plate,Plate,CHANGED
gundabad\arm_armors.xml,sk_gb_uruk_bracer_heavy_e,[Gundabad] Heavy Bracer V,gundabad,arm,heavy,4,35,22,-13,1.5,1.7,Plate,Plate,CHANGED
gundabad\arm_armors.xml,sk_gb_uruk_bracer_med_a,[Gundabad] Medium Bracer I,gundabad,arm,medium,0,15,12,-3,1.5,1.1,Plate,Chainmail,CHANGED
gundabad\arm_armors.xml,sk_gb_uruk_bracer_med_b,[Gundabad] Medium Bracer II,gundabad,arm,medium,1,15,13,-2,1.5,1.1,Plate,Chainmail,CHANGED
gundabad\arm_armors.xml,sk_gb_uruk_bracer_med_c,[Gundabad] Medium Bracer III,gundabad,arm,medium,2,20,14,-6,1.5,1.1,Plate,Chainmail,CHANGED
gundabad\leg_armors.xml,sk_gb_uruk_boots_elite_a,[Gundabad] Uruk Elite Boots I,gundabad,leg,elite,0,35,32,-3,3.6,4.6,Plate,Plate,CHANGED
gundabad\leg_armors.xml,sk_gb_uruk_boots_elite_b,[Gundabad] Uruk Elite Boots II,gundabad,leg,elite,1,35,33,-2,3.6,4.6,Plate,Plate,CHANGED
gundabad\leg_armors.xml,sk_gb_uruk_boots_elite_c,[Gundabad] Uruk Elite Boots III,gundabad,leg,elite,2,35,34,-1,3.6,4.6,Plate,Plate,CHANGED
gundabad\leg_armors.xml,sk_gb_uruk_boots_heavy_a,[Gundabad] Uruk Heavy Boots I,gundabad,leg,heavy,0,30,26,-4,3.6,4.0,Plate,Plate,CHANGED
gundabad\leg_armors.xml,sk_gb_uruk_boots_heavy_b,[Gundabad] Uruk Heavy Boots II,gundabad,leg,heavy,1,30,27,-3,3.6,4.0,Plate,Plate,CHANGED
gundabad\leg_armors.xml,sk_gb_uruk_boots_heavy_c,[Gundabad] Uruk Heavy Boots III,gundabad,leg,heavy,2,30,28,-2,3.6,4.0,Plate,Plate,CHANGED
gundabad\leg_armors.xml,sk_gb_uruk_boots_heavy_d,[Gundabad] Uruk Heavy Boots IV,gundabad,leg,heavy,3,30,29,-1,3.6,4.0,Plate,Plate,CHANGED
gundabad\leg_armors.xml,sk_gb_uruk_boots_heavy_e,[Gundabad] Uruk Heavy Boots V,gundabad,leg,heavy,4,30,30,0,3.6,4.0,Plate,Plate,CHANGED
gundabad\leg_armors.xml,sk_gb_uruk_boots_heavy_f,[Gundabad] Uruk Heavy Boots VI,gundabad,leg,heavy,5,30,31,1,3.6,4.0,Plate,Plate,CHANGED
gundabad\leg_armors.xml,sk_gb_uruk_boots_light_a,[Gundabad] Uruk Light Boots I,gundabad,leg,light,0,15,10,-5,3.6,1.7,Plate,Leather,CHANGED
gundabad\leg_armors.xml,sk_gb_uruk_boots_light_b,[Gundabad] Uruk Light Boots II,gundabad,leg,light,1,15,11,-4,3.6,1.7,Plate,Leather,CHANGED
gundabad\leg_armors.xml,sk_gb_uruk_boots_med_a,[Gundabad] Uruk Medium Boots I,gundabad,leg,medium,0,15,18,3,3.6,2.9,Plate,Chainmail,CHANGED
gundabad\leg_armors.xml,sk_gb_uruk_boots_med_b,[Gundabad] Uruk Medium Boots II,gundabad,leg,medium,1,15,19,4,3.6,2.9,Plate,Chainmail,CHANGED
gundabad\leg_armors.xml,sk_gb_uruk_boots_med_c,[Gundabad] Uruk Medium Boots III,gundabad,leg,medium,2,15,20,5,3.6,2.9,Plate,Chainmail,CHANGED
gundabad\shoulder_armors.xml,sk_gb_uruk_cape_a,[Gundabad] Cape I,gundabad,shoulder,light,0,15,3,-12,5.0,3.4,Plate,Leather,CHANGED
gundabad\shoulder_armors.xml,sk_gb_uruk_cape_b,[Gundabad] Cape II,gundabad,shoulder,light,1,15,4,-11,5.0,3.4,Plate,Leather,CHANGED
gundabad\shoulder_armors.xml,sk_gb_uruk_cape_c,[Gundabad] Cape III,gundabad,shoulder,light,2,15,5,-10,5.0,3.4,Plate,Leather,CHANGED
gundabad\shoulder_armors.xml,sk_gb_uruk_pauldron_cape_elite_a,[Gundabad] Pauldron Cape Elite I,gundabad,shoulder,elite,0,30,13,-17,5.0,10.3,Plate,Plate,CHANGED
gundabad\shoulder_armors.xml,sk_gb_uruk_pauldron_cape_elite_b,[Gundabad] Pauldron Cape Elite II,gundabad,shoulder,elite,1,30,14,-16,5.0,10.3,Plate,Plate,CHANGED
gundabad\shoulder_armors.xml,sk_gb_uruk_pauldron_cape_elite_c,[Gundabad] Pauldron Cape Elite III,gundabad,shoulder,elite,2,30,15,-15,5.0,10.3,Plate,Plate,CHANGED
gundabad\shoulder_armors.xml,sk_gb_uruk_pauldron_cape_elite_d,[Gundabad] Pauldron Cape Elite IV,gundabad,shoulder,elite,3,30,16,-14,5.0,10.3,Plate,Plate,CHANGED
gundabad\shoulder_armors.xml,sk_gb_uruk_pauldron_elite_a,[Gundabad] Pauldron Elite I,gundabad,shoulder,elite,0,25,13,-12,5.0,10.3,Plate,Plate,CHANGED
gundabad\shoulder_armors.xml,sk_gb_uruk_pauldron_elite_b,[Gundabad] Pauldron Elite II,gundabad,shoulder,elite,1,25,14,-11,5.0,10.3,Plate,Plate,CHANGED
gundabad\shoulder_armors.xml,sk_gb_uruk_pauldron_elite_c,[Gundabad] Pauldron Elite III,gundabad,shoulder,elite,2,25,15,-10,5.0,10.3,Plate,Plate,CHANGED
gundabad\shoulder_armors.xml,sk_gb_uruk_pauldron_elite_d,[Gundabad] Pauldron Elite IV,gundabad,shoulder,elite,3,25,16,-9,5.0,10.3,Plate,Plate,CHANGED
gundabad\shoulder_armors.xml,sk_gb_uruk_pauldron_heavy_a,[Gundabad] Pauldron Heavy I,gundabad,shoulder,heavy,0,25,10,-15,4.0,8.0,Plate,Plate,CHANGED
gundabad\shoulder_armors.xml,sk_gb_uruk_pauldron_heavy_b,[Gundabad] Pauldron Heavy II,gundabad,shoulder,heavy,1,25,11,-14,4.0,8.0,Plate,Plate,CHANGED
gundabad\shoulder_armors.xml,sk_gb_uruk_pauldron_heavy_c,[Gundabad] Pauldron Heavy III,gundabad,shoulder,heavy,2,20,12,-8,5.0,8.0,Plate,Plate,CHANGED
gundabad\shoulder_armors.xml,sk_gb_uruk_pauldron_heavy_d,[Gundabad] Pauldron Heavy IV,gundabad,shoulder,heavy,3,20,13,-7,5.0,8.0,Plate,Plate,CHANGED
gundabad\shoulder_armors.xml,sk_gb_uruk_pauldron_med_a,[Gundabad] Pauldron Medium I,gundabad,shoulder,medium,0,15,6,-9,5.0,5.8,Plate,Chainmail,CHANGED
gundabad\shoulder_armors.xml,sk_gb_uruk_pauldron_med_b,[Gundabad] Pauldron Medium II,gundabad,shoulder,medium,1,15,7,-8,5.0,5.8,Plate,Chainmail,CHANGED
gundabad\shoulder_armors.xml,sk_gb_uruk_pauldron_light_a,[Gundabad] Pauldron Light I,gundabad,shoulder,light,0,15,3,-12,5.0,3.4,Plate,Leather,CHANGED
gundabad\shoulder_armors.xml,sk_gb_uruk_pauldron_light_b,[Gundabad] Pauldron Light II,gundabad,shoulder,light,1,15,4,-11,5.0,3.4,Plate,Leather,CHANGED
harad\head_armors.xml,haradrim_head,[Harad] Helmet I,harad,head,civilian,0,12,2,-10,2.0,0.4,Leather,Cloth,CHANGED
harad\head_armors.xml,haradrim02_head,[Harad] Helmet II - Black,harad,head,civilian,0,12,2,-10,2.0,0.4,Leather,Cloth,CHANGED
harad\head_armors.xml,haradrim02a_head,[Harad] Helmet II - Maroon,harad,head,civilian,0,12,2,-10,2.0,0.4,Leather,Cloth,CHANGED
harad\head_armors.xml,haradrim02b_head,[Harad] Helmet II - Gray,harad,head,civilian,0,12,2,-10,2.0,0.4,Leather,Cloth,CHANGED
harad\head_armors.xml,haradrim02c_head,[Harad] Helmet II - Gold,harad,head,civilian,0,12,2,-10,2.0,0.4,Leather,Cloth,CHANGED
harad\head_armors.xml,harad03_helmet,[Harad] Helmet III - Orange,harad,head,light,0,15,12,-3,2.0,1.3,Leather,Leather,CHANGED
harad\head_armors.xml,harad04_helmet,[Harad] Helmet IV - Red,harad,head,light,0,17,12,-5,2.0,1.3,Leather,Leather,CHANGED
harad\head_armors.xml,harad05_v1_helmet,[Harad] Helmet V,harad,head,medium,0,35,21,-14,2.0,2.1,Plate,Chainmail,CHANGED
harad\head_armors.xml,harad06_v1_helmet,[Harad] Serpent Guard Helmet,harad,head,elite,0,35,37,2,2.0,3.8,Plate,Plate,CHANGED
harad\head_armors.xml,harad07_helmet,[Harad] Bone Helmet,harad,head,medium,0,35,21,-14,2.0,2.1,Plate,Chainmail,CHANGED
harad\head_armors.xml,harad08_helmet,[Harad] Archer Helmet,harad,head,light,0,20,12,-8,2.0,1.3,Leather,Leather,CHANGED
harad\body_armors.xml,haradrim_torso,[Harad] Mail Armour,harad,body,light,0,18,17,-1,9.5,6.8,Leather,Leather,CHANGED
harad\body_armors.xml,haradrim02_toso,[Harad] Scalemail Armour - Maroon,harad,body,medium,0,20,29,9,9.5,11.0,Chainmail,Chainmail,CHANGED
harad\body_armors.xml,haradrim02a_toso,[Harad] Scalemail Armour - Green,harad,body,medium,0,20,29,9,9.5,11.0,Chainmail,Chainmail,CHANGED
harad\body_armors.xml,haradrim02b_toso,[Harad] Scalemail Armour - Grey,harad,body,medium,0,20,29,9,9.5,11.0,Chainmail,Chainmail,CHANGED
harad\body_armors.xml,haradrim02c_toso,[Harad] Scalemail Armour - Gold,harad,body,medium,0,20,29,9,9.5,11.0,Chainmail,Chainmail,CHANGED
harad\body_armors.xml,harad03_torso,[Harad] Armour - Orange,harad,body,light,0,22,17,-5,9.5,6.8,Plate,Leather,CHANGED
harad\body_armors.xml,harad04_body,[Harad] Armour - Black,harad,body,light,0,22,17,-5,9.5,6.8,Plate,Leather,CHANGED
harad\body_armors.xml,harad05_v1_torso,[Harad] Cavalry Armour - Red,harad,body,medium,0,30,29,-1,9.5,11.0,Plate,Chainmail,CHANGED
harad\body_armors.xml,harad05_v2_torso,[Harad] Cavalry Armour - Green,harad,body,medium,0,30,29,-1,9.5,11.0,Plate,Chainmail,CHANGED
harad\body_armors.xml,harad05_v3_torso,[Harad] Cavalry Armour - Blue,harad,body,medium,0,30,29,-1,9.5,11.0,Plate,Chainmail,CHANGED
harad\body_armors.xml,harad05_v4_torso,[Harad] Cavalry Armour - Black,harad,body,medium,0,30,29,-1,9.5,11.0,Plate,Chainmail,CHANGED
harad\body_armors.xml,harad06_v1_torso,[Harad] Serpent Guard Armour,harad,body,elite,0,28,47,19,9.5,18.7,Plate,Plate,CHANGED
harad\body_armors.xml,harad07_torso,[Harad] Armour - Bone,harad,body,medium,0,29,29,0,9.5,11.0,Plate,Chainmail,CHANGED
harad\body_armors.xml,harad08_torso,[Harad] Archer Armour,harad,body,light,0,15,17,2,9.5,6.8,Leather,Leather,CHANGED
harad\arm_armors.xml,haradrim_gloves,[Harad] Gloves,harad,arm,light,0,15,5,-10,1.0,0.5,Leather,Leather,CHANGED
harad\arm_armors.xml,haradrim02_gloves,[Harad] Gloves - Gray,harad,arm,light,0,25,5,-20,1.0,0.5,Plate,Leather,CHANGED
harad\arm_armors.xml,haradrim02a_gloves,[Harad] Gloves - Brown,harad,arm,light,0,25,5,-20,1.0,0.5,Plate,Leather,CHANGED
harad\arm_armors.xml,haradrim02b_gloves,[Harad] Gloves - Maroon,harad,arm,light,0,25,5,-20,1.0,0.5,Plate,Leather,CHANGED
harad\arm_armors.xml,haradrim02c_gloves,[Harad] Gloves - Orange,harad,arm,light,0,25,5,-20,1.0,0.5,Plate,Leather,CHANGED
harad\arm_armors.xml,harad05_v1_gloves,[Harad] Gloves - Cavalry ,harad,arm,light,0,20,5,-15,1.0,0.5,Plate,Leather,CHANGED
harad\arm_armors.xml,harad04_glove,[Harad] Gloves - Tier 4 ,harad,arm,light,0,20,5,-15,1.0,0.5,Plate,Leather,CHANGED
harad\arm_armors.xml,harad03_glove,[Harad] Gloves - Tier 3 ,harad,arm,light,0,25,5,-20,1.0,0.5,Plate,Leather,CHANGED
harad\arm_armors.xml,harad06_v1_glove,[Harad] Serpent Guard Gloves,harad,arm,elite,0,28,23,-5,1.0,1.7,Plate,Plate,CHANGED
harad\arm_armors.xml,harad07_glove,[Harad] Gloves - Bone,harad,arm,medium,0,29,11,-18,1.0,0.8,Plate,Chainmail,CHANGED
harad\arm_armors.xml,harad08_gloves,[Harad] Archer Gloves,harad,arm,light,0,18,5,-13,1.0,0.5,Plate,Leather,CHANGED
harad\leg_armors.xml,haradrim_boots,[Harad] Boots,harad,leg,light,0,16,9,-7,1.6,1.3,Leather,Leather,CHANGED
harad\leg_armors.xml,haradrim02_boots,[Harad] Boots II,harad,leg,light,0,17,9,-8,1.6,1.3,Leather,Leather,CHANGED
harad\leg_armors.xml,harad03_boots,[Harad] Boots III,harad,leg,light,0,17,9,-8,1.6,1.3,Leather,Leather,CHANGED
harad\leg_armors.xml,harad04_boots,[Harad] Boots IV,harad,leg,light,0,23,9,-14,1.6,1.3,Leather,Leather,CHANGED
harad\leg_armors.xml,harad05_v1_boots,[Harad] Boots V - Red,harad,leg,light,0,17,9,-8,1.6,1.3,Leather,Leather,CHANGED
harad\leg_armors.xml,harad05_v2_boots,[Harad] Boots V - Green,harad,leg,light,0,17,9,-8,1.6,1.3,Leather,Leather,CHANGED
harad\leg_armors.xml,harad05_v3_boots,[Harad] Boots V - Blue,harad,leg,light,0,17,9,-8,1.6,1.3,Leather,Leather,CHANGED
harad\leg_armors.xml,harad05_v4_boots,[Harad] Boots V - Black,harad,leg,light,0,17,9,-8,1.6,1.3,Leather,Leather,CHANGED
harad\leg_armors.xml,harad06_v1_boots,[Harad] Serpent Guard Boots,harad,leg,elite,0,20,31,11,1.6,3.4,Plate,Plate,CHANGED
harad\leg_armors.xml,harad07_boots,[Harad] Bone Boots,harad,leg,light,0,15,9,-6,1.6,1.3,Leather,Leather,CHANGED
harad\leg_armors.xml,harad08_boots,[Harad] Archer Boots,harad,leg,civilian,0,12,1,-11,1.6,0.4,Leather,Cloth,CHANGED
harad\shoulder_armors.xml,haradrim02_pauldrons,[Harad] Pauldrons - Tier 3,harad,shoulder,civilian,0,12,1,-11,3.0,0.8,Plate,Cloth,CHANGED
harad\shoulder_armors.xml,harad03_cape,[Harad] Pauldrons - Tier 4,harad,shoulder,light,0,15,2,-13,3.0,2.5,Plate,Leather,CHANGED
harad\shoulder_armors.xml,harad04_cape,[Harad] Pauldrons - Tier 5,harad,shoulder,light,0,15,2,-13,3.0,2.5,Plate,Leather,CHANGED
harad\shoulder_armors.xml,harad05_v1_cape,[Harad] Cavalry Pauldrons - Red,harad,shoulder,light,0,15,2,-13,4.0,2.5,Plate,Leather,CHANGED
harad\shoulder_armors.xml,harad05_v2_cape,[Harad] Cavalry Pauldrons - Green,harad,shoulder,light,0,15,2,-13,4.0,2.5,Plate,Leather,CHANGED
harad\shoulder_armors.xml,harad05_v3_cape,[Harad] Cavalry Pauldrons - Blue,harad,shoulder,light,0,15,2,-13,4.0,2.5,Plate,Leather,CHANGED
harad\shoulder_armors.xml,harad05_v4_cape,[Harad] Cavalry Pauldrons - Black,harad,shoulder,light,0,15,2,-13,4.0,2.5,Plate,Leather,CHANGED
harad\shoulder_armors.xml,harad06_v1_cape,[Harad] Serpent Gaurd Pauldrons,harad,shoulder,light,0,20,2,-18,4.0,2.5,Plate,Leather,CHANGED
harad\shoulder_armors.xml,harad07_cape,[Harad] Bone Pauldrons,harad,shoulder,light,0,20,2,-18,4.0,2.5,Plate,Leather,CHANGED
iron_hills\head_armors.xml,sk_dwarf_iron_helmet_elite_a1,[Iron Hills] Elite Helmet A1,iron_hills,head,elite,0,40,45,5,3.8,5.0,Plate,Plate,CHANGED
iron_hills\head_armors.xml,sk_dwarf_iron_helmet_elite_a2,[Iron Hills] Elite Helmet A2,iron_hills,head,elite,0,41,45,4,3.9,5.0,Plate,Plate,CHANGED
iron_hills\head_armors.xml,sk_dwarf_iron_helmet_elite_a3,[Iron Hills] Elite Helmet A3,iron_hills,head,elite,0,42,45,3,4.0,5.0,Plate,Plate,CHANGED
iron_hills\head_armors.xml,sk_dwarf_iron_helmet_elite_a4,[Iron Hills] Elite Helmet A4,iron_hills,head,elite,0,43,45,2,4.1,5.0,Plate,Plate,CHANGED
iron_hills\head_armors.xml,sk_dwarf_iron_helmet_elite_b1,[Iron Hills] Elite Helmet B1,iron_hills,head,elite,1,40,46,6,3.8,5.0,Plate,Plate,CHANGED
iron_hills\head_armors.xml,sk_dwarf_iron_helmet_elite_b2,[Iron Hills] Elite Helmet B2,iron_hills,head,elite,1,41,46,5,3.9,5.0,Plate,Plate,CHANGED
iron_hills\head_armors.xml,sk_dwarf_iron_helmet_elite_b3,[Iron Hills] Elite Helmet B3,iron_hills,head,elite,1,42,46,4,4.0,5.0,Plate,Plate,CHANGED
iron_hills\head_armors.xml,sk_dwarf_iron_helmet_elite_b4,[Iron Hills] Elite Helmet B4,iron_hills,head,elite,1,43,46,3,4.1,5.0,Plate,Plate,CHANGED
iron_hills\head_armors.xml,sk_dwarf_iron_helmet_elite_c1,[Iron Hills] Elite Helmet C1,iron_hills,head,elite,2,40,47,7,3.8,5.0,Plate,Plate,CHANGED
iron_hills\head_armors.xml,sk_dwarf_iron_helmet_elite_c2,[Iron Hills] Elite Helmet C2,iron_hills,head,elite,2,41,47,6,3.9,5.0,Plate,Plate,CHANGED
iron_hills\head_armors.xml,sk_dwarf_iron_helmet_elite_d1,[Iron Hills] Elite Helmet D1,iron_hills,head,elite,3,40,48,8,3.8,5.0,Plate,Plate,CHANGED
iron_hills\head_armors.xml,sk_dwarf_iron_helmet_elite_d2,[Iron Hills] Elite Helmet D2,iron_hills,head,elite,3,41,48,7,3.9,5.0,Plate,Plate,CHANGED
iron_hills\head_armors.xml,sk_dwarf_iron_helmet_elite_d3,[Iron Hills] Elite Helmet D3,iron_hills,head,elite,3,42,48,6,4.0,5.0,Plate,Plate,CHANGED
iron_hills\head_armors.xml,sk_dwarf_iron_helmet_elite_d4,[Iron Hills] Elite Helmet D4,iron_hills,head,elite,3,43,48,5,4.1,5.0,Plate,Plate,CHANGED
iron_hills\head_armors.xml,sk_dwarf_iron_helmet_heavy_a1,[Iron Hills] Heavy Helmet A1,iron_hills,head,heavy,0,38,37,-1,3.5,3.9,Plate,Plate,CHANGED
iron_hills\head_armors.xml,sk_dwarf_iron_helmet_heavy_a2,[Iron Hills] Heavy Helmet A2,iron_hills,head,heavy,0,39,37,-2,3.6,3.9,Plate,Plate,CHANGED
iron_hills\head_armors.xml,sk_dwarf_iron_helmet_heavy_b1,[Iron Hills] Heavy Helmet B1,iron_hills,head,heavy,1,38,38,0,3.5,3.9,Plate,Plate,CHANGED
iron_hills\head_armors.xml,sk_dwarf_iron_helmet_heavy_b2,[Iron Hills] Heavy Helmet B2,iron_hills,head,heavy,1,39,38,-1,3.6,3.9,Plate,Plate,CHANGED
iron_hills\head_armors.xml,sk_dwarf_iron_helmet_heavy_c1,[Iron Hills] Heavy Helmet C1,iron_hills,head,heavy,2,38,39,1,3.5,3.9,Plate,Plate,CHANGED
iron_hills\head_armors.xml,sk_dwarf_iron_helmet_heavy_c2,[Iron Hills] Heavy Helmet C2,iron_hills,head,heavy,2,39,39,0,3.6,3.9,Plate,Plate,CHANGED
iron_hills\head_armors.xml,sk_dwarf_iron_helmet_heavy_d1,[Iron Hills] Heavy Helmet D1,iron_hills,head,heavy,3,38,40,2,3.5,3.9,Plate,Plate,CHANGED
iron_hills\head_armors.xml,sk_dwarf_iron_helmet_heavy_d2,[Iron Hills] Heavy Helmet D2,iron_hills,head,heavy,3,39,40,1,3.6,3.9,Plate,Plate,CHANGED
iron_hills\head_armors.xml,sk_dwarf_iron_helmet_med_a1,[Iron Hills] Medium Helmet A1,iron_hills,head,medium,0,34,29,-5,3.0,2.8,Plate,Chainmail,CHANGED
iron_hills\head_armors.xml,sk_dwarf_iron_helmet_med_a2,[Iron Hills] Medium Helmet A2,iron_hills,head,medium,0,35,29,-6,3.1,2.8,Plate,Chainmail,CHANGED
iron_hills\head_armors.xml,sk_dwarf_iron_helmet_med_b1,[Iron Hills] Medium Helmet B1,iron_hills,head,medium,1,34,30,-4,3.0,2.8,Plate,Chainmail,CHANGED
iron_hills\head_armors.xml,sk_dwarf_iron_helmet_med_b2,[Iron Hills] Medium Helmet B2,iron_hills,head,medium,1,35,30,-5,3.1,2.8,Plate,Chainmail,CHANGED
iron_hills\head_armors.xml,sk_dwarf_iron_helmet_med_c1,[Iron Hills] Medium Helmet C1,iron_hills,head,medium,2,34,31,-3,3.0,2.8,Plate,Chainmail,CHANGED
iron_hills\head_armors.xml,sk_dwarf_iron_helmet_med_c2,[Iron Hills] Medium Helmet C2,iron_hills,head,medium,2,35,31,-4,3.1,2.8,Plate,Chainmail,CHANGED
iron_hills\head_armors.xml,sk_dwarf_iron_helmet_med_d1,[Iron Hills] Medium Helmet D1,iron_hills,head,medium,3,34,32,-2,3.0,2.8,Plate,Chainmail,CHANGED
iron_hills\head_armors.xml,sk_dwarf_iron_helmet_med_d2,[Iron Hills] Medium Helmet D2,iron_hills,head,medium,3,35,32,-3,3.1,2.8,Plate,Chainmail,CHANGED
iron_hills\head_armors.xml,sk_dwarf_iron_helmet_light_a1,[Iron Hills] Light Helmet A1,iron_hills,head,light,0,30,20,-10,2.5,1.7,Plate,Leather,CHANGED
iron_hills\head_armors.xml,sk_dwarf_iron_helmet_light_a2,[Iron Hills] Light Helmet A2,iron_hills,head,light,0,31,20,-11,2.6,1.7,Plate,Leather,CHANGED
iron_hills\head_armors.xml,sk_dwarf_iron_helmet_light_b1,[Iron Hills] Light Helmet B1,iron_hills,head,light,1,30,21,-9,2.5,1.7,Plate,Leather,CHANGED
iron_hills\head_armors.xml,sk_dwarf_iron_helmet_light_b2,[Iron Hills] Light Helmet B2,iron_hills,head,light,1,31,21,-10,2.6,1.7,Plate,Leather,CHANGED
iron_hills\head_armors.xml,sk_dwarf_iron_helmet_light_c1,[Iron Hills] Light Helmet C1,iron_hills,head,light,2,30,22,-8,2.5,1.7,Plate,Leather,CHANGED
iron_hills\head_armors.xml,sk_dwarf_iron_helmet_light_c2,[Iron Hills] Light Helmet C2,iron_hills,head,light,2,31,22,-9,2.6,1.7,Plate,Leather,CHANGED
iron_hills\head_armors.xml,sk_dwarf_iron_helmet_light_d1,[Iron Hills] Light Helmet D1,iron_hills,head,light,3,30,23,-7,2.5,1.7,Plate,Leather,CHANGED
iron_hills\head_armors.xml,sk_dwarf_iron_helmet_light_d2,[Iron Hills] Light Helmet D2,iron_hills,head,light,3,31,23,-8,2.6,1.7,Plate,Leather,CHANGED
iron_hills\head_armors.xml,sk_dwarf_iron_helmet_lord_d1,[Iron Hills] Lord Helmet D1,iron_hills,head,lord,3,45,56,11,4.5,5.5,Plate,Plate,CHANGED
iron_hills\head_armors.xml,sk_dwarf_iron_helmet_lord_d2,[Iron Hills] Lord Helmet D2,iron_hills,head,lord,3,46,56,10,4.6,5.5,Plate,Plate,CHANGED
iron_hills\head_armors.xml,sk_dwarf_dain_helmet_elite_a,[Erebor] Dain Elite Helmet A,erebor,head,lord,0,50,52,2,5.0,5.2,Plate,Plate,CHANGED
iron_hills\head_armors.xml,sk_dwarf_dain_helmet_elite_b,[Erebor] Dain Elite Helmet B,erebor,head,lord,1,50,53,3,5.0,5.2,Plate,Plate,CHANGED
iron_hills\head_armors.xml,sk_dwarf_dain_helmet_heavy_a,[Erebor] Dain Heavy Helmet A,erebor,head,lord,0,37,52,15,5.0,5.2,Plate,Plate,CHANGED
iron_hills\head_armors.xml,sk_dwarf_dain_helmet_heavy_b,[Erebor] Dain Heavy Helmet B,erebor,head,lord,1,40,53,13,5.0,5.2,Plate,Plate,CHANGED
iron_hills\head_armors.xml,sk_dwarf_dain_helmet_med_a,[Erebor] Dain Medium Helmet A,erebor,head,lord,0,24,52,28,5.0,5.2,Plate,Plate,CHANGED
iron_hills\head_armors.xml,sk_dwarf_dain_crown_a,[Erebor] Dáin Regal Crown Helmet A,erebor,head,lord,0,60,52,-8,3.0,5.2,Plate,Plate,CHANGED
iron_hills\body_armors.xml,sk_dwarf_iron_chest_chain_a,[Iron Hills] Chain Armour A,iron_hills,body,medium,0,38,37,-1,15.0,14.3,Chainmail,Chainmail,CHANGED
iron_hills\body_armors.xml,sk_dwarf_iron_chest_elite_a,[Iron Hills] Elite Armour A,iron_hills,body,elite,0,44,55,11,18.0,24.2,Plate,Plate,CHANGED
iron_hills\body_armors.xml,sk_dwarf_iron_chest_elite_b,[Iron Hills] Elite Armour B,iron_hills,body,elite,1,42,56,14,17.0,24.2,Plate,Plate,CHANGED
iron_hills\body_armors.xml,sk_dwarf_iron_chest_elite_c,[Iron Hills] Elite Armour C,iron_hills,body,elite,2,45,57,12,19.0,24.2,Plate,Plate,CHANGED
iron_hills\body_armors.xml,sk_dwarf_iron_chest_elite_d,[Iron Hills] Elite Armour D,iron_hills,body,elite,3,40,58,18,21.0,24.2,Plate,Plate,CHANGED
iron_hills\body_armors.xml,sk_dwarf_iron_chest_elite_e,[Iron Hills] Elite Armour E,iron_hills,body,elite,4,43,59,16,20.0,24.2,Plate,Plate,CHANGED
iron_hills\body_armors.xml,sk_dwarf_iron_chest_elite_f,[Iron Hills] Elite Armour F,iron_hills,body,elite,5,46,60,14,22.0,24.2,Plate,Plate,CHANGED
iron_hills\body_armors.xml,sk_dwarf_iron_chest_heavy_a,[Iron Hills] Heavy Armour A,iron_hills,body,heavy,0,48,47,-1,23.0,19.8,Plate,Plate,CHANGED
iron_hills\body_armors.xml,sk_dwarf_iron_chest_heavy_b,[Iron Hills] Heavy Armour B,iron_hills,body,heavy,1,49,48,-1,24.0,19.8,Plate,Plate,CHANGED
iron_hills\body_armors.xml,sk_dwarf_iron_chest_heavy_c,[Iron Hills] Heavy Armour C,iron_hills,body,heavy,2,50,49,-1,25.0,19.8,Plate,Plate,CHANGED
iron_hills\body_armors.xml,sk_dwarf_iron_chest_heavy_d,[Iron Hills] Heavy Armour D,iron_hills,body,heavy,3,51,50,-1,26.0,19.8,Plate,Plate,CHANGED
iron_hills\body_armors.xml,sk_dwarf_iron_chest_heavy_e,[Iron Hills] Heavy Armour E,iron_hills,body,heavy,4,52,51,-1,27.0,19.8,Plate,Plate,CHANGED
iron_hills\body_armors.xml,sk_dwarf_iron_chest_light_a,[Iron Hills] Light Armour A,iron_hills,body,light,0,34,25,-9,12.0,8.8,Chainmail,Leather,CHANGED
iron_hills\body_armors.xml,sk_dwarf_iron_chest_light_b,[Iron Hills] Light Armour B,iron_hills,body,light,1,36,26,-10,13.0,8.8,Chainmail,Leather,CHANGED
iron_hills\body_armors.xml,sk_dwarf_iron_chest_scale_a,[Iron Hills] Scale Armour A,iron_hills,body,medium,0,40,37,-3,16.0,14.3,Plate,Chainmail,CHANGED
iron_hills\body_armors.xml,sk_dwarf_dain_chest_heavy_a,[Erebor] Dain Heavy Chest A,erebor,body,lord,0,42,64,22,17.0,25.2,Plate,Plate,CHANGED
iron_hills\body_armors.xml,sk_dwarf_dain_chest_heavy_b,[Erebor] Dain Heavy Chest B,erebor,body,lord,1,42,65,23,17.0,25.2,Plate,Plate,CHANGED
iron_hills\body_armors.xml,sk_dwarf_dain_chest_heavy_c,[Erebor] Dain Heavy Chest C,erebor,body,lord,2,42,66,24,17.0,25.2,Plate,Plate,CHANGED
iron_hills\body_armors.xml,sk_dwarf_dain_chest_heavy_d,[Erebor] Dain Heavy Chest D,erebor,body,lord,3,42,67,25,17.0,25.2,Plate,Plate,CHANGED
iron_hills\body_armors.xml,sk_dwarf_dain_chest_med_a,[Erebor] Dain Medium Chest A,erebor,body,lord,0,32,64,32,17.0,25.2,Plate,Plate,CHANGED
iron_hills\body_armors.xml,sk_dwarf_dain_chest_med_b,[Erebor] Dain Medium Chest B,erebor,body,lord,1,32,65,33,17.0,25.2,Plate,Plate,CHANGED
iron_hills\body_armors.xml,sk_dwarf_dain_chest_med_c,[Erebor] Dain Medium Chest C,erebor,body,lord,2,32,66,34,17.0,25.2,Plate,Plate,CHANGED
iron_hills\body_armors.xml,sk_dwarf_dain_chest_med_d,[Erebor] Dain Medium Chest D,erebor,body,lord,3,32,67,35,17.0,25.2,Plate,Plate,CHANGED
iron_hills\arm_armors.xml,sk_dwarf_iron_bracer_elite_c1,[Iron Hills] Elite Bracers C1,iron_hills,arm,elite,2,25,33,8,3.5,2.2,Plate,Plate,CHANGED
iron_hills\arm_armors.xml,sk_dwarf_iron_bracer_elite_c2,[Iron Hills] Elite Bracers C2,iron_hills,arm,elite,2,25,33,8,3.5,2.2,Plate,Plate,CHANGED
iron_hills\arm_armors.xml,sk_dwarf_iron_bracer_elite_c3,[Iron Hills] Elite Bracers C3,iron_hills,arm,elite,2,25,33,8,3.5,2.2,Plate,Plate,CHANGED
iron_hills\arm_armors.xml,sk_dwarf_iron_bracer_elite_c4,[Iron Hills] Elite Bracers C4,iron_hills,arm,elite,2,25,33,8,3.5,2.2,Plate,Plate,CHANGED
iron_hills\arm_armors.xml,sk_dwarf_iron_bracer_heavy_c1,[Iron Hills] Heavy Bracers C1,iron_hills,arm,heavy,2,25,27,2,3.5,1.7,Plate,Plate,CHANGED
iron_hills\arm_armors.xml,sk_dwarf_iron_bracer_heavy_c2,[Iron Hills] Heavy Bracers C2,iron_hills,arm,heavy,2,25,27,2,3.5,1.7,Plate,Plate,CHANGED
iron_hills\arm_armors.xml,sk_dwarf_iron_bracer_heavy_c3,[Iron Hills] Heavy Bracers C3,iron_hills,arm,heavy,2,25,27,2,3.5,1.7,Plate,Plate,CHANGED
iron_hills\arm_armors.xml,sk_dwarf_iron_bracer_heavy_c4,[Iron Hills] Heavy Bracers C4,iron_hills,arm,heavy,2,25,27,2,3.5,1.7,Plate,Plate,CHANGED
iron_hills\arm_armors.xml,sk_dwarf_iron_bracer_heavy_c5,[Iron Hills] Heavy Bracers C5,iron_hills,arm,heavy,2,25,27,2,3.5,1.7,Plate,Plate,CHANGED
iron_hills\arm_armors.xml,sk_dwarf_iron_bracer_heavy_c6,[Iron Hills] Heavy Bracers C6,iron_hills,arm,heavy,2,25,27,2,3.5,1.7,Plate,Plate,CHANGED
iron_hills\arm_armors.xml,sk_dwarf_iron_bracer_heavy_c7,[Iron Hills] Heavy Bracers C7,iron_hills,arm,heavy,2,25,27,2,3.5,1.7,Plate,Plate,CHANGED
iron_hills\arm_armors.xml,sk_dwarf_iron_bracer_heavy_c8,[Iron Hills] Heavy Bracers C8,iron_hills,arm,heavy,2,25,27,2,3.5,1.7,Plate,Plate,CHANGED
iron_hills\arm_armors.xml,sk_dwarf_iron_bracer_heavy_c9,[Iron Hills] Heavy Bracers C9,iron_hills,arm,heavy,2,25,27,2,3.5,1.7,Plate,Plate,CHANGED
iron_hills\arm_armors.xml,sk_dwarf_iron_bracer_light_a1,[Iron Hills] Light Bracers A1,iron_hills,arm,light,0,25,13,-12,3.5,0.7,Plate,Leather,CHANGED
iron_hills\arm_armors.xml,sk_dwarf_iron_bracer_light_a2,[Iron Hills] Light Bracers A2,iron_hills,arm,light,0,25,13,-12,3.5,0.7,Plate,Leather,CHANGED
iron_hills\arm_armors.xml,sk_dwarf_iron_bracer_light_b1,[Iron Hills] Light Bracers B1,iron_hills,arm,light,1,25,14,-11,3.5,0.7,Plate,Leather,CHANGED
iron_hills\arm_armors.xml,sk_dwarf_iron_bracer_light_b2,[Iron Hills] Light Bracers B2,iron_hills,arm,light,1,25,14,-11,3.5,0.7,Plate,Leather,CHANGED
iron_hills\arm_armors.xml,sk_dwarf_iron_bracer_light_b3,[Iron Hills] Light Bracers B3,iron_hills,arm,light,1,25,14,-11,3.5,0.7,Plate,Leather,CHANGED
iron_hills\arm_armors.xml,sk_dwarf_iron_bracer_light_b4,[Iron Hills] Light Bracers B4,iron_hills,arm,light,1,25,14,-11,3.5,0.7,Plate,Leather,CHANGED
iron_hills\arm_armors.xml,sk_dwarf_iron_bracer_light_c1,[Iron Hills] Light Bracers C1,iron_hills,arm,light,2,25,15,-10,3.5,0.7,Plate,Leather,CHANGED
iron_hills\arm_armors.xml,sk_dwarf_iron_bracer_light_c2,[Iron Hills] Light Bracers C2,iron_hills,arm,light,2,25,15,-10,3.5,0.7,Plate,Leather,CHANGED
iron_hills\arm_armors.xml,sk_dwarf_iron_bracer_light_c3,[Iron Hills] Light Bracers C3,iron_hills,arm,light,2,25,15,-10,3.5,0.7,Plate,Leather,CHANGED
iron_hills\arm_armors.xml,sk_dwarf_iron_bracer_light_c4,[Iron Hills] Light Bracers C4,iron_hills,arm,light,2,25,15,-10,3.5,0.7,Plate,Leather,CHANGED
iron_hills\arm_armors.xml,sk_dwarf_iron_bracer_med_a1,[Iron Hills] Medium Bracers A1,iron_hills,arm,medium,0,25,19,-6,3.5,1.1,Plate,Chainmail,CHANGED
iron_hills\arm_armors.xml,sk_dwarf_iron_bracer_med_a2,[Iron Hills] Medium Bracers A2,iron_hills,arm,medium,0,25,19,-6,3.5,1.1,Plate,Chainmail,CHANGED
iron_hills\arm_armors.xml,sk_dwarf_iron_bracer_med_b1,[Iron Hills] Medium Bracers B1,iron_hills,arm,medium,1,25,20,-5,3.5,1.1,Plate,Chainmail,CHANGED
iron_hills\arm_armors.xml,sk_dwarf_iron_bracer_med_b2,[Iron Hills] Medium Bracers B2,iron_hills,arm,medium,1,25,20,-5,3.5,1.1,Plate,Chainmail,CHANGED
iron_hills\arm_armors.xml,sk_dwarf_iron_bracer_med_b3,[Iron Hills] Medium Bracers B3,iron_hills,arm,medium,1,25,20,-5,3.5,1.1,Plate,Chainmail,CHANGED
iron_hills\arm_armors.xml,sk_dwarf_iron_bracer_med_b4,[Iron Hills] Medium Bracers B4,iron_hills,arm,medium,1,25,20,-5,3.5,1.1,Plate,Chainmail,CHANGED
iron_hills\arm_armors.xml,sk_dwarf_iron_bracer_med_c1,[Iron Hills] Medium Bracers C1,iron_hills,arm,medium,2,25,21,-4,3.5,1.1,Plate,Chainmail,CHANGED
iron_hills\arm_armors.xml,sk_dwarf_iron_bracer_med_c2,[Iron Hills] Medium Bracers C2,iron_hills,arm,medium,2,25,21,-4,3.5,1.1,Plate,Chainmail,CHANGED
iron_hills\arm_armors.xml,sk_dwarf_iron_bracer_med_c3,[Iron Hills] Medium Bracers C3,iron_hills,arm,medium,2,25,21,-4,3.5,1.1,Plate,Chainmail,CHANGED
iron_hills\arm_armors.xml,sk_dwarf_iron_bracer_med_c4,[Iron Hills] Medium Bracers C4,iron_hills,arm,medium,2,25,21,-4,3.5,1.1,Plate,Chainmail,CHANGED
iron_hills\arm_armors.xml,sk_dwarf_iron_gloves_a,[Iron Hills] Iron Gloves A,iron_hills,arm,light,0,25,13,-12,3.5,0.7,Plate,Leather,CHANGED
iron_hills\arm_armors.xml,sk_dwarf_dain_bracer_heavy_a,[Erebor] Dain Heavy Bracer A,erebor,arm,lord,0,22,36,14,1.5,2.6,Plate,Plate,CHANGED
iron_hills\arm_armors.xml,sk_dwarf_dain_bracer_heavy_c,[Erebor] Dain Heavy Bracer C,erebor,arm,lord,2,22,38,16,1.5,2.6,Plate,Plate,CHANGED
iron_hills\arm_armors.xml,sk_dwarf_dain_bracer_heavy_d,[Erebor] Dain Heavy Bracer D,erebor,arm,lord,3,22,39,17,1.5,2.6,Plate,Plate,CHANGED
iron_hills\arm_armors.xml,sk_dwarf_dain_bracer_heavy_e,[Erebor] Dain Heavy Bracer E,erebor,arm,lord,4,22,40,18,1.5,2.6,Plate,Plate,CHANGED
iron_hills\arm_armors.xml,sk_dwarf_dain_bracer_med_a,[Erebor] Dain Medium Bracer A,erebor,arm,lord,0,18,36,18,1.5,2.6,Plate,Plate,CHANGED
iron_hills\arm_armors.xml,sk_dwarf_dain_bracer_med_b,[Erebor] Dain Medium Bracer B,erebor,arm,lord,1,18,37,19,1.5,2.6,Plate,Plate,CHANGED
iron_hills\arm_armors.xml,sk_dwarf_dain_bracer_med_c,[Erebor] Dain Medium Bracer C,erebor,arm,lord,2,18,38,20,1.5,2.6,Plate,Plate,CHANGED
iron_hills\arm_armors.xml,sk_dwarf_dain_gloves_a,[Erebor] Dain Gloves A,erebor,arm,lord,0,14,36,22,1.5,2.6,Plate,Plate,CHANGED
iron_hills\leg_armors.xml,sk_dwarf_iron_boots_elite_a1,[Iron Hills] Elite Boots A1,iron_hills,leg,elite,0,28,39,11,3.0,4.4,Plate,Plate,CHANGED
iron_hills\leg_armors.xml,sk_dwarf_iron_boots_elite_a2,[Iron Hills] Elite Boots A2,iron_hills,leg,elite,0,29,39,10,3.1,4.4,Plate,Plate,CHANGED
iron_hills\leg_armors.xml,sk_dwarf_iron_boots_elite_a3,[Iron Hills] Elite Boots A3,iron_hills,leg,elite,0,30,39,9,3.2,4.4,Plate,Plate,CHANGED
iron_hills\leg_armors.xml,sk_dwarf_iron_boots_elite_b1,[Iron Hills] Elite Boots B1,iron_hills,leg,elite,1,28,40,12,3.0,4.4,Plate,Plate,CHANGED
iron_hills\leg_armors.xml,sk_dwarf_iron_boots_elite_b2,[Iron Hills] Elite Boots B2,iron_hills,leg,elite,1,29,40,11,3.1,4.4,Plate,Plate,CHANGED
iron_hills\leg_armors.xml,sk_dwarf_iron_boots_elite_b3,[Iron Hills] Elite Boots B3,iron_hills,leg,elite,1,30,40,10,3.2,4.4,Plate,Plate,CHANGED
iron_hills\leg_armors.xml,sk_dwarf_iron_boots_elite_c1,[Iron Hills] Elite Boots C1,iron_hills,leg,elite,2,28,41,13,3.0,4.4,Plate,Plate,CHANGED
iron_hills\leg_armors.xml,sk_dwarf_iron_boots_elite_c2,[Iron Hills] Elite Boots C2,iron_hills,leg,elite,2,29,41,12,3.1,4.4,Plate,Plate,CHANGED
iron_hills\leg_armors.xml,sk_dwarf_iron_boots_heavy_a1,[Iron Hills] Heavy Boots A1,iron_hills,leg,heavy,0,32,33,1,3.5,3.9,Plate,Plate,CHANGED
iron_hills\leg_armors.xml,sk_dwarf_iron_boots_heavy_a2,[Iron Hills] Heavy Boots A2,iron_hills,leg,heavy,0,33,33,0,3.6,3.9,Plate,Plate,CHANGED
iron_hills\leg_armors.xml,sk_dwarf_iron_boots_heavy_a3,[Iron Hills] Heavy Boots A3,iron_hills,leg,heavy,0,34,33,-1,3.7,3.9,Plate,Plate,CHANGED
iron_hills\leg_armors.xml,sk_dwarf_iron_boots_heavy_b1,[Iron Hills] Heavy Boots B1,iron_hills,leg,heavy,1,32,34,2,3.5,3.9,Plate,Plate,CHANGED
iron_hills\leg_armors.xml,sk_dwarf_iron_boots_heavy_b2,[Iron Hills] Heavy Boots B2,iron_hills,leg,heavy,1,33,34,1,3.6,3.9,Plate,Plate,CHANGED
iron_hills\leg_armors.xml,sk_dwarf_iron_boots_heavy_b3,[Iron Hills] Heavy Boots B3,iron_hills,leg,heavy,1,34,34,0,3.7,3.9,Plate,Plate,CHANGED
iron_hills\leg_armors.xml,sk_dwarf_iron_boots_heavy_c1,[Iron Hills] Heavy Boots C1,iron_hills,leg,heavy,2,32,35,3,3.5,3.9,Plate,Plate,CHANGED
iron_hills\leg_armors.xml,sk_dwarf_iron_boots_heavy_c2,[Iron Hills] Heavy Boots C2,iron_hills,leg,heavy,2,33,35,2,3.6,3.9,Plate,Plate,CHANGED
iron_hills\leg_armors.xml,sk_dwarf_iron_boots_med_a1,[Iron Hills] Medium Boots A1,iron_hills,leg,medium,0,18,25,7,2.6,2.8,Plate,Chainmail,CHANGED
iron_hills\leg_armors.xml,sk_dwarf_iron_boots_med_b1,[Iron Hills] Medium Boots B1,iron_hills,leg,medium,1,19,26,7,2.7,2.8,Plate,Chainmail,CHANGED
iron_hills\leg_armors.xml,sk_dwarf_iron_boots_med_c1,[Iron Hills] Medium Boots C1,iron_hills,leg,medium,2,20,27,7,2.8,2.8,Plate,Chainmail,CHANGED
iron_hills\leg_armors.xml,sk_dwarf_iron_boots_light_a,[Iron Hills] Light Boots A,iron_hills,leg,light,0,15,17,2,2.0,1.7,Plate,Leather,CHANGED
iron_hills\leg_armors.xml,sk_dwarf_iron_boots_lord_c1,[Iron Hills] Lord Boots C1,iron_hills,leg,lord,2,35,47,12,3.8,5.0,Plate,Plate,CHANGED
iron_hills\leg_armors.xml,sk_dwarf_iron_boots_lord_c2,[Iron Hills] Lord Boots C2,iron_hills,leg,lord,2,36,47,11,3.9,5.0,Plate,Plate,CHANGED
iron_hills\leg_armors.xml,sk_dwarf_dain_boots_elite_a,[Erebor] Dain Elite Boots A,erebor,leg,lord,0,45,44,-1,3.6,4.7,Plate,Plate,CHANGED
iron_hills\leg_armors.xml,sk_dwarf_dain_boots_elite_b,[Erebor] Dain Elite Boots B,erebor,leg,lord,1,45,45,0,3.6,4.7,Plate,Plate,CHANGED
iron_hills\leg_armors.xml,sk_dwarf_dain_boots_heavy_a,[Erebor] Dain Heavy Boots A,erebor,leg,lord,0,35,44,9,3.6,4.7,Plate,Plate,CHANGED
iron_hills\leg_armors.xml,sk_dwarf_dain_boots_heavy_b,[Erebor] Dain Heavy Boots B,erebor,leg,lord,1,35,45,10,3.6,4.7,Plate,Plate,CHANGED
iron_hills\leg_armors.xml,sk_dwarf_dain_boots_med_b,[Erebor] Dain Medium Boots B,erebor,leg,lord,1,25,45,20,3.6,4.7,Plate,Plate,CHANGED
iron_hills\leg_armors.xml,sk_dwarf_dain_boots_light_a,[Erebor] Dain Light Boots A,erebor,leg,lord,0,15,44,29,3.6,4.7,Plate,Plate,CHANGED
iron_hills\leg_armors.xml,sk_dwarf_dain_boots_light_b,[Erebor] Dain Light Boots B,erebor,leg,lord,1,15,45,30,3.6,4.7,Plate,Plate,CHANGED
iron_hills\shoulder_armors.xml,sk_dwarf_iron_pauldron_elite_a,[Iron Hills] Elite Pauldrons A,iron_hills,shoulder,elite,0,22,20,-2,5.2,9.9,Plate,Plate,CHANGED
iron_hills\shoulder_armors.xml,sk_dwarf_iron_pauldron_elite_cape_a,[Iron Hills] Elite Pauldrons Cape A,iron_hills,shoulder,elite,0,23,20,-3,5.3,9.9,Plate,Plate,CHANGED
iron_hills\shoulder_armors.xml,sk_dwarf_iron_pauldron_elite_cape_b,[Iron Hills] Elite Pauldrons Cape B,iron_hills,shoulder,elite,1,24,21,-3,5.4,9.9,Plate,Plate,CHANGED
iron_hills\shoulder_armors.xml,sk_dwarf_iron_pauldron_heavy_a,[Iron Hills] Heavy Pauldrons A,iron_hills,shoulder,heavy,0,25,17,-8,5.5,7.7,Plate,Plate,CHANGED
iron_hills\shoulder_armors.xml,sk_dwarf_iron_pauldron_heavy_b,[Iron Hills] Heavy Pauldrons B,iron_hills,shoulder,heavy,1,26,18,-8,5.6,7.7,Plate,Plate,CHANGED
iron_hills\shoulder_armors.xml,sk_dwarf_iron_pauldron_heavy_cape_a,[Iron Hills] Heavy Pauldrons Cape A,iron_hills,shoulder,heavy,0,27,17,-10,5.7,7.7,Plate,Plate,CHANGED
iron_hills\shoulder_armors.xml,sk_dwarf_iron_pauldron_heavy_cape_b,[Iron Hills] Heavy Pauldrons Cape B,iron_hills,shoulder,heavy,1,28,18,-10,5.8,7.7,Plate,Plate,CHANGED
iron_hills\shoulder_armors.xml,sk_dwarf_iron_pauldron_heavy_cape_c,[Iron Hills] Heavy Pauldrons Cape C,iron_hills,shoulder,heavy,2,29,19,-10,5.9,7.7,Plate,Plate,CHANGED
iron_hills\shoulder_armors.xml,sk_dwarf_iron_pauldron_medium_a,[Iron Hills] Medium Pauldrons A,iron_hills,shoulder,medium,0,18,13,-5,4.8,5.5,Plate,Chainmail,CHANGED
iron_hills\shoulder_armors.xml,sk_dwarf_iron_pauldron_medium_b,[Iron Hills] Medium Pauldrons B,iron_hills,shoulder,medium,1,19,14,-5,4.9,5.5,Plate,Chainmail,CHANGED
iron_hills\shoulder_armors.xml,sk_dwarf_iron_pauldron_medium_c,[Iron Hills] Medium Pauldrons C,iron_hills,shoulder,medium,2,20,15,-5,5.0,5.5,Plate,Chainmail,CHANGED
iron_hills\shoulder_armors.xml,sk_dwarf_iron_pauldron_medium_d,[Iron Hills] Medium Pauldrons D,iron_hills,shoulder,medium,3,21,16,-5,5.1,5.5,Plate,Chainmail,CHANGED
iron_hills\shoulder_armors.xml,sk_dwarf_iron_pauldron_light_a,[Iron Hills] Light Pauldrons A,iron_hills,shoulder,light,0,15,10,-5,4.5,3.3,Plate,Leather,CHANGED
iron_hills\shoulder_armors.xml,sk_dwarf_iron_pauldron_light_b,[Iron Hills] Light Pauldrons B,iron_hills,shoulder,light,1,16,11,-5,4.6,3.3,Plate,Leather,CHANGED
iron_hills\shoulder_armors.xml,sk_dwarf_dain_pauldron_heavy_a,[Erebor] Dain Heavy Pauldron A,erebor,shoulder,lord,0,32,22,-10,5.0,11.6,Plate,Plate,CHANGED
iron_hills\shoulder_armors.xml,sk_dwarf_dain_pauldron_heavy_b,[Erebor] Dain Heavy Pauldron B,erebor,shoulder,lord,1,32,23,-9,5.0,11.6,Plate,Plate,CHANGED
iron_hills\shoulder_armors.xml,sk_dwarf_dain_pauldron_heavy_c,[Erebor] Dain Heavy Pauldron C,erebor,shoulder,lord,2,32,24,-8,5.0,11.6,Plate,Plate,CHANGED
iron_hills\shoulder_armors.xml,sk_dwarf_dain_pauldron_heavy_d,[Erebor] Dain Heavy Pauldron D,erebor,shoulder,lord,3,32,25,-7,5.0,11.6,Plate,Plate,CHANGED
iron_hills\shoulder_armors.xml,sk_dwarf_dain_pauldron_heavy_e,[Erebor] Dain Heavy Pauldron E,erebor,shoulder,lord,4,32,26,-6,5.0,11.6,Plate,Plate,CHANGED
iron_hills\shoulder_armors.xml,sk_dwarf_dain_pauldron_med_a,[Erebor] Dain Medium Pauldron A,erebor,shoulder,lord,0,28,22,-6,5.0,11.6,Plate,Plate,CHANGED
iron_hills\shoulder_armors.xml,sk_dwarf_dain_pauldron_med_b,[Erebor] Dain Medium Pauldron B,erebor,shoulder,lord,1,28,23,-5,5.0,11.6,Plate,Plate,CHANGED
iron_hills\shoulder_armors.xml,sk_dwarf_dain_pauldron_med_c,[Erebor] Dain Medium Pauldron C,erebor,shoulder,lord,2,28,24,-4,5.0,11.6,Plate,Plate,CHANGED
iron_hills\shoulder_armors.xml,sk_dwarf_dain_cape_fur_a,[Erebor] Dain Fur Cloak I,erebor,shoulder,lord,0,20,22,2,2.0,11.6,Plate,Plate,CHANGED
isengard\head_armors.xml,sk_uruk_hai_helmet_bers_a1,[Isengard] Berserker Plate Helmet I,isengard,head,elite,0,35,42,7,2.0,5.2,Plate,Plate,CHANGED
isengard\head_armors.xml,sk_uruk_hai_helmet_bers_ar1,[Isengard] Berserker Plate Helmet V,isengard,head,elite,0,38,42,4,2.0,5.2,Plate,Plate,CHANGED
isengard\head_armors.xml,sk_uruk_hai_helmet_bers_a2,[Isengard] Berserker Plate Helmet II,isengard,head,elite,0,35,42,7,2.0,5.2,Plate,Plate,CHANGED
isengard\head_armors.xml,sk_uruk_hai_helmet_bers_a3,[Isengard] Berserker Plate Helmet III,isengard,head,elite,0,35,42,7,2.0,5.2,Plate,Plate,CHANGED
isengard\head_armors.xml,sk_uruk_hai_helmet_bers_a4,[Isengard] Berserker Plate Helmet IV,isengard,head,elite,0,35,42,7,2.0,5.2,Plate,Plate,CHANGED
isengard\head_armors.xml,sk_uruk_hai_helmet_captain_a1,[Isengard] Captain Plate Helmet I,isengard,head,heavy,0,40,34,-6,3.0,4.0,Plate,Plate,CHANGED
isengard\head_armors.xml,sk_uruk_hai_helmet_captain_ar1,[Isengard] Captain Plate Helmet V,isengard,head,heavy,0,40,34,-6,3.0,4.0,Plate,Plate,CHANGED
isengard\head_armors.xml,sk_uruk_hai_helmet_captain_a2,[Isengard] Captain Plate Helmet II,isengard,head,heavy,0,40,34,-6,3.0,4.0,Plate,Plate,CHANGED
isengard\head_armors.xml,sk_uruk_hai_helmet_captain_a3,[Isengard] Captain Plate Helmet III,isengard,head,heavy,0,40,34,-6,3.0,4.0,Plate,Plate,CHANGED
isengard\head_armors.xml,sk_uruk_hai_helmet_captain_a4,[Isengard] Captain Plate Helmet IV,isengard,head,heavy,0,40,34,-6,3.0,4.0,Plate,Plate,CHANGED
isengard\head_armors.xml,sk_uruk_hai_helmet_command_a1,[Isengard] Command Plate Helmet I,isengard,head,heavy,0,45,34,-11,3.0,4.0,Plate,Plate,CHANGED
isengard\head_armors.xml,sk_uruk_hai_helmet_command_ar1,[Isengard] Command Plate Helmet VI,isengard,head,heavy,0,46,34,-12,3.0,4.0,Plate,Plate,CHANGED
isengard\head_armors.xml,sk_uruk_hai_helmet_command_a2,[Isengard] Command Plate Helmet II,isengard,head,heavy,0,45,34,-11,3.0,4.0,Plate,Plate,CHANGED
isengard\head_armors.xml,sk_uruk_hai_helmet_command_a3,[Isengard] Command Plate Helmet III,isengard,head,heavy,0,45,34,-11,3.0,4.0,Plate,Plate,CHANGED
isengard\head_armors.xml,sk_uruk_hai_helmet_command_b1,[Isengard] Command Plate Helmet IV,isengard,head,heavy,1,45,35,-10,3.0,4.0,Plate,Plate,CHANGED
isengard\head_armors.xml,sk_uruk_hai_helmet_command_b2,[Isengard] Command Plate Helmet V,isengard,head,heavy,1,45,35,-10,3.0,4.0,Plate,Plate,CHANGED
isengard\head_armors.xml,sk_uruk_hai_helmet_command_br1,[Isengard] Command Plate Helmet VIII,isengard,head,heavy,0,46,34,-12,3.0,4.0,Plate,Plate,CHANGED
isengard\head_armors.xml,sk_uruk_hai_helmet_command_br2,[Isengard] Command Plate Helmet IX,isengard,head,heavy,0,46,34,-12,3.0,4.0,Plate,Plate,CHANGED
isengard\head_armors.xml,sk_uruk_hai_helmet_command_b3,[Isengard] Command Plate Helmet VII,isengard,head,heavy,1,45,35,-10,3.0,4.0,Plate,Plate,CHANGED
isengard\head_armors.xml,sk_uruk_hai_helmet_cross_a1,[Isengard] Cross Plate Helmet I,isengard,head,heavy,0,20,34,14,3.0,4.0,Plate,Plate,CHANGED
isengard\head_armors.xml,sk_uruk_hai_helmet_cross_a2,[Isengard] Cross Plate Helmet II,isengard,head,heavy,0,20,34,14,3.0,4.0,Plate,Plate,CHANGED
isengard\head_armors.xml,sk_uruk_hai_helmet_cross_a3,[Isengard] Cross Plate Helmet III,isengard,head,heavy,0,20,34,14,3.0,4.0,Plate,Plate,CHANGED
isengard\head_armors.xml,sk_uruk_hai_helmet_cross_a4,[Isengard] Cross Plate Helmet IV,isengard,head,heavy,0,20,34,14,3.0,4.0,Plate,Plate,CHANGED
isengard\head_armors.xml,sk_uruk_hai_helmet_nazg_a1,[Isengard] Nazg Plate Helmet I,isengard,head,heavy,0,40,34,-6,3.0,4.0,Plate,Plate,CHANGED
isengard\head_armors.xml,sk_uruk_hai_helmet_nazg_ar1,[Isengard] Nazg Plate Helmet V,isengard,head,heavy,0,43,34,-9,3.0,4.0,Plate,Plate,CHANGED
isengard\head_armors.xml,sk_uruk_hai_helmet_nazg_a2,[Isengard] Nazg Plate Helmet II,isengard,head,heavy,0,40,34,-6,3.0,4.0,Plate,Plate,CHANGED
isengard\head_armors.xml,sk_uruk_hai_helmet_nazg_a3,[Isengard] Nazg Plate Helmet III,isengard,head,heavy,0,40,34,-6,3.0,4.0,Plate,Plate,CHANGED
isengard\head_armors.xml,sk_uruk_hai_helmet_nazg_a4,[Isengard] Nazg Plate Helmet IV,isengard,head,heavy,0,40,34,-6,3.0,4.0,Plate,Plate,CHANGED
isengard\head_armors.xml,sk_uruk_hai_helmet_officer_a1,[Isengard] Officer Plate Helmet I,isengard,head,heavy,0,41,34,-7,3.0,4.0,Plate,Plate,CHANGED
isengard\head_armors.xml,sk_uruk_hai_helmet_officer_a2,[Isengard] Officer Plate Helmet II,isengard,head,heavy,0,41,34,-7,3.0,4.0,Plate,Plate,CHANGED
isengard\head_armors.xml,sk_uruk_hai_helmet_officer_a3,[Isengard] Officer Plate Helmet III,isengard,head,heavy,0,41,34,-7,3.0,4.0,Plate,Plate,CHANGED
isengard\head_armors.xml,sk_uruk_hai_helmet_officer_a4,[Isengard] Officer Plate Helmet IV,isengard,head,heavy,0,41,34,-7,3.0,4.0,Plate,Plate,CHANGED
isengard\head_armors.xml,sk_uruk_hai_helmet_sapper_a1,[Isengard] Sapper Plate Helmet I,isengard,head,heavy,0,22,34,12,3.0,4.0,Plate,Plate,CHANGED
isengard\head_armors.xml,sk_uruk_hai_helmet_sapper_a2,[Isengard] Sapper Plate Helmet II,isengard,head,heavy,0,22,34,12,3.0,4.0,Plate,Plate,CHANGED
isengard\head_armors.xml,sk_uruk_hai_helmet_sapper_a3,[Isengard] Sapper Plate Helmet III,isengard,head,heavy,0,22,34,12,3.0,4.0,Plate,Plate,CHANGED
isengard\head_armors.xml,sk_uruk_hai_helmet_sapper_a4,[Isengard] Sapper Plate Helmet IV,isengard,head,heavy,0,22,34,12,3.0,4.0,Plate,Plate,CHANGED
isengard\head_armors.xml,sk_uruk_hai_helmet_skir_a1,[Isengard] Skirmisher Plate Helmet I,isengard,head,heavy,0,23,34,11,3.0,4.0,Plate,Plate,CHANGED
isengard\head_armors.xml,sk_uruk_hai_helmet_skir_a2,[Isengard] Skirmisher Plate Helmet II,isengard,head,heavy,0,23,34,11,3.0,4.0,Plate,Plate,CHANGED
isengard\head_armors.xml,sk_uruk_hai_helmet_skir_a3,[Isengard] Skirmisher Plate Helmet III,isengard,head,heavy,0,23,34,11,3.0,4.0,Plate,Plate,CHANGED
isengard\head_armors.xml,sk_uruk_hai_helmet_skir_a4,[Isengard] Skirmisher Plate Helmet IV,isengard,head,heavy,0,23,34,11,3.0,4.0,Plate,Plate,CHANGED
isengard\head_armors.xml,sk_uruk_hai_helmet_spear_heavy_a1,[Isengard] Spear Heavy Plate Helmet I,isengard,head,heavy,0,33,34,1,3.0,4.0,Plate,Plate,CHANGED
isengard\head_armors.xml,sk_uruk_hai_helmet_spear_heavy_a2,[Isengard] Spear Heavy Plate Helmet II,isengard,head,heavy,0,33,34,1,3.0,4.0,Plate,Plate,CHANGED
isengard\head_armors.xml,sk_uruk_hai_helmet_spear_heavy_a3,[Isengard] Spear Heavy Plate Helmet III,isengard,head,heavy,0,33,34,1,3.0,4.0,Plate,Plate,CHANGED
isengard\head_armors.xml,sk_uruk_hai_helmet_spear_heavy_a4,[Isengard] Spear Heavy Plate Helmet IV,isengard,head,heavy,0,33,34,1,3.0,4.0,Plate,Plate,CHANGED
isengard\head_armors.xml,sk_uruk_hai_helmet_spear_light_a1,[Isengard] Spear Light Plate Helmet I,isengard,head,heavy,0,25,34,9,3.0,4.0,Plate,Plate,CHANGED
isengard\head_armors.xml,sk_uruk_hai_helmet_spear_light_a2,[Isengard] Spear Light Plate Helmet II,isengard,head,heavy,0,25,34,9,3.0,4.0,Plate,Plate,CHANGED
isengard\head_armors.xml,sk_uruk_hai_helmet_spear_light_a3,[Isengard] Spear Light Plate Helmet III,isengard,head,heavy,0,25,34,9,3.0,4.0,Plate,Plate,CHANGED
isengard\head_armors.xml,sk_uruk_hai_helmet_spear_light_a4,[Isengard] Spear Light Plate Helmet IV,isengard,head,heavy,0,25,34,9,3.0,4.0,Plate,Plate,CHANGED
isengard\head_armors.xml,sk_uruk_hai_helmet_spear_med_a1,[Isengard] Spear Medium Plate Helmet I,isengard,head,heavy,0,28,34,6,3.0,4.0,Plate,Plate,CHANGED
isengard\head_armors.xml,sk_uruk_hai_helmet_spear_med_a2,[Isengard] Spear Medium Plate Helmet II,isengard,head,heavy,0,28,34,6,3.0,4.0,Plate,Plate,CHANGED
isengard\head_armors.xml,sk_uruk_hai_helmet_spear_med_a3,[Isengard] Spear Medium Plate Helmet III,isengard,head,heavy,0,28,34,6,3.0,4.0,Plate,Plate,CHANGED
isengard\head_armors.xml,sk_uruk_hai_helmet_spear_med_a4,[Isengard] Spear Medium Plate Helmet IV,isengard,head,heavy,0,28,34,6,3.0,4.0,Plate,Plate,CHANGED
isengard\head_armors.xml,sk_uruk_hai_helmet_sword_heavy_a1,[Isengard] Sword Heavy Plate Helmet I,isengard,head,heavy,0,34,34,0,3.0,4.0,Plate,Plate,CHANGED
isengard\head_armors.xml,sk_uruk_hai_helmet_sword_heavy_a2,[Isengard] Sword Heavy Plate Helmet II,isengard,head,heavy,0,34,34,0,3.0,4.0,Plate,Plate,CHANGED
isengard\head_armors.xml,sk_uruk_hai_helmet_sword_heavy_a3,[Isengard] Sword Heavy Plate Helmet III,isengard,head,heavy,0,34,34,0,3.0,4.0,Plate,Plate,CHANGED
isengard\head_armors.xml,sk_uruk_hai_helmet_sword_heavy_a4,[Isengard] Sword Heavy Plate Helmet IV,isengard,head,heavy,0,34,34,0,3.0,4.0,Plate,Plate,CHANGED
isengard\head_armors.xml,sk_uruk_hai_helmet_sword_med_a1,[Isengard] Sword Medium Plate Helmet I,isengard,head,heavy,0,29,34,5,3.0,4.0,Plate,Plate,CHANGED
isengard\head_armors.xml,sk_uruk_hai_helmet_sword_med_a2,[Isengard] Sword Medium Plate Helmet II,isengard,head,heavy,0,29,34,5,3.0,4.0,Plate,Plate,CHANGED
isengard\head_armors.xml,sk_uruk_hai_helmet_sword_med_a3,[Isengard] Sword Medium Plate Helmet III,isengard,head,heavy,0,29,34,5,3.0,4.0,Plate,Plate,CHANGED
isengard\head_armors.xml,sk_uruk_hai_helmet_sword_med_a4,[Isengard] Sword Medium Plate Helmet IV,isengard,head,heavy,0,29,34,5,3.0,4.0,Plate,Plate,CHANGED
isengard\head_armors.xml,sk_uruk_hai_helmet_sword_light_a1,[Isengard] Sword Light Plate Helmet I,isengard,head,heavy,0,24,34,10,3.0,4.0,Plate,Plate,CHANGED
isengard\head_armors.xml,sk_uruk_hai_helmet_sword_light_a2,[Isengard] Sword Light Plate Helmet II,isengard,head,heavy,0,24,34,10,3.0,4.0,Plate,Plate,CHANGED
isengard\head_armors.xml,sk_uruk_hai_helmet_sword_light_a3,[Isengard] Sword Light Plate Helmet III,isengard,head,heavy,0,24,34,10,3.0,4.0,Plate,Plate,CHANGED
isengard\head_armors.xml,sk_uruk_hai_helmet_sword_light_a4,[Isengard] Sword Light Plate Helmet IV,isengard,head,heavy,0,24,34,10,3.0,4.0,Plate,Plate,CHANGED
isengard\body_armors.xml,sk_uruk_hai_skirt_a1,[Isengard] Uruk-Hai Berserker Skirt,isengard,body,elite,0,30,52,22,1.5,25.3,Plate,Plate,CHANGED
isengard\body_armors.xml,sk_uruk_hai_tunic_a1,[Isengard] Uruk-Hai Tunic I,isengard,body,civilian,0,8,7,-1,1.5,3.4,Plate,Cloth,CHANGED
isengard\body_armors.xml,sk_uruk_hai_tunic_a2,[Isengard] Uruk-Hai Tunic II,isengard,body,civilian,0,9,7,-2,1.5,3.4,Plate,Cloth,CHANGED
isengard\body_armors.xml,sk_uruk_hai_chainmail_a1,[Isengard] Uruk-Hai Chainmail I,isengard,body,medium,0,15,34,19,2.5,14.9,Plate,Chainmail,CHANGED
isengard\body_armors.xml,sk_uruk_hai_chainmail_a2,[Isengard] Uruk-Hai Chainmail II,isengard,body,medium,0,16,34,18,2.5,14.9,Plate,Chainmail,CHANGED
isengard\body_armors.xml,sk_uruk_hai_plate_light_a1,[Isengard] Uruk-Hai Light Plate Armor I,isengard,body,heavy,0,18,44,26,4.5,20.7,Plate,Plate,CHANGED
isengard\body_armors.xml,sk_uruk_hai_plate_light_a2,[Isengard] Uruk-Hai Light Plate Armor II,isengard,body,heavy,0,18,44,26,4.5,20.7,Plate,Plate,CHANGED
isengard\body_armors.xml,sk_uruk_hai_plate_light_b1,[Isengard] Uruk-Hai Light Plate Armor III,isengard,body,heavy,1,20,45,25,2.5,20.7,Plate,Plate,CHANGED
isengard\body_armors.xml,sk_uruk_hai_plate_light_b2,[Isengard] Uruk-Hai Light Plate Armor IV,isengard,body,heavy,1,20,45,25,2.5,20.7,Plate,Plate,CHANGED
isengard\body_armors.xml,sk_uruk_hai_plate_med_a1,[Isengard] Uruk-Hai Medium Plate Armor I,isengard,body,heavy,0,25,44,19,6.5,20.7,Plate,Plate,CHANGED
isengard\body_armors.xml,sk_uruk_hai_plate_med_a2,[Isengard] Uruk-Hai Medium Plate Armor II,isengard,body,heavy,0,25,44,19,6.5,20.7,Plate,Plate,CHANGED
isengard\body_armors.xml,sk_uruk_hai_plate_med_b1,[Isengard] Uruk-Hai Medium Plate Armor III,isengard,body,heavy,1,25,45,20,6.5,20.7,Plate,Plate,CHANGED
isengard\body_armors.xml,sk_uruk_hai_plate_med_b2,[Isengard] Uruk-Hai Medium Plate Armor IV,isengard,body,heavy,1,25,45,20,6.5,20.7,Plate,Plate,CHANGED
isengard\body_armors.xml,sk_uruk_hai_plate_heavy_a1,[Isengard] Uruk-Hai Heavy Plate Armor I,isengard,body,heavy,0,30,44,14,8.5,20.7,Plate,Plate,CHANGED
isengard\body_armors.xml,sk_uruk_hai_plate_heavy_a2,[Isengard] Uruk-Hai Heavy Plate Armor II,isengard,body,heavy,0,30,44,14,8.5,20.7,Plate,Plate,CHANGED
isengard\body_armors.xml,sk_uruk_hai_plate_heavy_b1,[Isengard] Uruk-Hai Heavy Plate Armor III,isengard,body,heavy,1,30,45,15,8.5,20.7,Plate,Plate,CHANGED
isengard\body_armors.xml,sk_uruk_hai_plate_heavy_b2,[Isengard] Uruk-Hai Heavy Plate Armor IV,isengard,body,heavy,1,30,45,15,8.5,20.7,Plate,Plate,CHANGED
isengard\body_armors.xml,sk_uruk_hai_plate_elite_a1,[Isengard] Uruk-Hai Elite Plate Armor I,isengard,body,elite,0,35,52,17,10.5,25.3,Plate,Plate,CHANGED
isengard\body_armors.xml,sk_uruk_hai_plate_elite_a2,[Isengard] Uruk-Hai Elite Plate Armor II,isengard,body,elite,0,35,52,17,10.5,25.3,Plate,Plate,CHANGED
isengard\body_armors.xml,sk_uruk_hai_plate_elite_a3,[Isengard] Uruk-Hai Elite Plate Armor IV,isengard,body,elite,0,37,52,15,10.5,25.3,Plate,Plate,CHANGED
isengard\body_armors.xml,sk_uruk_hai_plate_elite_b1,[Isengard] Uruk-Hai Elite Plate Armor III,isengard,body,elite,1,35,53,18,10.5,25.3,Plate,Plate,CHANGED
isengard\body_armors.xml,sk_uruk_hai_plate_elite_b2,[Isengard] Uruk-Hai Elite Plate Armor IV,isengard,body,elite,1,35,53,18,10.5,25.3,Plate,Plate,CHANGED
isengard\body_armors.xml,sk_uruk_hai_plate_elite_b3,[Isengard] Uruk-Hai Elite Plate Armor V,isengard,body,elite,1,37,53,16,10.5,25.3,Plate,Plate,CHANGED
isengard\arm_armors.xml,sk_uruk_hai_bracer_elite_a1,[Isengard] Elite Plate Bracer I,isengard,arm,elite,0,40,28,-12,6.0,2.3,Plate,Plate,CHANGED
isengard\arm_armors.xml,sk_uruk_hai_bracer_elite_ar2,[Isengard] Elite Plate Bracer VII,isengard,arm,elite,0,40,28,-12,6.0,2.3,Plate,Plate,CHANGED
isengard\arm_armors.xml,sk_uruk_hai_bracer_elite_br2,[Isengard] Elite Plate Bracer VIII,isengard,arm,elite,0,40,28,-12,6.0,2.3,Plate,Plate,CHANGED
isengard\arm_armors.xml,sk_uruk_hai_bracer_elite_a2,[Isengard] Elite Plate Bracer II,isengard,arm,elite,0,40,28,-12,6.0,2.3,Plate,Plate,CHANGED
isengard\arm_armors.xml,sk_uruk_hai_bracer_elite_a3,[Isengard] Elite Plate Bracer III,isengard,arm,elite,0,40,28,-12,6.0,2.3,Plate,Plate,CHANGED
isengard\arm_armors.xml,sk_uruk_hai_bracer_elite_b1,[Isengard] Elite Plate Bracer IV,isengard,arm,elite,1,42,29,-13,6.0,2.3,Plate,Plate,CHANGED
isengard\arm_armors.xml,sk_uruk_hai_bracer_elite_b2,[Isengard] Elite Plate Bracer V,isengard,arm,elite,1,42,29,-13,6.0,2.3,Plate,Plate,CHANGED
isengard\arm_armors.xml,sk_uruk_hai_bracer_elite_b3,[Isengard] Elite Plate Bracer VI,isengard,arm,elite,1,42,29,-13,6.0,2.3,Plate,Plate,CHANGED
isengard\arm_armors.xml,sk_uruk_hai_bracer_heavy_a1,[Isengard] Heavy Plate Bracer I,isengard,arm,heavy,0,31,22,-9,5.0,1.7,Plate,Plate,CHANGED
isengard\arm_armors.xml,sk_uruk_hai_bracer_heavy_a2,[Isengard] Heavy Plate Bracer II,isengard,arm,heavy,0,33,22,-11,5.0,1.7,Plate,Plate,CHANGED
isengard\arm_armors.xml,sk_uruk_hai_bracer_heavy_a3,[Isengard] Heavy Plate Bracer III,isengard,arm,heavy,0,34,22,-12,5.0,1.7,Plate,Plate,CHANGED
isengard\arm_armors.xml,sk_uruk_hai_bracer_heavy_b1,[Isengard] Heavy Plate Bracer IV,isengard,arm,heavy,1,31,23,-8,5.0,1.7,Plate,Plate,CHANGED
isengard\arm_armors.xml,sk_uruk_hai_bracer_heavy_b2,[Isengard] Heavy Plate Bracer V,isengard,arm,heavy,1,33,23,-10,5.0,1.7,Plate,Plate,CHANGED
isengard\arm_armors.xml,sk_uruk_hai_bracer_heavy_b3,[Isengard] Heavy Plate Bracer VI,isengard,arm,heavy,1,34,23,-11,5.0,1.7,Plate,Plate,CHANGED
isengard\arm_armors.xml,sk_uruk_hai_bracer_medium_a1,[Isengard] Medium Plate Bracer I,isengard,arm,medium,0,27,16,-11,5.0,1.1,Plate,Chainmail,CHANGED
isengard\arm_armors.xml,sk_uruk_hai_bracer_medium_a2,[Isengard] Medium Plate Bracer II,isengard,arm,medium,0,28,16,-12,5.0,1.1,Plate,Chainmail,CHANGED
isengard\arm_armors.xml,sk_uruk_hai_bracer_medium_a3,[Isengard] Medium Plate Bracer III,isengard,arm,medium,0,29,16,-13,5.0,1.1,Plate,Chainmail,CHANGED
isengard\arm_armors.xml,sk_uruk_hai_bracer_medium_b1,[Isengard] Medium Plate Bracer IV,isengard,arm,medium,1,26,17,-9,5.0,1.1,Plate,Chainmail,CHANGED
isengard\arm_armors.xml,sk_uruk_hai_bracer_medium_b2,[Isengard] Medium Plate Bracer V,isengard,arm,medium,1,27,17,-10,5.0,1.1,Plate,Chainmail,CHANGED
isengard\arm_armors.xml,sk_uruk_hai_bracer_medium_b3,[Isengard] Medium Plate Bracer VI,isengard,arm,medium,1,29,17,-12,5.0,1.1,Plate,Chainmail,CHANGED
isengard\arm_armors.xml,sk_uruk_hai_bracer_light_a1,[Isengard] Light Plate Bracer I,isengard,arm,light,0,16,10,-6,1.0,0.7,Plate,Leather,CHANGED
isengard\arm_armors.xml,sk_uruk_hai_bracer_light_a2,[Isengard] Light Plate Bracer II,isengard,arm,light,0,18,10,-8,1.0,0.7,Plate,Leather,CHANGED
isengard\arm_armors.xml,sk_uruk_hai_bracer_light_b1,[Isengard] Light Plate Bracer III,isengard,arm,light,1,20,11,-9,1.0,0.7,Plate,Leather,CHANGED
isengard\arm_armors.xml,sk_uruk_hai_gloves_a1,[Isengard] Light Leather Gloves I,isengard,arm,light,0,14,10,-4,1.0,0.7,Plate,Leather,CHANGED
isengard\leg_armors.xml,sk_uruk_hai_greaves_heavy_a1,[Isengard] Heavy Greaves I,isengard,leg,heavy,0,40,30,-10,1.6,4.0,Plate,Plate,CHANGED
isengard\leg_armors.xml,sk_uruk_hai_greaves_heavy_a2,[Isengard] Heavy Greaves II,isengard,leg,heavy,0,36,30,-6,1.6,4.0,Plate,Plate,CHANGED
isengard\leg_armors.xml,sk_uruk_hai_greaves_heavy_a3,[Isengard] Heavy Greaves III,isengard,leg,heavy,0,36,30,-6,1.6,4.0,Plate,Plate,CHANGED
isengard\leg_armors.xml,sk_uruk_hai_greaves_heavy_ar2,[Isengard] Heavy Greaves IV,isengard,leg,heavy,0,36,30,-6,1.6,4.0,Plate,Plate,CHANGED
isengard\leg_armors.xml,sk_uruk_hai_greaves_heavy_ar3,[Isengard] Heavy Greaves V,isengard,leg,heavy,0,36,30,-6,1.6,4.0,Plate,Plate,CHANGED
isengard\leg_armors.xml,sk_uruk_hai_greaves_medium_a1,[Isengard] Medium Greaves I,isengard,leg,medium,0,31,22,-9,1.6,2.9,Plate,Chainmail,CHANGED
isengard\leg_armors.xml,sk_uruk_hai_greaves_medium_a2,[Isengard] Medium Greaves II,isengard,leg,medium,0,31,22,-9,1.6,2.9,Plate,Chainmail,CHANGED
isengard\leg_armors.xml,sk_uruk_hai_greaves_medium_a3,[Isengard] Medium Greaves III,isengard,leg,medium,0,31,22,-9,1.6,2.9,Plate,Chainmail,CHANGED
isengard\leg_armors.xml,sk_uruk_hai_greaves_medium_b1,[Isengard] Medium Greaves IV,isengard,leg,medium,1,31,23,-8,1.6,2.9,Plate,Chainmail,CHANGED
isengard\leg_armors.xml,sk_uruk_hai_greaves_medium_b2,[Isengard] Medium Greaves V,isengard,leg,medium,1,31,23,-8,1.6,2.9,Plate,Chainmail,CHANGED
isengard\leg_armors.xml,sk_uruk_hai_greaves_medium_b3,[Isengard] Medium Greaves VI,isengard,leg,medium,1,31,23,-8,1.6,2.9,Plate,Chainmail,CHANGED
isengard\leg_armors.xml,sk_uruk_hai_shoes_a1,[Isengard] Light Shoes I,isengard,leg,light,0,10,14,4,1.6,1.7,Leather,Leather,CHANGED
isengard\shoulder_armors.xml,sk_uruk_hai_pauldron_heavy_a1,[Isengard] Heavy Pauldrons I,isengard,shoulder,heavy,0,35,14,-21,9.0,8.0,Plate,Plate,CHANGED
isengard\shoulder_armors.xml,sk_uruk_hai_pauldron_heavy_a2,[Isengard] Heavy Pauldrons II,isengard,shoulder,heavy,0,35,14,-21,9.0,8.0,Plate,Plate,CHANGED
isengard\shoulder_armors.xml,sk_uruk_hai_pauldron_heavy_a3,[Isengard] Heavy Pauldrons III,isengard,shoulder,heavy,0,35,14,-21,9.0,8.0,Plate,Plate,CHANGED
isengard\shoulder_armors.xml,sk_uruk_hai_pauldron_heavy_b1,[Isengard] Heavy Pauldrons IV,isengard,shoulder,heavy,1,38,15,-23,9.0,8.0,Plate,Plate,CHANGED
isengard\shoulder_armors.xml,sk_uruk_hai_pauldron_heavy_b2,[Isengard] Heavy Pauldrons V,isengard,shoulder,heavy,1,38,15,-23,9.0,8.0,Plate,Plate,CHANGED
isengard\shoulder_armors.xml,sk_uruk_hai_pauldron_heavy_b3,[Isengard] Heavy Pauldrons VI,isengard,shoulder,heavy,1,38,15,-23,9.0,8.0,Plate,Plate,CHANGED
isengard\shoulder_armors.xml,sk_uruk_hai_pauldron_heavy_br2,[Isengard] Heavy Pauldrons VII,isengard,shoulder,heavy,0,38,14,-24,9.0,8.0,Plate,Plate,CHANGED
isengard\shoulder_armors.xml,sk_uruk_hai_pauldron_heavy_br3,[Isengard] Heavy Pauldrons VIII,isengard,shoulder,heavy,0,38,14,-24,9.0,8.0,Plate,Plate,CHANGED
isengard\shoulder_armors.xml,sk_uruk_hai_pauldron_med_a1,[Isengard] Medium Pauldrons I,isengard,shoulder,medium,0,31,10,-21,6.0,5.8,Plate,Chainmail,CHANGED
isengard\shoulder_armors.xml,sk_uruk_hai_pauldron_med_a2,[Isengard] Medium Pauldrons II,isengard,shoulder,medium,0,31,10,-21,6.0,5.8,Plate,Chainmail,CHANGED
isengard\shoulder_armors.xml,sk_uruk_hai_pauldron_med_a3,[Isengard] Medium Pauldrons III,isengard,shoulder,medium,0,31,10,-21,6.0,5.8,Plate,Chainmail,CHANGED
isengard\shoulder_armors.xml,sk_uruk_hai_pauldron_light_a1,[Isengard] Light Pauldrons I,isengard,shoulder,light,0,25,7,-18,3.0,3.4,Plate,Leather,CHANGED
isengard\shoulder_armors.xml,sk_uruk_hai_pauldron_light_a2,[Isengard] Light Pauldrons II,isengard,shoulder,light,0,25,7,-18,3.0,3.4,Plate,Leather,CHANGED
isengard\shoulder_armors.xml,sk_uruk_hai_pauldron_light_a3,[Isengard] Light Pauldrons III,isengard,shoulder,light,0,25,7,-18,3.0,3.4,Plate,Leather,CHANGED
mercenary\head_armors.xml,sk_northern_head_mask_a,[Northern] Face Mask,mercenary,head,civilian,0,10,5,-5,0.5,0.5,Cloth,Cloth,CHANGED
mercenary\head_armors.xml,sk_northern_helmet_light_a,[Northern] Light Helmet,mercenary,head,light,0,18,15,-3,2.0,1.5,Plate,Leather,CHANGED
mercenary\head_armors.xml,sk_northern_helmet_light_b,[Northern] Light Helmet,mercenary,head,light,1,18,16,-2,2.0,1.5,Plate,Leather,CHANGED
mercenary\head_armors.xml,sk_northern_helmet_medium_a,[Northern] Helmet,mercenary,head,medium,0,26,24,-2,3.5,2.5,Plate,Chainmail,CHANGED
mercenary\head_armors.xml,sk_northern_helmet_medium_b,[Northern] Helmet,mercenary,head,medium,1,26,25,-1,3.5,2.5,Plate,Chainmail,CHANGED
mercenary\head_armors.xml,sk_northern_helmet_medium_c,[Northern] Helmet,mercenary,head,medium,2,26,26,0,3.5,2.5,Plate,Chainmail,CHANGED
mercenary\head_armors.xml,sk_northern_helmet_medium_d,[Northern] Helmet,mercenary,head,medium,3,26,27,1,3.5,2.5,Plate,Chainmail,CHANGED
mercenary\body_armors.xml,sk_northern_armor_light_a,[Northern] Light Armour,mercenary,body,light,0,15,20,5,5.0,8.0,Leather,Leather,CHANGED
mercenary\body_armors.xml,sk_northern_armor_light_b,[Northern] Light Armour,mercenary,body,light,1,15,21,6,5.0,8.0,Leather,Leather,CHANGED
mercenary\body_armors.xml,m_northern_armor_a1,[Northern] Padded Armour I,mercenary,body,light,0,20,20,0,7.5,8.0,Leather,Leather,CHANGED
mercenary\body_armors.xml,m_northern_armor_a2,[Northern] Padded Armour II,mercenary,body,light,0,20,20,0,7.5,8.0,Leather,Leather,CHANGED
mercenary\body_armors.xml,m_northern_armor_a3,[Northern] Padded Armour III,mercenary,body,light,0,20,20,0,7.5,8.0,Leather,Leather,CHANGED
mercenary\body_armors.xml,m_northern_armor_b1,[Northern] Armour I,mercenary,body,light,1,24,21,-3,9.5,8.0,Leather,Leather,CHANGED
mercenary\body_armors.xml,m_northern_armor_b2,[Northern] Armour II,mercenary,body,light,1,24,21,-3,9.5,8.0,Leather,Leather,CHANGED
mercenary\body_armors.xml,m_northern_armor_b3,[Northern] Armour III,mercenary,body,light,1,24,21,-3,9.5,8.0,Leather,Leather,CHANGED
mercenary\body_armors.xml,m_northern_armor_b4,[Northern] Armour IV,mercenary,body,light,1,24,21,-3,9.5,8.0,Leather,Leather,CHANGED
mercenary\body_armors.xml,sk_northern_armor_medium_a,[Northern] Medium Armour,mercenary,body,medium,0,30,32,2,12.0,13.0,Chainmail,Chainmail,CHANGED
mercenary\body_armors.xml,sk_northern_armor_medium_b,[Northern] Medium Armour,mercenary,body,medium,1,30,33,3,12.0,13.0,Chainmail,Chainmail,CHANGED
mercenary\arm_armors.xml,sk_northern_bracers_gloves_a,[Northern] Leather Gloves,mercenary,arm,light,0,8,8,0,0.6,0.6,Leather,Leather,UNCHANGED
mercenary\arm_armors.xml,sk_northern_bracers_light_a,[Northern] Light Bracers,mercenary,arm,light,0,12,8,-4,0.8,0.6,Leather,Leather,CHANGED
mercenary\arm_armors.xml,sk_northern_bracers_medium_a,[Northern] Bracers,mercenary,arm,medium,0,18,14,-4,1.2,1.0,Plate,Chainmail,CHANGED
mercenary\arm_armors.xml,sk_northern_bracers_medium_b,[Northern] Bracers,mercenary,arm,medium,1,18,15,-3,1.2,1.0,Plate,Chainmail,CHANGED
mercenary\arm_armors.xml,sk_northern_bracers_medium_c,[Northern] Bracers,mercenary,arm,medium,2,18,16,-2,1.2,1.0,Plate,Chainmail,CHANGED
mercenary\arm_armors.xml,sk_northern_bracers_medium_d,[Northern] Bracers,mercenary,arm,medium,3,18,17,-1,1.2,1.0,Plate,Chainmail,CHANGED
mercenary\leg_armors.xml,sk_northern_boots_a,[Northern] Leather Boots,mercenary,leg,light,0,12,12,0,1.6,1.5,Leather,Leather,CHANGED
mercenary\leg_armors.xml,sk_northern_boots_medium_a,[Northern] Boots,mercenary,leg,medium,0,20,20,0,2.6,2.5,Plate,Chainmail,CHANGED
mercenary\shoulder_armors.xml,m_northern_cape_a,[Northern] Cape,mercenary,shoulder,civilian,0,5,2,-3,0.5,1.0,Cloth,Cloth,CHANGED
mercenary\shoulder_armors.xml,sk_northern_pauldron_light_a,[Northern] Light Pauldrons,mercenary,shoulder,light,0,8,5,-3,3.0,3.0,Leather,Leather,CHANGED
mercenary\shoulder_armors.xml,sk_northern_pauldron_light_b,[Northern] Light Pauldrons,mercenary,shoulder,light,1,8,6,-2,3.0,3.0,Leather,Leather,CHANGED
mercenary\shoulder_armors.xml,sk_northern_pauldron_medium_a,[Northern] Pauldrons,mercenary,shoulder,medium,0,12,8,-4,5.0,5.0,Plate,Chainmail,CHANGED
mercenary\shoulder_armors.xml,sk_northern_pauldron_medium_b,[Northern] Pauldrons,mercenary,shoulder,medium,1,12,9,-3,5.0,5.0,Plate,Chainmail,CHANGED
mercenary\shoulder_armors.xml,sk_northern_pauldron_medium_c,[Northern] Pauldrons,mercenary,shoulder,medium,2,12,10,-2,5.0,5.0,Plate,Chainmail,CHANGED
mercenary\shoulder_armors.xml,sk_northern_pauldron_medium_d,[Northern] Pauldrons,mercenary,shoulder,medium,3,12,11,-1,5.0,5.0,Plate,Chainmail,CHANGED
mirkwood\head_armors.xml,mirkwood_helmet,[Mirkwood] Palace Guard Helmet,mirkwood,head,elite,0,45,45,0,2.0,2.9,Plate,Plate,CHANGED
mirkwood\head_armors.xml,thranduil_helmet,[Mirkwood] Thranduil Crown,mirkwood,head,lord,0,80,53,-27,2.0,3.2,Plate,Plate,CHANGED
mirkwood\head_armors.xml,mkwd_inf1_t1_helmet_gold_hc,[Mirkwood] Infantry Helmet T1-I,mirkwood,head,light,0,25,20,-5,2.0,1.0,Plate,Leather,CHANGED
mirkwood\head_armors.xml,mkwd_inf1_t1_helmet_silver_hc,[Mirkwood] Infantry Helmet T1-II,mirkwood,head,light,0,25,20,-5,2.0,1.0,Plate,Leather,CHANGED
mirkwood\head_armors.xml,mkwd_inf1_t2_helmet_gold_hc,[Mirkwood] Infantry Helmet T2-I,mirkwood,head,light,0,25,20,-5,2.0,1.0,Plate,Leather,CHANGED
mirkwood\head_armors.xml,mkwd_inf1_t2_helmet_silver_hc,[Mirkwood] Infantry Helmet T2-II,mirkwood,head,light,0,25,20,-5,2.0,1.0,Plate,Leather,CHANGED
mirkwood\head_armors.xml,mkwd_inf1_t3_helmet_gold_hc,[Mirkwood] Infantry Helmet T3-I,mirkwood,head,light,0,25,20,-5,2.0,1.0,Plate,Leather,CHANGED
mirkwood\head_armors.xml,mkwd_inf1_t3_helmet_silver_hc,[Mirkwood] Infantry Helmet T3-II,mirkwood,head,light,0,25,20,-5,2.0,1.0,Plate,Leather,CHANGED
mirkwood\head_armors.xml,mkwd_inf1_t4_helmet_gold_hc,[Mirkwood] Infantry Helmet T4-I,mirkwood,head,light,0,25,20,-5,2.0,1.0,Plate,Leather,CHANGED
mirkwood\head_armors.xml,mkwd_inf1_t4_helmet_silver_hc,[Mirkwood] Infantry Helmet T4-II,mirkwood,head,light,0,25,20,-5,2.0,1.0,Plate,Leather,CHANGED
mirkwood\head_armors.xml,mkwd_inf2_t1_helmet_silver_hc,[Mirkwood] Infantry Helmet II-T1,mirkwood,head,light,0,25,20,-5,2.0,1.0,Plate,Leather,CHANGED
mirkwood\head_armors.xml,mkwd_inf2_t2_helmet_silver_hc,[Mirkwood] Infantry Helmet II-T2,mirkwood,head,light,0,25,20,-5,2.0,1.0,Plate,Leather,CHANGED
mirkwood\head_armors.xml,mkwd_inf2_t3_helmet_silver_hc,[Mirkwood] Infantry Helmet II-T3,mirkwood,head,light,0,25,20,-5,2.0,1.0,Plate,Leather,CHANGED
mirkwood\head_armors.xml,mkwd_inf2_t4_helmet_silver_hc,[Mirkwood] Infantry Helmet II-T4,mirkwood,head,light,0,25,20,-5,2.0,1.0,Plate,Leather,CHANGED
mirkwood\head_armors.xml,mkwd_inf3_t1_helmet_gold_hc,[Mirkwood] Infantry Helmet III-T1,mirkwood,head,light,0,25,20,-5,2.0,1.0,Plate,Leather,CHANGED
mirkwood\head_armors.xml,mkwd_inf3_t2_helmet_gold_hc,[Mirkwood] Infantry Helmet III-T2,mirkwood,head,light,0,25,20,-5,2.0,1.0,Plate,Leather,CHANGED
mirkwood\head_armors.xml,mkwd_inf3_t3_helmet_gold_hc,[Mirkwood] Infantry Helmet III-T3,mirkwood,head,light,0,25,20,-5,2.0,1.0,Plate,Leather,CHANGED
mirkwood\head_armors.xml,mkwd_inf3_t4_helmet_gold_hc,[Mirkwood] Infantry Helmet III-T4,mirkwood,head,light,0,25,20,-5,2.0,1.0,Plate,Leather,CHANGED
mirkwood\head_armors.xml,mkwd_palace_t1_helmet_green_hc,[Mirkwood] Palace Helmet T1,mirkwood,head,light,0,25,20,-5,2.0,1.0,Plate,Leather,CHANGED
mirkwood\head_armors.xml,mkwd_palace_t2_helmet_green_hc,[Mirkwood] Palace Helmet T2,mirkwood,head,light,0,25,20,-5,2.0,1.0,Plate,Leather,CHANGED
mirkwood\head_armors.xml,mkwd_palace_t3_helmet_green_hc,[Mirkwood] Palace Helmet T3,mirkwood,head,light,0,25,20,-5,2.0,1.0,Plate,Leather,CHANGED
mirkwood\body_armors.xml,mirkwood_body,[Mirkwood] Palace Guard Body Armor,mirkwood,body,elite,0,48,55,7,10.5,14.3,Plate,Plate,CHANGED
mirkwood\body_armors.xml,thranduil_body,[Mirkwood] Thranduil Body Armor,mirkwood,body,lord,0,90,65,-25,10.5,15.6,Plate,Plate,CHANGED
mirkwood\body_armors.xml,legolas_body,[Mirkwood] Legolas Body Armor,mirkwood,body,lord,0,90,65,-25,5.5,15.6,Plate,Plate,CHANGED
mirkwood\body_armors.xml,mkwd_inf3_chest,[Mirkwood] Infantry Chestplate I,mirkwood,body,medium,0,28,37,9,10.5,8.5,Plate,Chainmail,CHANGED
mirkwood\body_armors.xml,mkwd_inf3_chest_silver,[Mirkwood] Infantry Chestplate II,mirkwood,body,medium,0,28,37,9,10.5,8.5,Plate,Chainmail,CHANGED
mirkwood\body_armors.xml,mkwd_inf3_chest_bronze,[Mirkwood] Infantry Chestplate III,mirkwood,body,medium,0,28,37,9,10.5,8.5,Plate,Chainmail,CHANGED
mirkwood\arm_armors.xml,mirkwood_gloves,[Mirkwood] Palace Guard Glovves,mirkwood,arm,elite,0,25,31,6,1.5,1.3,Plate,Plate,CHANGED
mirkwood\arm_armors.xml,thranduil_gloves,[Mirkwood] Thranduil Gloves,mirkwood,arm,lord,0,90,37,-53,1.5,1.6,Plate,Plate,CHANGED
mirkwood\arm_armors.xml,legolas_gloves,[Mirkwood] Legolas Gloves,mirkwood,arm,lord,0,90,37,-53,1.5,1.6,Plate,Plate,CHANGED
mirkwood\arm_armors.xml,mkwd_inf3_vambraces,[Mirkwood] Infantry Vambraces I,mirkwood,arm,medium,0,27,19,-8,1.5,0.7,Plate,Chainmail,CHANGED
mirkwood\arm_armors.xml,mkwd_inf3_vambraces_silver,[Mirkwood] Infantry Vambraces II,mirkwood,arm,medium,0,26,19,-7,1.5,0.7,Plate,Chainmail,CHANGED
mirkwood\arm_armors.xml,mkwd_inf3_vambraces_bronze,[Mirkwood] Infantry Vambraces III,mirkwood,arm,light,0,25,13,-12,1.5,0.4,Plate,Leather,CHANGED
mirkwood\leg_armors.xml,mirkwood_boots,[Mirkwood] Palace Guard Boots,mirkwood,leg,elite,0,26,39,13,1.6,2.6,Plate,Plate,CHANGED
mirkwood\leg_armors.xml,thranduil_boots,[Mirkwood] Thranduil Plate Boots,mirkwood,leg,lord,0,46,45,-1,1.6,2.9,Plate,Plate,CHANGED
mirkwood\leg_armors.xml,legolas_boots,[Mirkwood] Legolas Plate Boots,mirkwood,leg,lord,0,46,45,-1,1.6,2.9,Plate,Plate,CHANGED
mirkwood\leg_armors.xml,mkwd_inf3_greaves,[Mirkwood] Greaves I,mirkwood,leg,medium,0,26,25,-1,1.6,1.6,Plate,Chainmail,CHANGED
mirkwood\leg_armors.xml,mkwd_inf3_greaves_silver,[Mirkwood] Greaves II,mirkwood,leg,medium,0,26,25,-1,1.6,1.6,Plate,Chainmail,CHANGED
mirkwood\leg_armors.xml,mkwd_inf3_greaves_bronze,[Mirkwood] Greaves III,mirkwood,leg,medium,0,26,25,-1,1.6,1.6,Plate,Chainmail,CHANGED
mirkwood\shoulder_armors.xml,mirkwood_shoulder,[Mirkwood] Palace Guard Shoulder,mirkwood,shoulder,elite,0,20,20,0,2.0,5.9,Plate,Plate,CHANGED
mirkwood\shoulder_armors.xml,thranduil_shoulder,[Mirkwood] Thranduil Cape,mirkwood,shoulder,lord,0,20,23,3,2.0,7.2,Plate,Plate,CHANGED
mirkwood\shoulder_armors.xml,legolas_shoulder,[Mirkwood] Legolas' Cape,mirkwood,shoulder,lord,0,20,23,3,2.0,7.2,Plate,Plate,CHANGED
mirkwood\shoulder_armors.xml,mkwd_inf3_pauldrons,[Mirkwood] Pauldrons I,mirkwood,shoulder,light,0,20,10,-10,2.0,2.0,Plate,Leather,CHANGED
mirkwood\shoulder_armors.xml,mkwd_inf3_pauldrons_silver,[Mirkwood] Pauldrons II,mirkwood,shoulder,light,0,20,10,-10,2.0,2.0,Plate,Leather,CHANGED
mirkwood\shoulder_armors.xml,mkwd_inf3_pauldrons_bronze,[Mirkwood] Pauldrons III,mirkwood,shoulder,light,0,20,10,-10,2.0,2.0,Plate,Leather,CHANGED
mordor\head_armors.xml,sk_uruk_mordor_helmet_medium_a1,[Mordor] Medium Plate Helmet I,mordor,head,heavy,0,22,31,9,2.0,3.9,Plate,Plate,CHANGED
mordor\head_armors.xml,sk_uruk_mordor_helmet_medium_a2,[Mordor] Medium Plate Helmet II,mordor,head,heavy,0,22,31,9,2.0,3.9,Plate,Plate,CHANGED
mordor\head_armors.xml,sk_uruk_mordor_helmet_medium_b1,[Mordor] Medium Plate Helmet III,mordor,head,heavy,1,22,32,10,2.0,3.9,Plate,Plate,CHANGED
mordor\head_armors.xml,sk_uruk_mordor_helmet_medium_b2,[Mordor] Medium Plate Helmet IV,mordor,head,heavy,1,22,32,10,2.0,3.9,Plate,Plate,CHANGED
mordor\head_armors.xml,sk_uruk_mordor_helmet_medium_c1,[Mordor] Medium Plate Helmet V,mordor,head,heavy,2,22,33,11,2.0,3.9,Plate,Plate,CHANGED
mordor\head_armors.xml,sk_uruk_mordor_helmet_medium_c2,[Mordor] Medium Plate Helmet VI,mordor,head,heavy,2,22,33,11,2.0,3.9,Plate,Plate,CHANGED
mordor\head_armors.xml,sk_uruk_mordor_helmet_medium_d1,[Mordor] Medium Plate Helmet VII,mordor,head,heavy,3,22,34,12,2.0,3.9,Plate,Plate,CHANGED
mordor\head_armors.xml,sk_uruk_mordor_helmet_heavy_a1,[Mordor] Heavy Plate Helmet I,mordor,head,heavy,0,30,31,1,3.0,3.9,Plate,Plate,CHANGED
mordor\head_armors.xml,sk_uruk_mordor_helmet_heavy_a2,[Mordor] Heavy Plate Helmet II,mordor,head,heavy,0,30,31,1,3.0,3.9,Plate,Plate,CHANGED
mordor\head_armors.xml,sk_uruk_mordor_helmet_heavy_b1,[Mordor] Heavy Plate Helmet III,mordor,head,heavy,1,30,32,2,3.0,3.9,Plate,Plate,CHANGED
mordor\head_armors.xml,sk_uruk_mordor_helmet_heavy_b2,[Mordor] Heavy Plate Helmet IV,mordor,head,heavy,1,30,32,2,3.0,3.9,Plate,Plate,CHANGED
mordor\head_armors.xml,sk_uruk_mordor_helmet_heavy_c1,[Mordor] Heavy Plate Helmet V,mordor,head,heavy,2,30,33,3,3.0,3.9,Plate,Plate,CHANGED
mordor\head_armors.xml,sk_uruk_mordor_helmet_heavy_c2,[Mordor] Heavy Plate Helmet VI,mordor,head,heavy,2,30,33,3,3.0,3.9,Plate,Plate,CHANGED
mordor\head_armors.xml,sk_uruk_mordor_helmet_heavy_d1,[Mordor] Heavy Plate Helmet VII,mordor,head,heavy,3,30,34,4,3.0,3.9,Plate,Plate,CHANGED
mordor\head_armors.xml,sk_uruk_mordor_helmet_heavy_d2,[Mordor] Heavy Plate Helmet VIII,mordor,head,heavy,3,30,34,4,3.0,3.9,Plate,Plate,CHANGED
mordor\head_armors.xml,sk_uruk_mordor_helmet_elite_a1,[Mordor] Elite Plate Helmet I,mordor,head,elite,0,35,39,4,3.5,5.0,Plate,Plate,CHANGED
mordor\head_armors.xml,sk_uruk_mordor_helmet_elite_a2,[Mordor] Elite Plate Helmet II,mordor,head,elite,0,35,39,4,3.5,5.0,Plate,Plate,CHANGED
mordor\head_armors.xml,sk_uruk_mordor_helmet_elite_b1,[Mordor] Elite Plate Helmet III,mordor,head,elite,1,35,40,5,3.5,5.0,Plate,Plate,CHANGED
mordor\head_armors.xml,sk_uruk_mordor_helmet_elite_b2,[Mordor] Elite Plate Helmet IV,mordor,head,elite,1,35,40,5,3.5,5.0,Plate,Plate,CHANGED
mordor\head_armors.xml,sk_uruk_mordor_helmet_elite_c1,[Mordor] Elite Plate Helmet V,mordor,head,elite,2,35,41,6,3.5,5.0,Plate,Plate,CHANGED
mordor\head_armors.xml,sk_uruk_mordor_helmet_elite_c2,[Mordor] Elite Plate Helmet VI,mordor,head,elite,2,35,41,6,3.5,5.0,Plate,Plate,CHANGED
mordor\head_armors.xml,sk_uruk_mordor_helmet_elite_d1,[Mordor] Elite Plate Helmet VII,mordor,head,elite,3,35,42,7,3.5,5.0,Plate,Plate,CHANGED
mordor\head_armors.xml,sk_uruk_mordor_helmet_elite_d2,[Mordor] Elite Plate Helmet VIII,mordor,head,elite,3,35,42,7,3.5,5.0,Plate,Plate,CHANGED
mordor\head_armors.xml,witch_king_helmet,[Mordor] Witch King's Helmet,mordor,head,lord,0,48,47,-1,3.5,5.5,Plate,Plate,CHANGED
mordor\head_armors.xml,nazgul_helmet,[Mordor] Nâzgul's Hood,mordor,head,lord,0,48,47,-1,1.5,5.5,Plate,Plate,CHANGED
mordor\head_armors.xml,khamul_helmet,[Mordor] Khamul's Helmet,mordor,head,lord,0,48,47,-1,1.5,5.5,Plate,Plate,CHANGED
mordor\head_armors.xml,urukscout_helmet,[Isengard] Uruk-Hai Scout Helmet,mordor,head,light,0,24,14,-10,1.5,1.7,Plate,Leather,CHANGED
mordor\head_armors.xml,ar_ardunian_elite_helmet,[Mordor] Black Númenórean Helmet,mordor,head,elite,0,33,39,6,3.5,5.0,Plate,Plate,CHANGED
mordor\head_armors.xml,moriaorc_v1_helmet,[Mordor] Orc Helmet I,mordor,head,medium,0,28,23,-5,2.5,2.8,Plate,Chainmail,CHANGED
mordor\head_armors.xml,moriaorc_v2_helmet,[Mordor] Orc Helmet II,mordor,head,medium,0,28,23,-5,2.5,2.8,Plate,Chainmail,CHANGED
mordor\head_armors.xml,moriaorc_v3_helmet,[Mordor] Orc Helmet III,mordor,head,light,0,20,14,-6,2.5,1.7,Plate,Leather,CHANGED
mordor\head_armors.xml,sauron_helmet,[Mordor] Sauron Helmet - Dont Use,mordor,head,lord,0,50,47,-3,5.5,5.5,Plate,Plate,CHANGED
mordor\head_armors.xml,sauron_helmet_player,[Mordor] Sauron Helmet,mordor,head,lord,0,50,47,-3,5.5,5.5,Plate,Plate,CHANGED
mordor\head_armors.xml,nazgul_v1_helmet,[Mordor] Nazgul Helmet I,mordor,head,lord,0,50,47,-3,5.5,5.5,Plate,Plate,CHANGED
mordor\body_armors.xml,sk_uruk_mordor_chainmail_light_a,[Mordor] Chainmail Armour I,mordor,body,medium,0,15,31,16,9.5,14.3,Chainmail,Chainmail,CHANGED
mordor\body_armors.xml,sk_uruk_mordor_chainmail_light_b,[Mordor] Chainmail Armour II,mordor,body,medium,1,15,32,17,9.5,14.3,Chainmail,Chainmail,CHANGED
mordor\body_armors.xml,sk_uruk_mordor_chainmail_light_c,[Mordor] Chainmail Armour III,mordor,body,medium,2,15,33,18,9.5,14.3,Chainmail,Chainmail,CHANGED
mordor\body_armors.xml,sk_uruk_mordor_chainmail_medium_a1,[Mordor] Medium Chainmail Armour I,mordor,body,medium,0,20,31,11,9.5,14.3,Chainmail,Chainmail,CHANGED
mordor\body_armors.xml,sk_uruk_mordor_chainmail_medium_b1,[Mordor] Medium Chainmail Armour II,mordor,body,medium,1,20,32,12,9.5,14.3,Chainmail,Chainmail,CHANGED
mordor\body_armors.xml,sk_uruk_mordor_chainmail_medium_c1,[Mordor] Medium Chainmail Armour III,mordor,body,medium,2,20,33,13,9.5,14.3,Chainmail,Chainmail,CHANGED
mordor\body_armors.xml,sk_uruk_mordor_chainmail_medium_d1,[Mordor] Medium Chainmail Armour IV,mordor,body,medium,3,20,34,14,9.5,14.3,Chainmail,Chainmail,CHANGED
mordor\body_armors.xml,sk_uruk_mordor_chainmail_medium_a2,[Mordor] Medium Chainmail Armour V,mordor,body,medium,0,20,31,11,9.5,14.3,Chainmail,Chainmail,CHANGED
mordor\body_armors.xml,sk_uruk_mordor_chainmail_medium_b2,[Mordor] Medium Chainmail Armour VI,mordor,body,medium,1,20,32,12,9.5,14.3,Chainmail,Chainmail,CHANGED
mordor\body_armors.xml,sk_uruk_mordor_chainmail_medium_c2,[Mordor] Medium Chainmail Armour VII,mordor,body,medium,2,20,33,13,9.5,14.3,Chainmail,Chainmail,CHANGED
mordor\body_armors.xml,sk_uruk_mordor_chainmail_medium_d2,[Mordor] Medium Chainmail Armour VIII,mordor,body,medium,3,20,34,14,9.5,14.3,Chainmail,Chainmail,CHANGED
mordor\body_armors.xml,sk_uruk_mordor_chainmail_heavy_a1,[Mordor] Heavy Chainmail Armour I,mordor,body,heavy,0,25,41,16,9.5,19.8,Plate,Plate,CHANGED
mordor\body_armors.xml,sk_uruk_mordor_chainmail_heavy_a2,[Mordor] Heavy Chainmail Armour II,mordor,body,heavy,0,25,41,16,9.5,19.8,Plate,Plate,CHANGED
mordor\body_armors.xml,sk_uruk_mordor_chainmail_heavy_b1,[Mordor] Heavy Chainmail Armour III,mordor,body,heavy,1,25,42,17,9.5,19.8,Plate,Plate,CHANGED
mordor\body_armors.xml,sk_uruk_mordor_chainmail_heavy_b2,[Mordor] Heavy Chainmail Armour IV,mordor,body,heavy,1,25,42,17,9.5,19.8,Plate,Plate,CHANGED
mordor\body_armors.xml,sk_uruk_mordor_chainmail_heavy_c1,[Mordor] Heavy Chainmail Armour V,mordor,body,heavy,2,25,43,18,9.5,19.8,Plate,Plate,CHANGED
mordor\body_armors.xml,sk_uruk_mordor_chainmail_heavy_c2,[Mordor] Heavy Chainmail Armour VI,mordor,body,heavy,2,25,43,18,9.5,19.8,Plate,Plate,CHANGED
mordor\body_armors.xml,sk_uruk_mordor_chainmail_heavy_d1,[Mordor] Heavy Chainmail Armour VII,mordor,body,heavy,3,25,44,19,9.5,19.8,Plate,Plate,CHANGED
mordor\body_armors.xml,sk_uruk_mordor_chainmail_heavy_d2,[Mordor] Heavy Chainmail Armour VIII,mordor,body,heavy,3,25,44,19,9.5,19.8,Plate,Plate,CHANGED
mordor\body_armors.xml,sk_uruk_mordor_chainmail_elite_a1,[Mordor] Elite Chainmail Armour I,mordor,body,elite,0,30,49,19,10.5,24.2,Plate,Plate,CHANGED
mordor\body_armors.xml,sk_uruk_mordor_chainmail_elite_a2,[Mordor] Elite Chainmail Armour II,mordor,body,elite,0,30,49,19,10.5,24.2,Plate,Plate,CHANGED
mordor\body_armors.xml,sk_uruk_mordor_chainmail_elite_b1,[Mordor] Elite Chainmail Armour III,mordor,body,elite,1,30,50,20,10.5,24.2,Plate,Plate,CHANGED
mordor\body_armors.xml,sk_uruk_mordor_chainmail_elite_b2,[Mordor] Elite Chainmail Armour IV,mordor,body,elite,1,30,50,20,10.5,24.2,Plate,Plate,CHANGED
mordor\body_armors.xml,sk_uruk_mordor_chainmail_elite_c1,[Mordor] Elite Chainmail Armour V,mordor,body,elite,2,30,51,21,10.5,24.2,Plate,Plate,CHANGED
mordor\body_armors.xml,sk_uruk_mordor_chainmail_elite_c2,[Mordor] Elite Chainmail Armour VI,mordor,body,elite,2,30,51,21,10.5,24.2,Plate,Plate,CHANGED
mordor\body_armors.xml,sk_uruk_mordor_chainmail_elite_d1,[Mordor] Elite Chainmail Armour VII,mordor,body,elite,3,30,52,22,10.5,24.2,Plate,Plate,CHANGED
mordor\body_armors.xml,sk_uruk_mordor_chainmail_elite_d2,[Mordor] Elite Chainmail Armour VIII,mordor,body,elite,3,30,52,22,10.5,24.2,Plate,Plate,CHANGED
mordor\body_armors.xml,sk_uruk_mordor_chainmail_captain_a1,[Mordor] Captain's Chainmail Armour I,mordor,body,lord,0,35,59,24,12.5,26.4,Plate,Plate,CHANGED
mordor\body_armors.xml,sk_uruk_mordor_chainmail_captain_a2,[Mordor] Captain's Chainmail Armour II,mordor,body,lord,0,35,59,24,12.5,26.4,Plate,Plate,CHANGED
mordor\body_armors.xml,sk_uruk_mordor_chainmail_captain_b1,[Mordor] Captain's Chainmail Armour III,mordor,body,lord,1,35,60,25,12.5,26.4,Plate,Plate,CHANGED
mordor\body_armors.xml,sk_uruk_mordor_chainmail_captain_b2,[Mordor] Captain's Chainmail Armour IV,mordor,body,lord,1,35,60,25,12.5,26.4,Plate,Plate,CHANGED
mordor\body_armors.xml,sk_uruk_mordor_chainmail_captain_c1,[Mordor] Captain's Chainmail Armour V,mordor,body,lord,2,35,61,26,12.5,26.4,Plate,Plate,CHANGED
mordor\body_armors.xml,sk_uruk_mordor_chainmail_captain_c2,[Mordor] Captain's Chainmail Armour VI,mordor,body,lord,2,35,61,26,12.5,26.4,Plate,Plate,CHANGED
mordor\body_armors.xml,sk_uruk_mordor_chainmail_captain_d1,[Mordor] Captain's Chainmail Armour VII,mordor,body,lord,3,35,62,27,12.5,26.4,Plate,Plate,CHANGED
mordor\body_armors.xml,sk_uruk_mordor_chainmail_captain_d2,[Mordor] Captain's Chainmail Armour VIII,mordor,body,lord,3,35,62,27,12.5,26.4,Plate,Plate,CHANGED
mordor\body_armors.xml,witch_king,[Mordor] Witch King's Armour,mordor,body,lord,0,48,59,11,9.5,26.4,Plate,Plate,CHANGED
mordor\body_armors.xml,nazgul_armor,[Mordor] Nâzgul's Armour,mordor,body,lord,0,48,59,11,1.5,26.4,Plate,Plate,CHANGED
mordor\body_armors.xml,khamul_body,[Mordor] Khamul's Armour,mordor,body,lord,0,48,59,11,1.5,26.4,Plate,Plate,CHANGED
mordor\body_armors.xml,urukscout_body,[Isengard] Uruk-Hai Scout Armour,mordor,body,light,0,25,19,-6,5.5,8.8,Plate,Leather,CHANGED
mordor\body_armors.xml,ar_ardunian_elite_armour,[Mordor] Black Númenórean Armour,mordor,body,elite,0,40,49,9,9.5,24.2,Plate,Plate,CHANGED
mordor\body_armors.xml,moriaorc_v1_torso,[Mordor] Orc Armour I,mordor,body,light,0,25,19,-6,6.5,8.8,Plate,Leather,CHANGED
mordor\body_armors.xml,moriaorc_v2_torso,[Mordor] Orc Armour II,mordor,body,light,0,25,19,-6,6.5,8.8,Plate,Leather,CHANGED
mordor\body_armors.xml,moriaorc_v3_torso,[Mordor] Orc Armour III,mordor,body,light,0,25,19,-6,6.5,8.8,Plate,Leather,CHANGED
mordor\body_armors.xml,moriaorc_v4_torso,[Mordor] Orc Armour IV,mordor,body,light,0,25,19,-6,6.5,8.8,Plate,Leather,CHANGED
mordor\body_armors.xml,sauron_torso,[Mordor] Sauron Armour,mordor,body,lord,0,50,59,9,3.5,26.4,Plate,Plate,CHANGED
mordor\body_armors.xml,nazgul_v1_armor,[Mordor] Nazgul Armour I,mordor,body,lord,0,50,59,9,3.5,26.4,Plate,Plate,CHANGED
mordor\arm_armors.xml,sk_uruk_mordor_bracer_medium_a,[Mordor] Medium Plate Bracer I,mordor,arm,medium,0,20,13,-7,1.0,1.1,Plate,Chainmail,CHANGED
mordor\arm_armors.xml,sk_uruk_mordor_bracer_medium_b,[Mordor] Medium Plate Bracer II,mordor,arm,medium,1,20,14,-6,1.0,1.1,Plate,Chainmail,CHANGED
mordor\arm_armors.xml,sk_uruk_mordor_bracer_medium_c,[Mordor] Medium Plate Bracer III,mordor,arm,medium,2,20,15,-5,1.0,1.1,Plate,Chainmail,CHANGED
mordor\arm_armors.xml,sk_uruk_mordor_bracer_medium_d,[Mordor] Medium Plate Bracer IV,mordor,arm,medium,3,20,16,-4,1.0,1.1,Plate,Chainmail,CHANGED
mordor\arm_armors.xml,sk_uruk_mordor_bracer_heavy_a,[Mordor] Heavy Plate Bracer I,mordor,arm,heavy,0,30,19,-11,1.0,1.7,Plate,Plate,CHANGED
mordor\arm_armors.xml,sk_uruk_mordor_bracer_heavy_b,[Mordor] Heavy Plate Bracer II,mordor,arm,heavy,1,30,20,-10,1.0,1.7,Plate,Plate,CHANGED
mordor\arm_armors.xml,sk_uruk_mordor_bracer_heavy_c,[Mordor] Heavy Plate Bracer III,mordor,arm,heavy,2,30,21,-9,1.0,1.7,Plate,Plate,CHANGED
mordor\arm_armors.xml,sk_uruk_mordor_bracer_heavy_d,[Mordor] Heavy Plate Bracer IV,mordor,arm,heavy,3,30,22,-8,1.0,1.7,Plate,Plate,CHANGED
mordor\arm_armors.xml,sk_uruk_mordor_bracer_heavy_e,[Mordor] Heavy Plate Bracer V,mordor,arm,heavy,4,30,23,-7,1.0,1.7,Plate,Plate,CHANGED
mordor\arm_armors.xml,sk_uruk_mordor_bracer_heavy_f,[Mordor] Heavy Plate Bracer VI,mordor,arm,heavy,5,30,24,-6,1.0,1.7,Plate,Plate,CHANGED
mordor\arm_armors.xml,witch_king_gloves,[Mordor] Witch King's Gloves,mordor,arm,lord,0,38,31,-7,1.0,2.8,Plate,Plate,CHANGED
mordor\arm_armors.xml,nazgul_gloves,[Mordor] Nâzgul's Gloves,mordor,arm,lord,0,38,31,-7,1.0,2.8,Plate,Plate,CHANGED
mordor\arm_armors.xml,khamul_gloves,[Mordor] Khamul's Gloves,mordor,arm,lord,0,38,31,-7,1.0,2.8,Plate,Plate,CHANGED
mordor\arm_armors.xml,urukscout_gloves,[Isengard] Uruk-Hai Scout Gloves,mordor,arm,light,0,25,7,-18,1.0,0.7,Plate,Leather,CHANGED
mordor\arm_armors.xml,moriaorc_v1_bracers,[Mordor] Orc Bracers I,mordor,arm,light,0,19,7,-12,2.0,0.7,Plate,Leather,CHANGED
mordor\arm_armors.xml,moriaorc_v2_bracers,[Mordor] Orc Bracers II,mordor,arm,light,0,19,7,-12,2.0,0.7,Plate,Leather,CHANGED
mordor\arm_armors.xml,moriaorc_v3_bracers,[Mordor] Orc Bracers III,mordor,arm,light,0,19,7,-12,2.0,0.7,Plate,Leather,CHANGED
mordor\arm_armors.xml,moriaorc_v4_bracers,[Mordor] Orc Bracers IV,mordor,arm,light,0,19,7,-12,2.0,0.7,Plate,Leather,CHANGED
mordor\arm_armors.xml,sauron_vambraces,[Mordor] Sauron Vambraces,mordor,arm,lord,0,40,31,-9,2.0,2.8,Plate,Plate,CHANGED
mordor\arm_armors.xml,nazgul_v1_gloves,[Mordor] Nazgul Vambraces I,mordor,arm,lord,0,40,31,-9,2.0,2.8,Plate,Plate,CHANGED
mordor\leg_armors.xml,sk_uruk_mordor_boots_a,[Mordor] Leather Boots I,mordor,leg,light,0,16,11,-5,1.6,1.7,Leather,Leather,CHANGED
mordor\leg_armors.xml,sk_uruk_mordor_greaves_medium_a,[Mordor] Medium Greaves I,mordor,leg,medium,0,20,19,-1,1.6,2.8,Leather,Chainmail,CHANGED
mordor\leg_armors.xml,sk_uruk_mordor_greaves_medium_b,[Mordor] Medium Greaves II,mordor,leg,medium,1,20,20,0,1.6,2.8,Leather,Chainmail,CHANGED
mordor\leg_armors.xml,sk_uruk_mordor_greaves_medium_c,[Mordor] Medium Greaves III,mordor,leg,medium,2,20,21,1,1.6,2.8,Leather,Chainmail,CHANGED
mordor\leg_armors.xml,sk_uruk_mordor_greaves_heavy_a,[Mordor] Heavy Greaves I,mordor,leg,heavy,0,30,27,-3,2.5,3.9,Plate,Plate,CHANGED
mordor\leg_armors.xml,sk_uruk_mordor_greaves_heavy_b,[Mordor] Heavy Greaves II,mordor,leg,heavy,1,30,28,-2,2.5,3.9,Plate,Plate,CHANGED
mordor\leg_armors.xml,sk_uruk_mordor_greaves_heavy_c,[Mordor] Heavy Greaves III,mordor,leg,heavy,2,30,29,-1,2.5,3.9,Plate,Plate,CHANGED
mordor\leg_armors.xml,sk_uruk_mordor_greaves_heavy_d,[Mordor] Heavy Greaves IV,mordor,leg,heavy,3,30,30,0,2.5,3.9,Plate,Plate,CHANGED
mordor\leg_armors.xml,sk_uruk_mordor_greaves_heavy_e,[Mordor] Heavy Greaves V,mordor,leg,heavy,4,30,31,1,2.5,3.9,Plate,Plate,CHANGED
mordor\leg_armors.xml,sk_uruk_mordor_greaves_heavy_f,[Mordor] Heavy Greaves VI,mordor,leg,heavy,5,30,32,2,2.5,3.9,Plate,Plate,CHANGED
mordor\leg_armors.xml,moriaorc_v1_boots,[Mordor] Orc Boots I,mordor,leg,light,0,25,11,-14,2.5,1.7,Plate,Leather,CHANGED
mordor\leg_armors.xml,moriaorc_v2_boots,[Mordor] Orc Boots II,mordor,leg,light,0,25,11,-14,2.5,1.7,Plate,Leather,CHANGED
mordor\leg_armors.xml,moriaorc_v3_boots,[Mordor] Orc Boots III,mordor,leg,light,0,20,11,-9,2.5,1.7,Plate,Leather,CHANGED
mordor\leg_armors.xml,witch_king_boots,[Mordor] Witch King's Greaves,mordor,leg,lord,0,42,39,-3,1.6,5.0,Plate,Plate,CHANGED
mordor\leg_armors.xml,nazgul_boots,[Mordor] Nâzgul's Greaves,mordor,leg,lord,0,42,39,-3,1.6,5.0,Plate,Plate,CHANGED
mordor\leg_armors.xml,khamul_boots,[Mordor] Khamul's Greaves,mordor,leg,lord,0,42,39,-3,1.6,5.0,Plate,Plate,CHANGED
mordor\leg_armors.xml,urukscout_boots,[Isengad] Uruk-Hai Scout Boots,mordor,leg,light,0,25,11,-14,2.5,1.7,Plate,Leather,CHANGED
mordor\leg_armors.xml,ar_ardunian_elite_shoses,[Mordor] Black Númenórean Boots,mordor,leg,elite,0,30,33,3,1.6,4.4,Plate,Plate,CHANGED
mordor\leg_armors.xml,sauron_greaves,[Mordor] Sauron's Greaves,mordor,leg,lord,0,45,39,-6,1.6,5.0,Plate,Plate,CHANGED
mordor\shoulder_armors.xml,sk_uruk_mordor_pauldron_medium_a,[Mordor] Medium Pauldrons I,mordor,shoulder,medium,0,15,7,-8,9.0,5.5,Plate,Chainmail,CHANGED
mordor\shoulder_armors.xml,sk_uruk_mordor_pauldron_medium_b,[Mordor] Medium Pauldrons II,mordor,shoulder,medium,1,15,8,-7,9.0,5.5,Plate,Chainmail,CHANGED
mordor\shoulder_armors.xml,sk_uruk_mordor_pauldron_medium_c,[Mordor] Medium Pauldrons III,mordor,shoulder,medium,2,15,9,-6,9.0,5.5,Plate,Chainmail,CHANGED
mordor\shoulder_armors.xml,sk_uruk_mordor_pauldron_medium_d,[Mordor] Medium Pauldrons IV,mordor,shoulder,medium,3,15,10,-5,9.0,5.5,Plate,Chainmail,CHANGED
mordor\shoulder_armors.xml,sk_uruk_mordor_pauldron_heavy_a,[Mordor] Heavy Pauldrons I,mordor,shoulder,heavy,0,25,11,-14,9.0,7.7,Plate,Plate,CHANGED
mordor\shoulder_armors.xml,sk_uruk_mordor_pauldron_heavy_b,[Mordor] Heavy Pauldrons II,mordor,shoulder,heavy,1,25,12,-13,9.0,7.7,Plate,Plate,CHANGED
mordor\shoulder_armors.xml,sk_uruk_mordor_pauldron_heavy_c,[Mordor] Heavy Pauldrons III,mordor,shoulder,heavy,2,25,13,-12,9.0,7.7,Plate,Plate,CHANGED
mordor\shoulder_armors.xml,sk_uruk_mordor_pauldron_heavy_d,[Mordor] Heavy Pauldrons IV,mordor,shoulder,heavy,3,25,14,-11,9.0,7.7,Plate,Plate,CHANGED
mordor\shoulder_armors.xml,sk_uruk_mordor_pauldron_heavy_e,[Mordor] Heavy Pauldrons V,mordor,shoulder,heavy,4,25,15,-10,9.0,7.7,Plate,Plate,CHANGED
mordor\shoulder_armors.xml,sk_uruk_mordor_pauldron_heavy_f,[Mordor] Heavy Pauldrons VI,mordor,shoulder,heavy,5,25,16,-9,9.0,7.7,Plate,Plate,CHANGED
mordor\shoulder_armors.xml,sk_uruk_mordor_pauldron_heavy_g,[Mordor] Heavy Pauldrons VII,mordor,shoulder,heavy,0,25,11,-14,9.0,7.7,Plate,Plate,CHANGED
mordor\shoulder_armors.xml,sk_uruk_mordor_pauldron_heavy_h,[Mordor] Heavy Pauldrons VIII,mordor,shoulder,heavy,0,25,11,-14,9.0,7.7,Plate,Plate,CHANGED
mordor\shoulder_armors.xml,moriaorc_v1_shoulder,[Mordor] Orc Shoulders I,mordor,shoulder,light,0,15,4,-11,2.0,3.3,Plate,Leather,CHANGED
mordor\shoulder_armors.xml,witch_king_pauldrons,[Mordor] Witch King's Pauldrons,mordor,shoulder,lord,0,48,17,-31,2.0,12.1,Plate,Plate,CHANGED
mordor\shoulder_armors.xml,nazgul_pauldrons,[Mordor] Nâzgul's Pauldrons,mordor,shoulder,lord,0,48,17,-31,2.0,12.1,Plate,Plate,CHANGED
mordor\shoulder_armors.xml,sauron_pauldrons,[Mordor] Sauron's Pauldrons,mordor,shoulder,lord,0,50,17,-33,2.0,12.1,Plate,Plate,CHANGED
mordor\shoulder_armors.xml,nazgul_v1_pauldrons,[Mordor] Nazgul's Pauldrons I,mordor,shoulder,lord,0,50,17,-33,4.0,12.1,Plate,Plate,CHANGED
rhun\head_armors.xml,easterling_head,[Rhûn] Easterling Helmet V,rhun,head,heavy,0,40,32,-8,2.0,3.5,Plate,Plate,CHANGED
rhun\head_armors.xml,easterlingwarriors01_helmet,[Rhûn] Easterling Helmet III,rhun,head,light,0,25,15,-10,2.0,1.5,Plate,Leather,CHANGED
rhun\head_armors.xml,easterlingwarriors02_helmet,[Rhûn] Easterling Helmet IV,rhun,head,medium,0,30,24,-6,2.0,2.5,Plate,Chainmail,CHANGED
rhun\head_armors.xml,easterlingwarriors03_helmet,[Rhûn] Easterling Helmet II,rhun,head,medium,0,28,24,-4,2.0,2.5,Plate,Chainmail,CHANGED
rhun\head_armors.xml,easterlingwarriors04_helmet,[Rhûn] Easterling Helmet I,rhun,head,light,0,25,15,-10,2.0,1.5,Plate,Leather,CHANGED
rhun\head_armors.xml,easterling02_v1_helmet,[Rhûn] Easterling Archer Helmet I,rhun,head,light,0,25,15,-10,2.0,1.5,Plate,Leather,CHANGED
rhun\head_armors.xml,easterling02_v1_helmet_v2,[Rhûn] Easterling Archer Helmet II,rhun,head,light,0,25,15,-10,2.0,1.5,Plate,Leather,CHANGED
rhun\head_armors.xml,easterling_helmet_v1,[Rhûn] Easterling Helmet V1,rhun,head,light,0,25,15,-10,2.0,1.5,Plate,Leather,CHANGED
rhun\head_armors.xml,easterling_helmet_v2,[Rhûn] Easterling Helmet V2,rhun,head,light,0,25,15,-10,2.0,1.5,Plate,Leather,CHANGED
rhun\head_armors.xml,easterling_helmet_v3,[Rhûn] Easterling Helmet V3,rhun,head,light,0,25,15,-10,2.0,1.5,Plate,Leather,CHANGED
rhun\head_armors.xml,easterling_helmet_v4,[Rhûn] Easterling Helmet V4,rhun,head,light,0,25,15,-10,2.0,1.5,Plate,Leather,CHANGED
rhun\head_armors.xml,easterling_helmet_v5,[Rhûn] Easterling Helmet V5,rhun,head,light,0,25,15,-10,2.0,1.5,Plate,Leather,CHANGED
rhun\head_armors.xml,easterling_helmet_v6,[Rhûn] Easterling Helmet V6,rhun,head,light,0,25,15,-10,2.0,1.5,Plate,Leather,CHANGED
rhun\head_armors.xml,easterling_helmet_v7,[Rhûn] Easterling Helmet V7,rhun,head,light,0,25,15,-10,2.0,1.5,Plate,Leather,CHANGED
rhun\head_armors.xml,easterling_helmet_v8,[Rhûn] Easterling Helmet V8,rhun,head,light,0,25,15,-10,2.0,1.5,Plate,Leather,CHANGED
rhun\head_armors.xml,easterling_helmet_v9,[Rhûn] Easterling Helmet V9,rhun,head,light,0,25,15,-10,2.0,1.5,Plate,Leather,CHANGED
rhun\head_armors.xml,easterling_helmet_v10,[Rhûn] Easterling Helmet V10,rhun,head,light,0,25,15,-10,2.0,1.5,Plate,Leather,CHANGED
rhun\head_armors.xml,easterling_helmet_v11,[Rhûn] Easterling Helmet V11,rhun,head,light,0,25,15,-10,2.0,1.5,Plate,Leather,CHANGED
rhun\head_armors.xml,easterling_helmet_v12,[Rhûn] Easterling Helmet V12,rhun,head,light,0,25,15,-10,2.0,1.5,Plate,Leather,CHANGED
rhun\head_armors.xml,sk_rhun_mask_a,[Rhûn] Rhûn Mask,rhun,head,civilian,0,8,5,-3,0.3,0.5,Cloth,Cloth,CHANGED
rhun\head_armors.xml,sk_rhun_mask_b,[Rhûn] Rhûn Gilded Mask,rhun,head,civilian,1,10,6,-4,0.4,0.5,Cloth,Cloth,CHANGED
rhun\head_armors.xml,sk_rh_loke_hood_light_a,[Rhûn] Loke-Rim Light Hood,rhun,head,light,0,10,15,5,0.5,1.5,Cloth,Leather,CHANGED
rhun\head_armors.xml,sk_rh_loke_hood_light_b,[Rhûn] Loke-Rim Light Hood II,rhun,head,light,1,11,16,5,0.5,1.5,Cloth,Leather,CHANGED
rhun\head_armors.xml,sk_rh_loke_hood_light_c,[Rhûn] Loke-Rim Light Hood III,rhun,head,light,2,12,17,5,0.5,1.5,Cloth,Leather,CHANGED
rhun\head_armors.xml,sk_rh_loke_helmet_inf_light_a,[Rhûn] Loke-Rim Light Infantry Helmet,rhun,head,light,0,18,15,-3,1.5,1.5,Plate,Leather,CHANGED
rhun\head_armors.xml,sk_rh_loke_helmet_inf_med_a,[Rhûn] Loke-Rim Infantry Helmet,rhun,head,medium,0,22,24,2,1.8,2.5,Plate,Chainmail,CHANGED
rhun\head_armors.xml,sk_rh_loke_helmet_inf_med_b,[Rhûn] Loke-Rim Infantry Helmet II,rhun,head,medium,1,24,25,1,1.9,2.5,Plate,Chainmail,CHANGED
rhun\head_armors.xml,sk_rh_loke_helmet_inf_med_c,[Rhûn] Loke-Rim Infantry Helmet III,rhun,head,medium,2,26,26,0,2.0,2.5,Plate,Chainmail,CHANGED
rhun\head_armors.xml,sk_rh_loke_helmet_inf_heavy_a,[Rhûn] Loke-Rim Heavy Infantry Helmet,rhun,head,heavy,0,28,32,4,2.2,3.5,Plate,Plate,CHANGED
rhun\head_armors.xml,sk_rh_loke_helmet_inf_heavy_b,[Rhûn] Loke-Rim Heavy Infantry Helmet II,rhun,head,heavy,1,30,33,3,2.3,3.5,Plate,Plate,CHANGED
rhun\head_armors.xml,sk_rh_loke_helmet_inf_heavy_c,[Rhûn] Loke-Rim Heavy Infantry Helmet III,rhun,head,heavy,2,32,34,2,2.4,3.5,Plate,Plate,CHANGED
rhun\head_armors.xml,sk_rh_loke_helmet_inf_elite_a,[Rhûn] Loke-Rim Elite Infantry Helmet,rhun,head,elite,0,36,40,4,2.5,4.5,Plate,Plate,CHANGED
rhun\head_armors.xml,sk_rh_loke_helmet_inf_elite_b,[Rhûn] Loke-Rim Elite Infantry Helmet (Metal Crest),rhun,head,elite,1,40,41,1,2.7,4.5,Plate,Plate,CHANGED
rhun\head_armors.xml,sk_rh_loke_helmet_inf_elite_c,[Rhûn] Loke-Rim Elite Infantry Helmet (Horned),rhun,head,elite,2,38,42,4,2.6,4.5,Plate,Plate,CHANGED
rhun\head_armors.xml,sk_rh_loke_helmet_inf_elite_d,[Rhûn] Loke-Rim Elite Infantry Helmet (Plumed),rhun,head,elite,3,42,43,1,2.6,4.5,Plate,Plate,CHANGED
rhun\head_armors.xml,sk_rh_loke_helmet_inf_lord_a,[Rhûn] Loke-Rim Lord Infantry Helmet,rhun,head,lord,0,46,48,2,2.8,5.0,Plate,Plate,CHANGED
rhun\head_armors.xml,sk_rh_loke_helmet_inf_lord_b,[Rhûn] Loke-Rim Lord Infantry Helmet (Metal Crest),rhun,head,lord,1,50,49,-1,3.0,5.0,Plate,Plate,CHANGED
rhun\head_armors.xml,sk_rh_loke_helmet_inf_lord_c,[Rhûn] Loke-Rim Lord Infantry Helmet (Horned),rhun,head,lord,2,48,50,2,2.9,5.0,Plate,Plate,CHANGED
rhun\head_armors.xml,sk_rh_loke_helmet_inf_lord_d,[Rhûn] Loke-Rim Lord Infantry Helmet (Plumed),rhun,head,lord,3,52,51,-1,2.9,5.0,Plate,Plate,CHANGED
rhun\head_armors.xml,sk_rh_loke_helmet_inf_lord_e,[Rhûn] Loke-Rim Lord Infantry Helmet II,rhun,head,lord,4,48,52,4,2.8,5.0,Plate,Plate,CHANGED
rhun\head_armors.xml,sk_rh_loke_helmet_inf_lord_f,[Rhûn] Loke-Rim Lord Infantry Helmet II (Metal Crest),rhun,head,lord,5,52,53,1,3.0,5.0,Plate,Plate,CHANGED
rhun\head_armors.xml,sk_rh_loke_helmet_arch_light_a,[Rhûn] Loke-Rim Light Archer Helmet,rhun,head,light,0,18,15,-3,1.5,1.5,Plate,Leather,CHANGED
rhun\head_armors.xml,sk_rh_loke_helmet_arch_med_a,[Rhûn] Loke-Rim Archer Helmet,rhun,head,medium,0,22,24,2,1.8,2.5,Plate,Chainmail,CHANGED
rhun\head_armors.xml,sk_rh_loke_helmet_arch_med_b,[Rhûn] Loke-Rim Archer Helmet II,rhun,head,medium,1,24,25,1,1.9,2.5,Plate,Chainmail,CHANGED
rhun\head_armors.xml,sk_rh_loke_helmet_arch_med_c,[Rhûn] Loke-Rim Archer Helmet III,rhun,head,medium,2,26,26,0,2.0,2.5,Plate,Chainmail,CHANGED
rhun\head_armors.xml,sk_rh_loke_helmet_arch_heavy_a,[Rhûn] Loke-Rim Heavy Archer Helmet,rhun,head,heavy,0,28,32,4,2.2,3.5,Plate,Plate,CHANGED
rhun\head_armors.xml,sk_rh_loke_helmet_arch_heavy_b,[Rhûn] Loke-Rim Heavy Archer Helmet II,rhun,head,heavy,1,30,33,3,2.3,3.5,Plate,Plate,CHANGED
rhun\head_armors.xml,sk_rh_loke_helmet_arch_heavy_c,[Rhûn] Loke-Rim Heavy Archer Helmet III,rhun,head,heavy,2,32,34,2,2.4,3.5,Plate,Plate,CHANGED
rhun\head_armors.xml,sk_rh_loke_helmet_arch_elite_a,[Rhûn] Loke-Rim Elite Archer Helmet,rhun,head,elite,0,36,40,4,2.5,4.5,Plate,Plate,CHANGED
rhun\head_armors.xml,sk_rh_loke_helmet_arch_elite_b,[Rhûn] Loke-Rim Elite Archer Helmet (Metal Crest),rhun,head,elite,1,40,41,1,2.7,4.5,Plate,Plate,CHANGED
rhun\head_armors.xml,sk_rh_loke_helmet_arch_elite_c,[Rhûn] Loke-Rim Elite Archer Helmet (Horned),rhun,head,elite,2,38,42,4,2.6,4.5,Plate,Plate,CHANGED
rhun\head_armors.xml,sk_rh_loke_helmet_arch_elite_d,[Rhûn] Loke-Rim Elite Archer Helmet (Plumed),rhun,head,elite,3,42,43,1,2.6,4.5,Plate,Plate,CHANGED
rhun\head_armors.xml,sk_rh_loke_helmet_arch_lord_a,[Rhûn] Loke-Rim Lord Archer Helmet,rhun,head,lord,0,46,48,2,2.8,5.0,Plate,Plate,CHANGED
rhun\head_armors.xml,sk_rh_loke_helmet_arch_lord_b,[Rhûn] Loke-Rim Lord Archer Helmet (Metal Crest),rhun,head,lord,1,50,49,-1,3.0,5.0,Plate,Plate,CHANGED
rhun\head_armors.xml,sk_rh_loke_helmet_arch_lord_c,[Rhûn] Loke-Rim Lord Archer Helmet (Horned),rhun,head,lord,2,48,50,2,2.9,5.0,Plate,Plate,CHANGED
rhun\head_armors.xml,sk_rh_loke_helmet_arch_lord_d,[Rhûn] Loke-Rim Lord Archer Helmet (Plumed),rhun,head,lord,3,52,51,-1,2.9,5.0,Plate,Plate,CHANGED
rhun\head_armors.xml,sk_rh_loke_helmet_arch_lord_e,[Rhûn] Loke-Rim Lord Archer Helmet II,rhun,head,lord,4,48,52,4,2.8,5.0,Plate,Plate,CHANGED
rhun\head_armors.xml,sk_rh_loke_helmet_arch_lord_f,[Rhûn] Loke-Rim Lord Archer Helmet II (Metal Crest),rhun,head,lord,5,52,53,1,3.0,5.0,Plate,Plate,CHANGED
rhun\head_armors.xml,sk_rh_loke_helmet_cav_light_a,[Rhûn] Loke-Rim Light Cavalry Helmet,rhun,head,light,0,18,15,-3,1.5,1.5,Plate,Leather,CHANGED
rhun\head_armors.xml,sk_rh_loke_helmet_cav_med_a,[Rhûn] Loke-Rim Cavalry Helmet,rhun,head,medium,0,22,24,2,1.8,2.5,Plate,Chainmail,CHANGED
rhun\head_armors.xml,sk_rh_loke_helmet_cav_med_b,[Rhûn] Loke-Rim Cavalry Helmet II,rhun,head,medium,1,24,25,1,1.9,2.5,Plate,Chainmail,CHANGED
rhun\head_armors.xml,sk_rh_loke_helmet_cav_med_c,[Rhûn] Loke-Rim Cavalry Helmet III,rhun,head,medium,2,26,26,0,2.0,2.5,Plate,Chainmail,CHANGED
rhun\head_armors.xml,sk_rh_loke_helmet_cav_heavy_a,[Rhûn] Loke-Rim Heavy Cavalry Helmet,rhun,head,heavy,0,28,32,4,2.2,3.5,Plate,Plate,CHANGED
rhun\head_armors.xml,sk_rh_loke_helmet_cav_heavy_b,[Rhûn] Loke-Rim Heavy Cavalry Helmet II,rhun,head,heavy,1,30,33,3,2.3,3.5,Plate,Plate,CHANGED
rhun\head_armors.xml,sk_rh_loke_helmet_cav_heavy_c,[Rhûn] Loke-Rim Heavy Cavalry Helmet III,rhun,head,heavy,2,32,34,2,2.4,3.5,Plate,Plate,CHANGED
rhun\head_armors.xml,sk_rh_loke_helmet_cav_elite_a,[Rhûn] Loke-Rim Elite Cavalry Helmet,rhun,head,elite,0,36,40,4,2.5,4.5,Plate,Plate,CHANGED
rhun\head_armors.xml,sk_rh_loke_helmet_cav_elite_b,[Rhûn] Loke-Rim Elite Cavalry Helmet (Metal Crest),rhun,head,elite,1,40,41,1,2.7,4.5,Plate,Plate,CHANGED
rhun\head_armors.xml,sk_rh_loke_helmet_cav_elite_c,[Rhûn] Loke-Rim Elite Cavalry Helmet (Horned),rhun,head,elite,2,38,42,4,2.6,4.5,Plate,Plate,CHANGED
rhun\head_armors.xml,sk_rh_loke_helmet_cav_lord_a,[Rhûn] Loke-Rim Lord Cavalry Helmet,rhun,head,lord,0,46,48,2,2.8,5.0,Plate,Plate,CHANGED
rhun\head_armors.xml,sk_rh_loke_helmet_cav_lord_b,[Rhûn] Loke-Rim Lord Cavalry Helmet (Metal Crest),rhun,head,lord,1,50,49,-1,3.0,5.0,Plate,Plate,CHANGED
rhun\head_armors.xml,sk_rh_loke_helmet_cav_lord_c,[Rhûn] Loke-Rim Lord Cavalry Helmet (Horned),rhun,head,lord,2,48,50,2,2.9,5.0,Plate,Plate,CHANGED
rhun\head_armors.xml,sk_rh_loke_helmet_cav_lord_d,[Rhûn] Loke-Rim Lord Cavalry Helmet II,rhun,head,lord,3,48,51,3,2.8,5.0,Plate,Plate,CHANGED
rhun\head_armors.xml,sk_rh_loke_helmet_cav_lord_e,[Rhûn] Loke-Rim Lord Cavalry Helmet II (Metal Crest),rhun,head,lord,4,52,52,0,3.0,5.0,Plate,Plate,CHANGED
rhun\head_armors.xml,sk_rh_loke_helmet_cav_lord_f,[Rhûn] Loke-Rim Lord Cavalry Helmet II (Horned),rhun,head,lord,5,50,53,3,2.9,5.0,Plate,Plate,CHANGED
rhun\head_armors.xml,sk_rh_loke_helmet_east_light_a,[Rhûn] Loke-Rim Light Leather Helmet,rhun,head,light,0,14,15,1,1.0,1.5,Leather,Leather,CHANGED
rhun\head_armors.xml,sk_rh_loke_helmet_east_med_a,[Rhûn] Loke-Rim Leather Helmet,rhun,head,medium,0,18,24,6,1.2,2.5,Leather,Chainmail,CHANGED
rhun\head_armors.xml,sk_rh_loke_helmet_east_med_b,[Rhûn] Loke-Rim Leather Helmet II,rhun,head,medium,1,20,25,5,1.3,2.5,Leather,Chainmail,CHANGED
rhun\head_armors.xml,sk_rh_loke_helmet_east_med_c,[Rhûn] Loke-Rim Leather Helmet III,rhun,head,medium,2,22,26,4,1.4,2.5,Leather,Chainmail,CHANGED
rhun\head_armors.xml,sk_rh_loke_helmet_east_heavy_a,[Rhûn] Loke-Rim Heavy Leather Helmet,rhun,head,heavy,0,24,32,8,1.5,3.5,Leather,Plate,CHANGED
rhun\head_armors.xml,sk_rh_loke_helmet_east_heavy_b,[Rhûn] Loke-Rim Heavy Leather Helmet II,rhun,head,heavy,1,26,33,7,1.6,3.5,Leather,Plate,CHANGED
rhun\head_armors.xml,sk_rh_loke_helmet_east_heavy_c,[Rhûn] Loke-Rim Heavy Leather Helmet III,rhun,head,heavy,2,28,34,6,1.7,3.5,Leather,Plate,CHANGED
rhun\head_armors.xml,sk_rh_loke_helmet_east_elite_a,[Rhûn] Loke-Rim Elite Leather Helmet,rhun,head,elite,0,30,40,10,1.8,4.5,Leather,Plate,CHANGED
rhun\head_armors.xml,sk_rh_loke_hood_med_a,[Rhûn] Loke-Rim Ranger Hood,rhun,head,medium,0,14,24,10,0.6,2.5,Cloth,Chainmail,CHANGED
rhun\head_armors.xml,sk_rh_loke_hood_med_b,[Rhûn] Loke-Rim Ranger Hood II,rhun,head,medium,1,15,25,10,0.6,2.5,Cloth,Chainmail,CHANGED
rhun\head_armors.xml,sk_rh_loke_hood_heavy_a,[Rhûn] Loke-Rim Heavy Ranger Hood,rhun,head,heavy,0,18,32,14,0.8,3.5,Cloth,Plate,CHANGED
rhun\head_armors.xml,sk_rh_loke_hood_heavy_b,[Rhûn] Loke-Rim Heavy Ranger Hood II,rhun,head,heavy,1,19,33,14,0.8,3.5,Cloth,Plate,CHANGED
rhun\head_armors.xml,sk_rh_loke_hood_heavy_c,[Rhûn] Loke-Rim Heavy Ranger Hood III,rhun,head,heavy,2,20,34,14,0.9,3.5,Cloth,Plate,CHANGED
rhun\head_armors.xml,sk_rh_loke_helmet_cult_med_a,[Rhûn] Loke-Rim Cultist Helmet,rhun,head,medium,0,22,24,2,1.8,2.5,Plate,Chainmail,CHANGED
rhun\head_armors.xml,sk_rh_loke_helmet_cult_heavy_a,[Rhûn] Loke-Rim Heavy Cultist Helmet,rhun,head,heavy,0,28,32,4,2.2,3.5,Plate,Plate,CHANGED
rhun\head_armors.xml,sk_rh_loke_helmet_cult_heavy_b,[Rhûn] Loke-Rim Heavy Cultist Helmet II,rhun,head,heavy,1,30,33,3,2.3,3.5,Plate,Plate,CHANGED
rhun\head_armors.xml,sk_rh_loke_helmet_cult_heavy_c,[Rhûn] Loke-Rim Heavy Cultist Helmet III,rhun,head,heavy,2,32,34,2,2.4,3.5,Plate,Plate,CHANGED
rhun\head_armors.xml,sk_rh_loke_helmet_cult_elite_a,[Rhûn] Loke-Rim Elite Cultist Helmet,rhun,head,elite,0,36,40,4,2.5,4.5,Plate,Plate,CHANGED
rhun\head_armors.xml,sk_rh_loke_helmet_cult_elite_b,[Rhûn] Loke-Rim Elite Cultist Helmet II,rhun,head,elite,1,38,41,3,2.6,4.5,Plate,Plate,CHANGED
rhun\head_armors.xml,sk_rh_loke_helmet_cult_elite_c,[Rhûn] Loke-Rim Elite Cultist Helmet III,rhun,head,elite,2,40,42,2,2.7,4.5,Plate,Plate,CHANGED
rhun\head_armors.xml,sk_rh_loke_helmet_cult_lord_a,[Rhûn] Loke-Rim Lord Cultist Helmet,rhun,head,lord,0,46,48,2,2.8,5.0,Plate,Plate,CHANGED
rhun\head_armors.xml,sk_rh_loke_helmet_cult_lord_b,[Rhûn] Loke-Rim Lord Cultist Helmet II,rhun,head,lord,1,48,49,1,2.8,5.0,Plate,Plate,CHANGED
rhun\head_armors.xml,sk_rh_loke_helmet_cult_lord_c,[Rhûn] Loke-Rim Lord Cultist Helmet III,rhun,head,lord,2,50,50,0,2.9,5.0,Plate,Plate,CHANGED
rhun\head_armors.xml,sk_rh_loke_helmet_cult_lord_d,[Rhûn] Loke-Rim Lord Cultist Helmet (Metal Crest),rhun,head,lord,3,52,51,-1,3.0,5.0,Plate,Plate,CHANGED
rhun\head_armors.xml,sk_rh_drag_helmet_inf_light_a,[Rhûn] Dragon Wrath Light Infantry Helmet,rhun,head,light,0,18,15,-3,1.5,1.5,Plate,Leather,CHANGED
rhun\head_armors.xml,sk_rh_drag_helmet_inf_med_a,[Rhûn] Dragon Wrath Infantry Helmet,rhun,head,medium,0,22,24,2,1.8,2.5,Plate,Chainmail,CHANGED
rhun\head_armors.xml,sk_rh_drag_helmet_inf_med_b,[Rhûn] Dragon Wrath Infantry Helmet II,rhun,head,medium,1,24,25,1,1.9,2.5,Plate,Chainmail,CHANGED
rhun\head_armors.xml,sk_rh_drag_helmet_inf_med_c,[Rhûn] Dragon Wrath Infantry Helmet III,rhun,head,medium,2,26,26,0,2.0,2.5,Plate,Chainmail,CHANGED
rhun\head_armors.xml,sk_rh_drag_helmet_inf_heavy_a,[Rhûn] Dragon Wrath Heavy Infantry Helmet,rhun,head,heavy,0,28,32,4,2.2,3.5,Plate,Plate,CHANGED
rhun\head_armors.xml,sk_rh_drag_helmet_inf_heavy_b,[Rhûn] Dragon Wrath Heavy Infantry Helmet II,rhun,head,heavy,1,30,33,3,2.3,3.5,Plate,Plate,CHANGED
rhun\head_armors.xml,sk_rh_drag_helmet_inf_heavy_c,[Rhûn] Dragon Wrath Heavy Infantry Helmet III,rhun,head,heavy,2,32,34,2,2.4,3.5,Plate,Plate,CHANGED
rhun\head_armors.xml,sk_rh_drag_helmet_inf_elite_a,[Rhûn] Dragon Wrath Elite Infantry Helmet,rhun,head,elite,0,36,40,4,2.5,4.5,Plate,Plate,CHANGED
rhun\head_armors.xml,sk_rh_drag_helmet_inf_elite_b,[Rhûn] Dragon Wrath Elite Infantry Helmet II,rhun,head,elite,1,37,41,4,2.5,4.5,Plate,Plate,CHANGED
rhun\head_armors.xml,sk_rh_drag_helmet_inf_elite_c,[Rhûn] Dragon Wrath Elite Infantry Helmet III,rhun,head,elite,2,38,42,4,2.6,4.5,Plate,Plate,CHANGED
rhun\head_armors.xml,sk_rh_drag_helmet_inf_elite_d,[Rhûn] Dragon Wrath Elite Infantry Helmet IV,rhun,head,elite,3,39,43,4,2.6,4.5,Plate,Plate,CHANGED
rhun\head_armors.xml,sk_rh_drag_helmet_inf_elite_e,[Rhûn] Dragon Wrath Elite Infantry Helmet V,rhun,head,elite,4,40,44,4,2.6,4.5,Plate,Plate,CHANGED
rhun\head_armors.xml,sk_rh_drag_helmet_inf_elite_f,[Rhûn] Dragon Wrath Elite Infantry Helmet VI,rhun,head,elite,5,41,45,4,2.7,4.5,Plate,Plate,CHANGED
rhun\head_armors.xml,sk_rh_drag_helmet_inf_elite_g,[Rhûn] Dragon Wrath Elite Infantry Helmet VII,rhun,head,elite,0,42,40,-2,2.7,4.5,Plate,Plate,CHANGED
rhun\head_armors.xml,sk_rh_drag_helmet_inf_elite_h,[Rhûn] Dragon Wrath Elite Infantry Helmet VIII,rhun,head,elite,0,43,40,-3,2.7,4.5,Plate,Plate,CHANGED
rhun\head_armors.xml,sk_rh_drag_helmet_inf_elite_i,[Rhûn] Dragon Wrath Elite Infantry Helmet IX,rhun,head,elite,0,44,40,-4,2.8,4.5,Plate,Plate,CHANGED
rhun\head_armors.xml,sk_rh_drag_helmet_inf_lord_a,[Rhûn] Dragon Wrath Lord Infantry Helmet,rhun,head,lord,0,46,48,2,2.8,5.0,Plate,Plate,CHANGED
rhun\head_armors.xml,sk_rh_drag_helmet_inf_lord_b,[Rhûn] Dragon Wrath Lord Infantry Helmet II,rhun,head,lord,1,48,49,1,2.9,5.0,Plate,Plate,CHANGED
rhun\head_armors.xml,sk_rh_drag_helmet_inf_lord_c,[Rhûn] Dragon Wrath Lord Infantry Helmet III,rhun,head,lord,2,50,50,0,2.9,5.0,Plate,Plate,CHANGED
rhun\head_armors.xml,sk_rh_drag_helmet_inf_lord_d,[Rhûn] Dragon Wrath Lord Infantry Helmet IV,rhun,head,lord,3,52,51,-1,3.0,5.0,Plate,Plate,CHANGED
rhun\head_armors.xml,sk_rh_drag_helmet_inf_lord_e,[Rhûn] Dragon Wrath Lord Infantry Helmet V,rhun,head,lord,4,54,52,-2,3.0,5.0,Plate,Plate,CHANGED
rhun\head_armors.xml,sk_rh_drag_helmet_inf_lord_f,[Rhûn] Dragon Wrath Lord Infantry Helmet VI,rhun,head,lord,5,56,53,-3,3.1,5.0,Plate,Plate,CHANGED
rhun\head_armors.xml,sk_rh_drag_helmet_arch_light_a,[Rhûn] Dragon Wrath Light Archer Helmet,rhun,head,light,0,18,15,-3,1.5,1.5,Plate,Leather,CHANGED
rhun\head_armors.xml,sk_rh_drag_helmet_arch_med_a,[Rhûn] Dragon Wrath Archer Helmet,rhun,head,medium,0,22,24,2,1.8,2.5,Plate,Chainmail,CHANGED
rhun\head_armors.xml,sk_rh_drag_helmet_arch_med_b,[Rhûn] Dragon Wrath Archer Helmet II,rhun,head,medium,1,24,25,1,1.9,2.5,Plate,Chainmail,CHANGED
rhun\head_armors.xml,sk_rh_drag_helmet_arch_med_c,[Rhûn] Dragon Wrath Archer Helmet III,rhun,head,medium,2,26,26,0,2.0,2.5,Plate,Chainmail,CHANGED
rhun\head_armors.xml,sk_rh_drag_helmet_arch_heavy_a,[Rhûn] Dragon Wrath Heavy Archer Helmet,rhun,head,heavy,0,28,32,4,2.2,3.5,Plate,Plate,CHANGED
rhun\head_armors.xml,sk_rh_drag_helmet_arch_heavy_b,[Rhûn] Dragon Wrath Heavy Archer Helmet II,rhun,head,heavy,1,30,33,3,2.3,3.5,Plate,Plate,CHANGED
rhun\head_armors.xml,sk_rh_drag_helmet_arch_heavy_c,[Rhûn] Dragon Wrath Heavy Archer Helmet III,rhun,head,heavy,2,32,34,2,2.4,3.5,Plate,Plate,CHANGED
rhun\head_armors.xml,sk_rh_drag_helmet_arch_elite_a,[Rhûn] Dragon Wrath Elite Archer Helmet,rhun,head,elite,0,36,40,4,2.5,4.5,Plate,Plate,CHANGED
rhun\head_armors.xml,sk_rh_drag_helmet_arch_elite_b,[Rhûn] Dragon Wrath Elite Archer Helmet II,rhun,head,elite,1,37,41,4,2.5,4.5,Plate,Plate,CHANGED
rhun\head_armors.xml,sk_rh_drag_helmet_arch_elite_c,[Rhûn] Dragon Wrath Elite Archer Helmet III,rhun,head,elite,2,38,42,4,2.6,4.5,Plate,Plate,CHANGED
rhun\head_armors.xml,sk_rh_drag_helmet_arch_elite_d,[Rhûn] Dragon Wrath Elite Archer Helmet IV,rhun,head,elite,3,39,43,4,2.6,4.5,Plate,Plate,CHANGED
rhun\head_armors.xml,sk_rh_drag_helmet_arch_elite_e,[Rhûn] Dragon Wrath Elite Archer Helmet V,rhun,head,elite,4,40,44,4,2.6,4.5,Plate,Plate,CHANGED
rhun\head_armors.xml,sk_rh_drag_helmet_arch_elite_f,[Rhûn] Dragon Wrath Elite Archer Helmet VI,rhun,head,elite,5,41,45,4,2.7,4.5,Plate,Plate,CHANGED
rhun\head_armors.xml,sk_rh_drag_helmet_arch_elite_g,[Rhûn] Dragon Wrath Elite Archer Helmet VII,rhun,head,elite,0,42,40,-2,2.7,4.5,Plate,Plate,CHANGED
rhun\head_armors.xml,sk_rh_drag_helmet_arch_elite_h,[Rhûn] Dragon Wrath Elite Archer Helmet VIII,rhun,head,elite,0,43,40,-3,2.7,4.5,Plate,Plate,CHANGED
rhun\head_armors.xml,sk_rh_drag_helmet_arch_elite_i,[Rhûn] Dragon Wrath Elite Archer Helmet IX,rhun,head,elite,0,44,40,-4,2.8,4.5,Plate,Plate,CHANGED
rhun\head_armors.xml,sk_rh_drag_helmet_arch_lord_a,[Rhûn] Dragon Wrath Lord Archer Helmet,rhun,head,lord,0,46,48,2,2.8,5.0,Plate,Plate,CHANGED
rhun\head_armors.xml,sk_rh_drag_helmet_arch_lord_b,[Rhûn] Dragon Wrath Lord Archer Helmet II,rhun,head,lord,1,48,49,1,2.9,5.0,Plate,Plate,CHANGED
rhun\head_armors.xml,sk_rh_drag_helmet_arch_lord_c,[Rhûn] Dragon Wrath Lord Archer Helmet III,rhun,head,lord,2,50,50,0,2.9,5.0,Plate,Plate,CHANGED
rhun\head_armors.xml,sk_rh_drag_helmet_arch_lord_d,[Rhûn] Dragon Wrath Lord Archer Helmet IV,rhun,head,lord,3,52,51,-1,3.0,5.0,Plate,Plate,CHANGED
rhun\head_armors.xml,sk_rh_drag_helmet_arch_lord_e,[Rhûn] Dragon Wrath Lord Archer Helmet V,rhun,head,lord,4,54,52,-2,3.0,5.0,Plate,Plate,CHANGED
rhun\head_armors.xml,sk_rh_drag_helmet_arch_lord_f,[Rhûn] Dragon Wrath Lord Archer Helmet VI,rhun,head,lord,5,56,53,-3,3.1,5.0,Plate,Plate,CHANGED
rhun\head_armors.xml,sk_rh_drag_helmet_cav_light_a,[Rhûn] Dragon Wrath Light Cavalry Helmet,rhun,head,light,0,18,15,-3,1.5,1.5,Plate,Leather,CHANGED
rhun\head_armors.xml,sk_rh_drag_helmet_cav_med_a,[Rhûn] Dragon Wrath Cavalry Helmet,rhun,head,medium,0,22,24,2,1.8,2.5,Plate,Chainmail,CHANGED
rhun\head_armors.xml,sk_rh_drag_helmet_cav_med_b,[Rhûn] Dragon Wrath Cavalry Helmet II,rhun,head,medium,1,24,25,1,1.9,2.5,Plate,Chainmail,CHANGED
rhun\head_armors.xml,sk_rh_drag_helmet_cav_med_c,[Rhûn] Dragon Wrath Cavalry Helmet III,rhun,head,medium,2,26,26,0,2.0,2.5,Plate,Chainmail,CHANGED
rhun\head_armors.xml,sk_rh_drag_helmet_cav_heavy_a,[Rhûn] Dragon Wrath Heavy Cavalry Helmet,rhun,head,heavy,0,28,32,4,2.2,3.5,Plate,Plate,CHANGED
rhun\head_armors.xml,sk_rh_drag_helmet_cav_heavy_b,[Rhûn] Dragon Wrath Heavy Cavalry Helmet II,rhun,head,heavy,1,30,33,3,2.3,3.5,Plate,Plate,CHANGED
rhun\head_armors.xml,sk_rh_drag_helmet_cav_heavy_c,[Rhûn] Dragon Wrath Heavy Cavalry Helmet III,rhun,head,heavy,2,32,34,2,2.4,3.5,Plate,Plate,CHANGED
rhun\head_armors.xml,sk_rh_drag_helmet_cav_elite_a,[Rhûn] Dragon Wrath Elite Cavalry Helmet,rhun,head,elite,0,36,40,4,2.5,4.5,Plate,Plate,CHANGED
rhun\head_armors.xml,sk_rh_drag_helmet_cav_elite_b,[Rhûn] Dragon Wrath Elite Cavalry Helmet II,rhun,head,elite,1,38,41,3,2.5,4.5,Plate,Plate,CHANGED
rhun\head_armors.xml,sk_rh_drag_helmet_cav_elite_c,[Rhûn] Dragon Wrath Elite Cavalry Helmet III,rhun,head,elite,2,40,42,2,2.6,4.5,Plate,Plate,CHANGED
rhun\head_armors.xml,sk_rh_drag_helmet_cav_elite_d,[Rhûn] Dragon Wrath Elite Cavalry Helmet IV,rhun,head,elite,3,41,43,2,2.6,4.5,Plate,Plate,CHANGED
rhun\head_armors.xml,sk_rh_drag_helmet_cav_elite_e,[Rhûn] Dragon Wrath Elite Cavalry Helmet V,rhun,head,elite,4,42,44,2,2.7,4.5,Plate,Plate,CHANGED
rhun\head_armors.xml,sk_rh_drag_helmet_cav_elite_f,[Rhûn] Dragon Wrath Elite Cavalry Helmet VI,rhun,head,elite,5,44,45,1,2.7,4.5,Plate,Plate,CHANGED
rhun\head_armors.xml,sk_rh_drag_helmet_cav_lord_a,[Rhûn] Dragon Wrath Lord Cavalry Helmet,rhun,head,lord,0,46,48,2,2.8,5.0,Plate,Plate,CHANGED
rhun\head_armors.xml,sk_rh_drag_helmet_cav_lord_b,[Rhûn] Dragon Wrath Lord Cavalry Helmet II,rhun,head,lord,1,48,49,1,2.9,5.0,Plate,Plate,CHANGED
rhun\head_armors.xml,sk_rh_drag_helmet_cav_lord_c,[Rhûn] Dragon Wrath Lord Cavalry Helmet III,rhun,head,lord,2,50,50,0,2.9,5.0,Plate,Plate,CHANGED
rhun\head_armors.xml,sk_rh_drag_helmet_cav_lord_d,[Rhûn] Dragon Wrath Lord Cavalry Helmet IV,rhun,head,lord,3,52,51,-1,3.0,5.0,Plate,Plate,CHANGED
rhun\head_armors.xml,sk_rh_drag_helmet_cav_lord_e,[Rhûn] Dragon Wrath Lord Cavalry Helmet V,rhun,head,lord,4,54,52,-2,3.0,5.0,Plate,Plate,CHANGED
rhun\head_armors.xml,sk_rh_drag_helmet_cav_lord_f,[Rhûn] Dragon Wrath Lord Cavalry Helmet VI,rhun,head,lord,5,56,53,-3,3.1,5.0,Plate,Plate,CHANGED
rhun\head_armors.xml,sk_rh_drag_helmet_east_light_a,[Rhûn] Dragon Wrath Light Leather Helmet,rhun,head,light,0,14,15,1,1.0,1.5,Leather,Leather,CHANGED
rhun\head_armors.xml,sk_rh_drag_helmet_east_med_a,[Rhûn] Dragon Wrath Leather Helmet,rhun,head,medium,0,18,24,6,1.2,2.5,Leather,Chainmail,CHANGED
rhun\head_armors.xml,sk_rh_drag_helmet_east_med_b,[Rhûn] Dragon Wrath Leather Helmet II,rhun,head,medium,1,20,25,5,1.3,2.5,Leather,Chainmail,CHANGED
rhun\head_armors.xml,sk_rh_drag_helmet_east_med_c,[Rhûn] Dragon Wrath Leather Helmet III,rhun,head,medium,2,22,26,4,1.4,2.5,Leather,Chainmail,CHANGED
rhun\head_armors.xml,sk_rh_drag_helmet_east_heavy_a,[Rhûn] Dragon Wrath Heavy Leather Helmet,rhun,head,heavy,0,24,32,8,1.5,3.5,Leather,Plate,CHANGED
rhun\head_armors.xml,sk_rh_drag_helmet_east_heavy_b,[Rhûn] Dragon Wrath Heavy Leather Helmet II,rhun,head,heavy,1,26,33,7,1.6,3.5,Leather,Plate,CHANGED
rhun\head_armors.xml,sk_rh_drag_helmet_east_heavy_c,[Rhûn] Dragon Wrath Heavy Leather Helmet III,rhun,head,heavy,2,28,34,6,1.7,3.5,Leather,Plate,CHANGED
rhun\head_armors.xml,sk_rh_drag_helmet_east_elite_a,[Rhûn] Dragon Wrath Elite Leather Helmet,rhun,head,elite,0,30,40,10,1.8,4.5,Leather,Plate,CHANGED
rhun\head_armors.xml,sk_rh_drag_helmet_east_elite_b,[Rhûn] Dragon Wrath Elite Leather Helmet II,rhun,head,elite,1,31,41,10,1.8,4.5,Leather,Plate,CHANGED
rhun\head_armors.xml,sk_rh_drag_helmet_east_elite_c,[Rhûn] Dragon Wrath Elite Leather Helmet III,rhun,head,elite,2,32,42,10,1.9,4.5,Leather,Plate,CHANGED
rhun\head_armors.xml,sk_rh_drag_hood_med_a,[Rhûn] Dragon Wrath Ranger Hood,rhun,head,medium,0,14,24,10,0.6,2.5,Cloth,Chainmail,CHANGED
rhun\head_armors.xml,sk_rh_drag_hood_med_b,[Rhûn] Dragon Wrath Ranger Hood II,rhun,head,medium,1,16,25,9,0.6,2.5,Cloth,Chainmail,CHANGED
rhun\head_armors.xml,sk_rh_drag_hood_heavy_a,[Rhûn] Dragon Wrath Heavy Ranger Hood,rhun,head,heavy,0,18,32,14,0.8,3.5,Cloth,Plate,CHANGED
rhun\head_armors.xml,sk_rh_drag_hood_heavy_b,[Rhûn] Dragon Wrath Heavy Ranger Hood II,rhun,head,heavy,1,19,33,14,0.8,3.5,Cloth,Plate,CHANGED
rhun\head_armors.xml,sk_rh_drag_hood_heavy_c,[Rhûn] Dragon Wrath Heavy Ranger Hood III,rhun,head,heavy,2,20,34,14,0.9,3.5,Cloth,Plate,CHANGED
rhun\head_armors.xml,sk_rh_drag_hood_heavy_d,[Rhûn] Dragon Wrath Heavy Ranger Hood IV,rhun,head,heavy,3,21,35,14,0.9,3.5,Cloth,Plate,CHANGED
rhun\head_armors.xml,sk_rh_drag_helmet_cult_med_a,[Rhûn] Dragon Wrath Cultist Helmet,rhun,head,medium,0,22,24,2,1.8,2.5,Plate,Chainmail,CHANGED
rhun\head_armors.xml,sk_rh_drag_helmet_cult_heavy_a,[Rhûn] Dragon Wrath Heavy Cultist Helmet,rhun,head,heavy,0,28,32,4,2.2,3.5,Plate,Plate,CHANGED
rhun\head_armors.xml,sk_rh_drag_helmet_cult_heavy_b,[Rhûn] Dragon Wrath Heavy Cultist Helmet II,rhun,head,heavy,1,30,33,3,2.3,3.5,Plate,Plate,CHANGED
rhun\head_armors.xml,sk_rh_drag_helmet_cult_heavy_c,[Rhûn] Dragon Wrath Heavy Cultist Helmet III,rhun,head,heavy,2,32,34,2,2.4,3.5,Plate,Plate,CHANGED
rhun\head_armors.xml,sk_rh_drag_helmet_cult_elite_a,[Rhûn] Dragon Wrath Elite Cultist Helmet,rhun,head,elite,0,36,40,4,2.5,4.5,Plate,Plate,CHANGED
rhun\head_armors.xml,sk_rh_drag_helmet_cult_elite_b,[Rhûn] Dragon Wrath Elite Cultist Helmet II,rhun,head,elite,1,37,41,4,2.5,4.5,Plate,Plate,CHANGED
rhun\head_armors.xml,sk_rh_drag_helmet_cult_elite_c,[Rhûn] Dragon Wrath Elite Cultist Helmet III,rhun,head,elite,2,38,42,4,2.6,4.5,Plate,Plate,CHANGED
rhun\head_armors.xml,sk_rh_drag_helmet_cult_elite_d,[Rhûn] Dragon Wrath Elite Cultist Helmet IV,rhun,head,elite,3,39,43,4,2.6,4.5,Plate,Plate,CHANGED
rhun\head_armors.xml,sk_rh_drag_helmet_cult_elite_e,[Rhûn] Dragon Wrath Elite Cultist Helmet V,rhun,head,elite,4,40,44,4,2.6,4.5,Plate,Plate,CHANGED
rhun\head_armors.xml,sk_rh_drag_helmet_cult_elite_f,[Rhûn] Dragon Wrath Elite Cultist Helmet VI,rhun,head,elite,5,41,45,4,2.7,4.5,Plate,Plate,CHANGED
rhun\head_armors.xml,sk_rh_drag_helmet_cult_elite_g,[Rhûn] Dragon Wrath Elite Cultist Helmet VII,rhun,head,elite,0,42,40,-2,2.7,4.5,Plate,Plate,CHANGED
rhun\head_armors.xml,sk_rh_drag_helmet_cult_elite_h,[Rhûn] Dragon Wrath Elite Cultist Helmet VIII,rhun,head,elite,0,43,40,-3,2.7,4.5,Plate,Plate,CHANGED
rhun\head_armors.xml,sk_rh_drag_helmet_cult_elite_i,[Rhûn] Dragon Wrath Elite Cultist Helmet IX,rhun,head,elite,0,44,40,-4,2.8,4.5,Plate,Plate,CHANGED
rhun\head_armors.xml,sk_rh_drag_helmet_cult_lord_a,[Rhûn] Dragon Wrath Lord Cultist Helmet,rhun,head,lord,0,46,48,2,2.8,5.0,Plate,Plate,CHANGED
rhun\head_armors.xml,sk_rh_drag_helmet_cult_lord_b,[Rhûn] Dragon Wrath Lord Cultist Helmet II,rhun,head,lord,1,48,49,1,2.9,5.0,Plate,Plate,CHANGED
rhun\head_armors.xml,sk_rh_drag_helmet_cult_lord_c,[Rhûn] Dragon Wrath Lord Cultist Helmet III,rhun,head,lord,2,50,50,0,2.9,5.0,Plate,Plate,CHANGED
rhun\head_armors.xml,sk_rh_drag_helmet_cult_lord_d,[Rhûn] Dragon Wrath Lord Cultist Helmet IV,rhun,head,lord,3,52,51,-1,3.0,5.0,Plate,Plate,CHANGED
rhun\head_armors.xml,sk_dg_khml_helmet_inf_light_a,[Rhûn] Khamul Light Infantry Helmet,rhun,head,lord,0,18,48,30,1.5,5.0,Plate,Plate,CHANGED
rhun\head_armors.xml,sk_dg_khml_helmet_inf_med_a,[Rhûn] Khamul Infantry Helmet,rhun,head,lord,0,22,48,26,1.8,5.0,Plate,Plate,CHANGED
rhun\head_armors.xml,sk_dg_khml_helmet_inf_med_b,[Rhûn] Khamul Infantry Helmet,rhun,head,lord,1,24,49,25,1.9,5.0,Plate,Plate,CHANGED
rhun\head_armors.xml,sk_dg_khml_helmet_inf_med_c,[Rhûn] Khamul Infantry Helmet,rhun,head,lord,2,26,50,24,2.0,5.0,Plate,Plate,CHANGED
rhun\head_armors.xml,sk_dg_khml_helmet_inf_heavy_a,[Rhûn] Khamul Heavy Infantry Helmet,rhun,head,lord,0,28,48,20,2.2,5.0,Plate,Plate,CHANGED
rhun\head_armors.xml,sk_dg_khml_helmet_inf_heavy_b,[Rhûn] Khamul Heavy Infantry Helmet,rhun,head,lord,1,30,49,19,2.3,5.0,Plate,Plate,CHANGED
rhun\head_armors.xml,sk_dg_khml_helmet_inf_heavy_c,[Rhûn] Khamul Heavy Infantry Helmet,rhun,head,lord,2,32,50,18,2.4,5.0,Plate,Plate,CHANGED
rhun\head_armors.xml,sk_dg_khml_helmet_inf_elite_a,[Rhûn] Khamul Elite Infantry Helmet,rhun,head,lord,0,36,48,12,2.5,5.0,Plate,Plate,CHANGED
rhun\head_armors.xml,sk_dg_khml_helmet_inf_elite_b,[Rhûn] Khamul Elite Infantry Helmet,rhun,head,lord,1,38,49,11,2.6,5.0,Plate,Plate,CHANGED
rhun\head_armors.xml,sk_dg_khml_helmet_inf_elite_c,[Rhûn] Khamul Elite Infantry Helmet,rhun,head,lord,2,40,50,10,2.7,5.0,Plate,Plate,CHANGED
rhun\head_armors.xml,sk_dg_khml_helmet_inf_elite_d,[Rhûn] Khamul Elite Infantry Helmet with Horns,rhun,head,lord,3,38,51,13,2.6,5.0,Plate,Plate,CHANGED
rhun\head_armors.xml,sk_dg_khml_helmet_inf_elite_e,[Rhûn] Khamul Elite Infantry Helmet with Horns,rhun,head,lord,4,40,52,12,2.7,5.0,Plate,Plate,CHANGED
rhun\head_armors.xml,sk_dg_khml_helmet_inf_elite_f,[Rhûn] Khamul Elite Infantry Helmet with Horns,rhun,head,lord,5,42,53,11,2.8,5.0,Plate,Plate,CHANGED
rhun\head_armors.xml,sk_dg_khml_helmet_inf_elite_g,[Rhûn] Khamul Elite Infantry Helmet with Plume,rhun,head,lord,0,38,48,10,2.6,5.0,Plate,Plate,CHANGED
rhun\head_armors.xml,sk_dg_khml_helmet_inf_elite_h,[Rhûn] Khamul Elite Infantry Helmet with Plume,rhun,head,lord,0,40,48,8,2.7,5.0,Plate,Plate,CHANGED
rhun\head_armors.xml,sk_dg_khml_helmet_inf_elite_i,[Rhûn] Khamul Elite Infantry Helmet with Plume,rhun,head,lord,0,42,48,6,2.8,5.0,Plate,Plate,CHANGED
rhun\head_armors.xml,sk_dg_khml_helmet_inf_lord_a,[Rhûn] Khamul Lord Infantry Helmet,rhun,head,lord,0,46,48,2,2.8,5.0,Plate,Plate,CHANGED
rhun\head_armors.xml,sk_dg_khml_helmet_inf_lord_b,[Rhûn] Khamul Lord Infantry Helmet,rhun,head,lord,1,48,49,1,2.9,5.0,Plate,Plate,CHANGED
rhun\head_armors.xml,sk_dg_khml_helmet_inf_lord_c,[Rhûn] Khamul Lord Infantry Helmet,rhun,head,lord,2,50,50,0,3.0,5.0,Plate,Plate,CHANGED
rhun\head_armors.xml,sk_dg_khml_helmet_inf_lord_d,[Rhûn] Khamul Lord Infantry Helmet,rhun,head,lord,3,52,51,-1,3.1,5.0,Plate,Plate,CHANGED
rhun\head_armors.xml,sk_dg_khml_helmet_inf_lord_e,[Rhûn] Khamul Lord Infantry Helmet,rhun,head,lord,4,54,52,-2,3.2,5.0,Plate,Plate,CHANGED
rhun\head_armors.xml,sk_dg_khml_helmet_inf_lord_f,[Rhûn] Khamul Lord Infantry Helmet,rhun,head,lord,5,56,53,-3,3.3,5.0,Plate,Plate,CHANGED
rhun\head_armors.xml,sk_dg_khml_helmet_arch_light_a,[Rhûn] Khamul Light Archer Helmet,rhun,head,lord,0,18,48,30,1.5,5.0,Plate,Plate,CHANGED
rhun\head_armors.xml,sk_dg_khml_helmet_arch_med_a,[Rhûn] Khamul Archer Helmet,rhun,head,lord,0,22,48,26,1.8,5.0,Plate,Plate,CHANGED
rhun\head_armors.xml,sk_dg_khml_helmet_arch_med_b,[Rhûn] Khamul Archer Helmet,rhun,head,lord,1,24,49,25,1.9,5.0,Plate,Plate,CHANGED
rhun\head_armors.xml,sk_dg_khml_helmet_arch_med_c,[Rhûn] Khamul Archer Helmet,rhun,head,lord,2,26,50,24,2.0,5.0,Plate,Plate,CHANGED
rhun\head_armors.xml,sk_dg_khml_helmet_arch_heavy_a,[Rhûn] Khamul Heavy Archer Helmet,rhun,head,lord,0,28,48,20,2.2,5.0,Plate,Plate,CHANGED
rhun\head_armors.xml,sk_dg_khml_helmet_arch_heavy_b,[Rhûn] Khamul Heavy Archer Helmet,rhun,head,lord,1,30,49,19,2.3,5.0,Plate,Plate,CHANGED
rhun\head_armors.xml,sk_dg_khml_helmet_arch_heavy_c,[Rhûn] Khamul Heavy Archer Helmet,rhun,head,lord,2,32,50,18,2.4,5.0,Plate,Plate,CHANGED
rhun\head_armors.xml,sk_dg_khml_helmet_arch_elite_a,[Rhûn] Khamul Elite Archer Helmet,rhun,head,lord,0,36,48,12,2.5,5.0,Plate,Plate,CHANGED
rhun\head_armors.xml,sk_dg_khml_helmet_arch_elite_b,[Rhûn] Khamul Elite Archer Helmet,rhun,head,lord,1,38,49,11,2.6,5.0,Plate,Plate,CHANGED
rhun\head_armors.xml,sk_dg_khml_helmet_arch_elite_c,[Rhûn] Khamul Elite Archer Helmet,rhun,head,lord,2,40,50,10,2.7,5.0,Plate,Plate,CHANGED
rhun\head_armors.xml,sk_dg_khml_helmet_arch_elite_d,[Rhûn] Khamul Elite Archer Helmet with Horns,rhun,head,lord,3,38,51,13,2.6,5.0,Plate,Plate,CHANGED
rhun\head_armors.xml,sk_dg_khml_helmet_arch_elite_e,[Rhûn] Khamul Elite Archer Helmet with Horns,rhun,head,lord,4,40,52,12,2.7,5.0,Plate,Plate,CHANGED
rhun\head_armors.xml,sk_dg_khml_helmet_arch_elite_f,[Rhûn] Khamul Elite Archer Helmet with Horns,rhun,head,lord,5,42,53,11,2.8,5.0,Plate,Plate,CHANGED
rhun\head_armors.xml,sk_dg_khml_helmet_arch_elite_g,[Rhûn] Khamul Elite Archer Helmet with Plume,rhun,head,lord,0,38,48,10,2.6,5.0,Plate,Plate,CHANGED
rhun\head_armors.xml,sk_dg_khml_helmet_arch_elite_h,[Rhûn] Khamul Elite Archer Helmet with Plume,rhun,head,lord,0,40,48,8,2.7,5.0,Plate,Plate,CHANGED
rhun\head_armors.xml,sk_dg_khml_helmet_arch_elite_i,[Rhûn] Khamul Elite Archer Helmet with Plume,rhun,head,lord,0,42,48,6,2.8,5.0,Plate,Plate,CHANGED
rhun\head_armors.xml,sk_dg_khml_helmet_arch_lord_a,[Rhûn] Khamul Lord Archer Helmet,rhun,head,lord,0,46,48,2,2.8,5.0,Plate,Plate,CHANGED
rhun\head_armors.xml,sk_dg_khml_helmet_arch_lord_b,[Rhûn] Khamul Lord Archer Helmet,rhun,head,lord,1,48,49,1,2.9,5.0,Plate,Plate,CHANGED
rhun\head_armors.xml,sk_dg_khml_helmet_arch_lord_c,[Rhûn] Khamul Lord Archer Helmet,rhun,head,lord,2,50,50,0,3.0,5.0,Plate,Plate,CHANGED
rhun\head_armors.xml,sk_dg_khml_helmet_arch_lord_d,[Rhûn] Khamul Lord Archer Helmet,rhun,head,lord,3,52,51,-1,3.1,5.0,Plate,Plate,CHANGED
rhun\head_armors.xml,sk_dg_khml_helmet_arch_lord_e,[Rhûn] Khamul Lord Archer Helmet,rhun,head,lord,4,54,52,-2,3.2,5.0,Plate,Plate,CHANGED
rhun\head_armors.xml,sk_dg_khml_helmet_arch_lord_f,[Rhûn] Khamul Lord Archer Helmet,rhun,head,lord,5,56,53,-3,3.3,5.0,Plate,Plate,CHANGED
rhun\head_armors.xml,sk_dg_khml_helmet_cav_light_a,[Rhûn] Khamul Light Cavalry Helmet,rhun,head,lord,0,18,48,30,1.5,5.0,Plate,Plate,CHANGED
rhun\head_armors.xml,sk_dg_khml_helmet_cav_med_a,[Rhûn] Khamul Cavalry Helmet,rhun,head,lord,0,22,48,26,1.8,5.0,Plate,Plate,CHANGED
rhun\head_armors.xml,sk_dg_khml_helmet_cav_med_b,[Rhûn] Khamul Cavalry Helmet,rhun,head,lord,1,24,49,25,1.9,5.0,Plate,Plate,CHANGED
rhun\head_armors.xml,sk_dg_khml_helmet_cav_med_c,[Rhûn] Khamul Cavalry Helmet,rhun,head,lord,2,26,50,24,2.0,5.0,Plate,Plate,CHANGED
rhun\head_armors.xml,sk_dg_khml_helmet_cav_heavy_a,[Rhûn] Khamul Heavy Cavalry Helmet,rhun,head,lord,0,28,48,20,2.2,5.0,Plate,Plate,CHANGED
rhun\head_armors.xml,sk_dg_khml_helmet_cav_heavy_b,[Rhûn] Khamul Heavy Cavalry Helmet,rhun,head,lord,1,30,49,19,2.3,5.0,Plate,Plate,CHANGED
rhun\head_armors.xml,sk_dg_khml_helmet_cav_heavy_c,[Rhûn] Khamul Heavy Cavalry Helmet,rhun,head,lord,2,32,50,18,2.4,5.0,Plate,Plate,CHANGED
rhun\head_armors.xml,sk_dg_khml_helmet_cav_elite_a,[Rhûn] Khamul Elite Cavalry Helmet,rhun,head,lord,0,36,48,12,2.5,5.0,Plate,Plate,CHANGED
rhun\head_armors.xml,sk_dg_khml_helmet_cav_elite_b,[Rhûn] Khamul Elite Cavalry Helmet,rhun,head,lord,1,38,49,11,2.6,5.0,Plate,Plate,CHANGED
rhun\head_armors.xml,sk_dg_khml_helmet_cav_elite_c,[Rhûn] Khamul Elite Cavalry Helmet,rhun,head,lord,2,40,50,10,2.7,5.0,Plate,Plate,CHANGED
rhun\head_armors.xml,sk_dg_khml_helmet_cav_elite_d,[Rhûn] Khamul Elite Cavalry Helmet with Horns,rhun,head,lord,3,38,51,13,2.6,5.0,Plate,Plate,CHANGED
rhun\head_armors.xml,sk_dg_khml_helmet_cav_elite_e,[Rhûn] Khamul Elite Cavalry Helmet with Horns,rhun,head,lord,4,40,52,12,2.7,5.0,Plate,Plate,CHANGED
rhun\head_armors.xml,sk_dg_khml_helmet_cav_elite_f,[Rhûn] Khamul Elite Cavalry Helmet with Horns,rhun,head,lord,5,42,53,11,2.8,5.0,Plate,Plate,CHANGED
rhun\head_armors.xml,sk_dg_khml_helmet_cav_lord_a,[Rhûn] Khamul Lord Cavalry Helmet,rhun,head,lord,0,46,48,2,2.8,5.0,Plate,Plate,CHANGED
rhun\head_armors.xml,sk_dg_khml_helmet_cav_lord_b,[Rhûn] Khamul Lord Cavalry Helmet,rhun,head,lord,1,48,49,1,2.9,5.0,Plate,Plate,CHANGED
rhun\head_armors.xml,sk_dg_khml_helmet_cav_lord_c,[Rhûn] Khamul Lord Cavalry Helmet,rhun,head,lord,2,50,50,0,3.0,5.0,Plate,Plate,CHANGED
rhun\head_armors.xml,sk_dg_khml_helmet_cav_lord_d,[Rhûn] Khamul Lord Cavalry Helmet,rhun,head,lord,3,52,51,-1,3.1,5.0,Plate,Plate,CHANGED
rhun\head_armors.xml,sk_dg_khml_helmet_cav_lord_e,[Rhûn] Khamul Lord Cavalry Helmet,rhun,head,lord,4,54,52,-2,3.2,5.0,Plate,Plate,CHANGED
rhun\head_armors.xml,sk_dg_khml_helmet_cav_lord_f,[Rhûn] Khamul Lord Cavalry Helmet,rhun,head,lord,5,56,53,-3,3.3,5.0,Plate,Plate,CHANGED
rhun\head_armors.xml,sk_dg_khml_helmet_east_light_a,[Rhûn] Khamul Light Leather Cap,rhun,head,lord,0,12,48,36,0.8,5.0,Leather,Plate,CHANGED
rhun\head_armors.xml,sk_dg_khml_helmet_east_med_a,[Rhûn] Khamul Leather Cap,rhun,head,lord,0,16,48,32,1.0,5.0,Leather,Plate,CHANGED
rhun\head_armors.xml,sk_dg_khml_helmet_east_med_b,[Rhûn] Khamul Leather Cap,rhun,head,lord,1,17,49,32,1.1,5.0,Leather,Plate,CHANGED
rhun\head_armors.xml,sk_dg_khml_helmet_east_med_c,[Rhûn] Khamul Leather Cap,rhun,head,lord,2,18,50,32,1.2,5.0,Leather,Plate,CHANGED
rhun\head_armors.xml,sk_dg_khml_helmet_east_heavy_a,[Rhûn] Khamul Heavy Leather Cap,rhun,head,lord,0,20,48,28,1.4,5.0,Leather,Plate,CHANGED
rhun\head_armors.xml,sk_dg_khml_helmet_east_heavy_b,[Rhûn] Khamul Heavy Leather Cap,rhun,head,lord,1,21,49,28,1.5,5.0,Leather,Plate,CHANGED
rhun\head_armors.xml,sk_dg_khml_helmet_east_heavy_c,[Rhûn] Khamul Heavy Leather Cap,rhun,head,lord,2,22,50,28,1.6,5.0,Leather,Plate,CHANGED
rhun\head_armors.xml,sk_dg_khml_helmet_east_elite_a,[Rhûn] Khamul Elite Leather Cap,rhun,head,lord,0,24,48,24,1.6,5.0,Leather,Plate,CHANGED
rhun\head_armors.xml,sk_dg_khml_helmet_east_elite_b,[Rhûn] Khamul Elite Leather Cap,rhun,head,lord,1,25,49,24,1.7,5.0,Leather,Plate,CHANGED
rhun\head_armors.xml,sk_dg_khml_helmet_east_elite_c,[Rhûn] Khamul Elite Leather Cap,rhun,head,lord,2,26,50,24,1.8,5.0,Leather,Plate,CHANGED
rhun\head_armors.xml,sk_dg_khml_hood_med_a,[Rhûn] Khamul Ranger Hood,rhun,head,lord,0,10,48,38,0.6,5.0,Cloth,Plate,CHANGED
rhun\head_armors.xml,sk_dg_khml_hood_med_b,[Rhûn] Khamul Ranger Hood,rhun,head,lord,1,12,49,37,0.7,5.0,Cloth,Plate,CHANGED
rhun\head_armors.xml,sk_dg_khml_hood_heavy_a,[Rhûn] Khamul Heavy Ranger Hood,rhun,head,lord,0,14,48,34,0.8,5.0,Cloth,Plate,CHANGED
rhun\head_armors.xml,sk_dg_khml_hood_heavy_b,[Rhûn] Khamul Heavy Ranger Hood,rhun,head,lord,1,15,49,34,0.9,5.0,Cloth,Plate,CHANGED
rhun\head_armors.xml,sk_dg_khml_hood_heavy_c,[Rhûn] Khamul Heavy Ranger Hood,rhun,head,lord,2,16,50,34,1.0,5.0,Cloth,Plate,CHANGED
rhun\head_armors.xml,sk_dg_khml_hood_heavy_d,[Rhûn] Khamul Heavy Ranger Hood,rhun,head,lord,3,17,51,34,1.1,5.0,Cloth,Plate,CHANGED
rhun\head_armors.xml,sk_dg_khml_helmet_cult_med_a,[Rhûn] Khamul Cultist Helmet,rhun,head,lord,0,22,48,26,1.8,5.0,Plate,Plate,CHANGED
rhun\head_armors.xml,sk_dg_khml_helmet_cult_heavy_a,[Rhûn] Khamul Heavy Cultist Helmet,rhun,head,lord,0,28,48,20,2.2,5.0,Plate,Plate,CHANGED
rhun\head_armors.xml,sk_dg_khml_helmet_cult_heavy_b,[Rhûn] Khamul Heavy Cultist Helmet,rhun,head,lord,1,30,49,19,2.3,5.0,Plate,Plate,CHANGED
rhun\head_armors.xml,sk_dg_khml_helmet_cult_heavy_c,[Rhûn] Khamul Heavy Cultist Helmet,rhun,head,lord,2,32,50,18,2.4,5.0,Plate,Plate,CHANGED
rhun\head_armors.xml,sk_dg_khml_helmet_cult_elite_a,[Rhûn] Khamul Elite Cultist Helmet,rhun,head,lord,0,36,48,12,2.5,5.0,Plate,Plate,CHANGED
rhun\head_armors.xml,sk_dg_khml_helmet_cult_elite_b,[Rhûn] Khamul Elite Cultist Helmet,rhun,head,lord,1,38,49,11,2.6,5.0,Plate,Plate,CHANGED
rhun\head_armors.xml,sk_dg_khml_helmet_cult_elite_c,[Rhûn] Khamul Elite Cultist Helmet,rhun,head,lord,2,40,50,10,2.7,5.0,Plate,Plate,CHANGED
rhun\head_armors.xml,sk_dg_khml_helmet_cult_elite_d,[Rhûn] Khamul Elite Cultist Helmet with Horns,rhun,head,lord,3,38,51,13,2.6,5.0,Plate,Plate,CHANGED
rhun\head_armors.xml,sk_dg_khml_helmet_cult_elite_e,[Rhûn] Khamul Elite Cultist Helmet with Horns,rhun,head,lord,4,40,52,12,2.7,5.0,Plate,Plate,CHANGED
rhun\head_armors.xml,sk_dg_khml_helmet_cult_elite_f,[Rhûn] Khamul Elite Cultist Helmet with Horns,rhun,head,lord,5,42,53,11,2.8,5.0,Plate,Plate,CHANGED
rhun\head_armors.xml,sk_dg_khml_helmet_cult_elite_g,[Rhûn] Khamul Elite Cultist Helmet with Plume,rhun,head,lord,0,38,48,10,2.6,5.0,Plate,Plate,CHANGED
rhun\head_armors.xml,sk_dg_khml_helmet_cult_elite_h,[Rhûn] Khamul Elite Cultist Helmet with Plume,rhun,head,lord,0,40,48,8,2.7,5.0,Plate,Plate,CHANGED
rhun\head_armors.xml,sk_dg_khml_helmet_cult_elite_i,[Rhûn] Khamul Elite Cultist Helmet with Plume,rhun,head,lord,0,42,48,6,2.8,5.0,Plate,Plate,CHANGED
rhun\head_armors.xml,sk_dg_khml_helmet_cult_lord_a,[Rhûn] Khamul Lord Cultist Helmet,rhun,head,lord,0,46,48,2,2.8,5.0,Plate,Plate,CHANGED
rhun\head_armors.xml,sk_dg_khml_helmet_cult_lord_b,[Rhûn] Khamul Lord Cultist Helmet,rhun,head,lord,1,48,49,1,2.9,5.0,Plate,Plate,CHANGED
rhun\head_armors.xml,sk_dg_khml_helmet_cult_lord_c,[Rhûn] Khamul Lord Cultist Helmet,rhun,head,lord,2,50,50,0,3.0,5.0,Plate,Plate,CHANGED
rhun\head_armors.xml,sk_dg_khml_helmet_cult_lord_d,[Rhûn] Khamul Lord Cultist Helmet,rhun,head,lord,3,52,51,-1,3.1,5.0,Plate,Plate,CHANGED
rhun\body_armors.xml,easterling_torso,[Rhûn] Easterling Armour V,rhun,body,elite,0,48,50,2,16.5,22.0,Plate,Plate,CHANGED
rhun\body_armors.xml,easterlingwarriors01_torso,[Rhûn] Easterling Armour III,rhun,body,light,0,25,20,-5,6.5,8.0,Plate,Leather,CHANGED
rhun\body_armors.xml,easterlingwarriors02_torso,[Rhûn] Easterling Armour IV,rhun,body,light,0,25,20,-5,5.5,8.0,Plate,Leather,CHANGED
rhun\body_armors.xml,easterlingwarriors03_torso,[Rhûn] Easterling Armour II,rhun,body,light,0,20,20,0,3.5,8.0,Plate,Leather,CHANGED
rhun\body_armors.xml,easterlingwarriors04_torso,[Rhûn] Easterling Armour I,rhun,body,light,0,18,20,2,3.5,8.0,Plate,Leather,CHANGED
rhun\body_armors.xml,easterling02_v1_torso,[Rhûn] Easterling Archer Armour I,rhun,body,light,0,15,20,5,3.5,8.0,Plate,Leather,CHANGED
rhun\body_armors.xml,sk_rh_loke_tunic_a,[Rhûn] Loke-Rim Tunic,rhun,body,civilian,0,12,5,-7,1.5,3.0,Cloth,Cloth,CHANGED
rhun\body_armors.xml,sk_rh_loke_chest_light_c,[Rhûn] Loke-Rim Spiky Armor,rhun,body,light,2,20,22,2,4.0,8.0,Plate,Leather,CHANGED
rhun\body_armors.xml,sk_rh_loke_chest_light_d,[Rhûn] Loke-Rim Spiky Armor II,rhun,body,light,3,22,23,1,5.0,8.0,Plate,Leather,CHANGED
rhun\body_armors.xml,sk_rh_loke_chest_med_c,[Rhûn] Loke-Rim Spiky Armor III,rhun,body,medium,2,30,34,4,9.0,13.0,Plate,Chainmail,CHANGED
rhun\body_armors.xml,sk_rh_loke_chest_med_d,[Rhûn] Loke-Rim Spiky Armor IV,rhun,body,medium,3,32,35,3,10.0,13.0,Plate,Chainmail,CHANGED
rhun\body_armors.xml,sk_rh_loke_chest_heavy_c,[Rhûn] Loke-Rim Heavy Spiky Armor,rhun,body,heavy,2,40,44,4,14.0,18.0,Plate,Plate,CHANGED
rhun\body_armors.xml,sk_rh_loke_chest_heavy_d,[Rhûn] Loke-Rim Heavy Spiky Armor II,rhun,body,heavy,3,42,45,3,15.0,18.0,Plate,Plate,CHANGED
rhun\body_armors.xml,sk_rh_loke_scalemail_light_a,[Rhûn] Loke-Rim Scalemail,rhun,body,medium,0,24,32,8,6.0,13.0,Plate,Chainmail,CHANGED
rhun\body_armors.xml,sk_rh_loke_scalemail_light_b,[Rhûn] Loke-Rim Scalemail II,rhun,body,medium,1,26,33,7,7.0,13.0,Plate,Chainmail,CHANGED
rhun\body_armors.xml,sk_rh_loke_scalemail_med_a,[Rhûn] Loke-Rim Scalemail III,rhun,body,medium,0,34,32,-2,11.0,13.0,Plate,Chainmail,CHANGED
rhun\body_armors.xml,sk_rh_loke_scalemail_med_b,[Rhûn] Loke-Rim Scalemail IV,rhun,body,medium,1,36,33,-3,12.0,13.0,Plate,Chainmail,CHANGED
rhun\body_armors.xml,sk_rh_loke_scalemail_heavy_a,[Rhûn] Loke-Rim Heavy Scalemail,rhun,body,heavy,0,44,42,-2,16.0,18.0,Plate,Plate,CHANGED
rhun\body_armors.xml,sk_rh_loke_scalemail_heavy_b,[Rhûn] Loke-Rim Heavy Scalemail II,rhun,body,heavy,1,46,43,-3,17.0,18.0,Plate,Plate,CHANGED
rhun\body_armors.xml,sk_rh_loke_scalemail_elite_a,[Rhûn] Loke-Rim Elite Scalemail,rhun,body,elite,0,52,50,-2,19.0,22.0,Plate,Plate,CHANGED
rhun\body_armors.xml,sk_rh_loke_scalemail_elite_b,[Rhûn] Loke-Rim Elite Scalemail II,rhun,body,elite,1,54,51,-3,20.0,22.0,Plate,Plate,CHANGED
rhun\body_armors.xml,sk_rh_loke_scalemail_lord_a,[Rhûn] Loke-Rim Lord Scalemail,rhun,body,lord,0,58,60,2,22.0,24.0,Plate,Plate,CHANGED
rhun\body_armors.xml,sk_rh_loke_chest_light_a,[Rhûn] Loke-Rim Lamellar Armor,rhun,body,light,0,22,20,-2,5.0,8.0,Plate,Leather,CHANGED
rhun\body_armors.xml,sk_rh_loke_chest_light_b,[Rhûn] Loke-Rim Lamellar Armor II,rhun,body,light,1,24,21,-3,6.0,8.0,Plate,Leather,CHANGED
rhun\body_armors.xml,sk_rh_loke_chest_med_a,[Rhûn] Loke-Rim Lamellar Armor III,rhun,body,medium,0,32,32,0,10.0,13.0,Plate,Chainmail,CHANGED
rhun\body_armors.xml,sk_rh_loke_chest_med_b,[Rhûn] Loke-Rim Lamellar Armor IV,rhun,body,medium,1,34,33,-1,11.0,13.0,Plate,Chainmail,CHANGED
rhun\body_armors.xml,sk_rh_loke_chest_heavy_a,[Rhûn] Loke-Rim Heavy Lamellar Armor,rhun,body,heavy,0,42,42,0,15.0,18.0,Plate,Plate,CHANGED
rhun\body_armors.xml,sk_rh_loke_chest_heavy_b,[Rhûn] Loke-Rim Heavy Lamellar Armor II,rhun,body,heavy,1,44,43,-1,16.0,18.0,Plate,Plate,CHANGED
rhun\body_armors.xml,sk_rh_loke_chest_elite_a,[Rhûn] Loke-Rim Elite Lamellar Armor,rhun,body,elite,0,50,50,0,18.0,22.0,Plate,Plate,CHANGED
rhun\body_armors.xml,sk_rh_loke_chest_elite_b,[Rhûn] Loke-Rim Elite Lamellar Armor II,rhun,body,elite,1,52,51,-1,19.0,22.0,Plate,Plate,CHANGED
rhun\body_armors.xml,sk_rh_loke_chest_lord_a,[Rhûn] Loke-Rim Lord Lamellar Armor,rhun,body,lord,0,56,60,4,21.0,24.0,Plate,Plate,CHANGED
rhun\body_armors.xml,sk_rh_loke_chest_lord_b,[Rhûn] Loke-Rim Lord Lamellar Armor II,rhun,body,lord,1,58,61,3,23.0,24.0,Plate,Plate,CHANGED
rhun\body_armors.xml,sk_rh_loke_hplate_light_a,[Rhûn] Loke-Rim Half Plate Armor,rhun,body,heavy,0,28,42,14,8.0,18.0,Plate,Plate,CHANGED
rhun\body_armors.xml,sk_rh_loke_hplate_med_a,[Rhûn] Loke-Rim Half Plate Armor II,rhun,body,heavy,0,38,42,4,13.0,18.0,Plate,Plate,CHANGED
rhun\body_armors.xml,sk_rh_loke_hplate_med_b,[Rhûn] Loke-Rim Half Plate Armor III,rhun,body,heavy,1,40,43,3,14.0,18.0,Plate,Plate,CHANGED
rhun\body_armors.xml,sk_rh_loke_hplate_heavy_a,[Rhûn] Loke-Rim Heavy Half Plate Armor,rhun,body,heavy,0,48,42,-6,17.0,18.0,Plate,Plate,CHANGED
rhun\body_armors.xml,sk_rh_loke_hplate_heavy_b,[Rhûn] Loke-Rim Heavy Half Plate Armor II,rhun,body,heavy,1,50,43,-7,18.0,18.0,Plate,Plate,CHANGED
rhun\body_armors.xml,sk_rh_loke_hplate_elite_a,[Rhûn] Loke-Rim Elite Half Plate Armor,rhun,body,elite,0,56,50,-6,21.0,22.0,Plate,Plate,CHANGED
rhun\body_armors.xml,sk_rh_loke_hplate_elite_b,[Rhûn] Loke-Rim Elite Half Plate Armor II,rhun,body,elite,1,58,51,-7,22.0,22.0,Plate,Plate,CHANGED
rhun\body_armors.xml,sk_rh_loke_hplate_elite_c,[Rhûn] Loke-Rim Elite Half Plate Armor III,rhun,body,elite,2,60,52,-8,23.0,22.0,Plate,Plate,CHANGED
rhun\body_armors.xml,sk_rh_loke_plate_light_a,[Rhûn] Loke-Rim Plate Armor,rhun,body,heavy,0,32,42,10,10.0,18.0,Plate,Plate,CHANGED
rhun\body_armors.xml,sk_rh_loke_plate_med_a,[Rhûn] Loke-Rim Plate Armor II,rhun,body,heavy,0,42,42,0,15.0,18.0,Plate,Plate,CHANGED
rhun\body_armors.xml,sk_rh_loke_plate_heavy_a,[Rhûn] Loke-Rim Heavy Plate Armor,rhun,body,heavy,0,52,42,-10,19.0,18.0,Plate,Plate,CHANGED
rhun\body_armors.xml,sk_rh_loke_plate_heavy_b,[Rhûn] Loke-Rim Heavy Plate Armor II,rhun,body,heavy,1,54,43,-11,20.0,18.0,Plate,Plate,CHANGED
rhun\body_armors.xml,sk_rh_loke_plate_elite_a,[Rhûn] Loke-Rim Elite Plate Armor,rhun,body,elite,0,60,50,-10,23.0,22.0,Plate,Plate,CHANGED
rhun\body_armors.xml,sk_rh_loke_plate_elite_b,[Rhûn] Loke-Rim Elite Plate Armor II,rhun,body,elite,1,62,51,-11,24.0,22.0,Plate,Plate,CHANGED
rhun\body_armors.xml,sk_rh_loke_plate_elite_c,[Rhûn] Loke-Rim Elite Plate Armor III,rhun,body,elite,2,64,52,-12,25.0,22.0,Plate,Plate,CHANGED
rhun\body_armors.xml,sk_rh_drag_chainmail_a,[Rhûn] Dragon Wrath Chainmail,rhun,body,medium,0,25,32,7,8.0,13.0,Plate,Chainmail,CHANGED
rhun\body_armors.xml,sk_rh_drag_chest_light_c,[Rhûn] Dragon Wrath Spiky Armor,rhun,body,light,2,20,22,2,4.0,8.0,Plate,Leather,CHANGED
rhun\body_armors.xml,sk_rh_drag_chest_light_d,[Rhûn] Dragon Wrath Spiky Armor II,rhun,body,light,3,22,23,1,5.0,8.0,Plate,Leather,CHANGED
rhun\body_armors.xml,sk_rh_drag_chest_med_c,[Rhûn] Dragon Wrath Spiky Armor III,rhun,body,medium,2,30,34,4,9.0,13.0,Plate,Chainmail,CHANGED
rhun\body_armors.xml,sk_rh_drag_chest_med_d,[Rhûn] Dragon Wrath Spiky Armor IV,rhun,body,medium,3,32,35,3,10.0,13.0,Plate,Chainmail,CHANGED
rhun\body_armors.xml,sk_rh_drag_chest_heavy_c,[Rhûn] Dragon Wrath Heavy Spiky Armor,rhun,body,heavy,2,40,44,4,14.0,18.0,Plate,Plate,CHANGED
rhun\body_armors.xml,sk_rh_drag_chest_heavy_d,[Rhûn] Dragon Wrath Heavy Spiky Armor II,rhun,body,heavy,3,42,45,3,15.0,18.0,Plate,Plate,CHANGED
rhun\body_armors.xml,sk_rh_drag_scalemail_light_a,[Rhûn] Dragon Wrath Scalemail,rhun,body,medium,0,24,32,8,6.0,13.0,Plate,Chainmail,CHANGED
rhun\body_armors.xml,sk_rh_drag_scalemail_light_b,[Rhûn] Dragon Wrath Scalemail II,rhun,body,medium,1,26,33,7,7.0,13.0,Plate,Chainmail,CHANGED
rhun\body_armors.xml,sk_rh_drag_scalemail_med_a,[Rhûn] Dragon Wrath Scalemail III,rhun,body,medium,0,34,32,-2,11.0,13.0,Plate,Chainmail,CHANGED
rhun\body_armors.xml,sk_rh_drag_scalemail_med_b,[Rhûn] Dragon Wrath Scalemail IV,rhun,body,medium,1,36,33,-3,12.0,13.0,Plate,Chainmail,CHANGED
rhun\body_armors.xml,sk_rh_drag_scalemail_heav_a,[Rhûn] Dragon Wrath Heavy Scalemail,rhun,body,heavy,0,44,42,-2,16.0,18.0,Plate,Plate,CHANGED
rhun\body_armors.xml,sk_rh_drag_scalemail_heav_b,[Rhûn] Dragon Wrath Heavy Scalemail II,rhun,body,heavy,1,46,43,-3,17.0,18.0,Plate,Plate,CHANGED
rhun\body_armors.xml,sk_rh_drag_scalemail_elite_a,[Rhûn] Dragon Wrath Elite Scalemail,rhun,body,elite,0,52,50,-2,19.0,22.0,Plate,Plate,CHANGED
rhun\body_armors.xml,sk_rh_drag_scalemail_elite_b,[Rhûn] Dragon Wrath Elite Scalemail II,rhun,body,elite,1,54,51,-3,20.0,22.0,Plate,Plate,CHANGED
rhun\body_armors.xml,sk_rh_drag_scalemail_lord_a,[Rhûn] Dragon Wrath Lord Scalemail,rhun,body,lord,0,58,60,2,22.0,24.0,Plate,Plate,CHANGED
rhun\body_armors.xml,sk_rh_drag_chest_light_a,[Rhûn] Dragon Wrath Lamellar Armor,rhun,body,light,0,22,20,-2,5.0,8.0,Plate,Leather,CHANGED
rhun\body_armors.xml,sk_rh_drag_chest_light_b,[Rhûn] Dragon Wrath Lamellar Armor II,rhun,body,light,1,24,21,-3,6.0,8.0,Plate,Leather,CHANGED
rhun\body_armors.xml,sk_rh_drag_chest_med_a,[Rhûn] Dragon Wrath Lamellar Armor III,rhun,body,medium,0,32,32,0,10.0,13.0,Plate,Chainmail,CHANGED
rhun\body_armors.xml,sk_rh_drag_chest_med_b,[Rhûn] Dragon Wrath Lamellar Armor IV,rhun,body,medium,1,34,33,-1,11.0,13.0,Plate,Chainmail,CHANGED
rhun\body_armors.xml,sk_rh_drag_chest_heavy_a,[Rhûn] Dragon Wrath Heavy Lamellar Armor,rhun,body,heavy,0,42,42,0,15.0,18.0,Plate,Plate,CHANGED
rhun\body_armors.xml,sk_rh_drag_chest_heavy_b,[Rhûn] Dragon Wrath Heavy Lamellar Armor II,rhun,body,heavy,1,44,43,-1,16.0,18.0,Plate,Plate,CHANGED
rhun\body_armors.xml,sk_rh_drag_chest_elite_a,[Rhûn] Dragon Wrath Elite Lamellar Armor,rhun,body,elite,0,50,50,0,18.0,22.0,Plate,Plate,CHANGED
rhun\body_armors.xml,sk_rh_drag_chest_elite_b,[Rhûn] Dragon Wrath Elite Lamellar Armor II,rhun,body,elite,1,52,51,-1,19.0,22.0,Plate,Plate,CHANGED
rhun\body_armors.xml,sk_rh_drag_chest_lord_a,[Rhûn] Dragon Wrath Lord Lamellar Armor,rhun,body,lord,0,56,60,4,21.0,24.0,Plate,Plate,CHANGED
rhun\body_armors.xml,sk_rh_drag_chest_lord_b,[Rhûn] Dragon Wrath Lord Lamellar Armor II,rhun,body,lord,1,58,61,3,23.0,24.0,Plate,Plate,CHANGED
rhun\body_armors.xml,sk_rh_drag_hplate_light_a,[Rhûn] Dragon Wrath Half Plate Armor,rhun,body,heavy,0,28,42,14,8.0,18.0,Plate,Plate,CHANGED
rhun\body_armors.xml,sk_rh_drag_hplate_med_a,[Rhûn] Dragon Wrath Half Plate Armor II,rhun,body,heavy,0,38,42,4,13.0,18.0,Plate,Plate,CHANGED
rhun\body_armors.xml,sk_rh_drag_hplate_med_b,[Rhûn] Dragon Wrath Half Plate Armor III,rhun,body,heavy,1,40,43,3,14.0,18.0,Plate,Plate,CHANGED
rhun\body_armors.xml,sk_rh_drag_hplate_heavy_a,[Rhûn] Dragon Wrath Heavy Half Plate Armor,rhun,body,heavy,0,48,42,-6,17.0,18.0,Plate,Plate,CHANGED
rhun\body_armors.xml,sk_rh_drag_hplate_heavy_b,[Rhûn] Dragon Wrath Heavy Half Plate Armor II,rhun,body,heavy,1,50,43,-7,18.0,18.0,Plate,Plate,CHANGED
rhun\body_armors.xml,sk_rh_drag_hplate_elite_a,[Rhûn] Dragon Wrath Elite Half Plate Armor,rhun,body,elite,0,56,50,-6,21.0,22.0,Plate,Plate,CHANGED
rhun\body_armors.xml,sk_rh_drag_hplate_elite_b,[Rhûn] Dragon Wrath Elite Half Plate Armor II,rhun,body,elite,1,58,51,-7,22.0,22.0,Plate,Plate,CHANGED
rhun\body_armors.xml,sk_rh_drag_hplate_elite_c,[Rhûn] Dragon Wrath Elite Half Plate Armor III,rhun,body,elite,2,60,52,-8,23.0,22.0,Plate,Plate,CHANGED
rhun\body_armors.xml,sk_rh_drag_plate_light_a,[Rhûn] Dragon Wrath Plate Armor,rhun,body,heavy,0,32,42,10,10.0,18.0,Plate,Plate,CHANGED
rhun\body_armors.xml,sk_rh_drag_plate_med_a,[Rhûn] Dragon Wrath Plate Armor II,rhun,body,heavy,0,42,42,0,15.0,18.0,Plate,Plate,CHANGED
rhun\body_armors.xml,sk_rh_drag_plate_heavy_a,[Rhûn] Dragon Wrath Heavy Plate Armor,rhun,body,heavy,0,52,42,-10,19.0,18.0,Plate,Plate,CHANGED
rhun\body_armors.xml,sk_rh_drag_plate_heavy_b,[Rhûn] Dragon Wrath Heavy Plate Armor II,rhun,body,heavy,1,54,43,-11,20.0,18.0,Plate,Plate,CHANGED
rhun\body_armors.xml,sk_rh_drag_plate_elite_a,[Rhûn] Dragon Wrath Elite Plate Armor,rhun,body,elite,0,60,50,-10,23.0,22.0,Plate,Plate,CHANGED
rhun\body_armors.xml,sk_rh_drag_plate_elite_b,[Rhûn] Dragon Wrath Elite Plate Armor II,rhun,body,elite,1,62,51,-11,24.0,22.0,Plate,Plate,CHANGED
rhun\body_armors.xml,sk_rh_drag_plate_elite_c,[Rhûn] Dragon Wrath Elite Plate Armor III,rhun,body,elite,2,64,52,-12,25.0,22.0,Plate,Plate,CHANGED
rhun\body_armors.xml,sk_dg_khml_chainmail_a,[Rhûn] Khamul Chainmail,rhun,body,lord,0,25,60,35,8.0,24.0,Plate,Plate,CHANGED
rhun\body_armors.xml,sk_dg_khml_chest_light_c,[Rhûn] Khamul Spiky Armor,rhun,body,lord,2,20,62,42,4.0,24.0,Plate,Plate,CHANGED
rhun\body_armors.xml,sk_dg_khml_chest_light_d,[Rhûn] Khamul Spiky Armor II,rhun,body,lord,3,22,63,41,5.0,24.0,Plate,Plate,CHANGED
rhun\body_armors.xml,sk_dg_khml_chest_med_c,[Rhûn] Khamul Spiky Armor III,rhun,body,lord,2,30,62,32,9.0,24.0,Plate,Plate,CHANGED
rhun\body_armors.xml,sk_dg_khml_chest_med_d,[Rhûn] Khamul Spiky Armor IV,rhun,body,lord,3,32,63,31,10.0,24.0,Plate,Plate,CHANGED
rhun\body_armors.xml,sk_dg_khml_chest_heavy_c,[Rhûn] Khamul Heavy Spiky Armor,rhun,body,lord,2,40,62,22,14.0,24.0,Plate,Plate,CHANGED
rhun\body_armors.xml,sk_dg_khml_chest_heavy_d,[Rhûn] Khamul Heavy Spiky Armor II,rhun,body,lord,3,42,63,21,15.0,24.0,Plate,Plate,CHANGED
rhun\body_armors.xml,sk_dg_khml_scalemail_light_a,[Rhûn] Khamul Scalemail,rhun,body,lord,0,24,60,36,6.0,24.0,Plate,Plate,CHANGED
rhun\body_armors.xml,sk_dg_khml_scalemail_light_b,[Rhûn] Khamul Scalemail II,rhun,body,lord,1,26,61,35,7.0,24.0,Plate,Plate,CHANGED
rhun\body_armors.xml,sk_dg_khml_scalemail_med_a,[Rhûn] Khamul Scalemail III,rhun,body,lord,0,34,60,26,11.0,24.0,Plate,Plate,CHANGED
rhun\body_armors.xml,sk_dg_khml_scalemail_med_b,[Rhûn] Khamul Scalemail IV,rhun,body,lord,1,36,61,25,12.0,24.0,Plate,Plate,CHANGED
rhun\body_armors.xml,sk_dg_khml_scalemail_heavy_a,[Rhûn] Khamul Heavy Scalemail,rhun,body,lord,0,44,60,16,16.0,24.0,Plate,Plate,CHANGED
rhun\body_armors.xml,sk_dg_khml_scalemail_heavy_b,[Rhûn] Khamul Heavy Scalemail II,rhun,body,lord,1,46,61,15,17.0,24.0,Plate,Plate,CHANGED
rhun\body_armors.xml,sk_dg_khml_scalemail_elite_a,[Rhûn] Khamul Elite Scalemail,rhun,body,lord,0,52,60,8,19.0,24.0,Plate,Plate,CHANGED
rhun\body_armors.xml,sk_dg_khml_scalemail_elite_b,[Rhûn] Khamul Elite Scalemail II,rhun,body,lord,1,54,61,7,20.0,24.0,Plate,Plate,CHANGED
rhun\body_armors.xml,sk_dg_khml_scalemail_lord_a,[Rhûn] Khamul Lord Scalemail,rhun,body,lord,0,58,60,2,22.0,24.0,Plate,Plate,CHANGED
rhun\body_armors.xml,sk_dg_khml_chest_light_a,[Rhûn] Khamul Lamellar Armor,rhun,body,lord,0,22,60,38,5.0,24.0,Plate,Plate,CHANGED
rhun\body_armors.xml,sk_dg_khml_chest_light_b,[Rhûn] Khamul Lamellar Armor II,rhun,body,lord,1,24,61,37,6.0,24.0,Plate,Plate,CHANGED
rhun\body_armors.xml,sk_dg_khml_chest_med_a,[Rhûn] Khamul Lamellar Armor III,rhun,body,lord,0,32,60,28,10.0,24.0,Plate,Plate,CHANGED
rhun\body_armors.xml,sk_dg_khml_chest_med_b,[Rhûn] Khamul Lamellar Armor IV,rhun,body,lord,1,34,61,27,11.0,24.0,Plate,Plate,CHANGED
rhun\body_armors.xml,sk_dg_khml_chest_heavy_a,[Rhûn] Khamul Heavy Lamellar Armor,rhun,body,lord,0,42,60,18,15.0,24.0,Plate,Plate,CHANGED
rhun\body_armors.xml,sk_dg_khml_chest_heavy_b,[Rhûn] Khamul Heavy Lamellar Armor II,rhun,body,lord,1,44,61,17,16.0,24.0,Plate,Plate,CHANGED
rhun\body_armors.xml,sk_dg_khml_chest_elite_a,[Rhûn] Khamul Elite Lamellar Armor,rhun,body,lord,0,50,60,10,18.0,24.0,Plate,Plate,CHANGED
rhun\body_armors.xml,sk_dg_khml_chest_elite_b,[Rhûn] Khamul Elite Lamellar Armor II,rhun,body,lord,1,52,61,9,19.0,24.0,Plate,Plate,CHANGED
rhun\body_armors.xml,sk_dg_khml_chest_lord_a,[Rhûn] Khamul Lord Lamellar Armor,rhun,body,lord,0,56,60,4,21.0,24.0,Plate,Plate,CHANGED
rhun\body_armors.xml,sk_dg_khml_chest_lord_b,[Rhûn] Khamul Lord Lamellar Armor II,rhun,body,lord,1,58,61,3,23.0,24.0,Plate,Plate,CHANGED
rhun\body_armors.xml,sk_dg_khml_hplate_light_a,[Rhûn] Khamul Half Plate Armor,rhun,body,lord,0,28,60,32,8.0,24.0,Plate,Plate,CHANGED
rhun\body_armors.xml,sk_dg_khml_hplate_med_a,[Rhûn] Khamul Half Plate Armor II,rhun,body,lord,0,38,60,22,13.0,24.0,Plate,Plate,CHANGED
rhun\body_armors.xml,sk_dg_khml_hplate_med_b,[Rhûn] Khamul Half Plate Armor III,rhun,body,lord,1,40,61,21,14.0,24.0,Plate,Plate,CHANGED
rhun\body_armors.xml,sk_dg_khml_hplate_heavy_a,[Rhûn] Khamul Heavy Half Plate Armor,rhun,body,lord,0,48,60,12,17.0,24.0,Plate,Plate,CHANGED
rhun\body_armors.xml,sk_dg_khml_hplate_heavy_b,[Rhûn] Khamul Heavy Half Plate Armor II,rhun,body,lord,1,50,61,11,18.0,24.0,Plate,Plate,CHANGED
rhun\body_armors.xml,sk_dg_khml_hplate_elite_a,[Rhûn] Khamul Elite Half Plate Armor,rhun,body,lord,0,56,60,4,21.0,24.0,Plate,Plate,CHANGED
rhun\body_armors.xml,sk_dg_khml_hplate_elite_b,[Rhûn] Khamul Elite Half Plate Armor II,rhun,body,lord,1,58,61,3,22.0,24.0,Plate,Plate,CHANGED
rhun\body_armors.xml,sk_dg_khml_hplate_elite_c,[Rhûn] Khamul Elite Half Plate Armor III,rhun,body,lord,2,60,62,2,23.0,24.0,Plate,Plate,CHANGED
rhun\body_armors.xml,sk_dg_khml_plate_light_a,[Rhûn] Khamul Plate Armor,rhun,body,lord,0,32,60,28,10.0,24.0,Plate,Plate,CHANGED
rhun\body_armors.xml,sk_dg_khml_plate_med_a,[Rhûn] Khamul Plate Armor II,rhun,body,lord,0,42,60,18,15.0,24.0,Plate,Plate,CHANGED
rhun\body_armors.xml,sk_dg_khml_plate_heavy_a,[Rhûn] Khamul Heavy Plate Armor,rhun,body,lord,0,52,60,8,19.0,24.0,Plate,Plate,CHANGED
rhun\body_armors.xml,sk_dg_khml_plate_heavy_b,[Rhûn] Khamul Heavy Plate Armor II,rhun,body,lord,1,54,61,7,20.0,24.0,Plate,Plate,CHANGED
rhun\body_armors.xml,sk_dg_khml_plate_elite_a,[Rhûn] Khamul Elite Plate Armor,rhun,body,lord,0,60,60,0,23.0,24.0,Plate,Plate,CHANGED
rhun\body_armors.xml,sk_dg_khml_plate_elite_b,[Rhûn] Khamul Elite Plate Armor II,rhun,body,lord,1,62,61,-1,24.0,24.0,Plate,Plate,CHANGED
rhun\body_armors.xml,sk_dg_khml_plate_elite_c,[Rhûn] Khamul Elite Plate Armor III,rhun,body,lord,2,64,62,-2,25.0,24.0,Plate,Plate,CHANGED
rhun\arm_armors.xml,easterling_glove,[Rhûn] Easterling Gloves I,rhun,arm,light,0,25,8,-17,1.5,0.6,Plate,Leather,CHANGED
rhun\arm_armors.xml,easterlingwarriors01_gloves,[Rhûn] Easterling Gloves II,rhun,arm,light,0,25,8,-17,1.5,0.6,Plate,Leather,CHANGED
rhun\arm_armors.xml,easterling02_v1_gloves,[Rhûn] Easterling Archer Gloves I,rhun,arm,light,0,15,8,-7,1.5,0.6,Plate,Leather,CHANGED
rhun\arm_armors.xml,sk_rh_loke_bracer_light_a,[Rhûn] Loke-Rim Spiky Bracers,rhun,arm,light,0,10,8,-2,0.8,0.6,Plate,Leather,CHANGED
rhun\arm_armors.xml,sk_rh_loke_bracer_med_a,[Rhûn] Loke-Rim Spiky Bracers II,rhun,arm,medium,0,16,14,-2,1.4,1.0,Plate,Chainmail,CHANGED
rhun\arm_armors.xml,sk_rh_loke_bracer_med_b,[Rhûn] Loke-Rim Spiky Bracers III,rhun,arm,medium,1,17,15,-2,1.5,1.0,Plate,Chainmail,CHANGED
rhun\arm_armors.xml,sk_rh_loke_bracer_med_c,[Rhûn] Loke-Rim Spiky Bracers IV,rhun,arm,medium,2,18,16,-2,1.6,1.0,Plate,Chainmail,CHANGED
rhun\arm_armors.xml,sk_rh_loke_bracer_heavy_a,[Rhûn] Loke-Rim Heavy Spiky Bracers,rhun,arm,heavy,0,24,20,-4,2.0,1.5,Plate,Plate,CHANGED
rhun\arm_armors.xml,sk_rh_loke_bracer_heavy_b,[Rhûn] Loke-Rim Heavy Spiky Bracers II,rhun,arm,heavy,1,25,21,-4,2.1,1.5,Plate,Plate,CHANGED
rhun\arm_armors.xml,sk_rh_loke_bracer_heavy_c,[Rhûn] Loke-Rim Heavy Spiky Bracers III,rhun,arm,heavy,2,26,22,-4,2.2,1.5,Plate,Plate,CHANGED
rhun\arm_armors.xml,sk_rh_loke_bracer_scale_med_a,[Rhûn] Loke-Rim Scale Bracers,rhun,arm,medium,0,18,14,-4,1.5,1.0,Plate,Chainmail,CHANGED
rhun\arm_armors.xml,sk_rh_loke_bracer_scale_heavy_a,[Rhûn] Loke-Rim Heavy Scale Bracers,rhun,arm,heavy,0,26,20,-6,2.2,1.5,Plate,Plate,CHANGED
rhun\arm_armors.xml,sk_rh_loke_bracer_lam_light_a,[Rhûn] Loke-Rim Lamellar Bracers,rhun,arm,light,0,12,8,-4,0.9,0.6,Plate,Leather,CHANGED
rhun\arm_armors.xml,sk_rh_loke_bracer_lam_med_a,[Rhûn] Loke-Rim Lamellar Bracers II,rhun,arm,medium,0,18,14,-4,1.5,1.0,Plate,Chainmail,CHANGED
rhun\arm_armors.xml,sk_rh_loke_bracer_lam_heavy_a,[Rhûn] Loke-Rim Heavy Lamellar Bracers,rhun,arm,heavy,0,26,20,-6,2.2,1.5,Plate,Plate,CHANGED
rhun\arm_armors.xml,sk_rh_loke_bracer_hplate_light_a,[Rhûn] Loke-Rim Half Plate Bracers,rhun,arm,light,0,14,8,-6,1.0,0.6,Plate,Leather,CHANGED
rhun\arm_armors.xml,sk_rh_loke_bracer_hplate_med_a,[Rhûn] Loke-Rim Half Plate Bracers II,rhun,arm,medium,0,20,14,-6,1.6,1.0,Plate,Chainmail,CHANGED
rhun\arm_armors.xml,sk_rh_loke_bracer_hplate_heavy_a,[Rhûn] Loke-Rim Heavy Half Plate Bracers,rhun,arm,heavy,0,28,20,-8,2.4,1.5,Plate,Plate,CHANGED
rhun\arm_armors.xml,sk_rh_loke_bracer_plate_light_a,[Rhûn] Loke-Rim Plate Bracers,rhun,arm,light,0,16,8,-8,1.2,0.6,Plate,Leather,CHANGED
rhun\arm_armors.xml,sk_rh_loke_bracer_plate_med_a,[Rhûn] Loke-Rim Plate Bracers II,rhun,arm,medium,0,22,14,-8,1.8,1.0,Plate,Chainmail,CHANGED
rhun\arm_armors.xml,sk_rh_loke_bracer_plate_heavy_a,[Rhûn] Loke-Rim Heavy Plate Bracers,rhun,arm,heavy,0,30,20,-10,2.6,1.5,Plate,Plate,CHANGED
rhun\arm_armors.xml,sk_rh_drag_bracer_light_a,[Rhûn] Dragon Wrath Spiky Bracers,rhun,arm,light,0,10,8,-2,0.8,0.6,Plate,Leather,CHANGED
rhun\arm_armors.xml,sk_rh_drag_bracer_med_a,[Rhûn] Dragon Wrath Spiky Bracers II,rhun,arm,medium,0,16,14,-2,1.4,1.0,Plate,Chainmail,CHANGED
rhun\arm_armors.xml,sk_rh_drag_bracer_med_b,[Rhûn] Dragon Wrath Spiky Bracers III,rhun,arm,medium,1,17,15,-2,1.5,1.0,Plate,Chainmail,CHANGED
rhun\arm_armors.xml,sk_rh_drag_bracer_med_c,[Rhûn] Dragon Wrath Spiky Bracers IV,rhun,arm,medium,2,18,16,-2,1.6,1.0,Plate,Chainmail,CHANGED
rhun\arm_armors.xml,sk_rh_drag_bracer_heavy_a,[Rhûn] Dragon Wrath Heavy Spiky Bracers,rhun,arm,heavy,0,24,20,-4,2.0,1.5,Plate,Plate,CHANGED
rhun\arm_armors.xml,sk_rh_drag_bracer_heavy_b,[Rhûn] Dragon Wrath Heavy Spiky Bracers II,rhun,arm,heavy,1,25,21,-4,2.1,1.5,Plate,Plate,CHANGED
rhun\arm_armors.xml,sk_rh_drag_bracer_heavy_c,[Rhûn] Dragon Wrath Heavy Spiky Bracers III,rhun,arm,heavy,2,26,22,-4,2.2,1.5,Plate,Plate,CHANGED
rhun\arm_armors.xml,sk_rh_drag_bracer_scale_med_a,[Rhûn] Dragon Wrath Scale Bracers,rhun,arm,medium,0,18,14,-4,1.5,1.0,Plate,Chainmail,CHANGED
rhun\arm_armors.xml,sk_rh_drag_bracer_scale_heavy_a,[Rhûn] Dragon Wrath Heavy Scale Bracers,rhun,arm,heavy,0,26,20,-6,2.2,1.5,Plate,Plate,CHANGED
rhun\arm_armors.xml,sk_rh_drag_bracer_lam_light_a,[Rhûn] Dragon Wrath Lamellar Bracers,rhun,arm,light,0,12,8,-4,0.9,0.6,Plate,Leather,CHANGED
rhun\arm_armors.xml,sk_rh_drag_bracer_lam_med_a,[Rhûn] Dragon Wrath Lamellar Bracers II,rhun,arm,medium,0,18,14,-4,1.5,1.0,Plate,Chainmail,CHANGED
rhun\arm_armors.xml,sk_rh_drag_bracer_lam_heavy_a,[Rhûn] Dragon Wrath Heavy Lamellar Bracers,rhun,arm,heavy,0,26,20,-6,2.2,1.5,Plate,Plate,CHANGED
rhun\arm_armors.xml,sk_rh_drag_bracer_hplate_light_a,[Rhûn] Dragon Wrath Half Plate Bracers,rhun,arm,light,0,14,8,-6,1.0,0.6,Plate,Leather,CHANGED
rhun\arm_armors.xml,sk_rh_drag_bracer_hplate_med_a,[Rhûn] Dragon Wrath Half Plate Bracers II,rhun,arm,medium,0,20,14,-6,1.6,1.0,Plate,Chainmail,CHANGED
rhun\arm_armors.xml,sk_rh_drag_bracer_hplate_heavy_a,[Rhûn] Dragon Wrath Heavy Half Plate Bracers,rhun,arm,heavy,0,28,20,-8,2.4,1.5,Plate,Plate,CHANGED
rhun\arm_armors.xml,sk_rh_drag_bracer_plate_light_a,[Rhûn] Dragon Wrath Plate Bracers,rhun,arm,light,0,16,8,-8,1.2,0.6,Plate,Leather,CHANGED
rhun\arm_armors.xml,sk_rh_drag_bracer_plate_med_a,[Rhûn] Dragon Wrath Plate Bracers II,rhun,arm,medium,0,22,14,-8,1.8,1.0,Plate,Chainmail,CHANGED
rhun\arm_armors.xml,sk_rh_drag_bracer_plate_heavy_a,[Rhûn] Dragon Wrath Heavy Plate Bracers,rhun,arm,heavy,0,30,20,-10,2.6,1.5,Plate,Plate,CHANGED
rhun\arm_armors.xml,sk_dg_khml_bracer_light_a,[Rhûn] Khamul Spiky Bracers,rhun,arm,lord,0,10,32,22,0.8,2.5,Plate,Plate,CHANGED
rhun\arm_armors.xml,sk_dg_khml_bracer_med_a,[Rhûn] Khamul Spiky Bracers II,rhun,arm,lord,0,16,32,16,1.4,2.5,Plate,Plate,CHANGED
rhun\arm_armors.xml,sk_dg_khml_bracer_med_b,[Rhûn] Khamul Spiky Bracers III,rhun,arm,lord,1,17,33,16,1.5,2.5,Plate,Plate,CHANGED
rhun\arm_armors.xml,sk_dg_khml_bracer_med_c,[Rhûn] Khamul Spiky Bracers IV,rhun,arm,lord,2,18,34,16,1.6,2.5,Plate,Plate,CHANGED
rhun\arm_armors.xml,sk_dg_khml_bracer_heavy_a,[Rhûn] Khamul Heavy Spiky Bracers,rhun,arm,lord,0,24,32,8,2.0,2.5,Plate,Plate,CHANGED
rhun\arm_armors.xml,sk_dg_khml_bracer_heavy_b,[Rhûn] Khamul Heavy Spiky Bracers II,rhun,arm,lord,1,25,33,8,2.1,2.5,Plate,Plate,CHANGED
rhun\arm_armors.xml,sk_dg_khml_bracer_heavy_c,[Rhûn] Khamul Heavy Spiky Bracers III,rhun,arm,lord,2,26,34,8,2.2,2.5,Plate,Plate,CHANGED
rhun\arm_armors.xml,sk_dg_khml_bracer_scale_med_a,[Rhûn] Khamul Scale Bracers,rhun,arm,lord,0,18,32,14,1.5,2.5,Plate,Plate,CHANGED
rhun\arm_armors.xml,sk_dg_khml_bracer_scale_heavy_a,[Rhûn] Khamul Heavy Scale Bracers,rhun,arm,lord,0,26,32,6,2.2,2.5,Plate,Plate,CHANGED
rhun\arm_armors.xml,sk_dg_khml_bracer_lam_light_a,[Rhûn] Khamul Lamellar Bracers,rhun,arm,lord,0,12,32,20,0.9,2.5,Plate,Plate,CHANGED
rhun\arm_armors.xml,sk_dg_khml_bracer_lam_med_a,[Rhûn] Khamul Lamellar Bracers II,rhun,arm,lord,0,18,32,14,1.5,2.5,Plate,Plate,CHANGED
rhun\arm_armors.xml,sk_dg_khml_bracer_lam_heavy_a,[Rhûn] Khamul Heavy Lamellar Bracers,rhun,arm,lord,0,26,32,6,2.2,2.5,Plate,Plate,CHANGED
rhun\arm_armors.xml,sk_dg_khml_bracer_hplate_light_a,[Rhûn] Khamul Half Plate Bracers,rhun,arm,lord,0,14,32,18,1.0,2.5,Plate,Plate,CHANGED
rhun\arm_armors.xml,sk_dg_khml_bracer_hplate_med_a,[Rhûn] Khamul Half Plate Bracers II,rhun,arm,lord,0,20,32,12,1.6,2.5,Plate,Plate,CHANGED
rhun\arm_armors.xml,sk_dg_khml_bracer_hplate_heavy_a,[Rhûn] Khamul Heavy Half Plate Bracers,rhun,arm,lord,0,28,32,4,2.4,2.5,Plate,Plate,CHANGED
rhun\arm_armors.xml,sk_dg_khml_bracer_plate_light_a,[Rhûn] Khamul Plate Bracers,rhun,arm,lord,0,16,32,16,1.2,2.5,Plate,Plate,CHANGED
rhun\arm_armors.xml,sk_dg_khml_bracer_plate_med_a,[Rhûn] Khamul Plate Bracers II,rhun,arm,lord,0,22,32,10,1.8,2.5,Plate,Plate,CHANGED
rhun\arm_armors.xml,sk_dg_khml_bracer_plate_heavy_a,[Rhûn] Khamul Heavy Plate Bracers,rhun,arm,lord,0,30,32,2,2.6,2.5,Plate,Plate,CHANGED
rhun\leg_armors.xml,easterling_boots,[Rhûn] Easterling Boots I,rhun,leg,medium,0,26,20,-6,2.6,2.5,Plate,Chainmail,CHANGED
rhun\leg_armors.xml,easterlingwarriors01_boots,[Rhûn] Easterling Boots II,rhun,leg,light,0,20,12,-8,2.6,1.5,Plate,Leather,CHANGED
rhun\leg_armors.xml,easterling02_v1_boots,[Rhûn] Easterling Archer Boots I,rhun,leg,light,0,15,12,-3,2.6,1.5,Plate,Leather,CHANGED
rhun\leg_armors.xml,sk_rh_loke_boots_a,[Rhûn] Loke-Rim Noble Boots,rhun,leg,light,0,15,12,-3,1.5,1.5,Plate,Leather,CHANGED
rhun\leg_armors.xml,sk_rh_loke_grvs_light_a,[Rhûn] Loke-Rim Spiky Greaves,rhun,leg,light,0,18,12,-6,1.8,1.5,Plate,Leather,CHANGED
rhun\leg_armors.xml,sk_rh_loke_grvs_light_b,[Rhûn] Loke-Rim Spiky Greaves II,rhun,leg,light,1,20,13,-7,2.0,1.5,Plate,Leather,CHANGED
rhun\leg_armors.xml,sk_rh_loke_grvs_heavy_a,[Rhûn] Loke-Rim Heavy Spiky Greaves,rhun,leg,heavy,0,26,28,2,2.6,3.5,Plate,Plate,CHANGED
rhun\leg_armors.xml,sk_rh_loke_grvs_heavy_b,[Rhûn] Loke-Rim Heavy Spiky Greaves II,rhun,leg,heavy,1,28,29,1,2.8,3.5,Plate,Plate,CHANGED
rhun\leg_armors.xml,sk_rh_loke_grvs_scale_light_a,[Rhûn] Loke-Rim Scale Greaves,rhun,leg,light,0,22,12,-10,2.2,1.5,Plate,Leather,CHANGED
rhun\leg_armors.xml,sk_rh_loke_grvs_scale_heavy_a,[Rhûn] Loke-Rim Heavy Scale Greaves,rhun,leg,heavy,0,30,28,-2,3.0,3.5,Plate,Plate,CHANGED
rhun\leg_armors.xml,sk_rh_loke_grvs_hplate_light_a,[Rhûn] Loke-Rim Half Plate Greaves,rhun,leg,heavy,0,24,28,4,2.4,3.5,Plate,Plate,CHANGED
rhun\leg_armors.xml,sk_rh_loke_grvs_hplate_heavy_a,[Rhûn] Loke-Rim Heavy Half Plate Greaves,rhun,leg,heavy,0,32,28,-4,3.2,3.5,Plate,Plate,CHANGED
rhun\leg_armors.xml,sk_rh_loke_grvs_plate_light_a,[Rhûn] Loke-Rim Plate Greaves,rhun,leg,heavy,0,26,28,2,2.6,3.5,Plate,Plate,CHANGED
rhun\leg_armors.xml,sk_rh_loke_grvs_plate_med_a,[Rhûn] Loke-Rim Plate Greaves II,rhun,leg,heavy,0,30,28,-2,3.0,3.5,Plate,Plate,CHANGED
rhun\leg_armors.xml,sk_rh_loke_grvs_plate_heavy_a,[Rhûn] Loke-Rim Heavy Plate Greaves,rhun,leg,heavy,0,34,28,-6,3.4,3.5,Plate,Plate,CHANGED
rhun\leg_armors.xml,sk_rh_loke_grvs_plate_elite_a,[Rhûn] Loke-Rim Elite Plate Greaves,rhun,leg,elite,0,38,34,-4,3.8,4.0,Plate,Plate,CHANGED
rhun\leg_armors.xml,sk_rh_drag_grvs_light_a,[Rhûn] Dragon Wrath Spiky Greaves,rhun,leg,light,0,18,12,-6,1.8,1.5,Plate,Leather,CHANGED
rhun\leg_armors.xml,sk_rh_drag_grvs_light_b,[Rhûn] Dragon Wrath Spiky Greaves II,rhun,leg,light,1,20,13,-7,2.0,1.5,Plate,Leather,CHANGED
rhun\leg_armors.xml,sk_rh_drag_grvs_heavy_a,[Rhûn] Dragon Wrath Heavy Spiky Greaves,rhun,leg,heavy,0,26,28,2,2.6,3.5,Plate,Plate,CHANGED
rhun\leg_armors.xml,sk_rh_drag_grvs_heavy_b,[Rhûn] Dragon Wrath Heavy Spiky Greaves II,rhun,leg,heavy,1,28,29,1,2.8,3.5,Plate,Plate,CHANGED
rhun\leg_armors.xml,sk_rh_drag_grvs_scale_light_a,[Rhûn] Dragon Wrath Scale Greaves,rhun,leg,light,0,22,12,-10,2.2,1.5,Plate,Leather,CHANGED
rhun\leg_armors.xml,sk_rh_drag_grvs_scale_heavy_a,[Rhûn] Dragon Wrath Heavy Scale Greaves,rhun,leg,heavy,0,30,28,-2,3.0,3.5,Plate,Plate,CHANGED
rhun\leg_armors.xml,sk_rh_drag_grvs_hplate_light_a,[Rhûn] Dragon Wrath Half Plate Greaves,rhun,leg,heavy,0,24,28,4,2.4,3.5,Plate,Plate,CHANGED
rhun\leg_armors.xml,sk_rh_drag_grvs_hplate_heavy_a,[Rhûn] Dragon Wrath Heavy Half Plate Greaves,rhun,leg,heavy,0,32,28,-4,3.2,3.5,Plate,Plate,CHANGED
rhun\leg_armors.xml,sk_rh_drag_grvs_plate_light_a,[Rhûn] Dragon Wrath Plate Greaves,rhun,leg,heavy,0,26,28,2,2.6,3.5,Plate,Plate,CHANGED
rhun\leg_armors.xml,sk_rh_drag_grvs_plate_med_a,[Rhûn] Dragon Wrath Plate Greaves II,rhun,leg,heavy,0,30,28,-2,3.0,3.5,Plate,Plate,CHANGED
rhun\leg_armors.xml,sk_rh_drag_grvs_plate_heavy_a,[Rhûn] Dragon Wrath Heavy Plate Greaves,rhun,leg,heavy,0,34,28,-6,3.4,3.5,Plate,Plate,CHANGED
rhun\leg_armors.xml,sk_rh_drag_grvs_plate_elite_a,[Rhûn] Dragon Wrath Elite Plate Greaves,rhun,leg,elite,0,38,34,-4,3.8,4.0,Plate,Plate,CHANGED
rhun\leg_armors.xml,sk_dg_khml_grvs_light_a,[Rhûn] Khamul Spiky Greaves,rhun,leg,lord,0,18,40,22,1.8,4.5,Plate,Plate,CHANGED
rhun\leg_armors.xml,sk_dg_khml_grvs_light_b,[Rhûn] Khamul Spiky Greaves II,rhun,leg,lord,1,20,41,21,2.0,4.5,Plate,Plate,CHANGED
rhun\leg_armors.xml,sk_dg_khml_grvs_heavy_a,[Rhûn] Khamul Heavy Spiky Greaves,rhun,leg,lord,0,26,40,14,2.6,4.5,Plate,Plate,CHANGED
rhun\leg_armors.xml,sk_dg_khml_grvs_heavy_b,[Rhûn] Khamul Heavy Spiky Greaves II,rhun,leg,lord,1,28,41,13,2.8,4.5,Plate,Plate,CHANGED
rhun\leg_armors.xml,sk_dg_khml_grvs_scale_light_a,[Rhûn] Khamul Scale Greaves,rhun,leg,lord,0,22,40,18,2.2,4.5,Plate,Plate,CHANGED
rhun\leg_armors.xml,sk_dg_khml_grvs_scale_heavy_a,[Rhûn] Khamul Heavy Scale Greaves,rhun,leg,lord,0,30,40,10,3.0,4.5,Plate,Plate,CHANGED
rhun\leg_armors.xml,sk_dg_khml_grvs_hplate_light_a,[Rhûn] Khamul Half Plate Greaves,rhun,leg,lord,0,24,40,16,2.4,4.5,Plate,Plate,CHANGED
rhun\leg_armors.xml,sk_dg_khml_grvs_hplate_heavy_a,[Rhûn] Khamul Heavy Half Plate Greaves,rhun,leg,lord,0,32,40,8,3.2,4.5,Plate,Plate,CHANGED
rhun\leg_armors.xml,sk_dg_khml_grvs_plate_light_a,[Rhûn] Khamul Plate Greaves,rhun,leg,lord,0,26,40,14,2.6,4.5,Plate,Plate,CHANGED
rhun\leg_armors.xml,sk_dg_khml_grvs_plate_med_a,[Rhûn] Khamul Plate Greaves II,rhun,leg,lord,0,30,40,10,3.0,4.5,Plate,Plate,CHANGED
rhun\leg_armors.xml,sk_dg_khml_grvs_plate_heavy_a,[Rhûn] Khamul Heavy Plate Greaves,rhun,leg,lord,0,34,40,6,3.4,4.5,Plate,Plate,CHANGED
rhun\leg_armors.xml,sk_dg_khml_grvs_plate_elite_a,[Rhûn] Khamul Elite Plate Greaves,rhun,leg,lord,0,38,40,2,3.8,4.5,Plate,Plate,CHANGED
rhun\shoulder_armors.xml,easterling_cape,[Rhûn] Easterling Cape V,rhun,shoulder,civilian,0,12,2,-10,9.0,1.0,Plate,Cloth,CHANGED
rhun\shoulder_armors.xml,easterlingwarriors01_cape,[Rhûn] Easterling Cape I,rhun,shoulder,civilian,0,5,2,-3,2.0,1.0,Plate,Cloth,CHANGED
rhun\shoulder_armors.xml,easterlingwarriors02_cape,[Rhûn] Easterling Cape III,rhun,shoulder,light,0,15,5,-10,2.0,3.0,Plate,Leather,CHANGED
rhun\shoulder_armors.xml,easterlingwarriors03_cape,[Rhûn] Easterling Cape IV,rhun,shoulder,light,0,15,5,-10,2.0,3.0,Plate,Leather,CHANGED
rhun\shoulder_armors.xml,easterlingwarriors04_cape,[Rhûn] Easterling Cape II,rhun,shoulder,light,0,15,5,-10,2.0,3.0,Plate,Leather,CHANGED
rhun\shoulder_armors.xml,easterling02_v1_cape,[Rhûn] Easterling Pauldrons II,rhun,shoulder,light,0,20,5,-15,2.0,3.0,Plate,Leather,CHANGED
rhun\shoulder_armors.xml,sk_rh_loke_cape_a,[Rhûn] Loke-Rim Noble Cape,rhun,shoulder,civilian,0,4,2,-2,1.0,1.0,Plate,Cloth,CHANGED
rhun\shoulder_armors.xml,sk_rh_loke_cape_b,[Rhûn] Loke-Rim Noble Cape II,rhun,shoulder,civilian,1,5,3,-2,1.2,1.0,Plate,Cloth,CHANGED
rhun\shoulder_armors.xml,sk_rh_loke_pauldron_light_a,[Rhûn] Loke-Rim Spiky Pauldrons,rhun,shoulder,light,0,3,5,2,1.5,3.0,Plate,Leather,CHANGED
rhun\shoulder_armors.xml,sk_rh_loke_pauldron_light_b,[Rhûn] Loke-Rim Spiky Pauldrons II,rhun,shoulder,light,1,3,6,3,1.6,3.0,Plate,Leather,CHANGED
rhun\shoulder_armors.xml,sk_rh_loke_pauldron_light_c,[Rhûn] Loke-Rim Spiky Pauldrons III,rhun,shoulder,light,2,4,7,3,1.7,3.0,Plate,Leather,CHANGED
rhun\shoulder_armors.xml,sk_rh_loke_pauldron_med_a,[Rhûn] Loke-Rim Spiky Pauldrons IV,rhun,shoulder,medium,0,5,8,3,3.0,5.0,Plate,Chainmail,CHANGED
rhun\shoulder_armors.xml,sk_rh_loke_pauldron_med_b,[Rhûn] Loke-Rim Spiky Pauldrons V,rhun,shoulder,medium,1,6,9,3,3.2,5.0,Plate,Chainmail,CHANGED
rhun\shoulder_armors.xml,sk_rh_loke_pauldron_med_c,[Rhûn] Loke-Rim Spiky Pauldrons VI,rhun,shoulder,medium,2,6,10,4,3.4,5.0,Plate,Chainmail,CHANGED
rhun\shoulder_armors.xml,sk_rh_loke_pauldron_heavy_a,[Rhûn] Loke-Rim Heavy Spiky Pauldrons,rhun,shoulder,heavy,0,8,12,4,5.0,7.0,Plate,Plate,CHANGED
rhun\shoulder_armors.xml,sk_rh_loke_pauldron_heavy_b,[Rhûn] Loke-Rim Heavy Spiky Pauldrons II,rhun,shoulder,heavy,1,9,13,4,5.2,7.0,Plate,Plate,CHANGED
rhun\shoulder_armors.xml,sk_rh_loke_pauldron_heavy_c,[Rhûn] Loke-Rim Heavy Spiky Pauldrons III,rhun,shoulder,heavy,2,9,14,5,5.4,7.0,Plate,Plate,CHANGED
rhun\shoulder_armors.xml,sk_rh_loke_cape_heavy_a,[Rhûn] Loke-Rim Heavy Spiky Cape,rhun,shoulder,heavy,0,10,12,2,6.0,7.0,Plate,Plate,CHANGED
rhun\shoulder_armors.xml,sk_rh_loke_cape_heavy_b,[Rhûn] Loke-Rim Heavy Spiky Cape II,rhun,shoulder,heavy,1,11,13,2,6.2,7.0,Plate,Plate,CHANGED
rhun\shoulder_armors.xml,sk_rh_loke_pauldron_scale_heavy_a,[Rhûn] Loke-Rim Heavy Scale Pauldrons,rhun,shoulder,heavy,0,10,12,2,6.5,7.0,Plate,Plate,CHANGED
rhun\shoulder_armors.xml,sk_rh_loke_pauldron_lam_light_a,[Rhûn] Loke-Rim Lamellar Pauldrons,rhun,shoulder,light,0,4,5,1,2.0,3.0,Plate,Leather,CHANGED
rhun\shoulder_armors.xml,sk_rh_loke_pauldron_lam_med_a,[Rhûn] Loke-Rim Lamellar Pauldrons II,rhun,shoulder,medium,0,7,8,1,4.0,5.0,Plate,Chainmail,CHANGED
rhun\shoulder_armors.xml,sk_rh_loke_pauldron_lam_heavy_a,[Rhûn] Loke-Rim Heavy Lamellar Pauldrons,rhun,shoulder,heavy,0,10,12,2,6.0,7.0,Plate,Plate,CHANGED
rhun\shoulder_armors.xml,sk_rh_loke_cape_scale_heavy_a,[Rhûn] Loke-Rim Heavy Scale Cape,rhun,shoulder,heavy,0,12,12,0,7.0,7.0,Plate,Plate,CHANGED
rhun\shoulder_armors.xml,sk_rh_loke_pauldron_hplate_light_a,[Rhûn] Loke-Rim Half Plate Pauldrons,rhun,shoulder,light,0,5,5,0,2.5,3.0,Plate,Leather,CHANGED
rhun\shoulder_armors.xml,sk_rh_loke_pauldron_hplate_med_a,[Rhûn] Loke-Rim Half Plate Pauldrons II,rhun,shoulder,medium,0,8,8,0,4.5,5.0,Plate,Chainmail,CHANGED
rhun\shoulder_armors.xml,sk_rh_loke_pauldron_hplate_heavy_a,[Rhûn] Loke-Rim Heavy Half Plate Pauldrons,rhun,shoulder,heavy,0,12,12,0,7.0,7.0,Plate,Plate,CHANGED
rhun\shoulder_armors.xml,sk_rh_loke_cape_hplate_heavy_a,[Rhûn] Loke-Rim Heavy Half Plate Cape,rhun,shoulder,heavy,0,14,12,-2,8.0,7.0,Plate,Plate,CHANGED
rhun\shoulder_armors.xml,sk_rh_loke_pauldron_plate_light_a,[Rhûn] Loke-Rim Plate Pauldrons,rhun,shoulder,light,0,6,5,-1,3.0,3.0,Plate,Leather,CHANGED
rhun\shoulder_armors.xml,sk_rh_loke_pauldron_plate_light_b,[Rhûn] Loke-Rim Plate Pauldrons II,rhun,shoulder,light,1,7,6,-1,3.2,3.0,Plate,Leather,CHANGED
rhun\shoulder_armors.xml,sk_rh_loke_pauldron_plate_heavy_a,[Rhûn] Loke-Rim Heavy Plate Pauldrons,rhun,shoulder,heavy,0,13,12,-1,7.5,7.0,Plate,Plate,CHANGED
rhun\shoulder_armors.xml,sk_rh_loke_pauldron_plate_heavy_b,[Rhûn] Loke-Rim Heavy Plate Pauldrons II,rhun,shoulder,heavy,1,14,13,-1,7.7,7.0,Plate,Plate,CHANGED
rhun\shoulder_armors.xml,sk_rh_loke_cape_plate_heavy_a,[Rhûn] Loke-Rim Heavy Plate Cape,rhun,shoulder,heavy,0,15,12,-3,9.0,7.0,Plate,Plate,CHANGED
rhun\shoulder_armors.xml,sk_rh_drag_cape_a,[Rhûn] Dragon Wrath Noble Cape,rhun,shoulder,civilian,0,4,2,-2,1.0,1.0,Plate,Cloth,CHANGED
rhun\shoulder_armors.xml,sk_rh_drag_cape_b,[Rhûn] Dragon Wrath Noble Cape II,rhun,shoulder,civilian,1,5,3,-2,1.2,1.0,Plate,Cloth,CHANGED
rhun\shoulder_armors.xml,sk_rh_drag_pauldron_light_a,[Rhûn] Dragon Wrath Spiky Pauldrons,rhun,shoulder,light,0,3,5,2,1.5,3.0,Plate,Leather,CHANGED
rhun\shoulder_armors.xml,sk_rh_drag_pauldron_light_b,[Rhûn] Dragon Wrath Spiky Pauldrons II,rhun,shoulder,light,1,3,6,3,1.6,3.0,Plate,Leather,CHANGED
rhun\shoulder_armors.xml,sk_rh_drag_pauldron_light_c,[Rhûn] Dragon Wrath Spiky Pauldrons III,rhun,shoulder,light,2,4,7,3,1.7,3.0,Plate,Leather,CHANGED
rhun\shoulder_armors.xml,sk_rh_drag_pauldron_med_a,[Rhûn] Dragon Wrath Spiky Pauldrons IV,rhun,shoulder,medium,0,5,8,3,3.0,5.0,Plate,Chainmail,CHANGED
rhun\shoulder_armors.xml,sk_rh_drag_pauldron_med_b,[Rhûn] Dragon Wrath Spiky Pauldrons V,rhun,shoulder,medium,1,6,9,3,3.2,5.0,Plate,Chainmail,CHANGED
rhun\shoulder_armors.xml,sk_rh_drag_pauldron_med_c,[Rhûn] Dragon Wrath Spiky Pauldrons VI,rhun,shoulder,medium,2,6,10,4,3.4,5.0,Plate,Chainmail,CHANGED
rhun\shoulder_armors.xml,sk_rh_drag_pauldron_heavy_a,[Rhûn] Dragon Wrath Heavy Spiky Pauldrons,rhun,shoulder,heavy,0,8,12,4,5.0,7.0,Plate,Plate,CHANGED
rhun\shoulder_armors.xml,sk_rh_drag_pauldron_heavy_b,[Rhûn] Dragon Wrath Heavy Spiky Pauldrons II,rhun,shoulder,heavy,1,9,13,4,5.2,7.0,Plate,Plate,CHANGED
rhun\shoulder_armors.xml,sk_rh_drag_pauldron_heavy_c,[Rhûn] Dragon Wrath Heavy Spiky Pauldrons III,rhun,shoulder,heavy,2,9,14,5,5.4,7.0,Plate,Plate,CHANGED
rhun\shoulder_armors.xml,sk_rh_drag_cape_heavy_a,[Rhûn] Dragon Wrath Heavy Spiky Cape,rhun,shoulder,heavy,0,10,12,2,6.0,7.0,Plate,Plate,CHANGED
rhun\shoulder_armors.xml,sk_rh_drag_cape_heavy_b,[Rhûn] Dragon Wrath Heavy Spiky Cape II,rhun,shoulder,heavy,1,11,13,2,6.2,7.0,Plate,Plate,CHANGED
rhun\shoulder_armors.xml,sk_rh_drag_pauldron_scale_heavy_a,[Rhûn] Dragon Wrath Heavy Scale Pauldrons,rhun,shoulder,heavy,0,10,12,2,6.5,7.0,Plate,Plate,CHANGED
rhun\shoulder_armors.xml,sk_rh_drag_pauldron_lam_light_a,[Rhûn] Dragon Wrath Lamellar Pauldrons,rhun,shoulder,light,0,4,5,1,2.0,3.0,Plate,Leather,CHANGED
rhun\shoulder_armors.xml,sk_rh_drag_pauldron_lam_med_a,[Rhûn] Dragon Wrath Lamellar Pauldrons II,rhun,shoulder,medium,0,7,8,1,4.0,5.0,Plate,Chainmail,CHANGED
rhun\shoulder_armors.xml,sk_rh_drag_pauldron_lam_heavy_a,[Rhûn] Dragon Wrath Heavy Lamellar Pauldrons,rhun,shoulder,heavy,0,10,12,2,6.0,7.0,Plate,Plate,CHANGED
rhun\shoulder_armors.xml,sk_rh_drag_cape_scale_heavy_a,[Rhûn] Dragon Wrath Heavy Scale Cape,rhun,shoulder,heavy,0,12,12,0,7.0,7.0,Plate,Plate,CHANGED
rhun\shoulder_armors.xml,sk_rh_drag_pauldron_hplate_light_a,[Rhûn] Dragon Wrath Half Plate Pauldrons,rhun,shoulder,light,0,5,5,0,2.5,3.0,Plate,Leather,CHANGED
rhun\shoulder_armors.xml,sk_rh_drag_pauldron_hplate_med_a,[Rhûn] Dragon Wrath Half Plate Pauldrons II,rhun,shoulder,medium,0,8,8,0,4.5,5.0,Plate,Chainmail,CHANGED
rhun\shoulder_armors.xml,sk_rh_drag_pauldron_hplate_heavy_a,[Rhûn] Dragon Wrath Heavy Half Plate Pauldrons,rhun,shoulder,heavy,0,12,12,0,7.0,7.0,Plate,Plate,CHANGED
rhun\shoulder_armors.xml,sk_rh_drag_cape_hplate_heavy_a,[Rhûn] Dragon Wrath Heavy Half Plate Cape,rhun,shoulder,heavy,0,14,12,-2,8.0,7.0,Plate,Plate,CHANGED
rhun\shoulder_armors.xml,sk_rh_drag_pauldron_plate_light_a,[Rhûn] Dragon Wrath Plate Pauldrons,rhun,shoulder,light,0,6,5,-1,3.0,3.0,Plate,Leather,CHANGED
rhun\shoulder_armors.xml,sk_rh_drag_pauldron_plate_light_b,[Rhûn] Dragon Wrath Plate Pauldrons II,rhun,shoulder,light,1,7,6,-1,3.2,3.0,Plate,Leather,CHANGED
rhun\shoulder_armors.xml,sk_rh_drag_pauldron_plate_heavy_a,[Rhûn] Dragon Wrath Heavy Plate Pauldrons,rhun,shoulder,heavy,0,13,12,-1,7.5,7.0,Plate,Plate,CHANGED
rhun\shoulder_armors.xml,sk_rh_drag_pauldron_plate_heavy_b,[Rhûn] Dragon Wrath Heavy Plate Pauldrons II,rhun,shoulder,heavy,1,14,13,-1,7.7,7.0,Plate,Plate,CHANGED
rhun\shoulder_armors.xml,sk_rh_drag_cape_plate_heavy_a,[Rhûn] Dragon Wrath Heavy Plate Cape,rhun,shoulder,heavy,0,15,12,-3,9.0,7.0,Plate,Plate,CHANGED
rhun\shoulder_armors.xml,sk_dg_khml_cape_a,[Rhûn] Khamul Noble Cape,rhun,shoulder,lord,0,4,18,14,1.0,11.0,Plate,Plate,CHANGED
rhun\shoulder_armors.xml,sk_dg_khml_cape_b,[Rhûn] Khamul Noble Cape II,rhun,shoulder,lord,1,5,19,14,1.2,11.0,Plate,Plate,CHANGED
rhun\shoulder_armors.xml,sk_dg_khml_pauldron_light_a,[Rhûn] Khamul Spiky Pauldrons,rhun,shoulder,lord,0,3,18,15,1.5,11.0,Plate,Plate,CHANGED
rhun\shoulder_armors.xml,sk_dg_khml_pauldron_light_b,[Rhûn] Khamul Spiky Pauldrons II,rhun,shoulder,lord,1,3,19,16,1.6,11.0,Plate,Plate,CHANGED
rhun\shoulder_armors.xml,sk_dg_khml_pauldron_light_c,[Rhûn] Khamul Spiky Pauldrons III,rhun,shoulder,lord,2,4,20,16,1.7,11.0,Plate,Plate,CHANGED
rhun\shoulder_armors.xml,sk_dg_khml_pauldron_med_a,[Rhûn] Khamul Spiky Pauldrons IV,rhun,shoulder,lord,0,5,18,13,3.0,11.0,Plate,Plate,CHANGED
rhun\shoulder_armors.xml,sk_dg_khml_pauldron_med_b,[Rhûn] Khamul Spiky Pauldrons V,rhun,shoulder,lord,1,6,19,13,3.2,11.0,Plate,Plate,CHANGED
rhun\shoulder_armors.xml,sk_dg_khml_pauldron_med_c,[Rhûn] Khamul Spiky Pauldrons VI,rhun,shoulder,lord,2,6,20,14,3.4,11.0,Plate,Plate,CHANGED
rhun\shoulder_armors.xml,sk_dg_khml_pauldron_heavy_a,[Rhûn] Khamul Heavy Spiky Pauldrons,rhun,shoulder,lord,0,8,18,10,5.0,11.0,Plate,Plate,CHANGED
rhun\shoulder_armors.xml,sk_dg_khml_pauldron_heavy_b,[Rhûn] Khamul Heavy Spiky Pauldrons II,rhun,shoulder,lord,1,9,19,10,5.2,11.0,Plate,Plate,CHANGED
rhun\shoulder_armors.xml,sk_dg_khml_pauldron_heavy_c,[Rhûn] Khamul Heavy Spiky Pauldrons III,rhun,shoulder,lord,2,9,20,11,5.4,11.0,Plate,Plate,CHANGED
rhun\shoulder_armors.xml,sk_dg_khml_cape_heavy_a,[Rhûn] Khamul Heavy Spiky Cape,rhun,shoulder,lord,0,10,18,8,6.0,11.0,Plate,Plate,CHANGED
rhun\shoulder_armors.xml,sk_dg_khml_cape_heavy_b,[Rhûn] Khamul Heavy Spiky Cape II,rhun,shoulder,lord,1,11,19,8,6.2,11.0,Plate,Plate,CHANGED
rhun\shoulder_armors.xml,sk_dg_khml_pauldron_scale_heavy_a,[Rhûn] Khamul Heavy Scale Pauldrons,rhun,shoulder,lord,0,10,18,8,6.5,11.0,Plate,Plate,CHANGED
rhun\shoulder_armors.xml,sk_dg_khml_pauldron_lam_light_a,[Rhûn] Khamul Lamellar Pauldrons,rhun,shoulder,lord,0,4,18,14,2.0,11.0,Plate,Plate,CHANGED
rhun\shoulder_armors.xml,sk_dg_khml_pauldron_lam_med_a,[Rhûn] Khamul Lamellar Pauldrons II,rhun,shoulder,lord,0,7,18,11,4.0,11.0,Plate,Plate,CHANGED
rhun\shoulder_armors.xml,sk_dg_khml_pauldron_lam_heavy_a,[Rhûn] Khamul Heavy Lamellar Pauldrons,rhun,shoulder,lord,0,10,18,8,6.0,11.0,Plate,Plate,CHANGED
rhun\shoulder_armors.xml,sk_dg_khml_cape_scale_heavy_a,[Rhûn] Khamul Heavy Scale Cape,rhun,shoulder,lord,0,12,18,6,7.0,11.0,Plate,Plate,CHANGED
rhun\shoulder_armors.xml,sk_dg_khml_pauldron_hplate_light_a,[Rhûn] Khamul Half Plate Pauldrons,rhun,shoulder,lord,0,5,18,13,2.5,11.0,Plate,Plate,CHANGED
rhun\shoulder_armors.xml,sk_dg_khml_pauldron_hplate_med_a,[Rhûn] Khamul Half Plate Pauldrons II,rhun,shoulder,lord,0,8,18,10,4.5,11.0,Plate,Plate,CHANGED
rhun\shoulder_armors.xml,sk_dg_khml_pauldron_hplate_heavy_a,[Rhûn] Khamul Heavy Half Plate Pauldrons,rhun,shoulder,lord,0,12,18,6,7.0,11.0,Plate,Plate,CHANGED
rhun\shoulder_armors.xml,sk_dg_khml_cape_hplate_heavy_a,[Rhûn] Khamul Heavy Half Plate Cape,rhun,shoulder,lord,0,14,18,4,8.0,11.0,Plate,Plate,CHANGED
rhun\shoulder_armors.xml,sk_dg_khml_pauldron_plate_light_a,[Rhûn] Khamul Plate Pauldrons,rhun,shoulder,lord,0,6,18,12,3.0,11.0,Plate,Plate,CHANGED
rhun\shoulder_armors.xml,sk_dg_khml_pauldron_plate_light_b,[Rhûn] Khamul Plate Pauldrons II,rhun,shoulder,lord,1,7,19,12,3.2,11.0,Plate,Plate,CHANGED
rhun\shoulder_armors.xml,sk_dg_khml_pauldron_plate_heavy_a,[Rhûn] Khamul Heavy Plate Pauldrons,rhun,shoulder,lord,0,13,18,5,7.5,11.0,Plate,Plate,CHANGED
rhun\shoulder_armors.xml,sk_dg_khml_pauldron_plate_heavy_b,[Rhûn] Khamul Heavy Plate Pauldrons II,rhun,shoulder,lord,1,14,19,5,7.7,11.0,Plate,Plate,CHANGED
rhun\shoulder_armors.xml,sk_dg_khml_cape_plate_heavy_a,[Rhûn] Khamul Heavy Plate Cape,rhun,shoulder,lord,0,15,18,3,9.0,11.0,Plate,Plate,CHANGED
rivendell\head_armors.xml,rivendell_helmet_gold,[Noldor] Helmet - Gold,rivendell,head,heavy,0,42,38,-4,2.0,2.4,Plate,Plate,CHANGED
rivendell\head_armors.xml,rivendell_helmet_silver,[Noldor] Helmet - Silver,rivendell,head,heavy,0,42,38,-4,2.0,2.4,Plate,Plate,CHANGED
rivendell\head_armors.xml,rivendell_helmet_mask_hood,[Noldor] Mask Hood I,rivendell,head,heavy,0,43,38,-5,2.0,2.4,Plate,Plate,CHANGED
rivendell\head_armors.xml,rivendell_helmet_elite,[Noldor] Gold Elite Helmet I,rivendell,head,elite,0,70,46,-24,2.0,3.1,Plate,Plate,CHANGED
rivendell\head_armors.xml,rivendell_helmet_lord_circlet,[Noldor] Gold Lord Circlet I,rivendell,head,lord,0,75,54,-21,2.0,3.5,Plate,Plate,CHANGED
rivendell\head_armors.xml,rivendell_helmet_lord_circletmask,[Noldor] Gold Lord Circlet II,rivendell,head,lord,0,85,54,-31,2.0,3.5,Plate,Plate,CHANGED
rivendell\head_armors.xml,rivendell_helmet_archer_tier1,[Noldor] Gold Archer Helmet I,rivendell,head,heavy,0,40,38,-2,2.0,2.4,Plate,Plate,CHANGED
rivendell\head_armors.xml,rivendell_helmet_archer_tier2,[Noldor] Gold Archer Helmet II,rivendell,head,elite,0,50,46,-4,2.0,3.1,Plate,Plate,CHANGED
rivendell\head_armors.xml,rivendell_helmet_archer_tier3,[Noldor] Gold Archer Helmet III,rivendell,head,lord,0,60,54,-6,2.0,3.5,Plate,Plate,CHANGED
rivendell\head_armors.xml,rivendell_helmet_cavalry_tier1,[Noldor] Gold Cavalry Helmet I,rivendell,head,heavy,0,40,38,-2,2.0,2.4,Plate,Plate,CHANGED
rivendell\head_armors.xml,rivendell_helmet_cavalry_tier2,[Noldor] Gold Cavalry Helmet II,rivendell,head,elite,0,50,46,-4,2.0,3.1,Plate,Plate,CHANGED
rivendell\head_armors.xml,rivendell_helmet_cavalry_tier3,[Noldor] Gold Cavalry Helmet III,rivendell,head,lord,0,60,54,-6,2.0,3.5,Plate,Plate,CHANGED
rivendell\head_armors.xml,rivendell_helmet_infantry_tier1_hood,[Noldor] Gold Infantry Helmet I - Hood,rivendell,head,heavy,0,43,38,-5,2.0,2.4,Plate,Plate,CHANGED
rivendell\head_armors.xml,rivendell_helmet_infantry_tier1,[Noldor] Gold Infantry Helmet I,rivendell,head,heavy,0,40,38,-2,2.0,2.4,Plate,Plate,CHANGED
rivendell\head_armors.xml,rivendell_helmet_infantry_tier2,[Noldor] Gold Infantry Helmet II,rivendell,head,elite,0,50,46,-4,2.0,3.1,Plate,Plate,CHANGED
rivendell\head_armors.xml,rivendell_helmet_infantry_tier3,[Noldor] Gold Infantry Helmet III,rivendell,head,lord,0,60,54,-6,2.0,3.5,Plate,Plate,CHANGED
rivendell\head_armors.xml,rivendell_helmet_elite_silver,[Noldor] Silver Elite Helmet I,rivendell,head,elite,0,70,46,-24,2.0,3.1,Plate,Plate,CHANGED
rivendell\head_armors.xml,rivendell_helmet_lord_circlet_silver,[Noldor]Silver Lord Circlet I,rivendell,head,lord,0,75,54,-21,2.0,3.5,Plate,Plate,CHANGED
rivendell\head_armors.xml,rivendell_helmet_lord_circletmask_silver,[Noldor] Silver Lord Circlet II,rivendell,head,lord,0,85,54,-31,2.0,3.5,Plate,Plate,CHANGED
rivendell\head_armors.xml,rivendell_helmet_archer_tier1_silver,[Noldor] Silver Archer Helmet I,rivendell,head,heavy,0,40,38,-2,2.0,2.4,Plate,Plate,CHANGED
rivendell\head_armors.xml,rivendell_helmet_archer_tier2_silver,[Noldor] Silver Archer Helmet II,rivendell,head,elite,0,50,46,-4,2.0,3.1,Plate,Plate,CHANGED
rivendell\head_armors.xml,rivendell_helmet_archer_tier3_silver,[Noldor] Silver Archer Helmet III,rivendell,head,lord,0,60,54,-6,2.0,3.5,Plate,Plate,CHANGED
rivendell\head_armors.xml,rivendell_helmet_cavalry_tier1_silver,[Noldor] Silver Cavalry Helmet I,rivendell,head,heavy,0,40,38,-2,2.0,2.4,Plate,Plate,CHANGED
rivendell\head_armors.xml,rivendell_helmet_cavalry_tier2_silver,[Noldor] Silver Cavalry Helmet II,rivendell,head,elite,0,50,46,-4,2.0,3.1,Plate,Plate,CHANGED
rivendell\head_armors.xml,rivendell_helmet_cavalry_tier3_silver,[Noldor] Silver Cavalry Helmet III,rivendell,head,lord,0,60,54,-6,2.0,3.5,Plate,Plate,CHANGED
rivendell\head_armors.xml,rivendell_helmet_infantry_tier1_hood_silver,[Noldor] Silver Infantry Helmet I - Hood,rivendell,head,heavy,0,43,38,-5,2.0,2.4,Plate,Plate,CHANGED
rivendell\head_armors.xml,rivendell_helmet_infantry_tier1_silver,[Noldor] Silver Infantry Helmet I,rivendell,head,heavy,0,40,38,-2,2.0,2.4,Plate,Plate,CHANGED
rivendell\head_armors.xml,rivendell_helmet_infantry_tier2_silver,[Noldor] Silver Infantry Helmet II,rivendell,head,elite,0,50,46,-4,2.0,3.1,Plate,Plate,CHANGED
rivendell\head_armors.xml,rivendell_helmet_infantry_tier3_silver,[Noldor] Silver Infantry Helmet III,rivendell,head,lord,0,60,54,-6,2.0,3.5,Plate,Plate,CHANGED
rivendell\head_armors.xml,rivendell_helmet_elite_silvergold,[Noldor] Silver-Gold Elite Helmet I,rivendell,head,elite,0,70,46,-24,2.0,3.1,Plate,Plate,CHANGED
rivendell\head_armors.xml,rivendell_helmet_lord_circletmask_silvergold,[Noldor] Silver-Gold Lord Circlet II,rivendell,head,lord,0,85,54,-31,2.0,3.5,Plate,Plate,CHANGED
rivendell\head_armors.xml,rivendell_helmet_archer_tier1_silvergold,[Noldor] Silver-Gold Archer Helmet I,rivendell,head,heavy,0,40,38,-2,2.0,2.4,Plate,Plate,CHANGED
rivendell\head_armors.xml,rivendell_helmet_archer_tier2_silvergold,[Noldor] Silver-Gold Archer Helmet II,rivendell,head,elite,0,50,46,-4,2.0,3.1,Plate,Plate,CHANGED
rivendell\head_armors.xml,rivendell_helmet_archer_tier3_silvergold,[Noldor] Silver-Gold Archer Helmet III,rivendell,head,lord,0,60,54,-6,2.0,3.5,Plate,Plate,CHANGED
rivendell\head_armors.xml,rivendell_helmet_cavalry_tier1_silvergold,[Noldor] Silver-Gold Cavalry Helmet I,rivendell,head,heavy,0,40,38,-2,2.0,2.4,Plate,Plate,CHANGED
rivendell\head_armors.xml,rivendell_helmet_cavalry_tier2_silvergold,[Noldor] Silver-Gold Cavalry Helmet II,rivendell,head,elite,0,50,46,-4,2.0,3.1,Plate,Plate,CHANGED
rivendell\head_armors.xml,rivendell_helmet_cavalry_tier3_silvergold,[Noldor] Silver-Gold Cavalry Helmet III,rivendell,head,lord,0,60,54,-6,2.0,3.5,Plate,Plate,CHANGED
rivendell\head_armors.xml,rivendell_helmet_infantry_tier1_hood_silvergold,[Noldor] Silver-Gold Infantry Helmet I - Hood,rivendell,head,heavy,0,43,38,-5,2.0,2.4,Plate,Plate,CHANGED
rivendell\head_armors.xml,rivendell_helmet_infantry_tier1_silvergold,[Noldor] Silver-Gold Infantry Helmet I,rivendell,head,heavy,0,40,38,-2,2.0,2.4,Plate,Plate,CHANGED
rivendell\head_armors.xml,rivendell_helmet_infantry_tier2_silvergold,[Noldor] Silver-Gold Infantry Helmet II,rivendell,head,elite,0,50,46,-4,2.0,3.1,Plate,Plate,CHANGED
rivendell\head_armors.xml,rivendell_helmet_infantry_tier3_silvergold,[Noldor] Silver-Gold Infantry Helmet III,rivendell,head,lord,0,60,54,-6,2.0,3.5,Plate,Plate,CHANGED
rivendell\head_armors.xml,gf_helmet_1,[Noldor] Golden Flower Knight I,rivendell,head,medium,0,30,30,0,2.0,1.8,Plate,Chainmail,CHANGED
rivendell\head_armors.xml,gf_helmet_2,[Noldor] Golden Flower Knight II,rivendell,head,medium,0,30,30,0,2.0,1.8,Plate,Chainmail,CHANGED
rivendell\head_armors.xml,gf_helmet_3,[Noldor] Golden Flower Knight III,rivendell,head,medium,0,30,30,0,2.0,1.8,Plate,Chainmail,CHANGED
rivendell\head_armors.xml,gf_helmet_4,[Noldor] Golden Flower Knight IV,rivendell,head,medium,0,30,30,0,2.0,1.8,Plate,Chainmail,CHANGED
rivendell\head_armors.xml,gf_helmet_5,[Noldor] Golden Flower Knight V,rivendell,head,medium,0,30,30,0,2.0,1.8,Plate,Chainmail,CHANGED
rivendell\head_armors.xml,gf_helmet_6,[Noldor] Golden Flower Knight VI,rivendell,head,medium,0,30,30,0,2.0,1.8,Plate,Chainmail,CHANGED
rivendell\head_armors.xml,gf_helmet_7,[Noldor] Golden Flower Knight VII,rivendell,head,medium,0,30,30,0,2.0,1.8,Plate,Chainmail,CHANGED
rivendell\head_armors.xml,gf_helmet_8,[Noldor] Golden Flower Knight VIII,rivendell,head,medium,0,30,30,0,2.0,1.8,Plate,Chainmail,CHANGED
rivendell\head_armors.xml,glorfindel_helmet,[Noldor] Glorfindel Helmet,rivendell,head,lord,0,50,54,4,2.0,3.5,Plate,Plate,CHANGED
rivendell\body_armors.xml,rivendell_body_gold_a,[Noldor] Armour I - Gold I,rivendell,body,elite,0,50,56,6,3.0,15.4,Plate,Plate,CHANGED
rivendell\body_armors.xml,rivendell_body_gold_b,[Noldor] Armour I - Gold II,rivendell,body,elite,1,50,57,7,3.0,15.4,Plate,Plate,CHANGED
rivendell\body_armors.xml,rivendell_body_gold_c,[Noldor] Armour I - Gold III,rivendell,body,elite,2,50,58,8,3.0,15.4,Plate,Plate,CHANGED
rivendell\body_armors.xml,rivendell_body_gold_d,[Noldor] Armour I - Gold IV,rivendell,body,elite,3,50,59,9,3.0,15.4,Plate,Plate,CHANGED
rivendell\body_armors.xml,rivendell_body_silver_a,[Noldor] Armour I - Silver I,rivendell,body,elite,0,50,56,6,3.0,15.4,Plate,Plate,CHANGED
rivendell\body_armors.xml,rivendell_body_silver_b,[Noldor] Armour I - Silver II,rivendell,body,elite,1,50,57,7,3.0,15.4,Plate,Plate,CHANGED
rivendell\body_armors.xml,rivendell_body_silver_c,[Noldor] Armour I - Silver III,rivendell,body,elite,2,50,58,8,3.0,15.4,Plate,Plate,CHANGED
rivendell\body_armors.xml,rivendell_body_silver_d,[Noldor] Armour I - Silver IV,rivendell,body,elite,3,50,59,9,3.0,15.4,Plate,Plate,CHANGED
rivendell\body_armors.xml,rivendell_torso_light_light_tier1,[Noldor] Light Armour I,rivendell,body,light,0,15,26,11,1.0,5.6,Plate,Leather,CHANGED
rivendell\body_armors.xml,rivendell_torso_light_light_tier2,[Noldor] Light Armor II,rivendell,body,light,0,25,26,1,2.0,5.6,Plate,Leather,CHANGED
rivendell\body_armors.xml,rivendell_torso_light_light_tier3,[Noldor] Light Armor III,rivendell,body,light,0,25,26,1,2.5,5.6,Plate,Leather,CHANGED
rivendell\body_armors.xml,rivendell_torso_light_light_tier4,[Noldor] Light Armor IV,rivendell,body,light,0,25,26,1,3.0,5.6,Plate,Leather,CHANGED
rivendell\body_armors.xml,rivendell_torso_heavy_tier1,[Noldor] Gold Heavy Armor I,rivendell,body,heavy,0,40,48,8,8.0,12.6,Plate,Plate,CHANGED
rivendell\body_armors.xml,rivendell_torso_heavy_tier2,[Noldor] Gold Heavy Armor II,rivendell,body,heavy,0,50,48,-2,10.0,12.6,Plate,Plate,CHANGED
rivendell\body_armors.xml,rivendell_torso_heavy_tier3,[Noldor] Gold Heavy Armor III,rivendell,body,heavy,0,55,48,-7,12.0,12.6,Plate,Plate,CHANGED
rivendell\body_armors.xml,rivendell_torso_infantry_tier1,[Noldor] Gold Infantry Armor I,rivendell,body,heavy,0,40,48,8,9.0,12.6,Plate,Plate,CHANGED
rivendell\body_armors.xml,rivendell_torso_infantry_tier2,[Noldor] Gold Infantry Armor II,rivendell,body,elite,0,50,56,6,10.0,15.4,Plate,Plate,CHANGED
rivendell\body_armors.xml,rivendell_torso_infantry_tier3,[Noldor] Gold Infantry Armor III,rivendell,body,lord,0,60,66,6,12.0,16.8,Plate,Plate,CHANGED
rivendell\body_armors.xml,rivendell_torso_infantry_tier4,[Noldor] Gold Infantry Armor IV,rivendell,body,lord,0,70,66,-4,15.0,16.8,Plate,Plate,CHANGED
rivendell\body_armors.xml,rivendell_torso_light_armored_tier1,[Noldor] Gold Medium Armor I,rivendell,body,medium,0,25,38,13,5.0,9.1,Plate,Chainmail,CHANGED
rivendell\body_armors.xml,rivendell_torso_light_armored_tier2,[Noldor] Gold Medium Armor II,rivendell,body,medium,0,35,38,3,7.0,9.1,Plate,Chainmail,CHANGED
rivendell\body_armors.xml,rivendell_torso_light_armored_tier3,[Noldor] Gold Medium Armor III,rivendell,body,medium,0,40,38,-2,9.0,9.1,Plate,Chainmail,CHANGED
rivendell\body_armors.xml,rivendell_torso_lord1,[Noldor] Gold Lord Armor I,rivendell,body,lord,0,80,66,-14,15.0,16.8,Plate,Plate,CHANGED
rivendell\body_armors.xml,rivendell_torso_lord2,[Noldor] Gold Lord Armor II,rivendell,body,lord,0,80,66,-14,17.0,16.8,Plate,Plate,CHANGED
rivendell\body_armors.xml,rivendell_torso_lord3,[Noldor] Gold Lord Armor III,rivendell,body,lord,0,80,66,-14,17.0,16.8,Plate,Plate,CHANGED
rivendell\body_armors.xml,rivendell_torso_scalemail_tier1,[Noldor] Gold Scalemail Armor I,rivendell,body,medium,0,40,38,-2,7.0,9.1,Plate,Chainmail,CHANGED
rivendell\body_armors.xml,rivendell_torso_scalemail_tier2,[Noldor] Gold Scalemail Armor II,rivendell,body,medium,0,50,38,-12,10.0,9.1,Plate,Chainmail,CHANGED
rivendell\body_armors.xml,rivendell_torso_scalemail_tier3,[Noldor] Gold Scalemail Armor III,rivendell,body,medium,0,60,38,-22,12.0,9.1,Plate,Chainmail,CHANGED
rivendell\body_armors.xml,rivendell_torso_heavy_tier1_silver,[Noldor] Silver Heavy Armor I,rivendell,body,heavy,0,40,48,8,8.0,12.6,Plate,Plate,CHANGED
rivendell\body_armors.xml,rivendell_torso_heavy_tier2_silver,[Noldor] Silver Heavy Armor II,rivendell,body,heavy,0,50,48,-2,10.0,12.6,Plate,Plate,CHANGED
rivendell\body_armors.xml,rivendell_torso_heavy_tier3_silver,[Noldor] Silver Heavy Armor III,rivendell,body,heavy,0,55,48,-7,12.0,12.6,Plate,Plate,CHANGED
rivendell\body_armors.xml,rivendell_torso_infantry_tier1_silver,[Noldor] Silver Infantry Armor I,rivendell,body,heavy,0,40,48,8,9.0,12.6,Plate,Plate,CHANGED
rivendell\body_armors.xml,rivendell_torso_infantry_tier2_silver,[Noldor] Silver Infantry Armor II,rivendell,body,elite,0,50,56,6,10.0,15.4,Plate,Plate,CHANGED
rivendell\body_armors.xml,rivendell_torso_infantry_tier3_silver,[Noldor] Silver Infantry Armor III,rivendell,body,lord,0,60,66,6,12.0,16.8,Plate,Plate,CHANGED
rivendell\body_armors.xml,rivendell_torso_infantry_tier4_silver,[Noldor] Silver Infantry Armor IV,rivendell,body,lord,0,70,66,-4,15.0,16.8,Plate,Plate,CHANGED
rivendell\body_armors.xml,rivendell_torso_light_armored_tier1_silver,[Noldor] Silver Medium Armor I,rivendell,body,medium,0,25,38,13,5.0,9.1,Plate,Chainmail,CHANGED
rivendell\body_armors.xml,rivendell_torso_light_armored_tier2_silver,[Noldor] Silver Medium Armor II,rivendell,body,medium,0,35,38,3,7.0,9.1,Plate,Chainmail,CHANGED
rivendell\body_armors.xml,rivendell_torso_light_armored_tier3_silver,[Noldor] Silver Medium Armor III,rivendell,body,medium,0,40,38,-2,9.0,9.1,Plate,Chainmail,CHANGED
rivendell\body_armors.xml,rivendell_torso_lord1_silver,[Noldor] Silver Lord Armor I,rivendell,body,lord,0,80,66,-14,15.0,16.8,Plate,Plate,CHANGED
rivendell\body_armors.xml,rivendell_torso_lord2_silver,[Noldor] Silver Lord Armor II,rivendell,body,lord,0,80,66,-14,17.0,16.8,Plate,Plate,CHANGED
rivendell\body_armors.xml,rivendell_torso_lord3_silver,[Noldor] Silver Lord Armor III,rivendell,body,lord,0,80,66,-14,17.0,16.8,Plate,Plate,CHANGED
rivendell\body_armors.xml,rivendell_torso_scalemail_tier1_silver,[Noldor] Silver Scalemail Armor I,rivendell,body,medium,0,40,38,-2,7.0,9.1,Plate,Chainmail,CHANGED
rivendell\body_armors.xml,rivendell_torso_scalemail_tier2_silver,[Noldor] Silver Scalemail Armor II,rivendell,body,medium,0,50,38,-12,10.0,9.1,Plate,Chainmail,CHANGED
rivendell\body_armors.xml,rivendell_torso_scalemail_tier3_silver,[Noldor] Silver Scalemail Armor III,rivendell,body,medium,0,60,38,-22,12.0,9.1,Plate,Chainmail,CHANGED
rivendell\body_armors.xml,rivendell_torso_heavy_tier3_silverb,[Noldor] Silver Heavy Armor III - B,rivendell,body,heavy,0,60,48,-12,12.0,12.6,Plate,Plate,CHANGED
rivendell\body_armors.xml,rivendell_torso_infantry_tier4_silverb,[Noldor] Silver Infantry Armor IV - B,rivendell,body,lord,0,70,66,-4,15.0,16.8,Plate,Plate,CHANGED
rivendell\body_armors.xml,rivendell_torso_scalemail_tier2_silverb,[Noldor] Silver Scalemail Armor II - B,rivendell,body,medium,0,50,38,-12,10.0,9.1,Plate,Chainmail,CHANGED
rivendell\body_armors.xml,rivendell_torso_scalemail_tier3_silverb,[Noldor] Silver Scalemail Armor III - B,rivendell,body,medium,0,60,38,-22,12.0,9.1,Plate,Chainmail,CHANGED
rivendell\body_armors.xml,rivendell_torso_heavy_tier1_silvergold,[Noldor] Silver-Gold Heavy Armor I,rivendell,body,heavy,0,40,48,8,8.0,12.6,Plate,Plate,CHANGED
rivendell\body_armors.xml,rivendell_torso_heavy_tier2_silvergold,[Noldor] Silver-Gold Heavy Armor II,rivendell,body,heavy,0,50,48,-2,10.0,12.6,Plate,Plate,CHANGED
rivendell\body_armors.xml,rivendell_torso_heavy_tier3_silvergold,[Noldor] Silver-Gold Heavy Armor III,rivendell,body,heavy,0,55,48,-7,12.0,12.6,Plate,Plate,CHANGED
rivendell\body_armors.xml,rivendell_torso_infantry_tier1_silvergold,[Noldor] Silver-Gold Infantry Armor I,rivendell,body,heavy,0,40,48,8,9.0,12.6,Plate,Plate,CHANGED
rivendell\body_armors.xml,rivendell_torso_infantry_tier2_silvergold,[Noldor] Silver-Gold Infantry Armor II,rivendell,body,elite,0,50,56,6,10.0,15.4,Plate,Plate,CHANGED
rivendell\body_armors.xml,rivendell_torso_infantry_tier3_silvergold,[Noldor] Silver-Gold Infantry Armor III,rivendell,body,lord,0,60,66,6,12.0,16.8,Plate,Plate,CHANGED
rivendell\body_armors.xml,rivendell_torso_infantry_tier4_silvergold,[Noldor] Silver-Gold Infantry Armor IV,rivendell,body,lord,0,70,66,-4,15.0,16.8,Plate,Plate,CHANGED
rivendell\body_armors.xml,rivendell_torso_light_armored_tier1_silvergold,[Noldor] Silver-Gold Medium Armor I,rivendell,body,medium,0,25,38,13,5.0,9.1,Plate,Chainmail,CHANGED
rivendell\body_armors.xml,rivendell_torso_light_armored_tier2_silvergold,[Noldor] Silver-Gold Medium Armor II,rivendell,body,medium,0,35,38,3,7.0,9.1,Plate,Chainmail,CHANGED
rivendell\body_armors.xml,rivendell_torso_light_armored_tier3_silvergold,[Noldor] Silver-Gold Medium Armor III,rivendell,body,medium,0,40,38,-2,9.0,9.1,Plate,Chainmail,CHANGED
rivendell\body_armors.xml,rivendell_torso_lord1_silvergold,[Noldor] Silver-Gold Lord Armor I,rivendell,body,lord,0,80,66,-14,15.0,16.8,Plate,Plate,CHANGED
rivendell\body_armors.xml,rivendell_torso_lord2_silvergold,[Noldor] Silver-Gold Lord Armor II,rivendell,body,lord,0,80,66,-14,17.0,16.8,Plate,Plate,CHANGED
rivendell\body_armors.xml,rivendell_torso_lord3_silvergold,[Noldor] Silver-Gold Lord Armor III,rivendell,body,lord,0,80,66,-14,17.0,16.8,Plate,Plate,CHANGED
rivendell\body_armors.xml,rivendell_torso_scalemail_tier1_silvergold,[Noldor] Silver-Gold Scalemail Armor I,rivendell,body,medium,0,40,38,-2,7.0,9.1,Plate,Chainmail,CHANGED
rivendell\body_armors.xml,rivendell_torso_scalemail_tier2_silvergold,[Noldor] Silver-Gold Scalemail Armor II,rivendell,body,medium,0,50,38,-12,10.0,9.1,Plate,Chainmail,CHANGED
rivendell\body_armors.xml,rivendell_torso_scalemail_tier3_silvergold,[Noldor] Silver-Gold Scalemail Armor III,rivendell,body,medium,0,60,38,-22,12.0,9.1,Plate,Chainmail,CHANGED
rivendell\body_armors.xml,rivendell_torso_heavy_tier3_silvergoldb,[Noldor] Silver-Gold Heavy Armor III - B,rivendell,body,heavy,0,60,48,-12,12.0,12.6,Plate,Plate,CHANGED
rivendell\body_armors.xml,rivendell_torso_infantry_tier4_silvergoldb,[Noldor] Silver-Gold Infantry Armor IV - B,rivendell,body,lord,0,70,66,-4,15.0,16.8,Plate,Plate,CHANGED
rivendell\body_armors.xml,rivendell_torso_scalemail_tier2_silvergoldb,[Noldor] Silver-Gold Scalemail Armor II - B,rivendell,body,medium,0,50,38,-12,10.0,9.1,Plate,Chainmail,CHANGED
rivendell\body_armors.xml,rivendell_torso_scalemail_tier3_silvergoldb,[Noldor] Silver-Gold Scalemail Armor III - B,rivendell,body,medium,0,60,38,-22,12.0,9.1,Plate,Chainmail,CHANGED
rivendell\body_armors.xml,glorfindel_body,[Noldor] Glorfindel Chestplate,rivendell,body,lord,0,50,66,16,3.0,16.8,Plate,Plate,CHANGED
rivendell\body_armors.xml,gf_body_1,[Noldor] Golden Flower Knight Chestplate I,rivendell,body,medium,0,30,38,8,3.0,9.1,Plate,Chainmail,CHANGED
rivendell\body_armors.xml,gf_body_2,[Noldor] Golden Flower Knight Chestplate II,rivendell,body,medium,0,30,38,8,3.0,9.1,Plate,Chainmail,CHANGED
rivendell\body_armors.xml,gf_body_3,[Noldor] Golden Flower Knight Chestplate III,rivendell,body,medium,0,30,38,8,3.0,9.1,Plate,Chainmail,CHANGED
rivendell\body_armors.xml,gf_body_4,[Noldor] Golden Flower Knight Chestplate IV,rivendell,body,medium,0,30,38,8,3.0,9.1,Plate,Chainmail,CHANGED
rivendell\arm_armors.xml,rivendell_gloves_gold,[Noldor] Gloves - Gold,rivendell,arm,medium,0,35,20,-15,1.5,0.7,Plate,Chainmail,CHANGED
rivendell\arm_armors.xml,rivendell_gloves_silver,[Noldor] Gloves - Silver,rivendell,arm,medium,0,35,20,-15,1.5,0.7,Plate,Chainmail,CHANGED
rivendell\arm_armors.xml,rivendell_vambraces_gloves1,[Noldor] Leather Vambrace I,rivendell,arm,light,0,25,14,-11,1.5,0.4,Plate,Leather,CHANGED
rivendell\arm_armors.xml,rivendell_vambraces_1,[Noldor] Gold Vambrace I,rivendell,arm,heavy,0,40,26,-14,1.5,1.0,Plate,Plate,CHANGED
rivendell\arm_armors.xml,rivendell_vambraces_2,[Noldor] Gold Vambrace II,rivendell,arm,elite,0,50,32,-18,1.5,1.4,Plate,Plate,CHANGED
rivendell\arm_armors.xml,rivendell_vambraces_3,[Noldor] Gold Vambrace III,rivendell,arm,lord,0,60,38,-22,1.5,1.8,Plate,Plate,CHANGED
rivendell\arm_armors.xml,rivendell_vambraces_1_silver,[Noldor] Silver Vambrace I,rivendell,arm,heavy,0,40,26,-14,1.5,1.0,Plate,Plate,CHANGED
rivendell\arm_armors.xml,rivendell_vambraces_2_silver,[Noldor] Silver Vambrace II,rivendell,arm,elite,0,50,32,-18,1.5,1.4,Plate,Plate,CHANGED
rivendell\arm_armors.xml,rivendell_vambraces_3_silver,[Noldor] Silver Vambrace III,rivendell,arm,lord,0,60,38,-22,1.5,1.8,Plate,Plate,CHANGED
rivendell\arm_armors.xml,rivendell_vambraces_1_silvergold,[Noldor] Silver-Gold Vambrace I,rivendell,arm,heavy,0,40,26,-14,1.5,1.0,Plate,Plate,CHANGED
rivendell\arm_armors.xml,rivendell_vambraces_2_silvergold,[Noldor] Silver-Gold Vambrace II,rivendell,arm,elite,0,50,32,-18,1.5,1.4,Plate,Plate,CHANGED
rivendell\arm_armors.xml,rivendell_vambraces_3_silvergold,[Noldor] Silver-Gold Vambrace III,rivendell,arm,lord,0,60,38,-22,1.5,1.8,Plate,Plate,CHANGED
rivendell\arm_armors.xml,glorfindel_gauntlets,[Noldor] Glorfindel Gauntlets,rivendell,arm,lord,0,45,38,-7,1.5,1.8,Plate,Plate,CHANGED
rivendell\arm_armors.xml,gf_gauntlets,[Noldor] Golden Flower Knight Gauntlets,rivendell,arm,medium,0,34,20,-14,1.6,0.7,Plate,Chainmail,CHANGED
rivendell\leg_armors.xml,rivendell_boots,[Noldor] Boots,rivendell,leg,medium,0,26,26,0,1.6,1.8,Plate,Chainmail,CHANGED
rivendell\leg_armors.xml,rivendell_boots_leather1,[Noldor] Leather Boots I,rivendell,leg,light,0,15,18,3,1.6,1.0,Plate,Leather,CHANGED
rivendell\leg_armors.xml,rivendell_boots_leather2,[Noldor] Leather Boots II,rivendell,leg,light,0,15,18,3,1.6,1.0,Plate,Leather,CHANGED
rivendell\leg_armors.xml,rivendell_boots_greaves1,[Noldor] Gold Greaves I,rivendell,leg,heavy,0,40,34,-6,2.1,2.4,Plate,Plate,CHANGED
rivendell\leg_armors.xml,rivendell_boots_greaves2,[Noldor] Gold Greaves II,rivendell,leg,elite,0,50,40,-10,2.3,2.8,Plate,Plate,CHANGED
rivendell\leg_armors.xml,rivendell_boots_greaves3,[Noldor] Gold Greaves III,rivendell,leg,lord,0,60,46,-14,2.4,3.1,Plate,Plate,CHANGED
rivendell\leg_armors.xml,rivendell_boots_greaves4,[Noldor] Gold Greaves IV,rivendell,leg,lord,0,70,46,-24,2.6,3.1,Plate,Plate,CHANGED
rivendell\leg_armors.xml,rivendell_boots_greaves1_silver,[Noldor] Silver Greaves I,rivendell,leg,heavy,0,40,34,-6,2.1,2.4,Plate,Plate,CHANGED
rivendell\leg_armors.xml,rivendell_boots_greaves2_silver,[Noldor] Silver Greaves II,rivendell,leg,elite,0,50,40,-10,2.3,2.8,Plate,Plate,CHANGED
rivendell\leg_armors.xml,rivendell_boots_greaves3_silver,[Noldor] Silver Greaves III,rivendell,leg,lord,0,60,46,-14,2.4,3.1,Plate,Plate,CHANGED
rivendell\leg_armors.xml,rivendell_boots_greaves4_silver,[Noldor] Silver Greaves IV,rivendell,leg,lord,0,70,46,-24,2.6,3.1,Plate,Plate,CHANGED
rivendell\leg_armors.xml,rivendell_boots_greaves1_silvergold,[Noldor] Silver-Gold Greaves I,rivendell,leg,heavy,0,40,34,-6,2.1,2.4,Plate,Plate,CHANGED
rivendell\leg_armors.xml,rivendell_boots_greaves2_silvergold,[Noldor] Silver-Gold Greaves II,rivendell,leg,elite,0,50,40,-10,2.3,2.8,Plate,Plate,CHANGED
rivendell\leg_armors.xml,rivendell_boots_greaves3_silvergold,[Noldor] Silver-Gold Greaves III,rivendell,leg,lord,0,60,46,-14,2.4,3.1,Plate,Plate,CHANGED
rivendell\leg_armors.xml,rivendell_boots_greaves4_silvergold,[Noldor] Silver-Gold Greaves IV,rivendell,leg,lord,0,70,46,-24,2.6,3.1,Plate,Plate,CHANGED
rivendell\leg_armors.xml,glorfindel_boots,[Noldor] Glorfindel Boots,rivendell,leg,lord,0,36,46,10,1.6,3.1,Plate,Plate,CHANGED
rivendell\leg_armors.xml,gf_boots,[Noldor] Golden Flower Knight Boots,rivendell,leg,medium,0,26,26,0,1.6,1.8,Plate,Chainmail,CHANGED
rivendell\shoulder_armors.xml,rivendell_cape_a,[Noldor] Cape I,rivendell,shoulder,civilian,0,12,8,-4,1.0,0.7,Plate,Cloth,CHANGED
rivendell\shoulder_armors.xml,rivendell_cape_b,[Noldor] Cape II,rivendell,shoulder,civilian,1,12,9,-3,1.0,0.7,Plate,Cloth,CHANGED
rivendell\shoulder_armors.xml,rivendell_pauldron_cape,[Noldor] Pauldron Cape I,rivendell,shoulder,civilian,0,12,8,-4,1.0,0.7,Plate,Cloth,CHANGED
rivendell\shoulder_armors.xml,rivendell_pauldron_elite_robe,[Noldor] Pauldron Elite Robe I,rivendell,shoulder,elite,0,12,21,9,1.0,6.3,Plate,Plate,CHANGED
rivendell\shoulder_armors.xml,rivendell_pauldron_leather_cape,[Noldor] Pauldron Leather Cape I,rivendell,shoulder,light,0,12,11,-1,1.0,2.1,Plate,Leather,CHANGED
rivendell\shoulder_armors.xml,rivendell_pauldron_leather_robe,[Noldor] Pauldron Leather Robe I,rivendell,shoulder,light,0,12,11,-1,1.0,2.1,Plate,Leather,CHANGED
rivendell\shoulder_armors.xml,rivendell_pauldron_tier1_cape,[Noldor] Tier One Cape,rivendell,shoulder,civilian,0,12,8,-4,1.0,0.7,Plate,Cloth,CHANGED
rivendell\shoulder_armors.xml,rivendell_pauldron_tier2_cape,[Noldor] Tier Two Cape,rivendell,shoulder,civilian,0,12,8,-4,1.0,0.7,Plate,Cloth,CHANGED
rivendell\shoulder_armors.xml,rivendell_pauldron_tier1_robe,[Noldor] Tier One Robe,rivendell,shoulder,light,0,15,11,-4,1.0,2.1,Plate,Leather,CHANGED
rivendell\shoulder_armors.xml,rivendell_pauldron_tier2_robe,[Noldor] Tier Two Robe,rivendell,shoulder,light,0,15,11,-4,1.0,2.1,Plate,Leather,CHANGED
rivendell\shoulder_armors.xml,rivendell_pauldron_elite_robe_silver,[Noldor] Silver Pauldron Elite Robe I,rivendell,shoulder,elite,0,12,21,9,1.0,6.3,Plate,Plate,CHANGED
rivendell\shoulder_armors.xml,rivendell_pauldron_tier1_cape_silver,[Noldor] Silver Tier One Cape,rivendell,shoulder,civilian,0,12,8,-4,1.0,0.7,Plate,Cloth,CHANGED
rivendell\shoulder_armors.xml,rivendell_pauldron_tier2_cape_silver,[Noldor] Silver Tier Two Cape,rivendell,shoulder,civilian,0,12,8,-4,1.0,0.7,Plate,Cloth,CHANGED
rivendell\shoulder_armors.xml,rivendell_pauldron_tier1_robe_silver,[Noldor]Silver Tier One Robe,rivendell,shoulder,light,0,15,11,-4,1.0,2.1,Plate,Leather,CHANGED
rivendell\shoulder_armors.xml,rivendell_pauldron_tier2_robe_silver,[Noldor] Silver Tier Two Robe,rivendell,shoulder,light,0,15,11,-4,1.0,2.1,Plate,Leather,CHANGED
rivendell\shoulder_armors.xml,rivendell_pauldron_elite_robe_silvergold,[Noldor] Silver-Gold Pauldron Elite Robe I,rivendell,shoulder,elite,0,12,21,9,1.0,6.3,Plate,Plate,CHANGED
rivendell\shoulder_armors.xml,rivendell_pauldron_tier1_cape_silvergold,[Noldor] Silver-Gold Tier One Cape,rivendell,shoulder,civilian,0,12,8,-4,1.0,0.7,Plate,Cloth,CHANGED
rivendell\shoulder_armors.xml,rivendell_pauldron_tier2_cape_silvergold,[Noldor] Silver-Gold Tier Two Cape,rivendell,shoulder,civilian,0,12,8,-4,1.0,0.7,Plate,Cloth,CHANGED
rivendell\shoulder_armors.xml,rivendell_pauldron_tier1_robe_silvergold,[Noldor]Silver-Gold Tier One Robe,rivendell,shoulder,light,0,15,11,-4,1.0,2.1,Plate,Leather,CHANGED
rivendell\shoulder_armors.xml,rivendell_pauldron_tier2_robe_silvergold,[Noldor] Silver-Gold Tier Two Robe,rivendell,shoulder,light,0,15,11,-4,1.0,2.1,Plate,Leather,CHANGED
rivendell\shoulder_armors.xml,glorfindel_pauldrons,[Noldor] Glorfindel Pauldrons,rivendell,shoulder,lord,0,15,24,9,1.0,7.7,Plate,Plate,CHANGED
rivendell\shoulder_armors.xml,gf_pauldrons_1,[Noldor] Golden Flower Knight Gorget Pauldrons I,rivendell,shoulder,light,0,25,11,-14,2.0,2.1,Plate,Leather,CHANGED
rivendell\shoulder_armors.xml,gf_pauldrons_2,[Noldor] Golden Flower Knight Gorget Pauldrons II,rivendell,shoulder,light,0,25,11,-14,2.0,2.1,Plate,Leather,CHANGED
rivendell\shoulder_armors.xml,gf_pauldrons_3,[Noldor] Golden Flower Knight Pauldrons I,rivendell,shoulder,light,0,15,11,-4,1.0,2.1,Plate,Leather,CHANGED
rivendell\shoulder_armors.xml,gf_pauldrons_4,[Noldor] Golden Flower Knight Pauldrons II,rivendell,shoulder,light,0,15,11,-4,1.0,2.1,Plate,Leather,CHANGED
rohan\head_armors.xml,cts_cts_rohan_royal_guard_helmet_tail,[Rohan] Royal Guard Helmet I,rohan,head,elite,0,22,38,16,2.0,4.0,Plate,Plate,CHANGED
rohan\head_armors.xml,whiterun_helm,[Rohan] Royal Guard Helmet II,rohan,head,elite,0,22,38,16,2.0,4.0,Plate,Plate,CHANGED
rohan\head_armors.xml,cts_rohan_helmet1,[Rohan] Leather Helmet I,rohan,head,light,0,15,13,-2,2.0,1.4,Leather,Leather,CHANGED
rohan\head_armors.xml,cts_rohan_helmet1a,[Rohan] Leather Helmet II,rohan,head,light,0,15,13,-2,2.0,1.4,Leather,Leather,CHANGED
rohan\head_armors.xml,cts_rohan_helmet1b,[Rohan] Leather Helmet III,rohan,head,light,0,15,13,-2,2.0,1.4,Leather,Leather,CHANGED
rohan\head_armors.xml,cts_rohan_helmet1c,[Rohan] Leather Helmet IV,rohan,head,light,0,15,13,-2,2.0,1.4,Leather,Leather,CHANGED
rohan\head_armors.xml,cts_rohan_helmet2,[Rohan] Leather Helmet V,rohan,head,light,0,17,13,-4,2.5,1.4,Leather,Leather,CHANGED
rohan\head_armors.xml,cts_rohan_helmet2a,[Rohan] Leather Helmet VI,rohan,head,light,0,17,13,-4,2.5,1.4,Leather,Leather,CHANGED
rohan\head_armors.xml,cts_rohan_helmet3,[Rohan] Leather Helmet VII,rohan,head,light,0,17,13,-4,2.5,1.4,Leather,Leather,CHANGED
rohan\head_armors.xml,cts_rohan_helmet3a,[Rohan] Leather Helmet VIII,rohan,head,light,0,17,13,-4,2.5,1.4,Leather,Leather,CHANGED
rohan\head_armors.xml,cts_rohan_helmet4,[Rohan] Leather Helmet IX,rohan,head,light,0,17,13,-4,2.5,1.4,Leather,Leather,CHANGED
rohan\head_armors.xml,cts_rohan_helmet4a,[Rohan] Leather Helmet X,rohan,head,light,0,17,13,-4,2.5,1.4,Leather,Leather,CHANGED
rohan\head_armors.xml,cts_rohan_helmet4b,[Rohan] Leather Helmet XI,rohan,head,light,0,17,13,-4,2.5,1.4,Leather,Leather,CHANGED
rohan\head_armors.xml,cts_rohan_helmet4c,[Rohan] Leather Helmet XII,rohan,head,light,0,15,13,-2,2.0,1.4,Leather,Leather,CHANGED
rohan\head_armors.xml,cts_rohan_helmet4d,[Rohan] Leather Helmet XIII,rohan,head,light,0,15,13,-2,2.0,1.4,Leather,Leather,CHANGED
rohan\head_armors.xml,theodred_helmet,[Rohan] Theodred's Helmet,rohan,head,lord,0,45,46,1,2.0,4.5,Plate,Plate,CHANGED
rohan\head_armors.xml,roh_nbl_hlm_cf,[Rohan] Noble's Helmet,rohan,head,heavy,0,45,30,-15,2.0,3.1,Plate,Plate,CHANGED
rohan\head_armors.xml,cts_rohan_helmet_captain1,[Rohan] Captain's Helmet I,rohan,head,lord,0,45,46,1,2.5,4.5,Plate,Plate,CHANGED
rohan\head_armors.xml,cts_rohan_helmet_captain,[Rohan] Captain's helmet II,rohan,head,lord,0,45,46,1,2.5,4.5,Plate,Plate,CHANGED
rohan\head_armors.xml,theoden_helmet,[Rohan] Theoden's Helmet I,rohan,head,lord,0,50,46,-4,2.5,4.5,Plate,Plate,CHANGED
rohan\head_armors.xml,erkenbrand_helmet,[Rohan] Erkenbrand Helmet I,rohan,head,lord,0,32,46,14,2.0,4.5,Plate,Plate,CHANGED
rohan\body_armors.xml,cts_rohan_royal_guard_armor,[Rohan] Royal Guard Armour I,rohan,body,elite,0,40,48,8,16.5,19.8,Plate,Plate,CHANGED
rohan\body_armors.xml,whiterun_armor,[Rohan] Royal Guard Armour II,rohan,body,elite,0,40,48,8,16.5,19.8,Plate,Plate,CHANGED
rohan\body_armors.xml,rohan_militia_armour_a,[Rohan] Militia Armour I,rohan,body,light,0,20,18,-2,9.5,7.2,Leather,Leather,CHANGED
rohan\body_armors.xml,rohan_militia_armour_b,[Rohan] Militia Armour II,rohan,body,light,1,20,19,-1,9.5,7.2,Leather,Leather,CHANGED
rohan\body_armors.xml,rohan_militia_armour_c,[Rohan] Militia Armour III,rohan,body,light,2,20,20,0,9.5,7.2,Leather,Leather,CHANGED
rohan\body_armors.xml,rohan_militia_armour_d,[Rohan] Militia Armour IV,rohan,body,light,3,20,21,1,9.5,7.2,Leather,Leather,CHANGED
rohan\body_armors.xml,rohan_militia_armour_e,[Rohan] Militia Armour V,rohan,body,light,4,20,22,2,9.5,7.2,Leather,Leather,CHANGED
rohan\body_armors.xml,rohan_militia_armour_f,[Rohan] Militia Armour VI,rohan,body,light,5,20,23,3,9.5,7.2,Leather,Leather,CHANGED
rohan\body_armors.xml,rohan_militia_armour_g,[Rohan] Militia Armour VII,rohan,body,light,0,20,18,-2,9.5,7.2,Leather,Leather,CHANGED
rohan\body_armors.xml,cts_rohan_armor1,[Rohan] Chainmail Armour I,rohan,body,medium,0,30,30,0,12.5,11.7,Chainmail,Chainmail,CHANGED
rohan\body_armors.xml,cts_rohan_armor2,[Rohan] Scalemail Armour,rohan,body,medium,0,33,30,-3,13.5,11.7,Chainmail,Chainmail,CHANGED
rohan\body_armors.xml,cts_rohan_armor4,[Rohan] Leather Armour I,rohan,body,light,0,20,18,-2,9.5,7.2,Leather,Leather,CHANGED
rohan\body_armors.xml,cts_rohan_armor3,[Rohan] Chainmail Armour II,rohan,body,medium,0,30,30,0,13.5,11.7,Chainmail,Chainmail,CHANGED
rohan\body_armors.xml,rohan_militia_tunic_a,[Rohan] Militia Tunic I,rohan,body,civilian,0,10,3,-7,2.5,2.7,Leather,Cloth,CHANGED
rohan\body_armors.xml,rohan_militia_tunic_b,[Rohan] Militia Tunic II,rohan,body,civilian,1,10,4,-6,2.5,2.7,Leather,Cloth,CHANGED
rohan\body_armors.xml,rohan_militia_tunic_c,[Rohan] Militia Tunic III,rohan,body,civilian,2,10,5,-5,2.5,2.7,Leather,Cloth,CHANGED
rohan\body_armors.xml,theodred_armour,[Rohan] Theodred's Armour,rohan,body,lord,0,50,58,8,16.5,21.6,Plate,Plate,CHANGED
rohan\body_armors.xml,theodred_armour_slim,[Rohan] Theodred's Armour - Slim,rohan,body,lord,0,50,58,8,16.5,21.6,Plate,Plate,CHANGED
rohan\body_armors.xml,roh_nbl_arm_1,[Rohan] Scalemail Armour III,rohan,body,medium,0,25,30,5,10.5,11.7,Plate,Chainmail,CHANGED
rohan\body_armors.xml,roh_nbl_arm_b,[Rohan] Scalemail Armour II,rohan,body,medium,1,25,31,6,8.5,11.7,Plate,Chainmail,CHANGED
rohan\body_armors.xml,roh_nbl_arm_g,[Rohan] Scalemail Armour II - Green,rohan,body,medium,0,25,30,5,8.5,11.7,Plate,Chainmail,CHANGED
rohan\body_armors.xml,roh_nbl_arm_r,[Rohan] Scalemail Armour II - Red,rohan,body,medium,0,25,30,5,8.5,11.7,Plate,Chainmail,CHANGED
rohan\body_armors.xml,roh_nbl_arm_y,[Rohan] Scalemail Armour V - Yellow,rohan,body,medium,0,25,30,5,8.5,11.7,Plate,Chainmail,CHANGED
rohan\body_armors.xml,cts_rohan_armor11,[Rohan] Chainmail Armour I - Brown,rohan,body,medium,0,30,30,0,12.5,11.7,Chainmail,Chainmail,CHANGED
rohan\body_armors.xml,cts_rohan_armor22,[Rohan] Scalemail Armor - Brown,rohan,body,medium,0,33,30,-3,13.5,11.7,Chainmail,Chainmail,CHANGED
rohan\body_armors.xml,cts_rohan_armor44,[Rohan] Leather Armour I - Brown,rohan,body,light,0,20,18,-2,9.5,7.2,Leather,Leather,CHANGED
rohan\body_armors.xml,cts_rohan_armor333,[Rohan] Chainmail Armour I - Brown,rohan,body,medium,0,30,30,0,13.5,11.7,Chainmail,Chainmail,CHANGED
rohan\body_armors.xml,cts_rohan_armor222,[Rohan] Scalemail Armour I - Gold,rohan,body,medium,0,33,30,-3,13.5,11.7,Chainmail,Chainmail,CHANGED
rohan\body_armors.xml,cts_rohan_armor444,[Rohan] Leather Armour I - Gold,rohan,body,light,0,20,18,-2,9.5,7.2,Leather,Leather,CHANGED
rohan\body_armors.xml,cts_rohan_armor1111,[Rohan] Chainmail Armour I - Green,rohan,body,medium,0,30,30,0,12.5,11.7,Chainmail,Chainmail,CHANGED
rohan\body_armors.xml,cts_rohan_armor111,[Rohan] Chainmail Armour I - Gold,rohan,body,medium,0,30,30,0,12.5,11.7,Chainmail,Chainmail,CHANGED
rohan\body_armors.xml,cts_rohan_armor2222,[Rohan] Scalemail Armour I - Green,rohan,body,medium,0,33,30,-3,13.5,11.7,Chainmail,Chainmail,CHANGED
rohan\body_armors.xml,cts_rohan_armor4444,[Rohan] Leather Armour I - Green,rohan,body,light,0,20,18,-2,9.5,7.2,Leather,Leather,CHANGED
rohan\body_armors.xml,cts_rohan_armor3333,[Rohan] Chainmail Armour I - Green,rohan,body,medium,0,30,30,0,13.5,11.7,Chainmail,Chainmail,CHANGED
rohan\body_armors.xml,cts_rohan_armor_captain1,[Rohan] Captain's Armour II,rohan,body,lord,0,50,58,8,16.5,21.6,Plate,Plate,CHANGED
rohan\body_armors.xml,cts_rohan_armor_captain,[Rohan] Captain's Armour I,rohan,body,lord,0,50,58,8,16.5,21.6,Plate,Plate,CHANGED
rohan\body_armors.xml,theoden_torso,[Rohan] Theoden's Armour I,rohan,body,lord,0,50,58,8,10.5,21.6,Plate,Plate,CHANGED
rohan\body_armors.xml,erkenbrand_torso,[Rohan] Erkenbrand Armour I,rohan,body,lord,0,40,58,18,12.5,21.6,Plate,Plate,CHANGED
rohan\arm_armors.xml,cts_rohan_royal_guard_gloves,[Rohan] Bracers I,rohan,arm,light,0,25,6,-19,1.5,0.5,Plate,Leather,CHANGED
rohan\arm_armors.xml,whiterun_bracers,[Rohan] Bracers II,rohan,arm,light,0,25,6,-19,1.5,0.5,Plate,Leather,CHANGED
rohan\arm_armors.xml,cts_rohan_armguard1,[Rohan] Leather Armguard I,rohan,arm,light,0,15,6,-9,1.5,0.5,Plate,Leather,CHANGED
rohan\arm_armors.xml,cts_rohan_armguard2,[Rohan] Leather Armguard II,rohan,arm,light,0,15,6,-9,1.5,0.5,Plate,Leather,CHANGED
rohan\arm_armors.xml,cts_rohan_armguard3,[Rohan] Leather Armguard III,rohan,arm,light,0,15,6,-9,1.5,0.5,Plate,Leather,CHANGED
rohan\arm_armors.xml,cts_rohan_armguard4,[Rohan] Leather Armguard IV,rohan,arm,light,0,15,6,-9,1.5,0.5,Plate,Leather,CHANGED
rohan\arm_armors.xml,theodred_bracers,[Rohan] Theodred's Bracers,rohan,arm,lord,0,30,30,0,1.5,2.2,Plate,Plate,CHANGED
rohan\arm_armors.xml,jor_lord_brcr_fgc3,[Rohan] Leather Gloves I,rohan,arm,lord,0,10,30,20,1.5,2.2,Leather,Plate,CHANGED
rohan\arm_armors.xml,roh_nbl_glv,[Rohan] Leather Gloves II,rohan,arm,light,0,10,6,-4,1.5,0.5,Leather,Leather,CHANGED
rohan\arm_armors.xml,cts_rohan_captain_bracer,[Rohan] Captain's Bracers I,rohan,arm,lord,0,28,30,2,1.9,2.2,Plate,Plate,CHANGED
rohan\arm_armors.xml,cts_rohan_captain_bracers1,[Rohan] Captain's Bracers II,rohan,arm,lord,0,28,30,2,1.9,2.2,Plate,Plate,CHANGED
rohan\arm_armors.xml,theoden_glove,[Rohan] Theoden's Bracers I,rohan,arm,lord,0,30,30,0,1.9,2.2,Plate,Plate,CHANGED
rohan\arm_armors.xml,erkenbrand_glove,[Rohan] Erkenbrand Gloves I,rohan,arm,lord,0,30,30,0,1.5,2.2,Plate,Plate,CHANGED
rohan\leg_armors.xml,cts_rohan_royal_guard_boots,[Rohan] Royal Guard Boots I,rohan,leg,elite,0,26,32,6,2.6,3.6,Plate,Plate,CHANGED
rohan\leg_armors.xml,whiterun_boots,[Rohan] Royal Guard Boots II,rohan,leg,elite,0,26,32,6,2.6,3.6,Plate,Plate,CHANGED
rohan\leg_armors.xml,cts_rohan_boots1,[Rohan] Boots I,rohan,leg,civilian,0,8,2,-6,1.6,0.5,Plate,Cloth,CHANGED
rohan\leg_armors.xml,cts_rohan_boots3,[Rohan] Boots III,rohan,leg,civilian,0,5,2,-3,1.0,0.5,Leather,Cloth,CHANGED
rohan\leg_armors.xml,cts_rohan_boots4,[Rohan] Boots IV,rohan,leg,civilian,0,8,2,-6,1.6,0.5,Plate,Cloth,CHANGED
rohan\leg_armors.xml,theodred_boots,[Rohan] Theodred's Boots,rohan,leg,lord,0,30,38,8,2.6,4.0,Plate,Plate,CHANGED
rohan\leg_armors.xml,roh_nbl_bts,[Rohan] Noble's Plate Boots,rohan,leg,light,0,25,10,-15,2.6,1.4,Plate,Leather,CHANGED
rohan\leg_armors.xml,cts_rohan_captain_boots1,[Rohan] Captain's Boots II,rohan,leg,lord,0,30,38,8,2.6,4.0,Plate,Plate,CHANGED
rohan\leg_armors.xml,cts_rohan_captain_boots,[Rohan] Captain's Boots I,rohan,leg,lord,0,30,38,8,2.6,4.0,Plate,Plate,CHANGED
rohan\leg_armors.xml,theoden_boots,[Rohan] Theoden's Boots I,rohan,leg,lord,0,45,38,-7,2.6,4.0,Plate,Plate,CHANGED
rohan\leg_armors.xml,erkenbrand_boots,[Rohan] Erkenbrand Boots I,rohan,leg,lord,0,36,38,2,2.6,4.0,Plate,Plate,CHANGED
rohan\leg_armors.xml,roh_sol_bts,[Rohan] Boots V,rohan,leg,light,0,25,10,-15,2.6,1.4,Plate,Leather,CHANGED
rohan\shoulder_armors.xml,cts_rohan_royal_guard_shoulder_armor,[Rohan] Royal Guard Pauldrons,rohan,shoulder,elite,0,12,13,1,9.0,8.1,Plate,Plate,CHANGED
rohan\shoulder_armors.xml,whiterun_cloak,[Rohan] Royal Guard Cloak,rohan,shoulder,elite,0,12,13,1,9.0,8.1,Plate,Plate,CHANGED
rohan\shoulder_armors.xml,rohan_militia_pauldron_both,[Rohan] Militia Leather Pauldron,rohan,shoulder,light,0,5,3,-2,5.0,2.7,Leather,Leather,CHANGED
rohan\shoulder_armors.xml,cts_roha_cape1,[Rohan] Cloak I,rohan,shoulder,civilian,0,5,1,-4,2.0,0.9,Plate,Cloth,CHANGED
rohan\shoulder_armors.xml,cts_rohan_cape2,[Rohan] Cloak II,rohan,shoulder,civilian,0,5,1,-4,2.0,0.9,Plate,Cloth,CHANGED
rohan\shoulder_armors.xml,cts_rohan_cape3,[Rohan] Cloak III,rohan,shoulder,civilian,0,5,1,-4,2.0,0.9,Plate,Cloth,CHANGED
rohan\shoulder_armors.xml,cts_rohan_cape4,[Rohan] Cloak IV,rohan,shoulder,civilian,0,5,1,-4,2.0,0.9,Plate,Cloth,CHANGED
rohan\shoulder_armors.xml,theodred_pauldrons,[Rohan] Theodred's Pauldrons,rohan,shoulder,lord,0,15,16,1,9.0,9.9,Plate,Plate,CHANGED
rohan\shoulder_armors.xml,roh_nbl_gorg_tst_6,[Rohan] Noble's Pauldrons I,rohan,shoulder,light,0,25,3,-22,11.0,2.7,Plate,Leather,CHANGED
rohan\shoulder_armors.xml,roh_nbl_shldr_c,[Rohan] Noble's Cloak,rohan,shoulder,civilian,2,9,2,-7,2.0,0.9,Plate,Cloth,CHANGED
rohan\shoulder_armors.xml,roh_nbl_shldr_cgs_2,[Rohan] Noble's Pauldrons II,rohan,shoulder,light,0,15,3,-12,11.0,2.7,Plate,Leather,CHANGED
rohan\shoulder_armors.xml,roh_nbl_shldr_cs,[Rohan] Noble's Pauldrons III,rohan,shoulder,civilian,0,12,1,-11,11.0,0.9,Plate,Cloth,CHANGED
rohan\shoulder_armors.xml,roh_nbl_shldr_g_2,[Rohan] Noble's Pauldrons IV,rohan,shoulder,civilian,0,9,1,-8,11.0,0.9,Plate,Cloth,CHANGED
rohan\shoulder_armors.xml,roh_nbl_shldr_gs,[Rohan] Noble's Pauldrons V,rohan,shoulder,civilian,0,9,1,-8,11.0,0.9,Plate,Cloth,CHANGED
rohan\shoulder_armors.xml,roh_nbl_shldr_gs_2,[Rohan] Noble's Pauldrons VI,rohan,shoulder,civilian,0,9,1,-8,11.0,0.9,Plate,Cloth,CHANGED
rohan\shoulder_armors.xml,roh_nbl_shldr_s,[Rohan] Noble's Pauldrons VII,rohan,shoulder,civilian,0,7,1,-6,11.0,0.9,Plate,Cloth,CHANGED
rohan\shoulder_armors.xml,cts_rohan_shoulder_captain1,[Rohan] Captain's Pauldrons II,rohan,shoulder,lord,0,14,16,2,9.0,9.9,Plate,Plate,CHANGED
rohan\shoulder_armors.xml,cts_rohan_captain_shoulder,[Rohan] Captain's Pauldrons I,rohan,shoulder,lord,0,14,16,2,9.0,9.9,Plate,Plate,CHANGED
rohan\shoulder_armors.xml,theoden_shoulder,[Rohan] Theoden's Pauldrons I,rohan,shoulder,lord,0,30,16,-14,9.0,9.9,Plate,Plate,CHANGED
rohan\shoulder_armors.xml,erkenbrand_shoulder,[Rohan] Erkenbrand Pauldrons,rohan,shoulder,lord,0,20,16,-4,4.0,9.9,Plate,Plate,CHANGED
thenn\head_armors.xml,thenn_helm1, Thenn Helm I,thenn,head,light,0,20,12,-8,2.0,1.6,Plate,Leather,CHANGED
thenn\head_armors.xml,thenn_helm2, Thenn Helm II,thenn,head,light,0,21,12,-9,2.0,1.6,Plate,Leather,CHANGED
thenn\head_armors.xml,thenn_helm3, Thenn Helm III,thenn,head,light,0,22,12,-10,2.0,1.6,Plate,Leather,CHANGED
thenn\head_armors.xml,thenn_helm4, Thenn Helm IV,thenn,head,light,0,25,12,-13,2.0,1.6,Plate,Leather,CHANGED
thenn\head_armors.xml,thenn_helm5, Thenn Helm V,thenn,head,medium,0,26,21,-5,2.0,2.6,Plate,Chainmail,CHANGED
thenn\head_armors.xml,thenn_helm6, Thenn Helm V,thenn,head,medium,0,26,21,-5,2.0,2.6,Plate,Chainmail,CHANGED
thenn\head_armors.xml,thenn_helm7, Thenn Helm VII,thenn,head,medium,0,30,21,-9,2.0,2.6,Plate,Chainmail,CHANGED
thenn\body_armors.xml,thenn_armor1,Thenn Armor I,thenn,body,civilian,0,10,2,-8,3.0,3.2,Leather,Cloth,CHANGED
thenn\body_armors.xml,thenn_armor2,Thenn Armor II,thenn,body,civilian,0,10,2,-8,3.0,3.2,Leather,Cloth,CHANGED
thenn\body_armors.xml,thenn_armor3,Thenn Armor III,thenn,body,civilian,0,10,2,-8,3.0,3.2,Leather,Cloth,CHANGED
thenn\body_armors.xml,thenn_armor4,Thenn Armor IV,thenn,body,civilian,0,10,2,-8,3.0,3.2,Leather,Cloth,CHANGED
thenn\body_armors.xml,thenn_armor5,Thenn Armor V,thenn,body,civilian,0,10,2,-8,3.0,3.2,Leather,Cloth,CHANGED
thenn\body_armors.xml,thenn_armor6,Thenn Armor VI,thenn,body,civilian,0,10,2,-8,3.0,3.2,Leather,Cloth,CHANGED
thenn\body_armors.xml,thenn_armor7,Thenn Armor VII,thenn,body,civilian,0,10,2,-8,3.0,3.2,Leather,Cloth,CHANGED
thenn\body_armors.xml,thenn_armor8,Thenn Armor VIII,thenn,body,civilian,0,10,2,-8,3.0,3.2,Leather,Cloth,CHANGED
thenn\body_armors.xml,thenn_armor_med1,Thenn Medium Armor I,thenn,body,medium,0,10,29,19,3.0,13.7,Leather,Chainmail,CHANGED
thenn\body_armors.xml,thenn_armor_med2,Thenn Medium Armor II,thenn,body,medium,0,10,29,19,3.0,13.7,Leather,Chainmail,CHANGED
thenn\body_armors.xml,thenn_armor_med3,Thenn Medium Armor III,thenn,body,medium,0,10,29,19,3.0,13.7,Leather,Chainmail,CHANGED
thenn\body_armors.xml,thenn_armor_heavy1,Thenn Heavy Armor I,thenn,body,heavy,0,10,39,29,3.0,18.9,Leather,Plate,CHANGED
thenn\body_armors.xml,thenn_armor_heavy2,Thenn Heavy Armor II,thenn,body,heavy,0,10,39,29,3.0,18.9,Leather,Plate,CHANGED
thenn\arm_armors.xml,thenn_glv, Thenn Gloves I,thenn,arm,light,0,25,5,-20,1.5,0.6,Plate,Leather,CHANGED
thenn\arm_armors.xml,thenn_glv2, Thenn Gloves II,thenn,arm,light,0,25,5,-20,1.5,0.6,Plate,Leather,CHANGED
thenn\leg_armors.xml,thenn_boots, Thenn Boots,thenn,leg,light,0,15,9,-6,1.6,1.6,Plate,Leather,CHANGED
thenn\leg_armors.xml,thenn_boots_fur, Thenn Boots Fur,thenn,leg,light,0,20,9,-11,1.6,1.6,Plate,Leather,CHANGED
thenn\shoulder_armors.xml,thenn_cloak,Thenn Cloak,thenn,shoulder,civilian,0,5,1,-4,2.0,1.1,Plate,Cloth,CHANGED
thenn\shoulder_armors.xml,thenn_necklace,Thenn Necklace,thenn,shoulder,civilian,0,10,1,-9,2.0,1.1,Plate,Cloth,CHANGED
troll\head_armors.xml,lotr_troll_helmet,Cave Troll Helmet,troll,head,lord,0,95,56,-39,0.5,10.0,Plate,Plate,CHANGED
troll\body_armors.xml,lotr_troll_armor,Cave Troll Armor,troll,body,lord,0,95,68,-27,1.8,48.0,Plate,Plate,CHANGED
troll\arm_armors.xml,lotr_troll_bracers,Cave Troll Bracers,troll,arm,lord,0,95,40,-55,0.6,5.0,Plate,Plate,CHANGED
